id,TARGET
EK202310003556,135.00184482572297
EK202310170625,149.5262372405524
EK202310167359,148.7592231593757
EK202310118370,131.1758076169015
EK202320006361,142.2669492045464
EK202310003542,141.87702904718805
EK202310125266,139.54429082399935
EK202310144740,132.4818940899164
EK202310137443,141.97198623943675
EK202310159067,155.92654131156598
EK202310245067,127.05199373584898
EK202310240556,133.43005563603393
EK202310166743,136.4977353793779
EK202310247454,132.79850682007114
EK202310215702,144.68735884609575
EK202310142190,162.64470659043315
EK202310205417,135.7674501488908
EK202310119601,134.54493094180737
EK202310190356,134.0198683952955
EK202310158758,146.3491562070137
EK202310145496,134.6887370197743
EK202310164763,148.15380406475876
EK202310200188,137.78087627082624
EK202310238803,160.33677266689952
EK202320005607,171.28084638912972
EK202310225681,143.22489946533506
EK202310127174,137.60599877636335
EK202310204317,162.15224714233804
EK202310179355,132.4706740478326
EK202310176524,151.40955130911388
EK202310237228,133.15904169989778
EK202310172549,165.4992488344337
EK202310168863,135.95446924011094
EK202310185904,153.8552468168614
EK202310133615,169.59852467261433
EK202310122063,130.78709257770126
EK202310121770,139.54717477304519
EK202310125590,133.1013905935257
EK202310172269,135.79793227380554
EK202310147894,139.92227439272915
EK202310137986,136.65389076744836
EK202310150838,137.4044956742002
EK202310104915,125.63852488197772
EK202310170090,135.4737379032636
EK202310165637,142.64196275225615
EK202310134467,132.40503658955635
EK202310182637,156.44004243504838
EK202310112116,150.9321361737259
EK202310241220,147.35999185624752
EK202310103801,147.75012703305174
EK202310177448,129.90706260071613
EK202310157860,174.60913822860837
EK202310211985,135.28254455786828
EK202310232907,132.41023857849083
EK202310162917,149.10974714776137
EK202310211786,124.3755215057882
EK202310132171,148.1295691529988
EK202310153694,138.80583104213085
EK202310174960,149.48774670028328
EK202310121096,128.74310013546216
EK202310222475,133.2284225974802
EK202310146254,153.72624296472625
EK202310111466,137.64448280088524
EK202310004385,171.18777940924664
EK202310108961,139.53815112507309
EK202310203170,140.0092315549205
EK202310161424,173.42527528388086
EK202310206583,143.08445697904372
EK202310138840,126.45374129762651
EK202310221976,139.17373805874024
EK202310143972,133.2458995537883
EK202310175420,137.94824960710136
EK202310227655,144.58254795154042
EK202310163389,137.17877783824432
EK202310239480,151.80999559965096
EK202310146467,141.4248427795808
EK202310162597,139.2660508149709
EK202310194862,140.9104097786294
EK202310152448,145.78281978417905
EK202310245431,153.9605538320459
EK202310206822,161.98861643333396
EK202310166559,145.7676871719432
EK202310221701,154.8042326828848
EK202310231403,126.4841077492749
EK202310156027,149.6840108726917
EK202310135956,136.4531279843332
EK202310183176,131.0738359449285
EK202310206055,170.2637420524787
EK202310167360,131.77118319448195
EK202310142701,145.43585323377442
EK202310156629,177.82692897031814
EK202310241352,151.37523451193874
EK202310123587,154.95125637209335
EK202310003639,155.83446943205598
EK202310158269,140.3600317280242
EK202320007090,146.7464692834661
EK202310111707,137.9975235070407
EK202310104096,146.09312990642664
EK202310235404,130.30844790736188
EK202310108783,142.66529976276814
EK202310116298,131.4952727887233
EK202310156281,158.8598948633029
EK202310164483,143.00035760418274
EK202310108212,124.72665536321988
EK202310233950,140.46402856050898
EK202310157041,140.0694448341437
EK202310104522,133.04753664856673
EK202310175972,154.33638976784775
EK202310225965,138.60082528797417
EK202310138403,131.8329561199523
EK202310234452,142.69954943521577
EK202310104614,160.66910507801677
EK202310117970,136.18098401955496
EK202310128727,135.89706472389656
EK202310190230,137.09224412608415
EK202310201465,150.0569382627816
EK202310197534,165.36411566647342
EK202310171846,129.52666178284883
EK202310193751,142.04528355560024
EK202310242967,136.76956774055688
EK202310112852,162.7733906042026
EK202310132804,141.7114698483222
EK202310127612,135.15894188624966
EK202310136082,174.66168051068283
EK202310186665,150.81254817387833
EK202310156519,133.7441969891604
EK202310108430,149.38932625987073
EK202310164930,148.0768741885216
EK202310153971,159.91035317537242
EK202310129412,133.82175493284305
EK202310124383,131.55958659056117
EK202310215858,157.3516741391135
EK202310104131,145.33959377552108
EK202310185040,150.99117284829308
EK202310119251,148.7086247800583
EK202310191724,152.62223243355604
EK202310149922,128.67800829806967
EK202310176193,138.7873419256134
EK202310204311,157.24090718714908
EK202310248324,153.52698779197166
EK202310120496,137.7249784914271
EK202310233548,135.7556793142713
EK202310219178,139.95316490475616
EK202310114723,145.1911272337374
EK202310185832,165.57152534797666
EK202310106587,154.95925177947285
EK202310239252,137.99290565121217
EK202310208710,141.80312973435693
EK202310244056,131.0841818797678
EK202310223702,123.70857357090554
EK202310236969,136.21744432653526
EK202310196070,147.95807587223254
EK202310227710,136.72413538803016
EK202310119702,140.81606960859628
EK202310143351,141.46655008592583
EK202310144967,135.46965076588003
EK202310207097,136.82845233501664
EK202310193281,130.4125396799587
EK202310223068,147.22673135583165
EK202310158743,135.65079405722173
EK202310142353,147.19086940219051
EK202310154024,152.73100303471787
EK202310136326,130.343407262563
EK202320006526,144.93167985958004
EK202310240160,140.4605506911958
EK202310230270,138.63031277794173
EK202310209591,136.33354075941392
EK202310201937,158.4556290510205
EK202310138686,151.05544364408215
EK202310125946,149.2203512102098
EK202310112949,137.04080632483618
EK202310128660,156.93835765753462
EK202310223565,141.36254391786474
EK202310155372,150.84625912910204
EK202310229467,140.68682145946593
EK202310232289,145.86867162243087
EK202310142439,157.24664341627363
EK202310128595,128.14654277152377
EK202310228661,129.72173026350876
EK202310220811,139.08737005503536
EK202310104677,142.45379990915714
EK202310108708,149.7092090871735
EK202310235044,129.38301271234954
EK202310141363,138.63581537692082
EK202310174855,151.20883441357438
EK202310154755,138.3730864974616
EK202310157326,139.5536132740239
EK202310228659,135.8635266834064
EK202310215026,157.34373138281086
EK202310177129,136.34650626101833
EK202310178830,166.2726752842667
EK202310222959,128.18849043841786
EK202320007347,138.24739892202982
EK202310153807,149.99882569987116
EK202310165563,158.31673879491433
EK202310240070,126.03382321676327
EK202310171642,134.5617525366922
EK202310221419,146.24156682495388
EK202310210258,137.49389661532135
EK202310108225,137.22819159272296
EK202310156515,143.29875196768774
EK202320006021,171.72682266918122
EK202310214746,150.35086926901116
EK202310166648,140.94241443548898
EK202310243041,146.38320673170728
EK202310227731,128.1134897902446
EK202310118513,131.63448234523446
EK202310240129,143.16947353302
EK202310140813,143.63680896493665
EK202310181628,146.04290215015348
EK202310126085,138.30398065393334
EK202310246101,148.1720231699446
EK202310113312,133.78383048147919
EK202310217968,138.0040758378949
EK202310213114,134.96699486155526
EK202310219800,145.66767026872748
EK202310184495,143.41089774606652
EK202310119316,130.9512745568044
EK202310180007,144.82053773989153
EK202310199156,136.3913157493348
EK202310177234,150.7300265681262
EK202310226743,137.82884336795422
EK202310189141,137.76574026759113
EK202320006005,145.67983180657865
EK202310227823,135.72083597256238
EK202310174022,144.60137257313048
EK202310134374,137.21546158535753
EK202310200180,124.91121987142584
EK202310161433,148.71487854005332
EK202310121700,147.2519876817471
EK202310237451,137.2973808878032
EK202310192827,158.40938618121956
EK202310160428,150.0809978875912
EK202310205223,145.2444752612747
EK202310111659,157.03925193229568
EK202310218773,148.88880542423627
EK202310161247,141.8818789279322
EK202310109618,141.85802955091168
EK202310155619,135.25531220935596
EK202310135096,148.7461276657485
EK202310188704,144.68877604595195
EK202310198311,153.5351929143508
EK202310138345,141.82271298381912
EK202310187653,135.40677363564103
EK202310223676,147.7615730353714
EK202310165688,133.1397525514768
EK202310104779,145.83461952154286
EK202320007241,169.4560662700605
EK202310247012,131.00517632711154
EK202310115649,134.50138905863778
EK202310158687,138.5493962121092
EK202310139898,150.60827533480995
EK202310183012,137.496411416304
EK202310189323,176.88163546077814
EK202310236084,136.1341547415604
EK202310187745,143.31381433522625
EK202310213754,144.90261441509338
EK202310207691,136.73780214379266
EK202310213360,136.92355137448556
EK202310134511,140.0197228843464
EK202310162421,135.06953811578973
EK202310137854,141.25665731561207
EK202310150901,139.81779017368177
EK202310114810,139.52185444930336
EK202310110564,133.4116540028207
EK202310188498,108.91610788984634
EK202310122137,134.79448418603013
EK202310234827,137.6201443049405
EK202310123845,151.7301103391133
EK202310117679,151.91503918134703
EK202310226733,134.43921138299652
EK202310146806,144.7377345904231
EK202310186532,139.66443778839047
EK202310198523,133.30394704566953
EK202310169242,153.53211609317643
EK202310189605,146.00438385247799
EK202310177460,145.83894677121086
EK202310156053,136.9614108949976
EK202310138997,136.83880698632518
EK202310231114,138.4823009392634
EK202310147763,134.44851530236033
EK202310119709,148.60534352403286
EK202310121129,144.41676070974881
EK202310137901,137.2336445114337
EK202310144077,155.06738636744345
EK202310110337,129.61211629000482
EK202310184408,137.92413492507117
EK202310215841,129.0865889134846
EK202310157214,146.23976182317034
EK202310193140,125.95457539358037
EK202310216105,131.51945863110896
EK202310246420,135.2454468816659
EK202310118424,130.05987905619145
EK202310144290,137.5067554081662
EK202310236171,136.02510725309145
EK202310161913,147.23862646231498
EK202310116195,142.86986524526222
EK202310140252,133.5430901531749
EK202310238025,151.88553142619693
EK202310146861,144.7623363041688
EK202310125756,133.26209936454032
EK202310211082,134.49374241988926
EK202310202590,130.7332386962327
EK202310212292,137.77012402202922
EK202310151188,145.59715600717382
EK202310186431,177.9486681907465
EK202310197054,138.68186407579427
EK202310229535,137.24634629605387
EK202310237693,129.59066870293327
EK202310127899,140.38396160093103
EK202310125513,128.16340687320252
EK202310143417,146.2774572495063
EK202310114922,141.20637978257227
EK202310185011,138.93140376389985
EK202310157380,144.8065355395678
EK202310242841,142.55730013186212
EK202310128764,124.0350220133311
EK202310160302,141.07780447602147
EK202310132265,132.2109594832905
EK202310142152,137.4691412728864
EK202310184138,149.22135265279286
EK202310218922,148.55454948623407
EK202310105732,132.633236413372
EK202310202421,129.17695289277398
EK202310204745,135.69644005463485
EK202310231651,137.81800892423493
EK202310206373,145.7757100024652
EK202310231327,141.21202163134922
EK202310129440,138.80336386819255
EK202310229405,149.53603595061355
EK202310233561,137.5758030391107
EK202310141433,156.5912565509605
EK202310164651,152.03254541241566
EK202310201935,143.4991626823425
EK202310184574,127.38975982504031
EK202310223915,161.97936201290247
EK202310200908,159.78369451308876
EK202310128941,143.9181443313945
EK202310186952,145.47277510893053
EK202310193974,146.80078375602264
EK202310169879,152.33230588366354
EK202310172093,133.6071729087222
EK202310184529,126.24459749783398
EK202310230089,140.06863858815376
EK202310181118,153.9029846596878
EK202310204225,156.61154797581761
EK202310112100,141.0220727336765
EK202310222373,162.2313340499484
EK202310182126,145.37722436500707
EK202310169072,132.65125984003086
EK202310203100,146.09519467669176
EK202310228065,154.1581406802808
EK202310003374,127.65585397894529
EK202310231993,144.24515530924364
EK202310166999,147.22325694859185
EK202310113561,153.08027539048047
EK202310150384,153.01079331438893
EK202310204151,147.6470141192119
EK202310243179,157.15234321242264
EK202310229664,135.9881380653838
EK202310214850,148.94008973944926
EK202310203348,146.81610368191943
EK202310146725,129.44614858187225
EK202310134763,129.7493126058087
EK202310145729,150.15877140072564
EK202310246535,137.25763885746798
EK202310141577,129.69252937757358
EK202310216160,132.9494339958309
EK202310116782,141.07709026983392
EK202310211327,145.64009078905266
EK202310204090,144.3422577663261
EK202310175898,156.00450869687432
EK202310226259,142.44830424351872
EK202310151274,139.81128161369026
EK202310154215,149.8065812343161
EK202310174277,149.4923235015449
EK202320006496,157.97297450451018
EK202310141969,150.69359622712915
EK202320005622,142.80944584709576
EK202310157093,143.27107422902975
EK202310139909,144.4542810043496
EK202310209908,137.45596041938714
EK202310218730,133.39442422903912
EK202310229718,125.95715020893361
EK202310111615,138.20488334698987
EK202310138168,134.62203966411872
EK202310162118,166.2305133225977
EK202310164185,134.57099448131703
EK202310123341,137.0373517448077
EK202310154152,135.5381888419738
EK202310169662,140.5366273087923
EK202310195289,140.12299340087083
EK202310247758,150.83089641442945
EK202310223580,131.23902486625818
EK202310104690,139.08250663017708
EK202310234439,135.52222235288698
EK202310225052,169.34757101441875
EK202310139674,148.75637750530717
EK202310186662,133.4740230549932
EK202310198339,149.26338314425806
EK202310219978,142.66408978353712
EK202310205279,144.70537341942963
EK202310241147,144.79916678024867
EK202310225981,162.85098660969794
EK202310168112,140.28159817910634
EK202310226106,139.76468748860498
EK202310116095,138.80781630386255
EK202310114593,136.79073549931948
EK202310175636,138.75974523210465
EK202310117905,152.34946104507682
EK202310200614,146.2010143471239
EK202310137390,133.01743899372076
EK202310196458,151.14652856606477
EK202310212839,148.30846183839657
EK202310149449,152.7452271750675
EK202310172721,140.27237366996823
EK202310133382,131.7071290017022
EK202310171991,150.84992380781327
EK202310178147,147.0432220519473
EK202310210822,125.14422709102038
EK202310169958,147.0822301673558
EK202310216612,138.43435934861245
EK202310190351,152.74497042822588
EK202310128333,146.50343552979714
EK202310156052,142.74439546434272
EK202310207300,140.1316372262588
EK202310148098,141.77098213031343
EK202310236834,152.94860454875214
EK202310206502,142.44229516122857
EK202310232490,144.41460743657908
EK202310115920,146.5492439538606
EK202310155557,147.30851827691347
EK202310118792,154.50649784340297
EK202310213449,148.42130182864855
EK202310157956,137.50340090476303
EK202310202461,153.92310105977083
EK202310210080,160.36933301807701
EK202310123713,148.7966043350079
EK202310138636,148.06875638235914
EK202310197194,147.00026263866292
EK202310136131,166.8466284895193
EK202310194280,132.62312071097
EK202310144073,170.04065027355603
EK202310196767,153.98856895597584
EK202310152659,142.55672148049092
EK202310119318,131.5790513838431
EK202310175079,146.4898514750439
EK202310246973,142.3011363427824
EK202310177069,136.2825121493262
EK202310228915,136.12669363063623
EK202310237967,134.76489742584647
EK202310004766,137.6535842999064
EK202310197580,169.4795652606332
EK202310163370,155.80273064317677
EK202310126258,129.96502543680984
EK202320006245,158.16221795617798
EK202310214455,141.60693681665012
EK202310225077,167.61032741434323
EK202310121345,135.06169060956597
EK202310118753,124.45279629498867
EK202310209148,146.54259889614562
EK202310235651,133.3399994061862
EK202310195584,143.33912546300482
EK202310131541,139.867181352622
EK202310167958,156.8949481744352
EK202310232848,130.8026248501224
EK202310112373,132.02028190426057
EK202310247588,165.8733743474759
EK202310124781,140.51585143647043
EK202310187345,167.2977349147397
EK202310117200,148.48280960621895
EK202310103838,133.496820771897
EK202310123310,143.85403703731993
EK202310193567,145.93276727243725
EK202310176987,154.0882876383923
EK202310217483,128.75005169265566
EK202310219653,128.42256175392572
EK202310189258,149.84080364213278
EK202310213235,144.0963253021683
EK202310148485,136.92339991605778
EK202310243846,132.92210256526718
EK202310157685,141.69043365108706
EK202310228217,180.31721100020349
EK202310167414,159.44601282821992
EK202310116553,135.96302783307968
EK202310154306,137.7905301968606
EK202310218246,140.955204543765
EK202310214924,151.8041971993699
EK202310124301,138.56257049852346
EK202310132969,129.34386600442463
EK202310116665,146.55273030744488
EK202310126109,144.27751278370096
EK202310246626,141.9409018325266
EK202310165655,130.30477892335512
EK202310222900,133.839364294862
EK202310183920,136.81476660867963
EK202310188655,133.74388189651248
EK202310140837,150.57126484267906
EK202310110105,122.57065486760811
EK202310166926,154.92059902812076
EK202310222571,152.78848623314454
EK202310130862,159.43440713139492
EK202310159918,147.02915571609464
EK202310191732,171.12030819168206
EK202310154430,157.67057483460383
EK202310209379,133.47760589133063
EK202310242826,165.96073149576188
EK202310127621,138.0744452726131
EK202310144269,139.8957473714121
EK202310168554,166.07003818582328
EK202310225096,127.32078787611118
EK202310004191,139.74947930837754
EK202310198832,130.72064844108726
EK202310166122,163.38875993090474
EK202310197812,176.9390373561293
EK202310173577,136.46543309934106
EK202310107780,131.74875257183834
EK202310200080,134.66206763900712
EK202310244832,154.37849749809388
EK202310153701,150.30431982231488
EK202310248897,150.63262650135718
EK202310238758,144.81994184028088
EK202310180956,166.33879675648828
EK202310133597,169.28519607908638
EK202310165926,147.1914103127189
EK202310113563,150.89509729958718
EK202310219177,143.73783855022725
EK202310215546,140.81305211957553
EK202310239803,138.51004443786178
EK202310170081,126.34956509661394
EK202310206625,139.9502226094315
EK202310104069,128.88340423775335
EK202310186393,160.0255892739553
EK202310173267,134.36639649384406
EK202310110426,140.99929908600703
EK202310164765,136.97158236599637
EK202310158220,133.22777182765333
EK202310168816,144.6374264260413
EK202310204071,147.22401181687647
EK202310157259,143.55624741477217
EK202310156843,140.5817202667141
EK202310223529,131.35763561453936
EK202310149961,149.88124017850294
EK202310108241,129.45952605258353
EK202310168245,136.50132890595128
EK202310191021,131.84675928732565
EK202310165776,142.24902637311408
EK202310172874,143.6423715907534
EK202310163779,136.94928484496768
EK202310188731,160.29551221942918
EK202310105850,144.9873731127172
EK202310129025,151.568006207178
EK202310122251,135.54971996138744
EK202310233739,131.89656542364762
EK202310145467,149.65792400086065
EK202310125541,132.26137729677174
EK202310128736,144.47544991361943
EK202310157339,146.4879190255378
EK202310204674,155.43314416868566
EK202310199931,134.07692748287323
EK202310159776,150.39875619843806
EK202310233618,152.00930709217866
EK202310209554,157.9258673647805
EK202310147590,147.86761145129913
EK202310233558,130.10165099525994
EK202310141475,143.63631198009918
EK202310192184,139.78178034864763
EK202310121465,135.94576186213007
EK202310144674,157.8739539652929
EK202310225145,146.95117774135716
EK202310211862,137.754480139372
EK202310218476,133.70811822910508
EK202310227106,155.34931497164314
EK202310184475,134.06340973292453
EK202310132027,140.21617408560675
EK202310134826,136.12314866061132
EK202310182784,153.19967391351483
EK202310236142,127.55635449410025
EK202310215997,170.20615565067754
EK202310218885,148.84781013042607
EK202310189497,140.96204779943895
EK202310242392,139.48564614306488
EK202310139831,133.61821984664007
EK202310159899,126.67475284963425
EK202320007536,148.459216925475
EK202310205864,155.47795273178352
EK202310205412,148.7877321814949
EK202310178623,151.57597466746805
EK202310144137,138.5385515297767
EK202310156851,140.24626715443458
EK202310200692,127.56111424690552
EK202310221442,146.0023930396913
EK202310225402,142.29272612968305
EK202310128314,149.76881626975796
EK202310135585,160.43925509020522
EK202310230304,147.55893700901973
EK202310106564,145.51195923444803
EK202310195276,130.0943765858179
EK202310168561,147.13401948565203
EK202310238035,144.86408944089743
EK202310210412,135.87381160411115
EK202310193015,147.91899351965563
EK202310160429,149.8369921129391
EK202310203227,140.21957545847903
EK202310144260,135.81034368762144
EK202310231994,141.46427895608974
EK202310169556,139.37297594966984
EK202310112231,146.32316635532123
EK202310179305,134.3756449039587
EK202310111693,140.67312207340046
EK202310163778,157.02346369268508
EK202310197562,154.19758375063134
EK202310147780,137.00192278345114
EK202310165497,171.08025180434856
EK202310191527,134.00150568137616
EK202310106149,129.7208423598185
EK202310179787,129.58128589648683
EK202310247018,165.4045653777354
EK202310177578,147.0586169077154
EK202310138872,171.594898854343
EK202310204378,135.90626720427596
EK202310146296,140.1816165531008
EK202310110160,136.14911774306603
EK202310179095,158.7137424080521
EK202310220481,122.18876482807622
EK202310227227,159.90778421330108
EK202310234336,151.7106736898779
EK202310145809,133.9237685993364
EK202310209306,144.98825322408447
EK202310225649,134.9556106040418
EK202310226704,155.5859460487474
EK202310157072,159.19140720060975
EK202310121530,136.78598989226526
EK202310165600,134.23617666562114
EK202310197233,146.1070523836603
EK202310184332,145.21831181567032
EK202310143743,147.7642907657504
EK202310154640,136.73161252522672
EK202310158286,137.50021791177895
EK202310123880,140.35740894822797
EK202310182423,162.68758930655335
EK202310124053,133.4792055705171
EK202310206144,143.4262740175667
EK202310140890,152.90704019673504
EK202310127015,126.11296987554498
EK202310134941,147.70262072853896
EK202310119304,134.0121113855124
EK202310212796,146.2412558277087
EK202310108377,129.6026188694071
EK202310174180,139.5727359992161
EK202310239157,149.0259098046777
EK202310216632,145.29321601014357
EK202310172285,136.9820365368914
EK202310150279,147.3946110115012
EK202310186491,124.84688769417579
EK202310197932,139.97788238552909
EK202310120172,135.53715386928334
EK202310216664,146.76297872730726
EK202320006884,166.1766926146783
EK202310178918,150.4275654159848
EK202310144935,142.50226745782342
EK202310141510,133.3003683352468
EK202310216762,134.1241995778468
EK202310106406,130.3034641285019
EK202310111996,128.5608413672514
EK202310208681,142.34402079875335
EK202310226247,129.86199812170236
EK202310113253,156.5393950805177
EK202310122999,143.09060199781138
EK202310155079,153.66222261259367
EK202310160222,136.68223958520593
EK202310210742,133.53212862921544
EK202310156801,142.76703767356676
EK202310159360,155.42246638902262
EK202310180024,137.31814857113517
EK202310213928,141.89177532875595
EK202310152334,144.49612741547665
EK202310245937,135.46616594270793
EK202310164808,163.91426819253587
EK202310146870,140.356646550354
EK202310163950,147.20282799825281
EK202310195716,146.59397356568192
EK202310150305,145.83823374226648
EK202310229713,131.70046122811002
EK202310188916,153.43111120772167
EK202310121395,144.37821952837697
EK202310160376,137.9745783854045
EK202310244651,147.34578732150376
EK202310150169,132.46527387768785
EK202310110958,139.2951712909724
EK202310143966,136.61731055532516
EK202310221741,150.44020748531946
EK202310187012,149.35920274884847
EK202310193822,176.7590122332667
EK202310172094,144.656382764233
EK202310178633,152.0095546556483
EK202310117674,136.632488741231
EK202310133805,139.30905387905923
EK202310180948,168.79770218552818
EK202310203849,141.92944380979023
EK202310149491,173.14908717324545
EK202310216830,157.62574622104722
EK202310229432,127.96290899467657
EK202310109652,138.96643885441685
EK202310181925,147.02146181888267
EK202310196245,140.40419932171196
EK202310248098,137.8035029453509
EK202310183221,168.54155568919685
EK202310196195,151.00767369729056
EK202310197137,145.46056447439207
EK202310110247,150.15375247249364
EK202310144126,137.78309933510306
EK202310156911,158.1542588213328
EK202310224215,140.12203796608918
EK202310236337,138.5342546429591
EK202310188431,144.96478508139012
EK202310137114,167.74671339684107
EK202310115030,144.1760215551536
EK202310117460,129.5888339106162
EK202310162361,133.72076714500082
EK202310130281,165.02089089573778
EK202310148428,139.91417014855483
EK202310163311,140.5493289742577
EK202310145526,141.51986899528893
EK202310235374,134.6279589972049
EK202310156223,143.94067864180124
EK202310151269,139.42057214414808
EK202310150741,148.34609942771274
EK202310225372,156.1930717508479
EK202310133344,144.40943199822408
EK202310127071,128.7104396502121
EK202310152237,153.97052082502924
EK202310244229,130.98897635849534
EK202310167190,141.3627219716504
EK202310154488,154.99176467723265
EK202310211108,132.71640368109473
EK202310114416,153.0923140346481
EK202310222978,168.6943469878106
EK202310187337,172.99899772229944
EK202310195712,170.8474463442409
EK202310176238,154.83760945698745
EK202310204719,154.57807125631678
EK202310184298,146.00070240025994
EK202310215525,145.17885775817527
EK202310154861,142.66590859680306
EK202310200739,124.97962248195861
EK202310242424,132.24458144789574
EK202310247300,128.3179569538389
EK202310116475,132.8497133713742
EK202310225458,133.33821081568922
EK202310126918,135.374110612305
EK202310185579,129.8108632659931
EK202310241455,138.94034249458258
EK202310209465,135.54229000176085
EK202310142842,143.19151792247274
EK202310185122,147.77155006450113
EK202310223530,136.33911789791472
EK202310188514,138.26676533479633
EK202310171731,139.32450294023923
EK202310130376,147.74448203136205
EK202310222189,142.85281602831822
EK202310106430,143.5304081435834
EK202310127369,139.39579314227785
EK202310236443,132.1225017289577
EK202310182405,149.21241148356805
EK202310210187,130.61877822139297
EK202310116888,135.7137423509197
EK202310173132,164.97134161390292
EK202310108743,132.62004388716562
EK202310125006,131.08387640430593
EK202310213574,136.84480881933047
EK202310165356,138.73600371755495
EK202310149418,165.0916407898184
EK202310198882,130.19247952657267
EK202310231320,137.929644342313
EK202310205653,146.11894544738672
EK202310198599,139.95853489034513
EK202310199963,135.82774750543248
EK202310173699,141.0510199296373
EK202310245726,132.42707063995414
EK202320006040,175.22652262035692
EK202310154743,145.5115634079223
EK202310188160,140.96660135353474
EK202310214367,156.250122115405
EK202310103702,130.9440368241262
EK202310127965,144.52800304716425
EK202310203245,152.7086793906016
EK202310139888,149.4303570761712
EK202310108972,141.25337127361755
EK202310004612,134.69993758945662
EK202310143552,143.3984026067045
EK202310120024,155.8620376857651
EK202310221518,150.8524425747363
EK202310180966,167.9735121906374
EK202310193489,138.8392184823711
EK202310117005,136.1593806698727
EK202310213271,147.0448327509391
EK202310120394,137.96545120707108
EK202310183259,151.40641782399365
EK202310125697,157.28190170226674
EK202310110553,141.26143960037683
EK202310150138,137.23410199669843
EK202310169349,135.54059276900986
EK202310224959,133.37819416534083
EK202310003872,143.68728566960968
EK202310189922,159.56836416949068
EK202310196746,161.4562116949929
EK202310189397,142.62289076145902
EK202310154076,160.2499423310822
EK202310003409,127.47356911863673
EK202310132461,137.68848703898726
EK202310114430,136.6377297228705
EK202310207939,135.01374872243713
EK202310219274,132.40553113194085
EK202310226342,144.18065578808302
EK202310127397,147.08670586019733
EK202310237125,132.61547437380867
EK202310214068,157.5591967434334
EK202310184942,150.85381009764043
EK202310113334,131.37392869996316
EK202310121808,130.22985714539064
EK202310134472,137.12026928674524
EK202310213189,138.67078772085176
EK202310200986,133.02549376498814
EK202310183319,142.30964723693833
EK202310138451,135.1893853397273
EK202310134480,132.54832104844937
EK202310248001,152.1939168174922
EK202310215511,141.14874547608952
EK202310148692,162.62057054963012
EK202310003356,140.3749623628717
EK202310186363,141.51026924021818
EK202310117649,138.78211950678823
EK202310107222,122.73080394811106
EK202310140103,137.82619511988727
EK202310162055,165.05415275680446
EK202310160543,141.11042071285902
EK202310104526,136.8387434167185
EK202310111072,151.0480386600434
EK202310144115,137.8928430453958
EK202310227753,159.5331808857751
EK202310168401,156.19400879136992
EK202310225278,138.53156873819879
EK202310121727,125.47680160567397
EK202310209068,144.98030999003143
EK202310117324,139.75086015060094
EK202310119649,145.62625399949562
EK202310154151,138.6896229146988
EK202310235668,136.8403552545286
EK202310197052,134.29373673281353
EK202310133218,142.44815092692934
EK202310228623,134.2971370111291
EK202310236771,141.15626571225468
EK202320007756,140.47296831254488
EK202310123680,136.8773683586876
EK202310153796,148.40094105255739
EK202310184256,159.54678830282964
EK202310189360,150.92850724514693
EK202310169170,150.21577661259016
EK202310238568,164.432576355056
EK202310147463,138.74396562380818
EK202310246348,136.80592226660315
EK202310146645,134.94964452765475
EK202310112043,137.22686140642531
EK202310126693,143.22736690946726
EK202310105633,130.50421597315486
EK202310108187,152.79070684489434
EK202310142659,142.49569973543385
EK202310154109,150.72101548314015
EK202310187961,169.8744417306979
EK202310138151,134.5560150820913
EK202310145768,132.6552060777013
EK202310204437,133.2966722404913
EK202310234444,136.49444782166566
EK202310146920,129.77782167290547
EK202310191972,148.07980851277262
EK202310135664,134.41108228029435
EK202310136647,171.42309338812765
EK202310149136,142.64009210384566
EK202310004755,135.8600882298577
EK202310003806,138.83108726336084
EK202320005862,146.0497416421175
EK202310238222,131.23989518724696
EK202310165638,132.97002596007846
EK202310195278,142.20050116557496
EK202310191050,143.9429152896903
EK202310165081,177.23190400086452
EK202310141108,136.1730612449878
EK202310225501,137.55705181586515
EK202310190006,159.52372723885708
EK202310232901,154.22400155451595
EK202310183145,142.083982154223
EK202310133834,168.43203331582131
EK202310111865,136.81327432935646
EK202310233162,141.32030186110245
EK202310144096,138.95323145603896
EK202310241460,150.3906473674398
EK202310148061,148.14095140733954
EK202310123096,137.83454259378564
EK202310168745,134.16284843832878
EK202310232533,135.11501630387804
EK202310238139,138.55000190837157
EK202310107671,146.87673527942664
EK202310003635,137.7360730580864
EK202310160939,139.44495104312594
EK202310165138,147.41635288840516
EK202310177363,146.52366654675293
EK202310140380,149.042688013075
EK202310127640,138.3827484154206
EK202310145483,137.4670572917487
EK202310144142,139.52599801489768
EK202310182466,153.61298572026587
EK202310134774,134.76784764263036
EK202310239504,146.22540966787142
EK202310179694,132.79250658682525
EK202310105818,137.13879618204786
EK202310206801,143.84190058311103
EK202310133427,144.14033980010757
EK202310172349,133.99428909781173
EK202310144166,133.52607122013083
EK202310118960,122.18245777139326
EK202310199115,145.35447319371374
EK202310213777,155.35573572895174
EK202310232118,139.9683386025167
EK202310204757,141.67406637013315
EK202310241858,143.76195049886113
EK202310204589,155.88858314560076
EK202310224131,139.77184551867742
EK202310160384,154.96084283614047
EK202310158733,148.6588965214756
EK202310139320,128.14958619524666
EK202310186373,155.70262484133386
EK202310207408,145.06812640192928
EK202310202032,133.2138538422513
EK202310191726,139.29937960731388
EK202310237659,141.32088500784607
EK202310202929,153.8408170421701
EK202310138221,132.01109635869494
EK202310213944,147.65052737287868
EK202310217592,142.91377480007415
EK202310156873,148.02948859151832
EK202310154026,124.15859302336318
EK202310227896,138.3984112516147
EK202310165724,165.68308558106966
EK202310160534,135.12128549269747
EK202310238733,143.8405751692565
EK202310187242,161.6188936014165
EK202310160829,148.4706866648171
EK202310160276,153.34110214143632
EK202310137939,125.04329117306496
EK202310200291,134.77199306093857
EK202310238138,132.31686450206217
EK202310217144,146.3041575947653
EK202310196491,148.16824873900876
EK202320006298,143.14820803642323
EK202310228178,131.57172787341005
EK202310138802,136.90583733320292
EK202310240713,147.17331253202488
EK202310175243,152.9718110181569
EK202310207967,132.08923014461348
EK202310107352,142.5131049280796
EK202310211309,132.7943934370159
EK202310131783,138.7721576355164
EK202310166826,146.6993440940778
EK202310112512,127.15774205390018
EK202310153955,156.6822407134043
EK202310223762,134.31213580204826
EK202310220803,133.61855550146825
EK202310191806,132.37297446186412
EK202310139794,132.91982949414188
EK202310004495,145.8396572269908
EK202310165321,145.89411715758195
EK202310152644,143.89219635828348
EK202310107844,139.85549478392127
EK202310224636,142.13372713445037
EK202310182912,139.7317775610731
EK202310227725,134.79650613075975
EK202310129401,128.09494248231545
EK202310132710,134.20036488205636
EK202310167591,158.18631994653808
EK202310209362,144.3023179652721
EK202310191553,157.5470895431031
EK202310191129,138.93307922688066
EK202310229273,131.97545529078212
EK202310177141,147.85122507450586
EK202310210987,128.2227637599485
EK202310246808,126.49159086679968
EK202310186424,142.3714348880841
EK202310243671,147.1041321748342
EK202310157978,132.43553691196712
EK202310141176,135.49830097051154
EK202310166632,162.4701247612192
EK202310188518,149.21292956533176
EK202310176726,151.29329537741594
EK202310232858,173.6261494435749
EK202310203103,136.8363239846542
EK202310172581,140.99860525522038
EK202310129669,133.83809500588626
EK202310149026,152.15008073109178
EK202310151271,146.46302477764885
EK202310164311,135.98151713954064
EK202310193156,143.23815862802897
EK202310183315,147.81299205068154
EK202310129742,165.8415779173496
EK202310244163,141.3636182897139
EK202310162820,137.98139196587394
EK202310158627,141.71494181682797
EK202310195793,135.32422777224474
EK202310243898,156.86408248176846
EK202310211036,133.98845444054922
EK202310231066,131.01685511554965
EK202310188792,156.31020605159225
EK202310181166,154.20948292083472
EK202310240476,135.1551538154767
EK202310197771,166.28043157124802
EK202310141037,156.05256243157407
EK202310204780,137.46174299289402
EK202310191058,159.72858451158996
EK202310173228,143.66937458423533
EK202310197491,145.7027015956507
EK202310156720,147.14465782430997
EK202310244219,137.38886551586427
EK202310119128,147.79246689970853
EK202310241327,163.62555973258225
EK202310152238,146.19983727179897
EK202310179839,123.61846237649262
EK202310238196,138.9644583336769
EK202310153091,169.41675941965997
EK202320006753,160.12851319483414
EK202310123570,143.62209111994625
EK202310163341,134.97532410232716
EK202310162440,152.76849265487212
EK202310151053,138.78985024656535
EK202310188188,165.1746109756149
EK202310127289,142.57510074022449
EK202310248374,128.1401031108301
EK202310167393,146.18285305154077
EK202310192930,134.0162332552093
EK202310113187,155.52136780996423
EK202310174516,140.66677449593925
EK202310187588,141.1335102803838
EK202320007750,148.57576865935096
EK202310189741,178.82451835082634
EK202310174859,148.486144874145
EK202310195086,156.33694763067155
EK202310183873,171.6141761299207
EK202310171631,137.65537989223614
EK202310123283,128.18491490168472
EK202320006306,168.51625982443525
EK202310139834,129.94186910298438
EK202310239785,143.75178638090705
EK202310153276,143.3278955757141
EK202310180328,163.73563522389867
EK202310207645,154.7845389919922
EK202310130192,164.87052334935822
EK202310154977,140.33272862097874
EK202310139793,134.48123058846363
EK202310243107,137.28917683174149
EK202310209482,141.40326377744202
EK202310241115,133.3273314740182
EK202310214880,134.08078863109935
EK202310240253,138.26057198272989
EK202310226088,151.84218025370538
EK202320006633,172.81342675414544
EK202310245104,156.3448625699837
EK202310112870,148.31606604150184
EK202310161734,142.92681885942582
EK202310225927,138.11224501782462
EK202310145336,155.2020829772366
EK202310137212,131.40460520932172
EK202310190306,132.3986886390369
EK202310172851,158.27526422343774
EK202310231101,132.74457959128915
EK202310212990,126.94815920121198
EK202310122658,132.44063242316062
EK202310176278,148.73815541556007
EK202310200882,148.66989542322705
EK202310152325,135.4366501906395
EK202310151272,152.42075863873012
EK202310194215,163.5408174148904
EK202310185678,144.29534018463906
EK202310243281,140.4281233032636
EK202310120514,131.77486435384276
EK202310126433,135.53269867667285
EK202310122944,126.63251807726897
EK202310236394,133.55024975067042
EK202310218087,146.74814393721846
EK202310151593,166.83857507589548
EK202310110201,154.28249885350226
EK202310131708,142.89700124550689
EK202310111333,131.596209039907
EK202310183969,148.8913587083141
EK202310161113,164.045257123239
EK202310184302,149.25240950372358
EK202310152148,139.89613318442588
EK202310236146,131.44179027665874
EK202310229823,135.36268580602706
EK202310133950,167.23659837194052
EK202310176959,146.8322792889131
EK202310003859,166.5114649336906
EK202310185070,155.27408747532496
EK202310004826,151.41440961936704
EK202310192593,135.7235607518707
EK202310212457,136.59806864498728
EK202310133750,131.09553949683323
EK202320007484,153.31346895622175
EK202310190675,156.14561662609873
EK202310129882,159.2836812939677
EK202310216142,135.48080551398849
EK202310197446,155.27878135773122
EK202310243332,148.86056917127868
EK202310139113,161.05076020426787
EK202320007314,163.09936678463762
EK202310192244,150.92385049549242
EK202310209792,131.9192159617753
EK202310218921,141.51215924824365
EK202310128700,133.95296297018191
EK202310219548,137.3309312603901
EK202310230864,137.9765785254736
EK202310141941,157.45127863229723
EK202310206423,148.07312289347522
EK202310188250,139.66139441282667
EK202310180278,126.63845776840641
EK202310123620,137.08613600198314
EK202310180928,132.09075067760932
EK202310148298,135.10299902552757
EK202310124265,140.4180551168296
EK202310125883,143.48038390030297
EK202310128123,135.24880502797157
EK202310234185,129.28832900735298
EK202310141809,160.69891314736256
EK202310125724,147.46521094799866
EK202320006085,148.16330672925994
EK202310232099,141.176878198292
EK202310193331,159.96142429818525
EK202310205400,147.2537158750366
EK202310160975,126.42059497156946
EK202310203863,145.157527805159
EK202310126413,132.32903901974805
EK202310118450,154.0085541158872
EK202310133563,134.44699919409416
EK202310239448,118.73798092559218
EK202310114694,145.43696228927067
EK202310158288,168.53195868259087
EK202310122422,131.43500488706098
EK202310235320,136.4240065802117
EK202310201960,131.28836898589094
EK202310194645,151.47434424684783
EK202310214962,160.41737059614383
EK202310247868,166.89004712689947
EK202310126826,138.9069985890961
EK202310120690,139.67090951367814
EK202320006557,159.6612392496713
EK202310224482,139.45507692499243
EK202310188666,139.1511750442848
EK202310167967,154.12582411187444
EK202310240200,133.84350215334726
EK202310183867,154.53872239826393
EK202310195682,127.19148221775241
EK202310108034,156.9654489279393
EK202310143324,136.234195744782
EK202310139977,143.66368803244222
EK202310134578,145.5972261181678
EK202310003485,126.47638794655836
EK202310127332,146.63683403296966
EK202310195959,138.0509078289287
EK202310173389,139.05925823217723
EK202310120326,121.98588810230737
EK202310228101,127.87425220860894
EK202310194577,141.17837201551126
EK202310230845,145.9541695663941
EK202310144430,131.4214741772195
EK202310155784,136.77313503031857
EK202310160254,150.23003967794446
EK202310118458,140.33667324479418
EK202310134107,159.94060681689288
EK202310247672,166.05800085510197
EK202310233715,138.1691304321821
EK202310192802,174.4656279016463
EK202310226073,129.92773763576605
EK202310112128,153.7735923474534
EK202310214142,169.40843429559445
EK202310205070,155.4598129794382
EK202310191656,136.9326495786104
EK202310108700,135.25043326974756
EK202310121333,157.80936964087795
EK202310153942,132.13627546228216
EK202310228151,136.54666580663746
EK202310185062,143.10488148048125
EK202310133213,154.9204833369516
EK202310242233,143.61069043347473
EK202310143796,136.04217426978877
EK202310202444,146.8258491026216
EK202310166800,156.49918528255657
EK202310191020,132.73416347654498
EK202310122069,125.84378343736127
EK202310221793,155.00025543353314
EK202310235848,141.20371412323018
EK202310205016,145.452592370457
EK202310119021,156.78979153871015
EK202310222995,156.78960231126246
EK202310114479,132.6421994880419
EK202310182453,143.49219976095105
EK202310143133,138.98497345151458
EK202310175194,140.16080294504616
EK202310144671,143.84007193637123
EK202310245023,145.93036096214814
EK202310144979,132.52270607797402
EK202310235216,135.58268679029808
EK202310247586,134.8424762475099
EK202310105223,150.88795929554655
EK202310163741,169.12348766336464
EK202310141732,149.20375487220687
EK202310142505,144.74476563004868
EK202310131799,153.10059396754647
EK202310209090,143.70356234868103
EK202310159139,141.40954291166352
EK202310214093,147.31262994107783
EK202310199515,145.6119787300375
EK202310228095,135.53264618193413
EK202310173578,138.84425539948754
EK202310170010,146.3463453988378
EK202310164861,145.57776162095345
EK202310167580,152.40769604399037
EK202310225936,122.91116974329006
EK202310147008,152.1000658928497
EK202310187537,146.59098970850667
EK202310170479,147.13323728345733
EK202310238268,130.50621158212556
EK202310231268,134.66352185471672
EK202310167280,152.1671974200854
EK202310203266,134.20326752411682
EK202310179810,133.01261143910003
EK202310107445,157.09806060200012
EK202310107969,151.01829755856812
EK202310127481,128.4217018630108
EK202310180706,134.90634513788592
EK202310125230,134.43595147320642
EK202310127751,144.21700027308307
EK202310172588,153.04944513969883
EK202310202984,163.92328642833027
EK202310104212,128.79353493972533
EK202310106923,145.888272337724
EK202310147971,152.94016273227226
EK202310243146,134.23089621999273
EK202310171023,144.24273072775395
EK202310109775,155.82128458745532
EK202310205700,136.52920390270708
EK202310143997,136.948202141069
EK202310132126,133.52252098872742
EK202310127316,157.638937023606
EK202310107147,132.91171480117612
EK202310151185,148.1155321524734
EK202310228200,131.42277234325942
EK202310117856,148.76774437861664
EK202320005717,143.42187809205967
EK202310129616,145.73949517274698
EK202310232791,146.7661200887702
EK202310243834,148.63077111448862
EK202310246208,145.76856161754165
EK202310160233,156.14311075663122
EK202310149219,143.46372300202344
EK202310108589,136.30130056678013
EK202310204725,154.62132082450236
EK202310243502,145.26147767234505
EK202310114320,129.9345714165223
EK202310202291,134.14925126303447
EK202310237771,146.0856595930533
EK202310216760,143.2446367315659
EK202310244222,143.49418251036724
EK202310113733,149.12154283944474
EK202310138119,139.8852503048327
EK202310219085,139.3420026367584
EK202310153944,130.526787428053
EK202310161644,158.2914235880198
EK202310204382,139.9510129965508
EK202310229663,127.95104937662857
EK202310156198,142.43347019564325
EK202310148211,138.8307984953301
EK202310152274,128.8229407153255
EK202310197042,132.88298759842047
EK202310163556,136.65012878402422
EK202310197960,170.55430382812136
EK202310232731,130.00198255431897
EK202310147947,149.07204772637215
EK202310144176,124.66340463847492
EK202310237272,147.5964565531114
EK202310195596,135.21420826273084
EK202310231682,138.15183577690468
EK202310114178,140.73904373361808
EK202310165798,131.26384690654203
EK202310177163,144.84023252827816
EK202310161995,169.2726245650065
EK202310130803,128.2837601391527
EK202310225601,137.4915957161462
EK202310139718,146.7758802946891
EK202310146622,142.56065050496912
EK202310113181,128.25175707228655
EK202310179401,168.77945877819283
EK202310202908,146.39614098802826
EK202310171925,136.4670553516381
EK202310136543,139.41104467484772
EK202310119266,129.6454890592521
EK202310144770,146.40351273142267
EK202310217594,142.75886741909036
EK202310224918,156.15320794523342
EK202310116728,141.1981881540841
EK202310136368,141.88194521416628
EK202310242872,150.35535904335387
EK202310226098,140.07548375204377
EK202310243029,125.45009532327913
EK202310234838,141.66181805499124
EK202310103797,161.4549973699794
EK202310159666,128.79374269138583
EK202310234494,129.72964973282043
EK202310134806,134.23818189264622
EK202310191437,137.86000050900049
EK202310125110,134.01451926211715
EK202310217366,145.50527647704538
EK202310191101,133.6214127838138
EK202310179382,149.42017211739275
EK202310137469,134.43183136914757
EK202310137658,142.70393854930145
EK202310134629,132.2524909135049
EK202310104525,132.0811388544383
EK202310151444,160.50603460755144
EK202310237636,151.1076368608975
EK202310143439,128.5277920013847
EK202310149845,141.35577149469046
EK202310128851,152.89625200948828
EK202310237330,140.0728867612438
EK202310117295,149.30752708832364
EK202310243270,141.51183453771566
EK202310187106,141.86252244770188
EK202310137652,142.70445262091656
EK202310217947,139.11965184700364
EK202310215368,149.8517431669178
EK202310113202,138.3353515898187
EK202310122109,135.3247576545066
EK202310121040,148.70919728817367
EK202310226711,134.63782597865844
EK202310132709,135.23981561523448
EK202310169984,152.665766714593
EK202310198212,142.5887673348559
EK202310158003,149.85368379507435
EK202310214974,151.50376720532617
EK202310134360,153.1421576013378
EK202310178688,166.75400319253336
EK202310171682,153.76589019019733
EK202310103768,140.79949101534822
EK202310209555,149.55672389776748
EK202310151086,133.10331819213798
EK202310201836,155.4085817248955
EK202310174895,131.69863788083538
EK202310138537,138.65570937864507
EK202310111581,134.24666072532517
EK202310219638,147.38629644200677
EK202310154214,146.77556900102115
EK202310200463,149.96060439998436
EK202310172356,130.24415496561994
EK202310164996,146.82684030697715
EK202310140375,149.67784421300405
EK202310216009,129.89903581375395
EK202310113207,128.25103599361634
EK202310132100,156.60093177359943
EK202310126863,145.10196066382582
EK202310146868,137.10015273077656
EK202310108177,160.66910507801677
EK202310166280,157.70329772268664
EK202310182008,176.04897253945185
EK202310162197,131.22844075531407
EK202310147752,146.18959549784185
EK202310003947,133.77335983381562
EK202310176472,130.63798630393453
EK202310234387,134.5630102717964
EK202310170022,130.42880307945904
EK202310171056,132.94486650420384
EK202310180973,170.52685117164714
EK202310166464,142.1010771871722
EK202310123184,137.88785220113448
EK202310192128,153.45596666320426
EK202310207232,122.52795466009128
EK202310133397,130.68553706217017
EK202310113037,141.02075653147205
EK202320007617,153.72651820522125
EK202310128691,128.64443478641476
EK202310234443,127.84714311166003
EK202310163599,145.16233405638692
EK202310124529,142.3228848597644
EK202310195861,133.96008629848902
EK202310004652,138.15608445785296
EK202310128598,144.8652791707774
EK202310219754,151.685179383059
EK202310153907,143.342276910723
EK202310210564,151.52556724463034
EK202310119285,152.64734099832577
EK202310236273,126.30014029357496
EK202310205597,148.81537655644152
EK202310232930,124.39514208282824
EK202310191886,155.07219468618223
EK202310236382,121.5219467569737
EK202310174764,157.99724017140886
EK202310105490,153.17632706776448
EK202310177012,186.4551500126569
EK202310128378,144.36742228908173
EK202310165398,137.86716210791164
EK202310142395,152.83340733215488
EK202310220861,140.68854155464544
EK202310209523,151.88538010695643
EK202310122997,134.9899505897538
EK202310205282,144.26230553306647
EK202310131435,157.53711395725853
EK202310203906,136.06480759682267
EK202310236413,135.2744440225864
EK202310156951,156.56498614492727
EK202310106622,136.75229487834474
EK202310189975,165.044616537729
EK202310225784,128.16455113389708
EK202310219294,134.30410424414595
EK202310105442,130.7283629909888
EK202310132208,128.10992794312907
EK202310105616,139.59823376779167
EK202310174736,129.44231171059846
EK202310196913,151.48770665118295
EK202310137961,134.7777316828245
EK202310176163,148.80300687584284
EK202310110032,131.55389867283102
EK202310157504,129.28554399620882
EK202310233635,136.26233449947668
EK202310248436,144.7123081660658
EK202310202168,132.49094348656845
EK202310155766,139.20949154351965
EK202310139190,132.70356937663604
EK202310178893,146.1019996562476
EK202310194060,164.83294875315764
EK202310118567,133.36377019042956
EK202310127903,133.2728501145423
EK202310236053,134.49131629143184
EK202310156969,156.92972270732616
EK202310113094,152.10233675876015
EK202310117682,136.46491758360827
EK202310175150,138.62797618664817
EK202310190181,144.09805004401923
EK202310144477,138.12593482071392
EK202310167953,150.7131226032736
EK202310123207,147.1567901204096
EK202310211120,133.0222062491152
EK202310158476,141.86072568465875
EK202310245986,131.14810679141678
EK202310141979,144.7379061431747
EK202310210627,140.2956719375068
EK202310131358,132.76827664910485
EK202310108863,136.42895023989487
EK202310106507,153.069884727537
EK202310219636,136.40978101330438
EK202310206075,149.11890801264005
EK202310164374,148.99373887594638
EK202310247640,138.07834840891783
EK202310128033,169.41750628454412
EK202310202213,158.21482343627773
EK202320007199,147.5247537799393
EK202310148351,139.04444090253588
EK202310167191,149.1607433560872
EK202310191728,143.29712130875245
EK202310200275,138.65714737678553
EK202310240207,140.893108004577
EK202310169132,140.86497255419056
EK202310144609,151.83703281752227
EK202310198534,149.80385989830506
EK202310117322,140.27780344932373
EK202310111311,149.2697691228259
EK202310132198,132.80912433455768
EK202310123213,136.78476594113738
EK202310175579,144.3010163795263
EK202310179611,154.7741932476814
EK202310162505,150.23003967794446
EK202310192578,141.056942562571
EK202310106746,144.06799029434677
EK202310131965,137.43023232207955
EK202310193615,134.61876353741735
EK202310196394,155.81238916081452
EK202310219201,129.55202552375334
EK202310223123,141.01441508163177
EK202310193426,167.07877931960223
EK202310118739,156.299441181883
EK202310106117,137.4668813656656
EK202310104981,145.344322683013
EK202310210450,137.40571678573414
EK202310174407,143.44698199148053
EK202310104567,140.7435276226571
EK202310127432,132.79747979458872
EK202320005737,146.17677912568027
EK202310191941,145.02700408171788
EK202310153855,138.4544739071607
EK202310207694,147.64298901622985
EK202310227244,135.397372689592
EK202310153520,132.58598184291833
EK202310160923,148.18153774747805
EK202310105321,137.1232079791207
EK202310134289,151.84838321799563
EK202310221860,138.25602661661335
EK202310127051,126.31038391608944
EK202310004011,140.6240516762151
EK202310106438,130.7903468921926
EK202310223885,127.50161652906962
EK202310147175,147.96603140561982
EK202310172305,132.64023159744212
EK202310233355,126.96691542359461
EK202310175639,146.54994388591828
EK202310119187,140.45340364199654
EK202310208266,145.57203159078134
EK202310218780,144.73081913610244
EK202310208314,141.04700010086506
EK202310231800,128.31188841174273
EK202310128055,158.0838573840307
EK202310239898,132.55149610254344
EK202310216957,146.23193562865225
EK202310209441,126.9966101984096
EK202310123208,155.90643002092352
EK202310209923,137.0156169376361
EK202310133751,141.4408033078523
EK202310245312,136.22789836529003
EK202310115764,143.32201164145476
EK202310207764,138.4105372607264
EK202310240599,150.64417913152505
EK202310147315,138.90752842177488
EK202310131500,127.73257384295658
EK202310176669,150.82092077789557
EK202310123945,146.69436808541454
EK202310209731,121.72658007830208
EK202310144605,148.26600956135508
EK202310122549,126.64189650213436
EK202310145497,154.8328619323739
EK202310140293,134.2991923732034
EK202310139650,130.33158166538598
EK202310157829,132.48868972676289
EK202310106995,150.6740020054229
EK202310124413,172.649711763102
EK202310214088,144.13773204990125
EK202310164191,149.00168470498397
EK202310226197,131.92589491836438
EK202310004226,149.7879034388332
EK202310108441,133.94499887060434
EK202310135386,142.6387239548728
EK202310129306,154.1895686904907
EK202310235944,139.81373522511356
EK202310247944,139.07861930196324
EK202310165677,134.33666757012253
EK202310199534,147.73448092427873
EK202310126380,141.0580833677874
EK202310154011,139.81139168392525
EK202310132506,180.60239634833576
EK202310108076,150.5862313186081
EK202310160457,148.50609194620029
EK202310208714,148.58546379715025
EK202310154569,143.99604009095827
EK202310144642,135.97026738482154
EK202310190051,161.58965595069398
EK202310117172,144.06228166903318
EK202310177405,155.48491748056972
EK202310213301,142.04830292719168
EK202310137198,152.61731397617677
EK202310151042,138.73294930389196
EK202310168461,148.95881060007534
EK202310243164,139.01777932446583
EK202310179023,131.1397972465218
EK202310160904,150.8133573698369
EK202310171189,154.18414525279596
EK202310239158,134.9809296553926
EK202310167988,150.01386186689007
EK202310226837,158.8817232419533
EK202310135580,146.45492008089528
EK202310246488,141.81069558719577
EK202310003762,143.43077542334137
EK202310134904,137.1504835965287
EK202310136330,140.64442933231388
EK202310217816,138.40744000074466
EK202310122041,131.19483440558852
EK202310246474,139.53713979464592
EK202310157040,142.08033041440285
EK202310198401,165.74487422638634
EK202310117127,136.99556257772028
EK202310105754,158.06280087175287
EK202310166261,137.45416871738877
EK202310168044,154.67407394300662
EK202310220538,131.78583764460296
EK202310139280,138.6650756038373
EK202310135523,153.15327226318274
EK202310236682,150.94662371883985
EK202310244877,138.1036933146232
EK202310107483,141.87702904718805
EK202310175451,130.15312818438855
EK202310180461,153.15450212066472
EK202310144697,131.65016531415378
EK202310123532,130.79618209103816
EK202310123754,161.86746289469392
EK202310206309,151.74693489298943
EK202310239121,134.61256855262903
EK202310104310,146.11348081779855
EK202310211761,143.3871417677095
EK202310191013,159.86695631284903
EK202310240312,151.87776383349578
EK202310217200,143.16611895378557
EK202310114563,148.13169312527472
EK202310161367,138.63752808121728
EK202310144122,140.97136626847197
EK202310212504,138.89961617327148
EK202310177497,148.29608819153987
EK202310236237,149.97062087210415
EK202310198587,150.0259814518336
EK202310163062,151.11448335516738
EK202310164746,152.03630159707345
EK202310201875,133.44717505952894
EK202310172081,149.3698685951041
EK202310239571,147.78184181458872
EK202310135582,143.1589241472501
EK202310168412,158.4426308398828
EK202310207958,140.34849027044507
EK202310192851,150.8198195833091
EK202310192868,134.44308250757442
EK202310240745,148.49471421008823
EK202320007142,144.46207620143707
EK202310242152,148.81510062593836
EK202310158334,149.12121170692475
EK202310202840,149.59508876577658
EK202310135210,158.79597681048693
EK202310140844,157.04110245068387
EK202310231684,132.8229794177992
EK202310220876,140.28521335173778
EK202310135369,150.4677676943302
EK202310163963,150.16407378427937
EK202310126679,132.95809091180337
EK202310162655,154.51976358913672
EK202310154642,138.8605015915931
EK202310178024,134.1559647957093
EK202310168498,144.39878797383807
EK202310220365,135.3701328804175
EK202310111380,133.10695638544414
EK202310152697,154.2424372857299
EK202310246759,141.02421828793402
EK202310111419,146.2743259635174
EK202310218578,125.79757797059321
EK202310110262,131.4914876681078
EK202310112025,157.0560847523523
EK202310219733,141.14707894295142
EK202310188715,160.81304145101146
EK202310120824,159.4060339009177
EK202310115460,125.10335035885419
EK202310243920,135.9416807494434
EK202310177399,149.2884164418929
EK202310187981,156.88581301426277
EK202310245247,141.54729401621196
EK202310121751,137.34500463880323
EK202310157398,141.99435282963964
EK202310146316,139.9857955085005
EK202310147009,153.30098498620202
EK202310186969,156.13517894080132
EK202310137065,161.361398677372
EK202310121746,129.2849779901423
EK202310156291,150.79331297066238
EK202310214011,154.02971882729398
EK202310214233,139.21959020008842
EK202310119619,142.39204269110283
EK202310179742,144.80977180290802
EK202310182000,154.31999534911384
EK202310200585,144.6088620636606
EK202310152222,151.061079166026
EK202310149190,167.24016235489626
EK202310187819,142.7855853723041
EK202310124003,180.13286391295247
EK202310201545,134.80027968706307
EK202310171385,134.81457753273656
EK202310238751,136.7982373527114
EK202310140367,126.97193954899386
EK202310237130,149.40583042675777
EK202310198345,144.40163310920119
EK202310247133,142.71082167397677
EK202310137734,120.1559335516512
EK202310148474,132.60407372406704
EK202310150325,153.4338027816482
EK202310208250,136.07324435496866
EK202310232333,145.16862025621947
EK202310226045,131.35431589906636
EK202310158994,143.7047570027177
EK202310198109,152.36444992814373
EK202310193685,147.38727566713442
EK202310178796,167.19373709144463
EK202310168028,145.81512970631715
EK202310106830,128.90297205446754
EK202310181540,132.72474464549722
EK202310182066,150.32761537921107
EK202310206663,139.8873063845157
EK202310219839,163.4569017678269
EK202310201710,161.25062222356078
EK202310187487,131.82256950166854
EK202310202274,151.89051900321232
EK202310137558,141.80590497180634
EK202310190906,132.10481990389513
EK202310223424,164.89393347611784
EK202310178941,130.945253287151
EK202310184440,140.22192153471636
EK202310155782,122.76705545500941
EK202310122432,152.0695374413854
EK202310182848,138.51498523195312
EK202310164226,146.73245067632814
EK202310173490,136.6185324962321
EK202310213090,131.97532768866242
EK202310153722,161.5073576202935
EK202310173472,147.0996359737863
EK202310167875,143.89674230812767
EK202310133234,130.35587076196896
EK202310223308,134.4511292352978
EK202310205100,136.92924774818817
EK202310198402,127.88226475444893
EK202310110225,153.94330213148012
EK202310171586,145.08872487875132
EK202310122356,146.79135531961643
EK202310163392,126.97442323830379
EK202310183719,149.52959833980364
EK202310003951,155.7659057326459
EK202310138515,157.74893602173222
EK202310170831,138.55991500299822
EK202310133182,131.30930527066266
EK202310111516,131.43824127460024
EK202310125263,132.2785772912968
EK202310240055,137.62096035928752
EK202310180483,136.84800079384325
EK202310204716,128.9143296442751
EK202310187018,140.69642102365594
EK202310158527,153.9179762973746
EK202310122260,148.94146426167768
EK202310234650,140.23105421779098
EK202310144474,134.2524343087677
EK202310237894,131.06734882608188
EK202310106091,153.81470765703804
EK202310188317,137.20952370023264
EK202310158850,146.38159834053218
EK202310186426,172.67322545424167
EK202310169750,135.0713648325949
EK202310206676,156.37178623706168
EK202310155928,149.31496395352886
EK202310230978,129.7689053663172
EK202310233369,127.3618464725681
EK202310129476,138.5155944642142
EK202310133048,144.45047688907871
EK202310165488,143.39917639228744
EK202310143637,168.73846615693665
EK202310214266,140.31996002244134
EK202310126225,137.18580459728528
EK202310152458,159.37653427082824
EK202310223231,138.7014638071391
EK202310120167,130.86825131360035
EK202310143015,152.59518457159476
EK202310158308,147.084651875571
EK202310173081,134.68702379184992
EK202310189028,133.52146214073596
EK202310132273,157.68769453518328
EK202310128353,134.32218317055853
EK202310174810,147.65595809712545
EK202310239062,147.99963285749865
EK202310120641,133.74905198872918
EK202310244227,139.32186580816085
EK202310118757,129.4385144901936
EK202310129075,135.74086495220544
EK202310224814,138.52209002109262
EK202310004731,133.40105896478553
EK202310156915,165.19196808935868
EK202310115641,136.2770559558351
EK202310118147,177.32845344998023
EK202310248390,159.933099317041
EK202310218403,133.10270022814606
EK202310155441,149.92482302318967
EK202310230283,133.09829554155894
EK202310162794,147.76282735827064
EK202310182211,165.40430773832392
EK202310143073,151.06730611975723
EK202310177848,151.33965181272185
EK202310003966,155.41349718151835
EK202310194839,155.5214850813169
EK202310233597,145.83757646278397
EK202310160959,148.63579093770872
EK202310225528,136.40742009153368
EK202310108255,143.27292105064294
EK202310166709,136.28340338061824
EK202310203616,145.89739315530358
EK202310189898,156.09909097186858
EK202310135324,153.20081516637072
EK202310183856,163.4789417645354
EK202310178334,146.3031319804783
EK202310112277,146.8380520067418
EK202310116332,133.43964396895475
EK202310174408,135.59170831029226
EK202310225395,138.08306345642518
EK202310179921,144.12816804783358
EK202310136896,135.19142900445797
EK202310246946,145.27398313753665
EK202310132878,142.3142756489896
EK202310132936,130.95513412800167
EK202310117215,138.40781543391554
EK202310194744,141.6940009913032
EK202310239667,144.72949738385495
EK202310137081,149.5865783092128
EK202310195120,145.44780731037426
EK202310244943,140.20528865510974
EK202310216463,142.21978534092938
EK202310175023,154.06979635432484
EK202310123452,145.48490482722246
EK202310120759,141.60107457080525
EK202310200555,163.85694949358876
EK202310183159,153.2290890802639
EK202310237119,147.0656438463066
EK202310241465,133.1156471825026
EK202310185913,145.99366589361267
EK202310207534,150.84536182668376
EK202310158605,157.54484704037515
EK202310193608,136.53440063409082
EK202310238219,140.15163173448246
EK202310142209,156.8547572246376
EK202310158659,141.45544434573452
EK202310196102,151.5182059332042
EK202310244335,135.8548667458824
EK202310151300,151.83394694699774
EK202310135647,127.82468643804874
EK202310208600,139.96155685599453
EK202320006689,152.8813705193423
EK202310208813,149.53284109176525
EK202310154438,145.39083266555477
EK202310165804,139.37940304359356
EK202310124724,134.6636953810076
EK202320005923,163.54901077360384
EK202310193868,141.68036940846358
EK202310243558,145.09341888648143
EK202310213393,136.86299357674886
EK202310142913,152.5134561118253
EK202310168870,162.55398316405422
EK202310246882,153.44240335943329
EK202310123829,134.3622769363221
EK202310125993,137.99945637225153
EK202310148678,128.4698307175513
EK202310214338,138.50066208180513
EK202310118609,137.995405052572
EK202310223350,151.7427986203242
EK202310161314,134.84835442297043
EK202310172634,169.68251422781387
EK202310218585,144.56892861441895
EK202310004027,135.70960573526196
EK202310177913,142.0426562729776
EK202310195749,131.8630345139959
EK202310176453,135.71210122553373
EK202310213885,149.49811219592402
EK202310137118,154.15407190022202
EK202310219450,126.5522682277986
EK202310228378,155.29552736781534
EK202310157141,145.83970752426188
EK202310131718,146.9937034508684
EK202310165083,136.16202073362345
EK202310004821,134.8685868531374
EK202310115195,138.10862054057267
EK202310179460,131.05611340153578
EK202310204918,146.65628144829205
EK202310126066,123.7516096634604
EK202310147822,150.54631860960285
EK202310233974,138.26288726696416
EK202310152337,153.1539272644435
EK202310121597,150.69140236229254
EK202310113315,138.59029498005498
EK202310172487,163.32799476284873
EK202310208865,144.80476996918517
EK202310178856,129.28832900735298
EK202310163216,138.90976676769236
EK202310192275,136.8665698940456
EK202310123629,145.08078014357255
EK202310118365,153.69768921790094
EK202310205626,151.9505553269797
EK202310197305,139.18095784899992
EK202310168104,130.95738237942618
EK202310147731,157.21215975247793
EK202310202905,146.20244369096045
EK202310240860,143.24483612779395
EK202310003646,140.87103238684574
EK202310241992,132.96837684175216
EK202310139823,143.04572183951498
EK202310229599,134.20170546188422
EK202310183516,164.46532501650753
EK202310224914,131.82338696288292
EK202310191077,148.40922553503566
EK202320006964,167.35059460694814
EK202310237895,131.45724075377734
EK202310176057,143.98867938055315
EK202310165954,139.03916747667563
EK202310122162,136.54290162911607
EK202310126238,131.04012309471173
EK202310121795,149.95474115009495
EK202310161976,149.13353948003103
EK202310191508,144.81071909804658
EK202310176644,136.85933805697047
EK202310152467,154.32274324394615
EK202310219240,147.43478909434222
EK202310208125,148.15087256546815
EK202310159439,154.44331223655308
EK202310112020,152.1743987912075
EK202310131152,150.9880349366686
EK202310231176,132.8063392429719
EK202310119600,166.15119547559357
EK202310142740,174.3172734715539
EK202310190305,134.55257505543432
EK202310181410,145.42494714847228
EK202310195269,134.6189386370735
EK202310154821,130.49588029020396
EK202310247409,140.62158935320733
EK202310146034,131.1463228696963
EK202310193073,154.2397485492679
EK202310184666,154.97754038314278
EK202310107982,145.97845579441562
EK202310118565,129.98086071813904
EK202310189557,150.85777404497395
EK202310176523,155.13564626199584
EK202310199098,156.43975585798685
EK202310192444,161.88121262042895
EK202310201510,157.63019174831484
EK202310152404,156.32015481919998
EK202310159084,169.38789840412883
EK202310241360,145.07007248129122
EK202310216628,148.05507239736795
EK202310228907,135.1576261008515
EK202310129890,152.73589866257518
EK202310151590,128.8542423458215
EK202310145359,127.94191868352253
EK202310157050,137.3553698548154
EK202310176488,129.48747822915058
EK202310130834,134.65753889521446
EK202310209574,143.05947087355233
EK202310111176,139.00906699192834
EK202310147278,144.78577496861917
EK202310208597,159.3113012326098
EK202310196533,133.8796367086858
EK202310195547,155.7590159417105
EK202310176613,134.60829336965875
EK202310164726,149.43591367360747
EK202310243633,142.83659631147245
EK202310196133,139.56343354251393
EK202310147029,155.16257228512123
EK202310218892,155.36683004519583
EK202310140920,133.36411350038708
EK202310155482,146.19752289700992
EK202310135200,131.55009515126616
EK202310172820,142.07805995745136
EK202310105543,125.69761850192617
EK202310172387,146.3098610750939
EK202310176697,136.99847409499841
EK202310218951,166.458810881731
EK202310103784,137.55199044713112
EK202310230023,133.0125555299713
EK202310164692,145.15298079500442
EK202310104542,137.85534540985563
EK202310176068,139.8937545287769
EK202310244683,140.94784885909905
EK202310119149,142.80987569022741
EK202310191861,131.02311224638302
EK202310199949,132.88154520679018
EK202310161393,137.31803882789956
EK202310125111,148.2896654043503
EK202310199054,151.50552116984923
EK202310004487,139.3830864363709
EK202310183184,138.61991963988177
EK202310201897,158.82769346059897
EK202310210681,123.77640587788059
EK202310171699,129.12759656960944
EK202310136344,128.27054436540917
EK202310142799,139.17113023772723
EK202310003358,144.62549409495097
EK202310177915,142.14973967200515
EK202310233198,155.57731064718564
EK202310180154,132.62407027502073
EK202310174450,130.87615585356673
EK202310136841,134.92374929207904
EK202310121016,151.11214354769155
EK202310165032,141.81118945929214
EK202310228963,136.23695865057667
EK202310121559,146.48825135961832
EK202310181916,144.91589453607477
EK202310145575,162.46068877479945
EK202310239181,142.95172644302662
EK202310188158,144.0696046879741
EK202310128251,128.19015196541156
EK202310132218,144.93404106919414
EK202310171818,144.74776895060612
EK202310104717,135.16906552558055
EK202310166536,150.02506754985916
EK202310165544,158.2628659779047
EK202310106140,135.3408979468957
EK202310120542,129.9256973787812
EK202310200432,143.1926475033882
EK202310137688,137.87717797958805
EK202310199770,140.331134622423
EK202310151234,142.13571974085247
EK202310239824,141.86379668357347
EK202310109979,135.96691663642113
EK202310222377,123.44251345055847
EK202310129765,156.6456075639425
EK202310004768,124.99533010599251
EK202310161683,151.91541337918358
EK202310111657,155.31067189035724
EK202310233223,131.3435268367884
EK202310191113,175.23390803785725
EK202310133283,137.54296916037177
EK202310196259,143.82758586995615
EK202310180866,135.15925775335674
EK202310219289,137.2217169950157
EK202310195465,168.98173918273207
EK202310163110,144.98601838362407
EK202310236924,136.0767076257615
EK202310175544,142.4293318495077
EK202310106368,132.56274357930178
EK202310187622,145.67700541802657
EK202310204563,148.85710612790595
EK202310169494,149.42106797538355
EK202310151846,143.10032321550986
EK202310239299,142.18222192626382
EK202310145012,127.48859161043023
EK202310110945,137.67916792876593
EK202310198659,139.05490825054568
EK202310130369,120.05380596822916
EK202310191235,148.0439480705579
EK202310171717,137.26476356213962
EK202310235589,154.41979002638038
EK202310114348,140.94733044065842
EK202310232893,157.58143257114807
EK202310164789,155.50834773756497
EK202310236042,175.15426054136177
EK202310004445,134.19819699206758
EK202310172245,134.20143304119512
EK202310224823,134.07109162365865
EK202310136877,145.55873924550838
EK202310123423,146.03922610862278
EK202310153225,151.66200252972897
EK202310145756,146.01356049557984
EK202310146568,137.32387132747544
EK202310163087,141.12541077408113
EK202310245297,156.9503717085585
EK202310209644,145.01389108336735
EK202310140290,130.87903761830034
EK202310221072,137.4422700389285
EK202310135414,139.57411003185248
EK202310187378,154.38362365287506
EK202310133530,157.93011656289454
EK202310224364,145.06602837981984
EK202310195517,149.43341284158166
EK202310204169,138.32233110867404
EK202310210323,122.74652263049086
EK202310200422,136.8432348602832
EK202310151056,133.30510716997242
EK202310227277,137.8063266415841
EK202310247028,139.4127010522784
EK202310180050,150.9852976544116
EK202310127868,144.39947447459826
EK202310234685,142.54110844934078
EK202310223304,135.63462356894948
EK202310222628,131.3791378161522
EK202310132162,150.6170394778857
EK202310107313,157.56220267545527
EK202310193034,121.91994555076711
EK202320006263,155.10165432429613
EK202310180508,132.333917014136
EK202310126699,135.07535655327013
EK202310161588,161.91921776653658
EK202310230044,135.33059351956837
EK202310131679,156.09138905564564
EK202310130402,149.93556792473132
EK202310186216,140.74930512682982
EK202310104460,139.89562207081775
EK202310138193,125.05978162891152
EK202310190994,154.00829965706615
EK202310235895,141.7172290715048
EK202310129828,157.5810206362477
EK202310188700,145.63985504941323
EK202310162187,127.94488904598444
EK202310137095,140.1479720190427
EK202310142210,147.36200317355804
EK202310197331,149.10023944812843
EK202310224439,149.1489726359089
EK202310202545,160.9292175897209
EK202310172841,148.15112279413876
EK202310185316,147.74108309751003
EK202310193096,133.55180690637977
EK202310239366,132.42416639345717
EK202310157680,139.58844522262208
EK202310216245,136.28705219589642
EK202310122188,135.9259788985282
EK202310229644,143.33345643886653
EK202310205871,137.82766310771254
EK202310215556,145.90510451747437
EK202310158679,173.58318765580097
EK202310147755,143.56763159781195
EK202310186194,155.51999195285012
EK202310117620,128.53879989011674
EK202310194359,138.4996116647173
EK202310198922,131.05426544098464
EK202310116214,144.37049037464104
EK202310162259,138.2613703245315
EK202310157059,174.15356906240714
EK202310128924,142.66326574886878
EK202310141619,157.98581454011668
EK202310221578,141.5080371368508
EK202310138618,141.2940656164482
EK202310183482,148.40192906733077
EK202310152447,131.5325007239313
EK202310237940,136.512408378465
EK202310150193,129.2153698051364
EK202310183803,168.07068120157408
EK202310111372,138.54444209432646
EK202310201263,152.5955147759898
EK202310124638,151.29876797623834
EK202310178960,147.10843576742695
EK202310210327,133.01536876203636
EK202310201273,152.29630179055715
EK202310222624,144.96604278134848
EK202310180840,131.99078541002365
EK202310185078,146.23024322961996
EK202310168572,145.4818834997321
EK202310170490,125.56767055542231
EK202310232989,130.10200413037245
EK202310162228,144.28452545455715
EK202310175459,146.78908439059765
EK202310165474,140.34107636139933
EK202310243395,149.9709541416477
EK202310127631,141.83278716435566
EK202310186924,142.49769940043115
EK202310163431,123.70725939684107
EK202310189463,160.35146899687504
EK202310190842,156.7925219321713
EK202310185696,156.7842027730751
EK202310111713,139.22880869374066
EK202310193617,151.30522581014853
EK202310125805,139.43994226966078
EK202310151745,150.2970190990467
EK202310175297,131.97697579791614
EK202310196724,130.08443920274917
EK202310233146,166.52784596580395
EK202310143125,136.1682415425898
EK202310162683,151.54731717413742
EK202310105844,144.95402966256304
EK202310137395,137.7932524928783
EK202310234360,156.04957949333917
EK202310169711,143.78280253688806
EK202310229840,134.397819397641
EK202310108815,139.6327598204021
EK202310173350,144.2353966071939
EK202310221654,136.41285975974066
EK202310117503,136.3096168509969
EK202310118377,133.24231121210548
EK202310193948,160.20810717913506
EK202310157293,148.82137817739593
EK202310229924,136.49908409950595
EK202310207252,139.64006764587515
EK202310112063,147.65328095200448
EK202310211575,131.16297756541636
EK202310121865,137.7340776583309
EK202310229242,130.32338695824913
EK202310217753,124.86518510117925
EK202310154203,153.03297529526614
EK202310119526,138.4279395171554
EK202310233019,137.13011541885064
EK202310110136,133.31747113973614
EK202310136917,150.24098910599128
EK202310232125,140.75724411697666
EK202310195652,150.69691637636583
EK202310003341,160.28755089028795
EK202310172729,142.40860201290712
EK202310106011,149.87616626046486
EK202310226908,134.5752160835439
EK202310160952,165.79240586555017
EK202310123901,143.13709037675414
EK202310219883,130.432554538911
EK202310239294,136.85104846195583
EK202310191292,141.36954176928919
EK202310242675,133.5935341457359
EK202310159365,139.82640232639926
EK202310207357,135.22530128085617
EK202310134219,152.16922097144834
EK202310204692,166.5281037539828
EK202310145833,144.246997286494
EK202310232367,133.49945654290443
EK202310133942,164.72832495133574
EK202310116957,144.75331112837011
EK202310113990,139.63763345270328
EK202310110317,133.33686522148417
EK202310183678,128.39900204727547
EK202310210475,130.96847274686675
EK202310215753,138.4964304537826
EK202310172041,150.8747845925767
EK202310127368,147.01123620713705
EK202310133141,160.10094474735166
EK202310166184,161.83630113219687
EK202310123460,136.24799139434086
EK202310159288,170.67218813510098
EK202310224966,153.739917624134
EK202310169548,131.8807803774667
EK202310157945,166.66303793008217
EK202310208906,138.54341491662794
EK202320005732,147.06175420689968
EK202310140120,145.85902136759356
EK202310153086,150.91606286052775
EK202310230330,127.56435881400377
EK202310213318,140.19966508356535
EK202310178418,152.83633179654547
EK202310155143,141.8857716368414
EK202310183350,152.99309706521933
EK202310171243,160.4044882856779
EK202310241995,140.77617871757278
EK202310166956,133.1516979277973
EK202310239455,157.11808939263744
EK202310230110,131.5145410857701
EK202310232654,139.60914514638316
EK202310230579,135.02242223293857
EK202310230165,141.55639496620086
EK202310150438,149.8316858180395
EK202310114432,126.2372528042784
EK202310178701,167.71682504219427
EK202310193862,163.17932576653496
EK202310133458,134.96596219406425
EK202310126585,128.49106535450093
EK202310114949,133.55062068703455
EK202310239835,128.03844692738284
EK202310198418,166.614094174361
EK202310164005,135.6361398043524
EK202310108538,144.30881870476625
EK202310248296,131.78036111909336
EK202310164825,138.3234827580635
EK202310202468,135.91133209881505
EK202310179750,141.99438463664114
EK202310178078,135.97208631566005
EK202310224170,165.7884583885132
EK202310108711,138.34215617999507
EK202310107024,149.096777834973
EK202310229155,132.6687975364912
EK202310109556,142.51577454937166
EK202310202152,140.12816224812047
EK202310237189,145.06527295373633
EK202310147644,155.46817225395512
EK202310161108,176.3775554843149
EK202310122907,162.7743051611055
EK202310108647,132.4090626708781
EK202310116234,138.5797465774242
EK202310180820,145.95510265647582
EK202310185427,140.07240981752076
EK202310156227,159.78782244918338
EK202310121246,137.95531512218656
EK202310135704,135.95059425045625
EK202310225359,136.51264986111937
EK202310205195,147.47365498481827
EK202310201515,151.3158525979931
EK202310195070,141.80173497332984
EK202310185184,154.79579249670635
EK202310233163,130.19183692787453
EK202310169236,148.98456832748576
EK202310113651,152.24495932079478
EK202310105373,139.42857922622338
EK202310106115,129.09835634173658
EK202310245413,140.21526092914775
EK202310219987,139.07308946066388
EK202310142576,143.5073177101441
EK202310158268,130.2480791312844
EK202310156894,146.53207602282555
EK202310004886,150.8559267210109
EK202310154420,123.50704241398059
EK202310210832,136.0153722630409
EK202310220049,147.91156897165698
EK202310181921,170.25615341423085
EK202310201324,156.72430284557473
EK202310191459,139.30432493067616
EK202310128368,147.9469659793438
EK202310175128,130.26735874029876
EK202310172288,142.42410581886926
EK202310216634,142.8447008428965
EK202320007004,170.30883098674863
EK202310244935,121.49421238459801
EK202310176831,131.77065102208556
EK202310119255,146.7919763609443
EK202310225916,131.89619541738386
EK202310159227,163.3947562492801
EK202310208285,157.24259220679014
EK202310139560,164.27952012137092
EK202310122710,129.28358703436717
EK202310121289,125.81829294019694
EK202310124642,139.92305209647304
EK202310232850,133.87221177306688
EK202310162749,165.21868450984306
EK202310114861,152.5165749377376
EK202310147672,156.16309376428597
EK202310146693,138.60356078376148
EK202310229560,143.32490102653904
EK202310153109,156.52265831204107
EK202310159133,133.70817203471174
EK202310147681,122.77611489143229
EK202310154454,149.49389040493767
EK202310215971,137.5360715123797
EK202310176116,140.08287321382113
EK202310108965,147.23586544929287
EK202310117311,138.20682672958986
EK202310205689,133.44742891620433
EK202310196959,170.35322764138004
EK202310208747,170.8139201243239
EK202310220306,145.3757779381547
EK202310229825,135.36453004193345
EK202310156765,154.25187295791312
EK202310123916,142.82272989259226
EK202310208563,148.5433768684267
EK202310176612,137.6448822390536
EK202310150270,164.9829873963279
EK202310167920,123.41851542579957
EK202310004780,133.16900718950276
EK202310228392,150.54921807530164
EK202310162764,147.92928629850644
EK202310178248,149.80746528894326
EK202310161854,122.25579394339177
EK202310184896,153.7146047076485
EK202310196454,148.15160359873025
EK202310166252,155.5949945100011
EK202310224266,135.23077062036472
EK202310228300,151.2170792491995
EK202310228517,132.8025002310698
EK202310119762,141.18491761275857
EK202310197634,134.00814854715824
EK202310163433,132.12214658404076
EK202310205791,142.90715577630033
EK202310198433,134.81855906150045
EK202310205023,145.1002627563906
EK202310139454,133.93783825911478
EK202310201839,136.15544890784463
EK202310197547,166.4348986779441
EK202310233724,140.56221774768224
EK202310153252,155.58455863637346
EK202310190922,135.78510966733512
EK202310142523,148.14789985990055
EK202310219846,140.61548601096825
EK202310198901,131.61428545091448
EK202310167227,148.2296756489672
EK202310111384,139.47865018235905
EK202310136046,152.07001073084797
EK202310214121,149.94353508217333
EK202310118169,137.27885919011192
EK202310183250,146.54970452151366
EK202310188579,139.84932271265495
EK202310131031,137.96315935855222
EK202310104480,148.28891059367473
EK202310239710,150.08169995749392
EK202310234691,125.68409550827548
EK202310168972,133.58623847348616
EK202310120008,132.6229901537129
EK202310212233,130.67589309926234
EK202310215929,143.65530178699353
EK202310211484,128.6039890301566
EK202310222506,140.31742973946814
EK202310202763,146.8514088524342
EK202310220490,144.99808023884427
EK202310116375,138.6068498007589
EK202310175337,166.16562872783436
EK202310240580,137.67017442679096
EK202310109905,154.28591006736772
EK202310192597,145.5034233920663
EK202310114800,135.87569210292415
EK202310132205,134.58404319170606
EK202310110193,129.95826631159767
EK202310165102,148.71942205742735
EK202310116663,138.10067471058102
EK202310218315,146.89048178575266
EK202310113156,152.85675359365484
EK202310231146,128.09404096678605
EK202310180373,142.0694304385084
EK202310232424,131.83271359772252
EK202310224878,129.8825890619356
EK202310103830,143.9479747266495
EK202310240706,126.86186137297652
EK202310120776,142.99180855172884
EK202310160117,144.6649473695838
EK202310132998,135.28855438754724
EK202310003968,161.04718633633604
EK202310209613,148.88743799537897
EK202310241092,135.87576399472377
EK202310123771,153.64044432400064
EK202310245280,134.7238403295509
EK202310244377,141.13098542483047
EK202310109713,177.2298367288123
EK202310228232,144.31995863485287
EK202310148652,140.2566005141656
EK202310243472,133.94390345461625
EK202310170765,138.52261102634353
EK202310170088,131.56437938094774
EK202310004315,129.91832534332556
EK202310217178,141.6560257180259
EK202310108775,149.675531449975
EK202310180920,149.02741057954506
EK202310246305,141.0192809746084
EK202310206922,167.431931656387
EK202310167783,153.58375959469538
EK202310129574,144.25014865199444
EK202310174308,135.26099550845282
EK202310161413,169.137023208222
EK202310148150,160.26596783617296
EK202310141044,159.46135427099836
EK202310231588,152.69936372153109
EK202310118970,127.082257819166
EK202310181033,151.43677429127237
EK202310194383,151.68257361342796
EK202310183986,163.45899182824178
EK202310150419,147.1599317658452
EK202310194684,150.7982598413458
EK202310123982,171.7882984004311
EK202310167254,131.1150923964177
EK202310170710,134.4614092713385
EK202310112450,143.6123910472378
EK202310220586,146.91625553336522
EK202310189665,149.16457375818752
EK202310117974,142.69806493667588
EK202310131602,138.41515596750713
EK202310162096,148.79946039799378
EK202310243659,148.5148658247267
EK202310187107,131.4307659978366
EK202310188591,133.16299652803662
EK202310130729,140.34327911826898
EK202310207612,145.44665702669212
EK202310190165,140.35282927679518
EK202310240918,135.18610088765251
EK202310138933,129.2707342851196
EK202310124424,132.9926853433477
EK202310207452,134.1850391322296
EK202310149692,149.62486153987408
EK202310122269,144.56222474264038
EK202310178206,149.4364013754802
EK202310236928,131.916909468222
EK202310108129,154.02842249652926
EK202310242986,141.16721186428845
EK202310153555,148.67958636164812
EK202310135472,153.9606147050586
EK202310135151,154.06979635432484
EK202310121132,152.4903479942601
EK202310159808,146.43820195959375
EK202310111940,133.2245099694618
EK202310211823,130.15805571181284
EK202310208954,174.99380840559147
EK202310174925,165.17399336877034
EK202310139934,134.29765915186692
EK202310128204,139.55927656099882
EK202310207948,138.03602944684891
EK202310194132,151.27758878288245
EK202310213757,135.27680507241985
EK202310210438,138.25375483385872
EK202310144525,154.598354654468
EK202310125105,136.34508145235668
EK202310120299,139.38074361003552
EK202310246727,134.11476426686073
EK202310200847,148.2056979683263
EK202310181091,136.00101304083725
EK202310130669,140.2209877759893
EK202310164111,147.4621655078027
EK202310141945,153.62160602623095
EK202310238865,163.66579624105853
EK202310107320,132.63468886673874
EK202310220000,140.30634342463372
EK202310180826,151.04137703010156
EK202310117534,146.45282286396437
EK202310148403,166.22575905233109
EK202310235756,137.8951947954384
EK202310215153,131.37443338105584
EK202310215909,134.59746590573758
EK202310232668,139.78551645399082
EK202310169331,153.79788222660505
EK202310168151,135.66333081349325
EK202310218890,134.5808668090125
EK202310186779,145.60035953883573
EK202310114858,131.56194893670394
EK202310152341,147.12474449948377
EK202310128217,125.85241719230893
EK202310193271,130.44638285135838
EK202310180464,157.5427534139091
EK202310205276,140.0751236743034
EK202310125640,131.80068180586474
EK202310141600,153.24356091183918
EK202310141981,171.3555429726158
EK202310167795,149.11025972001076
EK202310192334,143.41121089832595
EK202310241694,140.33932109105137
EK202310196935,130.67011248078347
EK202310180151,135.13750720576286
EK202310106774,149.2670011096778
EK202310215027,159.96819582636647
EK202310216078,139.91996534669383
EK202310163711,151.80645463358613
EK202310109770,151.18174964383817
EK202310215501,132.63352747005675
EK202310163977,142.42980791242613
EK202320007174,160.35585246567936
EK202310205844,136.93480643088017
EK202310139223,132.65797548867556
EK202310244458,139.21591289269992
EK202310131387,162.0950939711673
EK202310143831,130.01409826831795
EK202310147793,142.72688901987098
EK202310219748,132.00244323111548
EK202310155389,140.8741671553391
EK202310134466,169.28478143570067
EK202310151903,143.2135897406465
EK202310234772,139.40160055113367
EK202310131775,166.78012568910387
EK202310134952,147.60702177741385
EK202310118242,132.5166303964557
EK202310107035,136.20624986182818
EK202310131515,152.80780933838784
EK202310244132,136.51017783902432
EK202310201654,159.68111196810574
EK202310237041,162.54971563876325
EK202310171334,151.1455113456019
EK202310104916,128.885916966554
EK202310182983,142.5388703708627
EK202310164359,159.07496050181683
EK202310112552,151.03633817777833
EK202310201546,138.86090951410668
EK202310202954,138.25688315302096
EK202310134253,146.60422224811967
EK202310004718,152.69584474855844
EK202310242169,162.17500237560506
EK202310188966,137.05742423710657
EK202310179423,129.10278727994532
EK202310218744,153.43411364328546
EK202310193025,146.24213661206892
EK202310232272,148.33028127645255
EK202310217104,136.950764256274
EK202310245973,139.44365010691587
EK202310108124,143.13320293718814
EK202310195074,159.5880264791215
EK202310177534,161.88467611106412
EK202310220572,133.26079273071227
EK202310176418,144.5290996804686
EK202310159967,148.64710060258918
EK202310163800,146.40077802886827
EK202310154402,162.88425827987245
EK202310212424,134.65444986234345
EK202310115194,144.5798784430245
EK202310157002,153.9128461284545
EK202310236493,135.59944121072132
EK202310209384,139.3702797884667
EK202310153699,133.6890519667276
EK202310140162,133.39879464367746
EK202310191690,148.99121798768957
EK202310164321,153.5974737586143
EK202310167679,125.4441898520157
EK202310118401,131.91436281339867
EK202320006231,151.36904180092287
EK202310158105,137.84845900281468
EK202310179352,144.53639569444408
EK202310112735,141.05850078577043
EK202310144319,133.43949126199036
EK202310173893,157.9598272954637
EK202310160526,140.74929395676062
EK202310147338,145.8084288054684
EK202310164737,150.14740583969063
EK202310226429,128.87324006196812
EK202310119510,144.81332759485488
EK202310111353,141.74538356363047
EK202310121601,136.40374072377102
EK202310138216,126.93429615804048
EK202310222532,148.4542209367169
EK202310138949,131.7616160192391
EK202310214912,149.04177278566667
EK202310121057,140.498527805801
EK202310231318,135.24006684979034
EK202310137231,133.31591042021586
EK202310136824,136.53924137341133
EK202310115476,137.99062777022883
EK202310195522,170.27735455254486
EK202310130890,128.17759378804385
EK202310161838,180.47624249663255
EK202310158188,134.2318495242971
EK202310184190,142.37415175450033
EK202310106659,151.80738523977345
EK202310134400,137.3132201772311
EK202310209267,148.88877713496993
EK202310241209,150.40429859189308
EK202310214760,147.71347685784764
EK202310151809,164.8779184792938
EK202310198002,141.18661266855278
EK202310228621,133.30801058216647
EK202310162885,129.31711743368137
EK202310133298,148.54689011182344
EK202310126484,134.42525207886888
EK202310196380,121.32813690382883
EK202310143373,140.6475627267824
EK202310202385,149.71183543919167
EK202310131648,135.14001542979065
EK202310116966,136.66569413679656
EK202310134410,151.83922393498673
EK202310191544,133.63612520021272
EK202310196047,145.86722372926107
EK202310119440,133.7866557252101
EK202310132919,154.0624337140692
EK202310156448,164.33391327636872
EK202310198177,142.1480051325334
EK202310148838,150.51803879362944
EK202310171364,144.99731660244794
EK202310120500,129.82026834960456
EK202310247151,135.68191770640573
EK202310144904,129.35299668247808
EK202310174989,144.86206956505762
EK202310133355,134.41366853556977
EK202310226353,155.74175351980128
EK202310176858,132.48153260086718
EK202310227114,149.79509085561477
EK202310187693,140.3957431396128
EK202310109711,166.6227564218097
EK202310181780,149.361901474024
EK202310163147,154.1843367929639
EK202310190696,141.01707472974365
EK202310165868,140.94216682117056
EK202310110400,140.94252859303083
EK202310135537,150.82673108267744
EK202310169217,162.62774394354426
EK202310195878,154.39499278066705
EK202310189489,137.04891112008968
EK202310205257,132.607434971453
EK202310239304,160.40771666053118
EK202310132417,128.5924516940987
EK202310221095,129.1323805818797
EK202310110398,130.3637917217611
EK202310240389,139.5567971331075
EK202310185614,152.49605363070515
EK202310213110,136.1391443950986
EK202310154463,144.21469440317992
EK202310177140,178.5602904594943
EK202310175268,149.76471187409027
EK202310199152,140.5350007504238
EK202310128676,151.09412511358013
EK202310168399,155.21934620521822
EK202310201459,137.0084176662628
EK202310235106,152.318486750629
EK202310232368,144.9848673508507
EK202310127908,128.91429552195478
EK202310182464,145.55923141953966
EK202310184852,126.20746403926724
EK202310170955,130.83943428820837
EK202310185265,151.12504017680092
EK202310114431,142.75083919894897
EK202310124741,151.68845877446216
EK202310193561,145.5694961505473
EK202310113830,142.2312673726628
EK202310229300,139.28486800221336
EK202310176918,152.8898851882448
EK202310222543,140.34755386578797
EK202310240095,145.8069161577004
EK202310208448,148.42695249820275
EK202310201172,178.31795458136196
EK202310125525,140.06166586109194
EK202310221529,140.68209909366118
EK202310120352,145.67469318787212
EK202310140711,138.56118538324105
EK202310211389,144.18452277806213
EK202310124018,162.54343525681986
EK202310143340,127.67612253819966
EK202310180385,145.41089342382423
EK202320006974,156.8569223689175
EK202310159693,161.98429683527777
EK202310181459,129.67030168020065
EK202310182182,135.78716999708232
EK202310141048,141.9760638020676
EK202310211604,133.28022883474068
EK202310141173,135.5511634154083
EK202310151648,137.9160116000575
EK202310243583,147.551240605943
EK202310133700,135.964640583743
EK202310152960,157.34783180723346
EK202310192543,137.9782759224657
EK202310131141,118.27077731718984
EK202310134377,133.0905246908537
EK202310174653,135.06073760403643
EK202310218574,144.22494964010926
EK202310191005,139.40561209328308
EK202310104855,131.76292359101194
EK202310178218,150.28776567557838
EK202310166318,163.85810973850522
EK202310202248,139.57593012443874
EK202310234490,160.60842934582251
EK202310225442,144.90956314365434
EK202310123331,140.76282461625573
EK202310238951,132.78609717445178
EK202310114122,138.02495538498724
EK202310202645,153.40311539295016
EK202310221624,142.27253656694842
EK202310147534,153.44663705128497
EK202310197356,159.94548899794987
EK202310222430,136.7688216041232
EK202310225523,129.8687060838915
EK202310177178,153.09938981770682
EK202310153665,129.83971348445178
EK202310196238,134.87903130628442
EK202310244577,144.39880037173756
EK202310172448,162.5132946209316
EK202310225799,134.95198545914624
EK202310183968,134.15174190987227
EK202310203019,148.55599684896168
EK202310109776,140.94980426209568
EK202310111537,143.9261216435786
EK202310124731,162.43935691020624
EK202310213643,138.76429958065407
EK202310146267,141.2836467789889
EK202310245701,133.44127989368354
EK202310177157,132.18077582461137
EK202310153114,161.8945700038574
EK202310004024,164.83034488271792
EK202310240323,140.6925384107024
EK202310116344,133.84065969532836
EK202310174344,145.01350137713797
EK202310166165,148.8746832705297
EK202310122743,151.16585436357886
EK202310226015,143.5387217882024
EK202310152541,147.27557795472933
EK202310189773,153.6623766459571
EK202310232097,145.80393898396517
EK202310155304,129.4417941347673
EK202310200289,134.51508313416508
EK202310208997,133.33965206439711
EK202310176430,148.06502090462516
EK202310205504,136.83201409710034
EK202310241123,146.47018236246913
EK202310160664,140.06532611139286
EK202310235837,138.62535261448966
EK202310190225,134.45895748542853
EK202310218794,123.214557541754
EK202310244811,133.3678698789621
EK202310144333,136.6586054334766
EK202310134916,145.9337824299335
EK202310133279,152.9150455906922
EK202310230299,134.33328046379643
EK202310181539,151.3686234026732
EK202310137837,138.20744596469595
EK202310142434,158.98069401988224
EK202310108559,141.84384196864744
EK202310172173,140.39534484325307
EK202310170541,154.39720984244113
EK202310106066,139.6397042917594
EK202310242004,138.1396931986573
EK202310114374,158.14859722641378
EK202310147018,149.78061534924862
EK202310193730,143.63223890714954
EK202310155054,128.13961892774537
EK202310211249,133.51179715769084
EK202310203058,155.4365228164819
EK202310224924,168.2397671391587
EK202310153934,143.09494712888323
EK202310192789,134.09337226145647
EK202310176566,137.44908147358748
EK202310215186,138.3641839934564
EK202310159944,135.12100898699785
EK202310209677,135.2639378576065
EK202310137062,146.10849288732462
EK202310209003,161.8252738394767
EK202310236143,139.60388255554415
EK202310159540,156.6680845195204
EK202310141923,151.893131121044
EK202310214900,139.27381707650417
EK202310150311,132.68096261796447
EK202310145121,141.44418474495984
EK202310138102,134.70766415270234
EK202310195227,157.38041908529775
EK202310215003,141.67328704898557
EK202310133345,144.26401395036032
EK202310241621,153.06594244349893
EK202310232734,136.9840821219214
EK202310192752,161.0912029010439
EK202310155287,133.54146248228116
EK202310230367,137.03045687180557
EK202310204826,144.80012999828773
EK202310217569,172.17072934969474
EK202310239151,143.64167670860428
EK202310225087,168.29240886720908
EK202310142211,158.98603257439675
EK202310143872,151.71205676873765
EK202320006692,151.46179022075128
EK202310243470,141.46825837114045
EK202310202312,166.56211375722324
EK202310172400,146.9844995554154
EK202310175257,150.514892744805
EK202310156574,141.9160978694891
EK202310195996,165.5719786418227
EK202310207174,158.77055614240643
EK202310221440,150.97582593311247
EK202310229365,137.7212862337145
EK202310184849,141.8906549745231
EK202310186317,148.4569439876458
EK202310122351,130.52935154517195
EK202310147942,155.73547411553025
EK202310204767,133.07053344998863
EK202310151776,139.36707058237837
EK202310162542,156.07359145150346
EK202310149376,156.34994486439595
EK202310188687,148.98917721135655
EK202310126040,131.14319378380688
EK202310132787,136.20522105840752
EK202320007196,151.33830447977894
EK202310194184,143.06932497943095
EK202310148035,150.02476242868676
EK202310242086,146.90554120473436
EK202310158984,151.77101519829773
EK202310123998,170.4309667389153
EK202310143322,163.67043181484746
EK202310169220,167.1046799390166
EK202310163343,125.17691210060433
EK202310195035,160.00084335167753
EK202310244095,139.25584629425654
EK202310004865,168.6065444867606
EK202310202516,149.51084846337417
EK202310170156,145.70151216731816
EK202310217210,144.8300012425817
EK202310139116,167.5958358946117
EK202310181676,161.09477541507627
EK202310117650,138.1510131960032
EK202310126117,130.85358979319776
EK202310145631,136.40027645127526
EK202310194552,147.1318405737017
EK202310231065,130.8137743217894
EK202310243723,138.982984231661
EK202310150462,147.4165209810353
EK202310175160,144.78853187546022
EK202310145549,151.81232784223036
EK202310218100,128.4864775979359
EK202310172122,129.3263366756348
EK202310195049,135.9845990738317
EK202310179443,155.49494736516658
EK202310149733,143.51208999090179
EK202310115695,131.4489847951755
EK202310149488,139.45660329486537
EK202310154087,155.22136810030787
EK202320006192,139.24506988541762
EK202310125278,134.59989214470562
EK202310241332,153.52705866268158
EK202310143810,138.86006675724624
EK202310105018,136.4638148073845
EK202310237785,146.91892822372708
EK202310223864,166.29286755181064
EK202310226433,155.98758412509432
EK202310157972,153.4603944290704
EK202310174015,144.82705045864557
EK202310183160,148.22451046682667
EK202310191076,156.52227710277708
EK202310172756,143.05811981676504
EK202310104599,130.78797776093435
EK202310238264,142.7429803869151
EK202310127187,143.17344823718375
EK202310165833,146.08219335749666
EK202310195179,146.00294857733394
EK202310153898,152.6033906980606
EK202310170585,133.19167454411755
EK202310245910,133.57538551373526
EK202310170174,139.50046678166441
EK202310115207,141.04205889429298
EK202310120317,137.62254948147915
EK202310236898,133.25858574230028
EK202310146305,154.4501012192884
EK202310112140,144.38626794122925
EK202310143217,133.55589013380134
EK202310150540,144.3043119708366
EK202310223717,137.0154515384104
EK202310219843,141.71273235097917
EK202310198855,142.9592811034188
EK202310191446,137.5612026340494
EK202310190334,152.33666727158172
EK202310184752,144.80346103519895
EK202310160416,141.24512898450737
EK202310173011,134.8674033054603
EK202310128863,138.1113806720763
EK202310190262,148.04082267066764
EK202310110902,142.10367481995075
EK202310193520,169.2723057989147
EK202320006543,149.04307215367848
EK202310187711,152.44919487678993
EK202310200254,146.52274093190098
EK202310155513,139.04051013460682
EK202310180642,149.40507239886858
EK202310196569,140.9117602741236
EK202320007271,151.02601184738128
EK202310179403,142.42075557820314
EK202310241241,152.9177389847231
EK202310192182,138.76226147683232
EK202310203673,147.5362148838522
EK202310163605,138.51308875209835
EK202310108085,139.5415233525574
EK202310195692,161.2084533794764
EK202310190401,142.16993955246227
EK202310192575,142.9754349316191
EK202310227513,160.10576088798376
EK202310130882,151.56518452236762
EK202310104224,152.87293689232138
EK202310144297,135.14452014732316
EK202310210525,142.60903308004214
EK202320006267,163.57457108605286
EK202310150061,129.97323955514156
EK202310189465,156.88284787884342
EK202310239884,137.00217375867138
EK202310137344,150.85283818290054
EK202310212273,136.5775819807406
EK202310205202,166.71878430270434
EK202310147736,146.2157922802906
EK202310138489,144.4424883813468
EK202310169998,154.7222233800305
EK202310123563,126.90937550706047
EK202310162573,157.92898186615497
EK202310122865,156.31951429094312
EK202310189811,147.23439119445888
EK202310160895,145.00384011323678
EK202310153256,137.75728145400433
EK202310216969,146.40869065092764
EK202310152260,148.92976617826832
EK202310141709,144.12343491041165
EK202320007373,146.32632391451926
EK202310193336,156.31463965245283
EK202310164703,144.794184303102
EK202310103814,140.09201936479045
EK202310200017,134.69827894856883
EK202310218767,134.01612863772252
EK202310188858,145.9842397501773
EK202310192187,149.5624134165086
EK202310194207,148.14274777934233
EK202310130206,165.52619456000315
EK202310110494,140.84839482830657
EK202320006130,157.77432713237008
EK202310211320,136.21287816642533
EK202310224161,148.81072761459532
EK202310240472,144.8822882763911
EK202310209032,161.38182952323018
EK202310167634,131.83915763246196
EK202310180571,147.391041854578
EK202310229017,136.75783709806788
EK202310131345,137.50545073708386
EK202310138019,124.79320275498733
EK202310004554,138.5102686500898
EK202310132971,135.4015148843676
EK202310141635,149.31109634177403
EK202310194247,150.38674945947201
EK202310148311,163.09810307238715
EK202310121972,147.95470374369137
EK202310142685,150.90358557343387
EK202310106949,150.57354864336995
EK202310163326,154.98321798163306
EK202310220547,132.97070331611448
EK202310104514,136.46059079420365
EK202310145431,138.98820892816
EK202310117273,148.77942032892182
EK202310166607,133.69152865603726
EK202310189589,129.36712595829655
EK202310196074,131.94811627970273
EK202310153363,135.63957945564192
EK202310162392,141.7984175141529
EK202310229624,130.95504585289748
EK202310195898,141.94301685505508
EK202310219784,132.71166813341995
EK202310184116,143.30009765965616
EK202310223449,150.44436938007038
EK202310163821,153.88925821453626
EK202310183192,136.9920693015996
EK202310226918,134.97431840467158
EK202310154785,150.28046792234807
EK202310179367,150.6952613281013
EK202310195531,151.70733587096572
EK202310130452,138.3153832694544
EK202310121734,130.20918387769078
EK202310133991,144.1453373820393
EK202310210591,151.2540162448793
EK202310139555,173.29437291308346
EK202310228357,148.77320864965992
EK202310125608,127.88784794750885
EK202310107185,136.9290337409445
EK202310235572,138.46830319450373
EK202310230158,137.30082686607477
EK202310145383,124.05564589390899
EK202310143147,134.44895145581683
EK202310164771,154.12086128861256
EK202310144247,139.32483932120672
EK202310220979,132.96742225567593
EK202310149131,139.91228853289158
EK202310196632,152.6876790779089
EK202310131051,145.7908519888524
EK202310134659,140.3815655194357
EK202310200213,126.87841143897805
EK202310146862,137.9281571464658
EK202310188949,150.5788476800015
EK202310137016,163.96947945093797
EK202310239591,144.466078319644
EK202310160714,158.92468527168793
EK202310120187,143.3588021351901
EK202310171815,138.86431308431173
EK202310197107,155.6793160195705
EK202310135357,131.98341694897425
EK202310139656,128.65094694116303
EK202310210779,158.2263701694798
EK202310238374,131.9477112352492
EK202310232468,125.58913449346039
EK202310170608,132.52679762594062
EK202310161875,146.49027630571138
EK202310154794,137.97823283176004
EK202310178981,138.85837209452936
EK202310115024,126.89255450353163
EK202310198317,161.15806060022695
EK202310176549,149.93077616372454
EK202310125448,132.55730806165676
EK202310223899,133.6434536781804
EK202310240237,144.20122324283741
EK202310194815,172.91371699619
EK202310245437,144.0650830091212
EK202310109463,137.2891956821134
EK202310126220,136.8098076075752
EK202310162672,143.7895930453841
EK202310106706,123.55149201329789
EK202310230813,144.0564766390664
EK202310229853,149.03413763420704
EK202310183987,161.78626775239624
EK202310130317,150.34947509929572
EK202310104984,146.58500982786504
EK202310174152,146.11348092383875
EK202310228308,135.73669828125014
EK202310111938,148.83799659711153
EK202310191965,180.73528410460543
EK202310125325,131.28825772344535
EK202310235246,145.55659832589015
EK202310108851,134.80161606079963
EK202310139648,150.32733500078075
EK202310116135,135.90808700923807
EK202310195391,136.3432645820976
EK202310139056,149.06415651187132
EK202310201109,141.69514782873847
EK202310247192,162.30921185731182
EK202310119623,168.41952994619768
EK202310174223,131.30178566605306
EK202310150628,160.29761927156716
EK202310166077,153.29066640528913
EK202310178835,142.56563049621928
EK202310184672,173.10323136675274
EK202310245587,128.796868605271
EK202310211153,137.32012939444252
EK202310148852,141.04898316080056
EK202310237982,134.7457991881433
EK202310212607,132.7688878963851
EK202310188439,153.99284068523514
EK202310244428,141.38346474976188
EK202310187031,140.45920702804835
EK202310114894,147.23458465332766
EK202310140044,149.65095606303026
EK202310223861,135.50701189668493
EK202310184954,134.38931057063147
EK202310229341,142.84368966594272
EK202310193100,145.67328143186074
EK202310154175,137.96639583412284
EK202310103979,148.96312493271012
EK202310210100,154.6456556983575
EK202310112422,131.7350859057963
EK202310147941,140.69456682549284
EK202310109450,150.4717270063366
EK202310227736,140.54890253908783
EK202310147053,159.54090255707115
EK202310219645,132.52781110795414
EK202310213369,134.37615473777703
EK202310154826,157.77983525628238
EK202310119234,154.49081434544098
EK202310210678,135.77617743781215
EK202310106182,148.1720720986799
EK202310132534,131.35057217773985
EK202310220157,138.002418031503
EK202310108493,140.82522581998433
EK202310192669,169.95105764329622
EK202310172385,154.54801911637722
EK202310133787,125.74841551568927
EK202310172222,135.81019691250066
EK202310183649,148.1808202458341
EK202310135892,128.67307985139814
EK202310129170,164.24923293526842
EK202310209741,133.5977914409063
EK202310129427,136.41930035969736
EK202310192393,153.66256970945477
EK202310245714,135.45546322055677
EK202310130517,138.19711379434608
EK202310178411,163.22241038792333
EK202310189618,152.1047010727651
EK202310143288,160.535737718687
EK202310199193,134.75489451190265
EK202310227313,168.74866801287976
EK202310213919,157.67082961555056
EK202310244481,133.7454791662333
EK202310120478,131.85312970192595
EK202310107634,142.57382825186306
EK202310157691,133.94587421390537
EK202310215874,140.6088564217924
EK202310246981,134.25849259444277
EK202310153195,157.31494012439373
EK202310242256,145.1867925189554
EK202310123017,121.45214077388859
EK202310205136,156.82319666624252
EK202310170231,153.46677845559898
EK202310168120,128.70772541749906
EK202310003727,152.04600110322252
EK202310217369,156.11038981464725
EK202320006688,167.21107426914767
EK202310230112,135.62687859238048
EK202310177152,132.95953188102396
EK202310106847,129.01375002866808
EK202310228061,147.17070721158984
EK202310233311,148.60734620603142
EK202310226138,139.982985782111
EK202310200931,147.94547721261935
EK202310219804,153.22513495653297
EK202310141658,153.0517510468643
EK202310207757,136.4549418249901
EK202310147486,157.4764057981601
EK202310239005,141.8728580133714
EK202310129712,161.6650915736941
EK202310148369,141.77845585499284
EK202310155404,132.44732212774855
EK202310218716,137.90063319834937
EK202310188882,143.3925983485793
EK202310221316,127.17982241163747
EK202310137120,146.27420729215058
EK202310217405,138.42042132758183
EK202310149231,138.66952434185868
EK202310174189,136.74712697398724
EK202310138929,133.85338433716242
EK202310123610,142.87465264437068
EK202310200717,148.4712721503282
EK202310190751,150.80939773807575
EK202310146784,140.17326726552554
EK202310132879,154.98937229878933
EK202310133709,151.03555702495058
EK202310128722,135.8084761235367
EK202310103790,156.92904596325104
EK202310218931,128.30816822299133
EK202310218663,140.02360897908198
EK202310247844,163.17476129983768
EK202310190812,156.9654362349369
EK202310208756,158.63414269840948
EK202310156744,139.88665979979672
EK202310228838,149.77637642979354
EK202310136171,148.3196995543251
EK202310126151,145.77448707310216
EK202310173890,125.05740793679563
EK202310235680,131.86693733431176
EK202310156616,174.40579661416982
EK202310134563,154.90840697158282
EK202310211003,135.66627576415223
EK202310185632,152.8634645320555
EK202310241758,124.24912371397116
EK202310148534,136.68897968060614
EK202310182316,149.07662570703752
EK202310191280,154.20430511556782
EK202310129812,150.11894163665622
EK202310004693,134.96470595684252
EK202310172541,169.33659252552616
EK202310201639,133.03544453665617
EK202310204202,142.43080175654654
EK202310129486,140.3198202617168
EK202310203423,164.44257371957772
EK202310169919,142.71521293209517
EK202310174297,148.46369118186482
EK202310172937,139.9782622011185
EK202310109427,142.46114568687875
EK202310131119,155.1295289161318
EK202310151810,162.45930111101063
EK202310137213,137.1319371417329
EK202310136572,154.87272945883478
EK202310132184,159.388468534781
EK202310238825,135.30894502335974
EK202310160725,160.68927366710335
EK202310127240,166.76506930201774
EK202310115224,142.25680577061436
EK202310127515,126.63309560936852
EK202310130232,152.14834464956633
EK202310176152,123.38387900645641
EK202310189265,147.19453116445126
EK202310121845,135.6007836298143
EK202310248808,132.5522167158375
EK202310216603,134.23652185816348
EK202310106462,142.00134739012242
EK202310186070,144.46516390064258
EK202310200271,133.7617414929096
EK202310222232,136.14541406230165
EK202310224303,145.88001713324775
EK202310108205,142.39898455020102
EK202310213223,150.47526317710998
EK202320007747,146.14600705435896
EK202310195798,146.46483523954012
EK202310172690,133.40733416054456
EK202310139602,153.18137502637785
EK202310124892,131.8045799292494
EK202310136630,138.90810231542687
EK202310133236,127.86479843763927
EK202310109780,150.47046420518876
EK202310139773,133.07204177824835
EK202310138601,130.26031022755754
EK202310192309,144.16057055805484
EK202310201720,136.25857625089333
EK202310246040,148.16617683931213
EK202320005733,176.4868011768803
EK202310119837,135.7407925038979
EK202310235139,146.70768121539803
EK202310129171,138.1874009476061
EK202310204107,146.15389162258685
EK202310206346,165.7836997740001
EK202310126908,136.4458722884485
EK202310201951,127.3110364744813
EK202310185504,151.74308254923386
EK202310139015,150.53506089234716
EK202310164756,153.47919909097914
EK202310207001,144.54126087307776
EK202310217541,136.3727770068489
EK202310149840,138.01520531627844
EK202310218711,140.25042048048945
EK202310133519,144.21564439659664
EK202310168888,153.1380944909428
EK202310209126,148.6789839451379
EK202310189031,144.55051966900206
EK202310217455,157.17989238954104
EK202310155271,142.91157035095804
EK202310215067,156.76173204338386
EK202310161595,127.9188904481427
EK202310120502,131.50769312953793
EK202310241869,163.61380317902828
EK202310103712,146.87278742726224
EK202310150266,172.8552050305932
EK202310119972,141.80089151629429
EK202310179290,135.63816441229412
EK202310192440,164.6470318627954
EK202310131793,147.6598382232402
EK202310109571,163.97686538668358
EK202310230188,156.65894191667704
EK202310119855,162.63654427279542
EK202310138704,149.58805151021642
EK202310118159,132.7777646893056
EK202310166249,140.67213121291695
EK202310187053,151.8866119050825
EK202310165742,154.72356610383832
EK202310183750,142.09291656237966
EK202310205405,139.58775183282924
EK202310131038,161.07550733294232
EK202310207627,149.17782145307447
EK202310220460,142.30605785841615
EK202310239483,151.48167790545648
EK202310141073,155.75632918310612
EK202310217239,132.96510385217474
EK202310146989,153.83686365676215
EK202310160800,136.04454316316992
EK202310190813,153.82362129213035
EK202320006164,143.26956625800847
EK202310143973,178.84860359793333
EK202310111799,142.0599013995742
EK202310208269,150.7601640348574
EK202310159828,172.95228084335844
EK202310113945,130.6473221767085
EK202310168361,131.61357383144232
EK202310176103,148.7178256408909
EK202310136310,132.42824413992193
EK202310200326,139.26074723966576
EK202310179044,150.4149435153006
EK202310197944,145.78798868417925
EK202310183295,182.8088731210979
EK202310240215,152.11558501885116
EK202310225695,129.24596773992985
EK202310138029,125.8200249687624
EK202310208987,147.9459732591151
EK202310156602,173.30655497926148
EK202310239059,146.80923435077196
EK202310185901,149.75821104000508
EK202310200662,138.98165983525485
EK202310109920,106.48895800548034
EK202310188247,143.72226255718795
EK202310183201,151.38765253331724
EK202310104073,142.65406920843733
EK202310183040,130.87415985099997
EK202310200329,138.54036172396474
EK202310108982,144.53004963962826
EK202310214848,153.5693426375717
EK202310194212,130.66157694614125
EK202310155460,150.4835740179575
EK202310179825,143.59806309262459
EK202310183614,148.7012199879309
EK202310233580,133.95647509211094
EK202310223060,138.52736123611513
EK202310110018,142.00162063891122
EK202310219086,143.67857284218076
EK202310210708,127.16115937177001
EK202310206894,148.89732417682518
EK202310176692,148.28655213949534
EK202310211237,133.13431899004698
EK202310216145,138.491667063892
EK202310174790,150.74483000799032
EK202310130432,135.6443168271562
EK202310176912,152.4204156884296
EK202310239861,125.65107456805124
EK202310201821,137.99233696303423
EK202310194140,145.82775256023808
EK202310201014,136.57982628995018
EK202310211210,149.39220108165662
EK202310210215,137.97107652204377
EK202310109048,133.25779672384246
EK202310115364,150.9296223726678
EK202310125998,134.2965710652355
EK202310113308,125.80292956593442
EK202310166014,142.68572508137458
EK202310240961,134.67956375804417
EK202310192526,156.35073159004767
EK202310118614,137.0498349606884
EK202310208485,133.88537681883054
EK202310113185,135.71299407537
EK202310123009,136.29874871233721
EK202310131866,146.86134566829585
EK202310246596,131.85498659843157
EK202310144786,129.41479968237402
EK202310188069,165.72327272604375
EK202310161238,161.8153157628158
EK202310108065,140.51588778080594
EK202310176554,145.8867741044953
EK202310172801,157.18985992901514
EK202310231997,146.05745895945213
EK202310150544,136.50092098230778
EK202310242116,150.89285064655607
EK202310228121,122.6005752431502
EK202310163938,154.41037351167893
EK202310208770,153.50581135890906
EK202310162906,143.49584743916168
EK202310171122,131.3064482072611
EK202310136574,126.57403908667263
EK202310168247,145.46658182906285
EK202310116653,136.54144772920878
EK202310225365,139.72354914106543
EK202310154568,131.4731705160595
EK202310144616,142.42866719977118
EK202310123329,147.1209217291569
EK202310184908,155.65991577041075
EK202310176975,150.11627365507167
EK202310244230,149.89164924646215
EK202310139801,165.96402055067975
EK202310140231,145.20442045004145
EK202310163109,133.1768646505915
EK202310133245,127.82148015488791
EK202310003719,138.39401293180296
EK202310128658,127.79847466861276
EK202310196514,155.4166037703637
EK202310136745,121.5870619556111
EK202310135739,130.15942345572373
EK202310167219,147.37600439690115
EK202310188340,156.15935967797927
EK202310233341,144.08759697492542
EK202310207484,129.87316728209257
EK202310145893,148.3741553130305
EK202310137850,138.96171444036904
EK202310228098,148.5153199321424
EK202310123631,150.6885945353142
EK202310233006,132.20747716551
EK202310236781,141.1601245761719
EK202310184351,140.0938410092579
EK202310197215,145.0182083958566
EK202310134606,136.6865222932302
EK202310124613,142.13062352822294
EK202310176760,130.04081644591236
EK202310181242,144.1342607973422
EK202310146018,128.96653513324168
EK202310118057,138.80724197074284
EK202310241929,136.36159078706933
EK202310134625,168.2712247871192
EK202310226675,157.2437004111955
EK202310200650,160.32316331710686
EK202310202459,140.65517780048168
EK202310165871,145.22357683647598
EK202310190177,147.27606107600562
EK202310221650,142.0641160428585
EK202310195755,144.2570242086766
EK202310128800,134.82846085541243
EK202310103775,140.6897980793582
EK202310117228,141.88683824951192
EK202310151800,136.59312253155056
EK202310210424,137.2472212348553
EK202310208507,130.2183861705275
EK202310003803,129.12146612522022
EK202310171322,152.10911793725975
EK202310168526,161.09827143668954
EK202310197721,137.17374637429364
EK202310238027,143.58337447679833
EK202310172276,133.91578780241062
EK202310124247,129.95733174227442
EK202310158194,144.37182635790273
EK202310167282,149.68868617601214
EK202310173439,149.9216981485641
EK202310125677,150.87022242713795
EK202310210177,144.68834007447052
EK202310238899,144.31375292173243
EK202310113985,135.92984447750817
EK202310209990,147.07548242937708
EK202310228124,135.89231013598436
EK202310104190,134.7701921841294
EK202310201389,129.11260653880973
EK202310123163,144.89147105718888
EK202310191131,155.5447652518266
EK202310203502,146.7200703427827
EK202310123878,147.77027061281638
EK202310247275,139.89818830200338
EK202310227023,134.65942291333496
EK202310175135,135.46221473916646
EK202310226835,158.26531089453226
EK202310109034,146.47493989800176
EK202310186583,151.5005662321418
EK202310107744,137.20143356831036
EK202310220042,136.34499594981918
EK202310202298,151.3178411127593
EK202310189344,165.27728857033088
EK202310148801,145.8564508158874
EK202310172716,138.12818920013862
EK202310179116,147.37687000004905
EK202310174016,137.9654081989609
EK202310108847,132.7023851286912
EK202310232003,137.80497507735095
EK202310126703,143.69952394145184
EK202310106477,145.69806591861627
EK202310123106,131.46599538541915
EK202310169334,163.87915605685527
EK202310231339,138.43990496644648
EK202310175772,151.3563074640368
EK202310196241,169.30227864428971
EK202310143871,148.6213836050483
EK202310142265,145.98317417972768
EK202310163563,138.11719336522867
EK202310244604,127.74169454480673
EK202310247610,147.31197710942138
EK202310116133,130.85185854988717
EK202310144893,118.05585352615601
EK202310138511,146.85168587996841
EK202310178199,152.63204751045345
EK202310238970,179.47780760838873
EK202310137277,138.7067443450659
EK202310195419,147.58441264726832
EK202310234603,141.8429842119923
EK202310137485,138.3027282274165
EK202310221268,130.11318825629948
EK202310166447,152.98714589589034
EK202310163342,124.5747462567407
EK202310160258,145.18182633655627
EK202320007173,148.50882063224802
EK202310166608,145.04114189759622
EK202310190777,141.8543040103786
EK202310228415,131.39521991483772
EK202310160470,142.5027550125214
EK202310199928,139.0571752073028
EK202310139397,130.01920103448933
EK202310103828,141.70621492128106
EK202310198546,154.7630110515027
EK202310168601,157.5453928264657
EK202310199500,143.23771906154653
EK202310130735,129.30374101503267
EK202310203344,144.29958396722216
EK202310149177,138.95161315187207
EK202320006908,155.75105673693338
EK202310182119,144.83561853678313
EK202310108526,150.02303527029798
EK202310123316,127.80695481934325
EK202310175509,146.8964904870556
EK202310115166,145.27755264009838
EK202310169504,146.40586097296278
EK202310191512,140.41619334886093
EK202310111425,134.59272105013068
EK202310192823,151.04130953134236
EK202310159703,142.126362481331
EK202310110465,138.67777182871006
EK202310217003,135.50163496353716
EK202310187166,140.17430281412
EK202310225739,145.62447468406674
EK202310125501,137.67511170005756
EK202310118486,136.25200639229615
EK202310221279,131.13187167386906
EK202310194956,141.44562269047162
EK202310178722,137.9711547901556
EK202310182533,138.0267295827361
EK202310138053,141.54259002192768
EK202310231131,128.1229753644904
EK202310212157,134.95017816877973
EK202310125603,130.77111472835273
EK202310136248,141.7816670169527
EK202310115244,130.59495394467703
EK202310132254,138.11162027039774
EK202310178792,170.98323323115991
EK202310191023,136.378872564624
EK202310162415,140.54769579724638
EK202310125102,138.47526470906453
EK202310208134,137.14671293772489
EK202310105586,141.11822256528626
EK202310213166,132.37535721488217
EK202310247801,136.14251800236465
EK202310247262,132.8795069093781
EK202310126467,137.99703309942404
EK202310176266,135.9817116298241
EK202310109933,162.78559016919556
EK202310161495,150.06735829780408
EK202310205248,144.91265842911858
EK202310224138,140.606227279872
EK202310212586,155.15153046363835
EK202310131904,136.5542728161918
EK202310120534,132.47880158747404
EK202310109184,150.67342719752583
EK202310198723,180.90286923130532
EK202310190770,146.71689131264603
EK202310114461,141.00248111964302
EK202310223578,133.10203017918306
EK202310133222,149.45495422780954
EK202310136866,142.76959981121564
EK202310176700,151.67376378228573
EK202310126084,135.24741787574672
EK202310196727,149.18982411557238
EK202310225009,139.54320782548234
EK202310207005,160.01192341699908
EK202310222794,137.3432973142191
EK202310171893,158.49077271873008
EK202310172296,131.563203294015
EK202310139698,163.06203163601285
EK202310128914,134.7540194601954
EK202310235545,139.63075075490897
EK202310109242,131.02932651121742
EK202310177486,138.4659995780381
EK202310199539,140.01813584127694
EK202310188301,153.02589452696682
EK202310201859,144.83963887142448
EK202310170159,140.6463094451175
EK202310148167,139.71736716765912
EK202310155933,155.10310806746716
EK202310149269,143.7588122759669
EK202310188885,134.31890306113866
EK202310109274,138.7785396948202
EK202310162745,148.3489660840128
EK202310146260,144.89553106386865
EK202310168090,115.95254740512293
EK202310219761,117.79670795178043
EK202310230205,129.66974210482206
EK202310114523,134.1197362139713
EK202310201162,172.68921266489198
EK202310188350,155.8276169537204
EK202310178664,136.6367699500143
EK202310125253,145.5951043427149
EK202310194315,135.90301125835714
EK202310178855,156.7172867628928
EK202310114913,155.44984552681615
EK202310209479,153.3783896122243
EK202310207800,167.76290646291946
EK202310205487,135.10527715289024
EK202310168431,144.58086011251575
EK202310235593,143.21496237881215
EK202310235602,134.13131743766812
EK202320007124,182.4878464882986
EK202310207771,129.50445453124357
EK202310228788,127.44627442886352
EK202310227982,136.14697603080137
EK202310194813,168.536808710776
EK202310241087,148.7118679976967
EK202310148405,140.9368063939984
EK202310140778,149.2420187949675
EK202310198551,149.40862315052593
EK202310120216,152.27252927692007
EK202310154323,141.00243894031692
EK202310158123,154.99493963963036
EK202310215528,148.03458831914418
EK202310237307,153.2293719789994
EK202310144499,163.6917214050729
EK202310200349,155.5299759967937
EK202310199428,156.39605352318873
EK202310205917,141.36774508826807
EK202310123848,139.2472077543546
EK202310171335,154.46664098893743
EK202310113026,142.40370596214936
EK202310227460,136.43054365318062
EK202310218273,157.26886224155078
EK202310211553,138.45192400500216
EK202310196786,145.25010541625312
EK202310237300,133.476360289871
EK202310125146,139.75708723683178
EK202310118100,129.8623344953653
EK202310186326,136.47026145142382
EK202310128919,130.2396433698256
EK202310198759,135.89033895639724
EK202310236246,148.5714863475873
EK202310149187,161.5546053598522
EK202310182726,145.08702702792579
EK202310152601,138.20450834049336
EK202310220436,145.75514589052645
EK202310193514,159.46397156626577
EK202310246478,131.4177300468858
EK202310243128,170.90441037981506
EK202310127415,139.96524029270344
EK202310213162,140.28871732314525
EK202310137235,128.99448611041407
EK202310178654,148.33696689277022
EK202310118153,147.80948827252917
EK202310004571,135.3170659538395
EK202310151403,179.15716404328197
EK202310245278,153.4481864919325
EK202310143897,133.48328782507514
EK202310218277,132.2852103831333
EK202310162879,151.39007554327918
EK202310136599,131.06907283885025
EK202320006442,165.82009170601097
EK202320007344,142.54811359228316
EK202310189969,166.03072213091332
EK202310166949,172.34662774419098
EK202310114939,133.4181280788857
EK202310226036,144.5888411235609
EK202310166986,138.56145487266514
EK202310217723,136.98591608277616
EK202310137499,159.7262955767536
EK202310132371,139.32752798967823
EK202310197508,140.4808322435497
EK202320006448,172.37126134546136
EK202310217287,136.60467646388625
EK202310210663,126.97340594177535
EK202310104277,145.26259444267538
EK202310200683,146.9403106364518
EK202310225623,150.03739686081045
EK202310207191,154.29945665759953
EK202310129539,129.66075855583108
EK202310128514,157.97298140593517
EK202310140966,131.08285929872963
EK202310129386,150.00140556435582
EK202310179691,142.86571308452184
EK202310188920,142.27117953526667
EK202310247484,138.12074169201844
EK202310193673,142.3850319889777
EK202310170091,135.17006802008393
EK202310172920,161.28146186844162
EK202310223477,139.24662025718195
EK202310171073,159.48729365820344
EK202310194158,142.6875576707916
EK202310207919,151.73717881348074
EK202310120306,151.7773658786823
EK202310207223,130.3644749733854
EK202310244280,137.19095906252102
EK202310106527,131.0842885266519
EK202310142859,161.02445171337172
EK202310168389,155.03126181777418
EK202310143594,135.6620220123115
EK202310167480,161.54363478518934
EK202310156995,135.60265994516666
EK202310119214,149.0745967125363
EK202310148853,141.82668202567893
EK202310217497,139.59985238984737
EK202310120366,143.21941226019905
EK202310217526,166.95494847037511
EK202310195002,140.68490172434366
EK202310169241,159.21436647253654
EK202310159114,148.21053899539015
EK202310192176,139.04247861776733
EK202310159110,161.44277968457766
EK202310158664,146.68915329424308
EK202310192338,139.0716753473262
EK202310230524,135.32809468411375
EK202310210362,153.53142313092783
EK202310212895,151.72822542998213
EK202310193440,136.37194618663182
EK202320007869,141.75493237149905
EK202310167916,136.50939717925652
EK202310206630,139.43821289786897
EK202310157459,144.70944264547126
EK202310216902,147.05713592668204
EK202310198965,153.2339596678307
EK202310201874,141.16740852995198
EK202310117999,146.30680258041943
EK202310204212,144.17200082532082
EK202310183852,152.6893560249149
EK202310219321,144.4083593516487
EK202310235218,133.30183311288758
EK202310106655,136.70878591856751
EK202310109169,157.80016316963932
EK202310229525,132.36172622342542
EK202310234441,142.7216995479477
EK202310119016,143.50895039282452
EK202310003723,148.03599060587308
EK202310177973,129.33250643228965
EK202310143560,157.160693650889
EK202310245405,143.67150675857644
EK202310123670,131.3453807887426
EK202310125143,160.65590010545023
EK202310162721,139.96890471330696
EK202310121368,147.64712861619006
EK202310207810,166.49804745724845
EK202310110877,143.0564131526664
EK202310207642,138.48431456881863
EK202310236676,130.0061851970177
EK202310178731,161.69940225984294
EK202310166361,152.46472595273386
EK202310221798,145.37414354592542
EK202310177403,161.5454632749312
EK202310134022,135.7839751302604
EK202310167333,142.08695130288515
EK202310166210,151.84327129783892
EK202310110220,143.50185063531345
EK202310145795,140.87851694724623
EK202310164123,148.88285002398123
EK202310196621,164.89790006777093
EK202310120415,147.70000300097993
EK202310148912,150.4666598787015
EK202310179102,133.32841606692534
EK202310196322,139.89823909259047
EK202310157568,152.25420906913453
EK202310146998,144.139794621132
EK202310223698,158.8473005449252
EK202310234532,141.1679021147872
EK202310138792,154.75178560832293
EK202310246869,142.66849705387128
EK202310126504,136.77956399703183
EK202310113606,169.5620603586648
EK202310131578,135.86427122162596
EK202310156389,150.5538089391329
EK202310138943,135.27015255875853
EK202310105288,152.67010512901018
EK202310188558,169.74617820847124
EK202310234995,139.61040907723262
EK202310181950,175.39442150978155
EK202310157098,150.83805090739247
EK202310132543,130.75980317379504
EK202310174319,144.32959136930393
EK202310225811,143.07076758257975
EK202310157066,152.2205921390159
EK202310205138,145.11557122373287
EK202320007203,154.5970415792535
EK202310227039,140.93630163588747
EK202310106033,126.70103652059139
EK202310146183,159.33399324110778
EK202310226180,134.06612172846465
EK202310162385,140.16308605310152
EK202310235946,125.33193547205663
EK202310182408,144.56159400022784
EK202310155735,152.99782022489578
EK202310190520,155.31962877012558
EK202310146058,141.59445644844845
EK202310202633,154.20397643453285
EK202310196099,152.2899881219259
EK202310129632,136.0012994143229
EK202310138166,129.05337377710381
EK202310148720,145.0952541846026
EK202310145781,144.0024224485076
EK202310140364,149.02572907120876
EK202310152526,128.38828023430867
EK202310109041,137.57886990445138
EK202310239518,156.5420989203893
EK202310187894,128.39690164050796
EK202310140674,151.43297715555835
EK202310133919,136.96930025659486
EK202310183378,145.31966995790089
EK202310232538,131.44850352810994
EK202310203159,148.78175400496792
EK202310114364,141.3556698789955
EK202310165382,152.41440497971954
EK202310212412,132.74335520642512
EK202310106291,139.9957714421096
EK202310136964,151.59556701986335
EK202310114872,139.47490976985276
EK202310211044,138.81923150957886
EK202310196962,165.59171499334224
EK202310229743,145.046175631899
EK202310180091,128.45632114807648
EK202310113899,140.63143799459158
EK202310238528,163.30887795361076
EK202310167500,149.88880352901688
EK202310184018,161.01398596935778
EK202310194972,163.14322008493994
EK202310120304,142.48906983868562
EK202310142049,128.47491355177436
EK202310178765,168.47929470880754
EK202310182864,147.11098968883778
EK202310192331,143.25627366886835
EK202310164774,144.52480880810603
EK202310156817,168.72477962991243
EK202310237151,146.94170182919729
EK202310234802,138.97020423843426
EK202310210106,157.2745709150965
EK202310195014,133.63574137372333
EK202310147893,159.645578106002
EK202310113010,141.34526916405855
EK202310183485,142.30270742329031
EK202310123549,142.16186426510376
EK202310215820,135.99222161728292
EK202310174861,146.1673738244385
EK202310170243,135.9671662730099
EK202310139779,139.40521929706387
EK202310226387,137.92706571413774
EK202310126951,130.99768470795678
EK202310122461,126.86504476195346
EK202310137617,146.12696155681707
EK202310232607,157.1476118056343
EK202310188917,149.78582368368274
EK202310230010,135.36854110841284
EK202320007620,147.51788780042415
EK202310179514,140.40487076348774
EK202310200726,131.00321889288077
EK202310145542,142.30078501073612
EK202310140934,156.07447589893482
EK202310141993,132.11952056316653
EK202310202052,134.30493610972476
EK202310206128,148.08313248190672
EK202310129191,162.47328548290113
EK202310132531,154.65251671708606
EK202310145895,146.82633517202424
EK202310150717,162.489553902411
EK202310238478,137.05846122399245
EK202310215961,149.61093698434667
EK202310140355,153.74344494374964
EK202310107109,111.47077989022132
EK202310245704,138.8672746207686
EK202310140078,147.8083827065696
EK202310201205,167.56344506091327
EK202310105811,130.44692599059042
EK202310213056,141.93001868481235
EK202310218710,142.5587962809048
EK202310212505,146.2058920477257
EK202310222413,126.4538524207493
EK202310172293,132.58594200922903
EK202310109647,134.88802480594399
EK202310188891,151.97967506836457
EK202310137965,135.2930842531452
EK202310107117,109.95184166029091
EK202310207869,137.56539103852867
EK202310169495,156.23956106231273
EK202310114538,142.6335360245362
EK202310165920,136.66451815349987
EK202310130807,143.49272774331897
EK202310170628,146.13410013250797
EK202310117370,129.65065640200422
EK202310239420,153.10667360858338
EK202310108908,138.79323826643366
EK202310124380,129.94042670366784
EK202310114384,147.7645208960264
EK202310176015,158.89825082313226
EK202310213032,133.0456209372917
EK202310191795,135.92398871033868
EK202310203571,140.8432207513305
EK202310138185,132.59989001590696
EK202310182667,156.56490321602183
EK202310178540,156.2585316133816
EK202310173419,145.7613954875228
EK202310171759,143.64000726405348
EK202310230057,140.5289079959874
EK202310239289,146.9583721845989
EK202310203690,157.9943331227611
EK202310109021,146.52840278388572
EK202310126805,165.57618676672044
EK202310213809,130.68982216678455
EK202310174863,165.22547109083433
EK202310221636,137.2020548801067
EK202310171548,124.7996536514483
EK202310194319,138.12984063739265
EK202310233853,163.335714357623
EK202310158671,148.78906124251765
EK202310230596,140.0883615176416
EK202310221893,128.37218020795547
EK202310227172,144.35254624523805
EK202310231306,134.08156375239432
EK202310158074,137.8327052992691
EK202310104860,156.16915684942595
EK202310216640,145.07446932122156
EK202310200103,146.61196090941053
EK202310141785,139.37555179864484
EK202310145978,129.06408947106846
EK202310004077,157.580107855102
EK202310133888,146.14930208730587
EK202310125723,145.9439635125956
EK202310136090,173.7088190463433
EK202310246571,138.94506997671547
EK202310243027,133.54850131470886
EK202310109649,141.8511162771131
EK202310176461,129.13314117864107
EK202310122952,149.26666489045562
EK202310243326,143.600702960344
EK202310135058,158.86598970245677
EK202310200094,146.11988793695815
EK202310146558,131.21597262252735
EK202310121295,127.56704097522835
EK202310214783,151.19459555814024
EK202310172681,132.66711094883897
EK202310241971,126.85670016525904
EK202310188843,148.71421457790737
EK202310136447,135.19513505557148
EK202310231662,142.04329166493554
EK202310157790,147.66098643134092
EK202310120107,149.78348786578428
EK202310225152,158.0139731088069
EK202310200264,163.18667393496273
EK202310134521,136.65614101902653
EK202310173584,138.13045707206183
EK202310196666,156.43141497278893
EK202310164106,126.35572482919291
EK202310138379,158.2257721428585
EK202310228204,133.1492220381144
EK202310125152,157.5489502640295
EK202310216720,146.27870410609555
EK202310228063,145.6689637483352
EK202310169786,138.99766824204548
EK202310176342,150.14467447785333
EK202310163187,152.2589953262411
EK202310124025,151.8849638571896
EK202310171872,156.57654626345274
EK202310137265,127.84687093082168
EK202310209292,151.81770543706787
EK202310137925,134.21928024010282
EK202310199295,139.0752091950066
EK202310152826,169.1661317670413
EK202310104368,129.28068021281234
EK202310187730,139.07631203810948
EK202310181862,134.6383238728001
EK202310165938,135.91680488701797
EK202310183431,152.89537360145854
EK202310236615,136.8794876332445
EK202310189593,137.37568751300685
EK202310221069,137.99938417078087
EK202310205373,149.86257145618094
EK202310142031,149.94651880895117
EK202310128716,139.45469526048862
EK202310202961,162.8987151918019
EK202310205295,143.4712064779302
EK202310116568,141.04369520201692
EK202310209928,137.3074277930195
EK202320005639,158.30931549586643
EK202310133603,156.97054361849604
EK202310196192,171.4692515741337
EK202310133688,153.74668575615502
EK202310107855,155.44783663950005
EK202310138935,136.93428332204374
EK202310204089,143.82471139983002
EK202310219313,146.39142390011605
EK202310189726,136.16070380361637
EK202310152282,151.51780220877924
EK202310180251,144.36565681825155
EK202310165981,147.65201844205356
EK202310137451,140.6596811873906
EK202310126122,140.7150634236455
EK202310243998,132.75845358734495
EK202310184231,158.43582611208302
EK202310228417,139.37740170041698
EK202310241091,149.01522370407918
EK202310190393,150.21660706100363
EK202310211537,133.6446548613734
EK202310147678,133.53716524665376
EK202310242270,146.1635852138464
EK202310149069,151.17716109130416
EK202310163921,153.964166619865
EK202310133083,128.7163805346742
EK202310224140,144.34155049848718
EK202310152867,136.49690543911115
EK202310203736,128.78868559956996
EK202310165596,136.8305850394686
EK202310214453,129.68215752632366
EK202310164740,144.6394318702927
EK202310214137,177.25638821501488
EK202310146679,147.82550533355476
EK202310104097,124.79000894873333
EK202310200834,155.1099953002357
EK202310163017,147.50411269444442
EK202310165977,151.23982613786893
EK202310243475,131.55536683460724
EK202310241365,160.96285999840774
EK202310244319,151.12483251595847
EK202310120396,136.72697712780942
EK202310241624,143.98373510167292
EK202310198761,176.5124955330385
EK202310150943,136.7375348140998
EK202310248679,144.0286071365728
EK202310215685,141.7301027248108
EK202310104356,139.49214116797984
EK202310206239,136.12726036142
EK202310157180,140.25848874670788
EK202310131514,145.86547736070025
EK202310244801,158.17718175810833
EK202310116569,147.71341916010292
EK202310123027,125.83902823090814
EK202310223311,135.80713511638388
EK202310174904,151.71060202116252
EK202310133194,150.0274552623861
EK202310184130,141.59637325567897
EK202310194455,155.90624273303737
EK202310106381,147.6785667712805
EK202310227001,153.66819086776374
EK202310153912,147.41554513454466
EK202310193865,130.164449709403
EK202310232459,134.69725805385391
EK202310198400,133.01051484464264
EK202310182607,133.0090841139219
EK202310225129,137.71858159385678
EK202310197516,142.40523774725312
EK202310131801,167.30461074942235
EK202310212554,149.02201360347348
EK202310227543,146.08763480993784
EK202310130530,139.23569658369755
EK202310193825,156.84590268621284
EK202310211045,146.54192736391224
EK202310129373,140.9149202323444
EK202310147392,142.35365290322795
EK202310187904,144.9482294314389
EK202310208503,146.6918280622459
EK202310110837,145.6798321145607
EK202310229225,130.12427300881063
EK202310164336,139.78969713279312
EK202310195313,154.95722586469162
EK202320006926,144.15702576968005
EK202310174594,134.2769407368045
EK202310187599,160.70353231908888
EK202310198391,133.3713941303156
EK202310224871,139.35519863279137
EK202310128469,139.303772037382
EK202310108118,133.02130212532097
EK202310164855,140.6306827310008
EK202310157619,152.70434356820323
EK202310212148,132.35999648284667
EK202310241888,143.543764852969
EK202310200720,140.14291467613026
EK202310178703,156.52896828876487
EK202310208199,147.8660605717327
EK202310200707,149.01773210913146
EK202310222186,154.6292266795189
EK202310235687,148.21753527130065
EK202310169723,153.5563096967497
EK202310242395,143.93957568897113
EK202310202866,154.1928490118607
EK202310137258,133.84644707933097
EK202310209819,141.99248973940254
EK202310111291,144.60670735355154
EK202310210190,134.5107827162821
EK202310181968,146.10540381409916
EK202310173847,143.00585659367994
EK202310170341,131.79150807310742
EK202310112839,143.67464492079102
EK202310207240,143.80692073685015
EK202310122514,127.71880551677593
EK202310190722,141.1438982790482
EK202310186422,134.62370226362694
EK202310154379,161.1356080349485
EK202310245323,154.0770377554257
EK202310122299,136.30256335361875
EK202310125100,135.70524623309151
EK202310118253,132.56379222924488
EK202310238969,153.0621583992827
EK202310168188,164.78097738572342
EK202310160206,153.88906361913953
EK202310222871,150.0544474239436
EK202310209611,144.414230004071
EK202310212974,143.23990120026448
EK202310128407,142.29118773036208
EK202310222412,130.99299608033948
EK202310200939,132.1111092361571
EK202310003959,132.59221791141283
EK202310190302,156.51074279069144
EK202310186405,169.32519364026518
EK202310138957,127.12041388610339
EK202310105023,140.56169572518064
EK202310236632,139.98619518875992
EK202310162662,137.47422373023
EK202310198218,150.5344557661955
EK202310186500,148.56550520017598
EK202310138863,143.06902207896616
EK202310241224,156.46403750316077
EK202310171644,143.71904564107004
EK202310239875,138.8671829909274
EK202310187156,154.61654826095722
EK202310174507,137.8199094581059
EK202310139245,152.4645503225785
EK202310161355,142.2357018842079
EK202310131302,136.32343460571678
EK202310106366,136.59779621113196
EK202310180236,165.3039374602789
EK202310146739,140.07807971474043
EK202310122526,131.85427840577066
EK202310171449,129.53477245850203
EK202310158382,146.03561713913766
EK202310003648,136.60527609469688
EK202310203626,134.77140337818207
EK202310105539,133.06815080453293
EK202310172856,150.9300154050642
EK202310247114,153.32087340652683
EK202310169299,157.8865472768532
EK202310216048,136.87887866341518
EK202320007664,140.0642859380356
EK202310106821,134.26370677497616
EK202310201424,133.66901807109195
EK202310177794,135.6202330781075
EK202310225174,138.0771526170734
EK202310236955,125.85949209531208
EK202310216158,133.39520844964517
EK202310176370,136.77017747550235
EK202310139805,131.13578582308804
EK202310129688,140.61490276438957
EK202310114179,140.25700657250175
EK202310004734,140.92495425620208
EK202310153706,167.15236337176856
EK202310159985,136.5264382977188
EK202310207436,154.1321904237325
EK202310172357,135.30945139277128
EK202310137540,144.70493990642908
EK202310246082,139.8926938644201
EK202310231504,132.51991127521254
EK202310180342,163.37768596895415
EK202310149538,148.08891303645552
EK202310236300,144.9220256544019
EK202310184866,151.6849379897397
EK202310236107,154.03197675439324
EK202310177453,133.98299636683626
EK202310171178,146.70182364669625
EK202310146756,136.8300393754765
EK202310147896,158.82832618493515
EK202310167599,147.63322316735588
EK202310165277,125.27613331543706
EK202310213182,157.34597739845083
EK202310231983,139.51988366321848
EK202310119961,135.5733532412091
EK202310168921,152.62416067771372
EK202310152986,146.54003756217483
EK202310222123,130.56459442119805
EK202310165121,130.2710973079236
EK202320006143,161.61378507897763
EK202310136406,136.65611054662608
EK202310113171,144.54485950342266
EK202310178750,171.95235232624808
EK202310184720,142.75220915854112
EK202310135947,129.65398325254392
EK202310106555,146.88468554556596
EK202310147773,151.63643791195824
EK202310166654,138.37719084244083
EK202310231220,135.27466939470472
EK202310179554,149.88992278281015
EK202310121805,130.3255265922825
EK202310221539,137.7576255963544
EK202310109095,132.17724768578248
EK202310228094,153.88034866791114
EK202310128632,131.8070420764351
EK202310168239,161.00841792391003
EK202310229923,134.06067735022165
EK202310182545,150.41834352874673
EK202310111819,141.9814443072666
EK202320007299,162.49346713988072
EK202310113423,134.8220973775362
EK202310141017,141.67264356183782
EK202310236316,136.96882136968748
EK202310108216,142.39083556600082
EK202310192703,150.23888870086444
EK202310123050,127.42498610682736
EK202310221659,138.75864257007035
EK202310195354,167.0939033873147
EK202310218205,157.3958834163525
EK202310142204,146.88328704384858
EK202310169069,147.07068640456254
EK202310110164,138.17294504385848
EK202310242272,130.6861276702057
EK202310171541,163.23187639966704
EK202310164252,150.59799934342766
EK202310230378,128.5480696861412
EK202310162807,137.54375899971876
EK202310125970,151.27395313059603
EK202310232037,143.76119992726345
EK202310179302,131.39016427543203
EK202310113416,135.94033801159554
EK202310120907,131.99246790298247
EK202310131914,131.46648279828742
EK202310246477,147.43014657530435
EK202310210578,142.35107329713546
EK202310224656,161.8525084628488
EK202310134643,131.51345564608533
EK202310165344,130.1913245603298
EK202310128094,142.60954230673957
EK202310212344,140.40367614235942
EK202310163429,133.7941095966246
EK202310142109,121.10440097085348
EK202310148011,154.5185514848269
EK202310177720,136.67008387155514
EK202310130679,147.9954930916814
EK202310128185,179.82916638529065
EK202310157906,145.98158454014947
EK202310219715,137.4862819628164
EK202310107586,135.30206922017913
EK202310236962,140.79026102964886
EK202310133594,163.8896295711175
EK202310124136,140.35036399545552
EK202310147276,139.26989947681835
EK202310209860,158.7293805014913
EK202310170014,132.57473555337677
EK202310125838,139.0960660434783
EK202310176810,135.24747417232112
EK202310104451,147.41048739497336
EK202310181648,145.4368292833537
EK202310148857,146.59241395946464
EK202310161540,168.00447322133914
EK202310109347,142.94111792901538
EK202310143168,135.97324304480892
EK202310182799,138.2955372207499
EK202310183847,137.61014803795302
EK202310231882,142.35489392406564
EK202310236483,125.14491816707023
EK202320007850,139.61558275233642
EK202310171115,131.9933483775352
EK202310138799,148.2920946941236
EK202310229790,149.42415023432366
EK202310120135,140.97014496878904
EK202310165362,154.56221130464425
EK202310160759,135.55797048902065
EK202310128908,157.61031012271798
EK202310126950,133.87342900961534
EK202310210878,133.7559901133419
EK202310144127,132.3315499855528
EK202310103769,139.8506000402756
EK202310224658,158.1327259319036
EK202310158660,148.59222870617646
EK202310115044,142.2889506458066
EK202310225928,129.42774535367414
EK202310131183,148.97742106541097
EK202310191329,140.3641015215689
EK202310247806,147.36197000914447
EK202310128359,142.12949272159793
EK202310158015,131.6082050206744
EK202310216742,152.14084835921162
EK202310180156,127.1663395259963
EK202310156742,169.27388771794304
EK202310206889,136.21545144871712
EK202310141595,156.21672777698404
EK202310213331,146.78148393292142
EK202310110177,130.5298757896481
EK202310177752,157.77782294291148
EK202310143528,132.68672887186113
EK202310121245,135.36557996036115
EK202310121730,135.33193464246995
EK202310166696,171.0443909183652
EK202310139416,132.4784726864364
EK202310137350,142.53318995260335
EK202310173056,136.60652498006195
EK202310183242,156.10980560573154
EK202310181856,141.29317467635997
EK202310187043,161.86681843066953
EK202310146563,134.6218089214156
EK202310210145,145.5106743157981
EK202310149292,150.31136469829744
EK202310219306,131.71501684035067
EK202310180670,150.77693450724112
EK202310154730,148.6204404028988
EK202310220947,132.45326933272833
EK202310202735,144.89558460742035
EK202310123527,132.0750614947448
EK202310120644,133.04608473145092
EK202310129017,169.44800013572893
EK202310162431,159.24244698647166
EK202310150024,147.71721662143932
EK202310237610,149.55838098058902
EK202310228863,139.00410032189583
EK202310114239,149.60306031370757
EK202310111704,146.92364167992258
EK202310175377,130.1566151970595
EK202310128857,135.45270025070485
EK202310141561,136.39205911582147
EK202310133921,145.7128254917077
EK202310143422,137.71604388777732
EK202310222897,130.57258567615105
EK202310127138,138.97499874265006
EK202310185976,142.29249936834074
EK202310118702,146.63705553893087
EK202310112998,158.6030276853996
EK202310134460,164.87892356411066
EK202310198419,144.6384166424878
EK202310116533,141.10573096006414
EK202310152035,148.73566324713858
EK202310186167,135.01748063638945
EK202310174777,139.98609909840243
EK202310241957,128.2765032414839
EK202310194759,152.26999315073982
EK202310209627,143.4587557759118
EK202310110386,138.1317272050567
EK202310183168,128.92075920591657
EK202310230042,142.93967199844954
EK202310173070,142.80224804454008
EK202310118014,148.25995457798643
EK202310201071,137.92790107226608
EK202310151104,117.98697909287202
EK202310150451,141.5949292464489
EK202310185662,169.18011938260614
EK202310152420,139.76451674241582
EK202310004807,139.56001826713654
EK202310123731,142.5497038019734
EK202320007290,151.32784109553808
EK202310159273,159.81056502597926
EK202310241776,155.0335503052267
EK202310240911,133.0125555299713
EK202310128834,151.49318750856003
EK202310128400,147.49953696941972
EK202310233118,147.9550617486883
EK202310234404,139.02543588455205
EK202310158169,154.92513461360852
EK202310168826,136.96305183364913
EK202310223636,156.5318278557193
EK202310228740,171.15375877090412
EK202310115835,136.87982744741572
EK202310131407,132.6942615576439
EK202310150935,142.99508756431365
EK202310225345,163.99720116623192
EK202310146990,153.8525701670074
EK202310227539,145.53099209555168
EK202310145038,130.75868055353794
EK202310134905,136.39068491045563
EK202310176247,147.4306468455299
EK202310238587,156.37791153081804
EK202310208338,144.19086065725986
EK202310202600,150.2720499270604
EK202310244941,144.72370413194676
EK202310121341,142.26099357996105
EK202310142598,169.05825456216976
EK202310198678,132.0844770231958
EK202310243034,148.067391136271
EK202310188200,149.93931855609813
EK202310248513,118.76917775549731
EK202310247587,130.3302791455407
EK202310175167,134.96104588612008
EK202310248135,134.27914573498805
EK202310116341,134.19373020352822
EK202310187249,155.13440880109658
EK202310117946,145.19912888976086
EK202310120013,132.90506136637742
EK202310168464,133.6550768187592
EK202310188127,141.78166920696515
EK202310234954,141.62504866744518
EK202310240694,150.71934084018568
EK202310156774,147.90251106277088
EK202310242931,136.72374826334604
EK202310120909,144.04306969122135
EK202310213600,127.81505933280407
EK202310185790,153.540810558388
EK202310189010,134.537951366098
EK202310198849,142.15021247226596
EK202310110578,141.75629419998663
EK202310197754,139.73922906591352
EK202310224146,131.66879655486537
EK202310174258,136.9059286298271
EK202310190295,149.02534597276815
EK202310215366,143.59507478944658
EK202310236141,134.4600178375297
EK202310235081,140.31948448785008
EK202310113404,133.23959002830657
EK202310147836,168.743218213804
EK202310119847,154.30085731633397
EK202320006154,156.34912770012036
EK202310181606,146.00678614769362
EK202310108458,149.43770675975912
EK202310191692,147.65616753378373
EK202310137028,143.1855800063118
EK202310186568,139.55644137220182
EK202310193659,153.7092467374248
EK202310201443,137.55430903482375
EK202310171284,145.86735531923185
EK202310162022,144.0670647190278
EK202310124310,131.8144504882921
EK202310150577,135.68461906904267
EK202310180293,164.22311666989233
EK202310233601,154.849859972318
EK202310218244,144.39820980911696
EK202310147274,136.42217879631625
EK202310144827,138.2370738114233
EK202310188705,132.67978337208794
EK202310171879,135.22132070958048
EK202310004380,148.94675589792217
EK202310124117,133.89328567566503
EK202310139515,155.83850060268162
EK202310223076,140.02062606245283
EK202310189237,144.48527455747885
EK202310158900,157.2709346900982
EK202310172965,137.4756444361345
EK202310133331,134.59583869233123
EK202310139550,131.63513474049162
EK202310182260,143.53686377513293
EK202310240459,139.12585980528175
EK202310129723,165.73178348947258
EK202310140428,124.09609171166565
EK202310116169,130.54667540955163
EK202310121335,135.6570860030664
EK202310154424,129.62238931194094
EK202310171495,149.83425784606357
EK202310230777,135.1705765191984
EK202310207460,151.2294964153532
EK202310194955,129.46604388002476
EK202310233382,139.21465978813728
EK202310126476,144.06911432051183
EK202310112541,129.17000566040733
EK202310211941,154.28598359888707
EK202310160649,144.37720072621346
EK202310147152,147.15880851215934
EK202310226978,135.05101047771674
EK202310156779,139.90536233058128
EK202310160400,154.54263933289513
EK202310113592,153.63710885982155
EK202310173652,143.58179212395206
EK202310159519,137.90664083838539
EK202310124262,130.39113612618635
EK202310205506,129.17665635905496
EK202310219097,149.9351511767675
EK202310226057,127.80426827728121
EK202310153736,133.93704124502693
EK202310180775,133.4169085855583
EK202310169348,158.31323334469684
EK202310131502,146.94195374562463
EK202310121729,121.45924371319782
EK202310159565,147.74189610152627
EK202310204448,134.43396961103582
EK202310153462,143.8717806244292
EK202310144316,130.93192078745355
EK202310135075,162.6101963921764
EK202310221375,144.2931808905142
EK202310163745,167.21839124677808
EK202310128307,151.17501608234156
EK202310117545,177.45305997808677
EK202310135049,159.8981011232361
EK202310168241,157.2111399876624
EK202310212910,139.80291046557713
EK202310201819,142.96857746480745
EK202310159317,160.56866574104464
EK202310205644,144.188840373606
EK202310154083,133.25254908290592
EK202310229522,140.2948547308877
EK202310110884,147.68192191387473
EK202310157913,138.51669961036393
EK202310178487,169.6045077809588
EK202310159316,152.22471129642028
EK202310109379,146.35851283231125
EK202310188031,133.62484326199325
EK202310198040,154.06995408158699
EK202310175083,156.13654235178132
EK202310155364,142.3001643609494
EK202310204163,150.2774159074852
EK202310199502,146.91957761701502
EK202310204489,154.8483889724121
EK202310179081,144.83205488713097
EK202310233796,128.19585665585996
EK202310166659,156.7742504717152
EK202310160108,155.1919597632071
EK202310189609,147.02841004338822
EK202310104591,143.47746034080592
EK202310241388,131.73791451703727
EK202310141772,142.28166745045468
EK202310193970,140.9123221404618
EK202310115247,133.1988506860192
EK202310205518,142.03003915413177
EK202310169284,144.511077699918
EK202310148744,147.430583911584
EK202310190361,142.84507553227814
EK202310174521,168.5614841123211
EK202320005722,170.7879378817573
EK202310223637,143.46678228038803
EK202310206779,143.13405144336548
EK202310205588,136.65359551204398
EK202310173304,138.91337068516924
EK202310168176,146.23935071888414
EK202310213786,151.45563586698702
EK202310193979,151.79710801027477
EK202310126924,125.5973362086585
EK202310130529,138.95945003195132
EK202310119471,144.32828216957455
EK202310196749,137.95971351571524
EK202310113250,153.99089312025154
EK202310155906,138.61624560081003
EK202310105766,128.85165243825122
EK202310201584,150.347758270102
EK202310106175,138.31658036455036
EK202310178826,157.81962696533566
EK202310184322,132.3445753088576
EK202310106188,139.92334487033398
EK202310124482,139.47764379379925
EK202310186934,132.9492025937662
EK202310190559,145.34746840328563
EK202310247940,133.42587568539977
EK202310161261,166.18403960661564
EK202310167492,125.97378550281461
EK202310117822,130.68259682325314
EK202310185255,152.41030905853856
EK202310209656,134.5647765766814
EK202310161945,148.36611144487554
EK202310214665,159.65913917528695
EK202310146073,129.25752354449358
EK202310160721,166.94502346868668
EK202310245095,143.83306490079272
EK202310239697,146.52690178217804
EK202310196401,148.87858719911537
EK202310245200,145.90176596766128
EK202310151874,164.91931672692348
EK202310127590,157.6436075765197
EK202310172784,136.69423967088005
EK202310217741,145.11271189652754
EK202310118696,147.14303011631955
EK202310175680,150.5042550430727
EK202310248407,139.82609184427045
EK202310116779,134.07481355696987
EK202310230914,136.7805802019136
EK202310121682,146.8677698704171
EK202310124137,131.99049592513202
EK202310138758,141.76757455156908
EK202310115217,159.88359391810582
EK202310165227,134.58972103999787
EK202310198606,141.0229843324586
EK202310139887,135.50099154441827
EK202310235696,130.23066452301936
EK202310140862,137.84003866275592
EK202310245296,141.25037479955492
EK202310178643,151.2178177766944
EK202310109769,115.92597974887809
EK202310168383,131.88619927266478
EK202310173293,145.68738063494976
EK202310199278,150.72585641290786
EK202310188364,167.11780390277625
EK202310226539,127.13651782873826
EK202310104626,146.98009949197393
EK202310113611,152.93608025696057
EK202310155381,127.3346388747888
EK202310207381,165.56424603510243
EK202310232919,151.8317387129687
EK202310239683,144.92611917355586
EK202310131225,130.41204706778862
EK202310173001,142.5422923162098
EK202310194749,133.16449399801766
EK202310103766,139.24544300218813
EK202310173848,147.65424328135452
EK202310134143,132.2580020377335
EK202310233093,134.5608974316067
EK202310184337,150.26703221196365
EK202310129410,138.41745858265915
EK202310118391,124.07928999714782
EK202310222008,136.58751015972786
EK202310172498,130.32671832962862
EK202310187928,140.01676138650848
EK202310159483,132.96095603952995
EK202310110871,162.08271509909778
EK202310146779,144.83967245081203
EK202310155616,132.05974278939848
EK202310137460,149.38861812564062
EK202310209877,134.45837747759265
EK202310140666,147.9567290667653
EK202310122918,138.48401477931205
EK202310170046,139.6480955638998
EK202310143434,143.9383071104966
EK202310140495,130.68423583370316
EK202310174705,152.9643850355151
EK202310228168,152.2484723425558
EK202310127824,120.51044266594627
EK202310235975,142.45110463894608
EK202310190602,141.22292625159318
EK202310106408,140.9395618414529
EK202310233717,141.03774407715787
EK202310203927,136.21204351736728
EK202310106512,133.63290879126868
EK202310208972,137.7728101135205
EK202310156588,168.46113105536853
EK202310242168,137.3593256340238
EK202310123091,141.18014344823945
EK202310199389,139.59204810895912
EK202310154978,145.68401955080267
EK202310158716,136.49909285493072
EK202310159396,150.56067281270634
EK202320005678,168.54235758423914
EK202310110183,130.1470960211259
EK202310225959,133.40637942955345
EK202310225303,133.42565359493696
EK202310108877,154.02338194843495
EK202310237629,149.8074423262693
EK202310211593,129.50119294039607
EK202310151540,154.02162235548298
EK202310149041,149.42173799637436
EK202310147417,141.1353755478484
EK202310229267,142.3078942329789
EK202310194169,131.18391103878108
EK202310130855,135.31981768080598
EK202310218381,148.44192466425304
EK202310131759,164.5763994803206
EK202310159130,165.82988292150563
EK202310181380,160.91983827587347
EK202310154840,163.90659360143195
EK202310155113,152.34304601579396
EK202310190213,134.4897974657088
EK202310125761,164.91184045844872
EK202310228436,139.3787736245635
EK202310245583,139.6206729338597
EK202310138440,144.37525108858566
EK202310153292,136.15874698953712
EK202310114994,130.89815369353593
EK202310172366,146.04256102114533
EK202310124479,145.19361957542932
EK202310184003,166.32907642378413
EK202310179734,135.20147104653364
EK202310185315,145.21303663556105
EK202310247954,161.78119244638637
EK202310146620,142.27416533219963
EK202310171244,155.4560411346111
EK202310134666,155.06750444249465
EK202310220005,149.57180136807386
EK202310156110,142.09553215838096
EK202310207825,171.62428894132384
EK202310168883,137.19237288811263
EK202310136483,113.67720621521624
EK202310196952,171.68475362035295
EK202310196373,132.37870628352889
EK202310118816,143.5394025379814
EK202310165110,141.13352960219603
EK202310142607,157.77289344265088
EK202310168946,135.94294182980556
EK202310105295,151.2810994035972
EK202310106334,135.2041211830193
EK202310105612,134.92017359479377
EK202310119938,148.56295350534407
EK202310192361,153.21103231009866
EK202310195020,134.10292011968923
EK202310129686,142.31697794118625
EK202320005926,172.72601192400342
EK202310210500,132.0463229599062
EK202310139090,159.83951643848656
EK202310138528,155.4963371977469
EK202310201466,141.8799403963345
EK202310230750,131.7657764362504
EK202310148719,137.90555637846703
EK202310150803,129.74847424476334
EK202310216988,152.77938655348478
EK202310111431,145.94108898560933
EK202310185972,134.4236561832871
EK202310195667,163.17849880215186
EK202310140854,155.82024222575006
EK202310210882,141.12696587201214
EK202310233837,125.43945933712213
EK202320006073,166.1237033060428
EK202310196309,159.38684031061086
EK202310206916,153.88804020617826
EK202310226122,135.1170963087024
EK202320006289,150.4716515648769
EK202310226436,151.4752738870615
EK202310169442,154.6142331870073
EK202310241543,141.95110658795758
EK202310217591,139.44036830175557
EK202310140276,139.06970682966644
EK202320007784,152.67678966294784
EK202310149529,145.70668172321803
EK202320007633,145.4037087047486
EK202310119859,140.8340016068933
EK202310230599,132.27803573436202
EK202310140256,136.19970786338828
EK202310155491,134.05888104705969
EK202310132167,153.1641316702483
EK202310224240,168.52068935284805
EK202310110704,130.9391992920795
EK202310140659,129.18333169774533
EK202310209654,138.2466370099845
EK202310210751,132.7606810213284
EK202310114252,146.38747659260247
EK202310131050,128.7868488754548
EK202310176400,131.2693091375936
EK202310225146,133.3410582417685
EK202310218218,145.11948765809436
EK202310199879,143.80728759489963
EK202310233661,135.3525141272766
EK202310225646,129.80948881156087
EK202310141379,133.8969851083514
EK202320006182,144.12077553087695
EK202310173692,129.4610402581437
EK202310177607,147.52541478377947
EK202310233946,137.51458827392372
EK202310126324,135.1691872439685
EK202310191584,147.76545280460692
EK202310162051,150.9349228693296
EK202310217086,137.37111291489379
EK202310175283,140.20542292186002
EK202310161464,162.3300322326535
EK202310175429,149.31985611251108
EK202310162548,150.29957555031876
EK202310124184,128.35639671662145
EK202310175929,147.1061852760163
EK202310162414,139.39374678857422
EK202310243129,128.68050868507032
EK202310157428,160.60563649471598
EK202310155573,139.2583333178528
EK202310163052,144.42184777133627
EK202310206064,143.87243875601612
EK202310248323,136.7363691321594
EK202310168056,155.41160881102215
EK202310128927,153.5666866101886
EK202310139485,161.3667441770029
EK202310242735,143.48998737361404
EK202310134082,130.24702944930948
EK202310104455,128.79244156775698
EK202310159631,155.75424668536152
EK202310212803,142.50236109254683
EK202310104486,141.27786284549848
EK202310194508,134.95106397934606
EK202310147608,146.66062229453215
EK202310150343,135.92874253810587
EK202310231361,141.27611918981088
EK202310170149,161.6563780469564
EK202320005932,166.00648287445628
EK202310211081,134.22982377161475
EK202310164819,156.693797641645
EK202310182415,145.4470570897181
EK202310129406,144.8991428519553
EK202310186466,135.50680739225652
EK202310116340,131.7223652246366
EK202310177218,139.81986915148659
EK202310207532,143.1012955310327
EK202310222391,138.3917366753366
EK202310176449,159.0994544737521
EK202310245955,146.19584910262293
EK202310193130,145.0564214162478
EK202310158757,133.65956044327697
EK202310227627,130.45331106270444
EK202310136426,136.15963144606735
EK202310130279,165.83325014451464
EK202310140320,137.38188072793253
EK202310208976,130.86251914229948
EK202310140233,149.2030634740525
EK202310111236,153.8708774177163
EK202310106947,154.2900188087447
EK202310225392,147.14410266668082
EK202310156828,146.59419987171208
EK202310169518,128.4556222481736
EK202310112332,147.89830078857017
EK202310157079,175.10717381252027
EK202310113908,133.61609027665938
EK202310228518,132.34177690312816
EK202310162931,139.6796825330848
EK202310209191,132.90109580064387
EK202310170787,144.82372640992367
EK202310123235,131.68738381982405
EK202310155678,135.81766374469115
EK202310164712,138.6180576336335
EK202310124306,137.58542974386359
EK202310209118,146.18428440331937
EK202310198258,136.70011738256062
EK202310234831,142.85533480873892
EK202310226914,151.74660606384677
EK202310202181,140.92267185221252
EK202310181074,126.14413619484512
EK202310231524,130.57951058016317
EK202310159999,156.44165602113284
EK202310214159,164.99726853661923
EK202310104655,135.1777334906499
EK202310191665,157.92764553716054
EK202310226912,144.02662504057514
EK202310229568,132.20879624438774
EK202320006366,156.60308977463663
EK202310158803,142.76624240057257
EK202310218310,131.5857668285607
EK202310204232,150.24801933549287
EK202310186641,145.6622552128579
EK202310145275,146.21330272131124
EK202310215048,155.14859980517488
EK202310155714,138.3543606169276
EK202310154842,136.44690725951895
EK202310131202,135.59865580314067
EK202310166844,153.04629402895625
EK202310209974,137.35491493108103
EK202310111411,146.12813732972796
EK202310208383,144.4615668915855
EK202310228239,140.72765735099162
EK202310220185,124.40960239432829
EK202310177863,132.44552896467425
EK202310191386,154.53103031324179
EK202310176540,149.40245141594426
EK202310128361,150.69000965263228
EK202310127737,139.03487102361373
EK202310205567,169.96477846713458
EK202310110038,135.53048883308836
EK202310135018,169.03285586242527
EK202310152829,170.25989337624455
EK202310106061,137.85726780484055
EK202310234328,151.70753063926523
EK202310179105,163.96015726751554
EK202310106635,150.125669612418
EK202310133437,123.47931791314895
EK202310163497,151.04539125047384
EK202310170389,126.06864208590396
EK202310176900,143.93466946163227
EK202310218778,156.6143915648776
EK202310188856,155.01906694439995
EK202310195987,164.86815479911226
EK202310139386,145.36173798682051
EK202310220080,154.1331713379679
EK202310132718,141.42589622823894
EK202310184630,170.67653848743458
EK202310175811,136.95375011695282
EK202310109074,131.7846685649991
EK202310237543,133.05427337265678
EK202310229949,142.43569610455668
EK202310174243,127.51453885519476
EK202310185313,148.65432038318036
EK202310150933,144.44976109191973
EK202310114721,140.55351603254567
EK202310168635,142.9644458681937
EK202310188341,152.74135078562188
EK202310213705,143.25556459910146
EK202310239073,133.10877505764896
EK202310163500,132.82126325903394
EK202310208351,133.26716279732858
EK202310106450,146.4632419308454
EK202310115408,131.53000038986647
EK202310223788,139.47854007670213
EK202310243905,132.4754080975781
EK202310173232,134.18547096238999
EK202310147240,155.25611808138785
EK202310170514,149.40047644854704
EK202310150951,128.67432656400345
EK202310116493,149.53487152897685
EK202310195983,157.3382216175899
EK202310152131,138.2225247439608
EK202310104754,147.03186672889655
EK202310205406,136.25002991652426
EK202310160153,146.7657375570908
EK202310221221,127.0364553361045
EK202310160257,155.76134602110392
EK202310137708,147.47765507050553
EK202310115489,141.9177408431902
EK202310137151,148.15498264048335
EK202310227780,132.66483110402862
EK202310214472,147.8864131551145
EK202310133088,160.39406519672374
EK202310239663,145.45199753550824
EK202310215474,131.93410802387424
EK202310183236,134.42241057047397
EK202310214837,143.50508776572363
EK202310187923,140.12255943094289
EK202310197935,156.0326793075708
EK202310140273,145.2686869990936
EK202310117788,132.38094418273224
EK202310170592,148.5088393709029
EK202310156315,142.0164010812793
EK202310166296,140.28826784983318
EK202310156678,147.57516347514397
EK202310197364,155.82365746654744
EK202310004739,144.1643068984347
EK202310133626,143.2455077478266
EK202310199623,147.02694986576694
EK202310159296,168.52413116116222
EK202310192767,146.06577272340385
EK202310148778,141.97020757455797
EK202310156041,141.02306509325328
EK202310186950,141.15335471884185
EK202310236558,137.16902978187383
EK202310213585,136.4392757515538
EK202310184418,141.0381807716959
EK202310140115,140.95436557600436
EK202310163224,138.06818780630172
EK202310228835,130.81127937969768
EK202310162030,140.49525228458785
EK202310168987,136.41244553799024
EK202310221729,163.54465912614444
EK202310181909,141.20454673082415
EK202310149566,150.3887374242025
EK202310149852,145.00257887279437
EK202310246189,134.57507040084056
EK202310173822,152.4036692038183
EK202320006684,164.19106036414107
EK202310151342,139.01450829833266
EK202310004964,139.95519951903123
EK202310167966,145.04086832203905
EK202310184397,128.66381408997765
EK202310200638,143.4442547348127
EK202310181195,149.1931506248159
EK202310149384,150.31934137151165
EK202310192111,153.43193073278448
EK202310119248,147.76397803547349
EK202310150757,135.31886099483168
EK202310105899,127.63299640945921
EK202310109147,141.027190599279
EK202310003890,136.36552704304475
EK202310136861,149.9395758112601
EK202310209403,142.67052628483063
EK202310143496,129.71431659837657
EK202310171668,144.42849487966197
EK202310168536,141.54742417303066
EK202310216195,150.72070130969962
EK202310117347,142.39030385228907
EK202310208923,137.5990230249578
EK202310239643,139.34954605732617
EK202310206445,139.39436426417214
EK202310104049,133.0555140671169
EK202310228180,137.3537513910375
EK202310116347,136.16643803134656
EK202310205059,134.24294736841634
EK202310248120,131.032912830471
EK202310171398,145.7308000401562
EK202310161887,129.04333421300407
EK202310208795,158.8316252050967
EK202310211198,137.09282365202222
EK202310175547,149.8954034845046
EK202310168520,151.73133218557672
EK202310212595,139.55137085306316
EK202310116251,134.1769453240513
EK202320007851,148.61083788127462
EK202310106764,124.8487333618904
EK202310187318,129.5977746840251
EK202310158705,147.6223921471714
EK202310185110,135.77555637058924
EK202310170152,144.5894205854845
EK202310195607,161.99724507917978
EK202310111449,126.63540067650327
EK202310153841,165.25319872405743
EK202310167617,172.0191368920292
EK202310114265,131.34405983783014
EK202310133143,152.04542940422832
EK202310158293,149.44429791627454
EK202310181702,151.9951266273032
EK202310212416,134.9628005616869
EK202310231600,133.00591886884015
EK202310230507,131.94355265300055
EK202310223031,130.35751924009628
EK202310180391,124.16131714433706
EK202310177543,156.027727242931
EK202310218831,142.15152392795815
EK202310223265,137.0607700506471
EK202310109405,142.26834060015153
EK202310138084,133.79224084536335
EK202310144834,133.42911549667068
EK202310119130,146.6729898175791
EK202310241445,137.47887094178887
EK202310187813,147.56225368488074
EK202310233825,161.19827200941506
EK202310163582,139.62615786136658
EK202310152391,137.29409727070808
EK202310236241,139.68888803493914
EK202310179557,144.25037061262486
EK202310004239,160.91845158093474
EK202310218905,130.3119215582774
EK202310132305,132.28293979551376
EK202310230005,143.996843201548
EK202310210560,142.29670149395093
EK202310216882,155.43420149206065
EK202310176911,146.11500304900832
EK202310136229,137.82394950398293
EK202310106054,143.64417040375093
EK202310195370,139.4061943823005
EK202310173198,137.19252658539654
EK202310173224,144.92347084653787
EK202310192049,149.45151981146898
EK202310119480,137.17320022043535
EK202310173031,139.42387433290133
EK202310141972,158.73449759804078
EK202310146369,146.20944160713827
EK202310242801,131.86623654565116
EK202310206809,139.96819703131402
EK202310185734,121.9731916289978
EK202310139207,155.3824949945467
EK202310210887,134.04982953099295
EK202310105956,148.03340552078834
EK202310163503,144.19231358702132
EK202310123765,127.71069613334384
EK202310232619,143.37109674382654
EK202310205867,142.16847242115514
EK202310158665,150.96073111454584
EK202310236631,137.37948930479436
EK202310190792,143.27756070632321
EK202310210386,134.60321374855366
EK202310200450,144.77974212510455
EK202310174140,128.280992044093
EK202310138770,142.22467177835927
EK202310237110,130.62797502729265
EK202310164459,140.33616101425446
EK202310132579,124.12300235828188
EK202310196378,131.98426470629428
EK202310193320,152.61191898182503
EK202310232595,168.2980615615028
EK202310130509,135.36636469642943
EK202310109357,161.7617772510816
EK202310231395,135.08469613506895
EK202310193035,155.91013660761126
EK202310213027,137.8014149558248
EK202310138622,142.11495228801462
EK202310193234,161.4113340703655
EK202310185497,132.49471794088652
EK202310228201,134.80583734019302
EK202310230916,141.25436766356597
EK202310219136,145.161059124144
EK202310229694,136.33019786660557
EK202310242998,138.67916911475936
EK202310118461,149.3030842906107
EK202310147273,133.52136298882994
EK202310112383,154.95139640446683
EK202310161078,168.2162765684851
EK202310164392,155.2513078594499
EK202310111127,126.30858025457555
EK202310169688,121.67827015573712
EK202310111033,144.62234651533927
EK202310118526,145.0089229403234
EK202310190143,149.00403500655662
EK202310232739,153.18580052432284
EK202310199403,140.1683672669551
EK202310168879,160.28444233633525
EK202310140593,132.2077398290076
EK202310003734,142.38696250545135
EK202310234646,135.82710577403105
EK202310133170,138.72848724935017
EK202310181389,134.36866905893453
EK202310173177,152.21810905224245
EK202310164882,138.70288007448167
EK202310191760,165.02930610591702
EK202310234933,153.16537851793245
EK202310164012,137.89341137167634
EK202310207434,152.94618072747923
EK202310198243,133.42134763620763
EK202310162062,139.07082862154653
EK202310124086,139.69541288979897
EK202310159310,142.86274391208065
EK202310241058,137.67540157873663
EK202310179083,142.19457805110812
EK202310175051,140.46093190579404
EK202310149452,152.61568834994011
EK202310230416,133.20606765898677
EK202310187500,156.4090741600674
EK202310183313,148.34464340577037
EK202310237296,142.36139490298297
EK202310214789,155.13553306221186
EK202310180222,150.29720054325222
EK202310122939,154.3994203104139
EK202310181965,148.94136960605948
EK202310228380,146.84254709420372
EK202310159058,129.95962249367938
EK202310188976,144.43942388881655
EK202310172452,141.4829395086183
EK202310215052,152.29346249246186
EK202310247517,142.18574244739443
EK202310156349,149.86648388384816
EK202310242723,155.08346783651294
EK202310107972,137.82438790501163
EK202310153284,131.05547234275176
EK202310142419,142.7024865191238
EK202310202260,135.021092195212
EK202310169840,152.9317181594967
EK202310229959,147.6345003395648
EK202310112101,150.62166463496254
EK202310170405,130.13781906038434
EK202310187604,140.7060274781954
EK202310226938,134.21395931958855
EK202310170407,136.36649211028447
EK202310188787,134.89906276084196
EK202310157751,149.88623684206092
EK202310110049,140.51708075434172
EK202310171605,137.62787996284243
EK202310225647,139.19541517144364
EK202310160034,145.44143556139232
EK202310104086,139.0361077184389
EK202310133846,141.6311556454913
EK202310149687,143.97382472651861
EK202310237643,146.93981460554113
EK202310240693,145.28692370804316
EK202310209107,147.20287339219618
EK202310152954,150.4246914680584
EK202310107042,144.92272521033314
EK202310147766,132.08844190643367
EK202310157864,138.4555098597203
EK202310132609,150.64527800178305
EK202310198224,153.05540328263473
EK202310181372,155.56311794683614
EK202310107536,150.6157508073644
EK202310107339,122.53233889112752
EK202310231880,154.96810956297315
EK202310121562,142.51333785946645
EK202310219911,129.303586918093
EK202310111456,144.8133628913798
EK202310230174,136.52642131707202
EK202310123273,138.67315261609178
EK202310130394,137.4772822680068
EK202310125858,141.7322872664026
EK202310148270,144.61077720901048
EK202310158632,141.74143899244717
EK202310131026,129.25548525586152
EK202310204177,142.20790332189083
EK202310116255,157.131074716735
EK202310149497,137.56057620483702
EK202310105304,153.93447331716408
EK202310188432,129.0074863859812
EK202310153241,155.38857187284233
EK202310143739,158.727530973403
EK202310157045,147.19019095355148
EK202310221281,137.6124869233923
EK202310183812,172.86055279220287
EK202310237731,138.36599386162928
EK202310157369,140.8950772567445
EK202310162985,149.50771605239106
EK202310120645,140.7938376529949
EK202310222168,134.95102947962582
EK202310185855,137.14455170316972
EK202310208538,153.64057376733402
EK202310176660,150.99625878862943
EK202310004357,148.213331669419
EK202310131180,144.00178001440975
EK202310239429,145.79263599624707
EK202310143219,134.99057509152382
EK202310117261,141.61618892494982
EK202310185385,146.05192554015218
EK202320006967,154.07078624382524
EK202310133649,136.20784389352136
EK202310124686,143.56865470281645
EK202310158040,148.47894155140003
EK202310196688,136.87610392855402
EK202310191616,136.8766343377393
EK202310115678,124.90988853566306
EK202310147246,144.96868000853038
EK202310143506,136.70845792644744
EK202310151678,135.8510400645938
EK202310154413,139.27601511311485
EK202310140205,133.84841230489616
EK202310220100,137.42633812839864
EK202310125163,148.62445956351442
EK202310220961,135.47536763530354
EK202310230382,134.97446187735522
EK202310235095,133.973481594868
EK202310161057,143.48714523878314
EK202310118114,138.630171479934
EK202310170808,131.59647947117716
EK202310134456,144.48852982263412
EK202310200301,142.46116293181083
EK202310159200,173.2680640561645
EK202310238472,133.44497375497414
EK202310128987,133.03967371712002
EK202310108858,136.725105363806
EK202310226102,137.81379860965237
EK202310113124,129.884220836998
EK202310225235,134.60501134342758
EK202310179343,136.78779198533093
EK202310178389,150.8237896643124
EK202310119599,126.86267281417972
EK202310244023,132.89284611643697
EK202310156102,144.35499865879063
EK202310130216,168.47793134763023
EK202310234897,143.97637758629259
EK202310187102,139.42543367970862
EK202310239290,131.73610771117873
EK202310136586,142.59002444579224
EK202310108466,142.15279099309387
EK202310230613,142.79539114946476
EK202310152593,150.04535052802686
EK202310196010,162.87834624455257
EK202310226253,135.3552517783856
EK202310203216,146.46471666626655
EK202310166883,144.75722270301694
EK202310129487,138.8131694995378
EK202310105043,148.40909708692715
EK202310138902,128.7067197634945
EK202310202724,144.7709270340532
EK202310201811,150.97551548575893
EK202310175242,144.79911776668595
EK202310114269,125.59454136759915
EK202310231260,137.3477071739968
EK202310104135,154.63037396671115
EK202310157818,131.62142008485267
EK202310182339,148.58667052682637
EK202310147937,138.20345001383936
EK202310200292,148.0055664423625
EK202310230177,134.97211101139357
EK202310162469,130.3398815258902
EK202310204330,153.2026336907746
EK202310139204,138.3708613254025
EK202310130100,139.0445151335614
EK202310155710,138.9327129753642
EK202310233995,147.62280498211715
EK202310184497,155.77654977747108
EK202310164378,132.27998518974044
EK202310219862,143.2493628975711
EK202310125493,134.8658600960435
EK202310154947,147.772486026634
EK202310177743,147.91317294274663
EK202310183365,124.1942570683802
EK202310195017,145.92757729272557
EK202310111369,150.02767290391057
EK202310225082,170.0747642092998
EK202310155429,134.6093965003695
EK202310226852,134.95111793440526
EK202310180504,140.81836035085416
EK202310181743,177.0610811960836
EK202310003997,155.50597649710605
EK202310205645,145.21511897157546
EK202310115820,136.60539681240869
EK202310162941,134.95403820211578
EK202310180586,124.71069234532132
EK202310220916,131.54114080681563
EK202310202555,156.25949047971068
EK202310149995,142.71921792901267
EK202310119295,148.47999326952583
EK202310187858,146.46052180207587
EK202310237992,149.15822329115582
EK202310213952,152.59535442509338
EK202310123029,134.4425262623766
EK202310147096,150.98098962332676
EK202310223097,139.95688476790602
EK202310166215,138.76949999911272
EK202310004720,151.6397085046662
EK202310163572,135.28507592447386
EK202310162607,147.74733458723338
EK202310126965,140.31675857011646
EK202310140141,136.69776406326824
EK202310177046,142.0691170949611
EK202310197851,158.66377474065706
EK202310117189,134.16228124235442
EK202310210540,139.1343314357578
EK202310177596,141.34418767004914
EK202310155696,142.46547881328257
EK202310175690,149.2445303872808
EK202310219739,145.3473184569266
EK202310003649,136.07595167079438
EK202310175576,148.10673618776875
EK202310178878,137.28768351967855
EK202310211266,127.2545032119123
EK202310141670,148.17891200086663
EK202310159615,149.1734371502145
EK202310234233,143.85626164359192
EK202310229461,133.07859161031143
EK202310205036,146.41406253122923
EK202310225181,143.26358554710427
EK202310191452,150.13805705957307
EK202310146939,133.23668407893032
EK202310182164,149.95444652536892
EK202310170225,159.65907169808702
EK202310194220,137.53855752992143
EK202310197061,153.99897410051247
EK202310173373,147.78396972140536
EK202310209119,151.75806551667117
EK202320006628,158.61836655282815
EK202310136886,125.61290621123155
EK202310159668,131.70099378722682
EK202310204891,144.47646879298983
EK202310246209,145.05521011643165
EK202310198151,149.06128256129415
EK202310111528,137.4480870510801
EK202310181657,130.34642362148838
EK202310110692,126.72414873415822
EK202310187777,162.8586593113224
EK202310180038,133.60456174211842
EK202310107931,132.38465929897416
EK202310186808,140.7519685437316
EK202310229289,139.31506828787352
EK202310223469,143.38839957302784
EK202310124329,126.36388143969656
EK202310181534,147.7220452454232
EK202310132729,143.16198857139696
EK202310121382,147.70990277058323
EK202320006815,166.29175359637935
EK202310199820,140.09766279875572
EK202310148775,148.35073885328617
EK202310160487,135.54047274818257
EK202310225148,172.25298565189368
EK202310144291,142.03410942073427
EK202310177549,152.02441001343712
EK202310195485,141.1098279282685
EK202310183864,162.63097896448554
EK202310120532,126.33822007564085
EK202310170076,132.60619382600333
EK202310195740,144.5878123046638
EK202310179595,137.36284070470438
EK202320007837,133.57273850563695
EK202310184046,145.9620683446783
EK202310171869,143.05759354336112
EK202310223256,134.6211800045406
EK202310233904,149.3168673642556
EK202310247327,162.63601796576373
EK202310127761,138.01677823397557
EK202310131174,133.1694127858545
EK202310112799,141.35300059299675
EK202310121242,151.18626065995124
EK202310220124,134.70280624505943
EK202310118386,152.4374976171406
EK202310111074,152.00023868373347
EK202310182197,149.57340836357324
EK202310138009,126.48533306258291
EK202310205273,164.9346896745542
EK202310118039,155.91094744952142
EK202310126134,141.08918512998937
EK202310130337,125.5451760924636
EK202310106788,131.58495711273713
EK202310167682,154.5193712938769
EK202310146264,135.82014536775654
EK202310138461,119.83374556133558
EK202310218689,127.29009675980345
EK202310176319,160.0292202620866
EK202310118958,132.24241516956712
EK202310167604,157.42593954018025
EK202310205793,135.2019129054651
EK202310104740,133.83849819901585
EK202310166561,138.72219852281165
EK202310110675,131.67619865323474
EK202310201775,142.40368841460554
EK202310188302,161.4078169379929
EK202310167994,147.98452460763593
EK202310135487,152.5501817540304
EK202310168143,135.0486675234221
EK202310204808,147.86322832142892
EK202310151944,159.31621217780292
EK202310224341,144.150283916654
EK202310111538,165.58704597311194
EK202310122316,131.25469483271883
EK202310178272,153.72940854159563
EK202310174655,136.5576210737391
EK202320006786,166.6826490281655
EK202310170761,145.51437613957074
EK202310117836,136.8648762883345
EK202310197808,161.45481976819835
EK202310236038,178.63830320193463
EK202310147177,153.9758729356479
EK202310226210,137.76719689991006
EK202310128001,146.2553660686999
EK202310150524,158.0403991912929
EK202310128526,154.44957551561413
EK202310126204,132.0101017444499
EK202310117271,137.82230519508002
EK202310176809,133.8394695783741
EK202310169896,155.41520791092844
EK202310241503,130.29861962890632
EK202310159411,160.8664152307916
EK202310168543,156.00223157299422
EK202310196558,136.47165397070268
EK202310163150,142.9284287336332
EK202310235581,135.60572457880457
EK202310233161,137.63381800865045
EK202310190473,158.80543517169232
EK202310196173,133.9420706483769
EK202310208613,130.79618209103816
EK202310177724,135.37316903453413
EK202310175056,139.4345948997675
EK202310111228,148.87939274792
EK202310234828,136.31201512867503
EK202310121915,149.5388245852116
EK202310220373,136.40420415581562
EK202310145989,153.37576568715528
EK202310246664,142.47884133435952
EK202310239676,135.34314451339256
EK202310223963,141.92045587331714
EK202310210083,153.05980998217578
EK202310165601,126.18729944493933
EK202310211271,147.85902569230458
EK202310179038,134.51281313814272
EK202310112961,152.296813611682
EK202310141004,140.29659847228794
EK202310150784,161.91349256959143
EK202310174865,162.10950171188279
EK202310123688,129.6739358997199
EK202310190962,142.3624790210513
EK202310192255,129.2263345333135
EK202310192265,137.51022096971093
EK202310193019,152.0599508344283
EK202310114602,139.7128747582976
EK202310110286,131.62118857639447
EK202310163569,133.139058432095
EK202310174927,162.06811008891043
EK202310204027,150.69928395137646
EK202310197637,135.1108537656791
EK202310190376,142.94421883373775
EK202310146945,130.073921103768
EK202310149841,135.19115501232505
EK202310170965,160.31940661587478
EK202310107183,141.8139440241459
EK202310163517,140.8232912753651
EK202310203286,152.9536384683826
EK202310146022,132.31553003819425
EK202310111432,130.24246902632035
EK202310202147,168.95473866974345
EK202310139521,166.466570481317
EK202310214439,146.50668883393516
EK202310178903,149.364538487398
EK202310123729,138.4915251319251
EK202310199058,150.83497407839275
EK202310136770,139.83661684401577
EK202310226727,146.1769571174845
EK202310223073,128.71579929161348
EK202310200813,145.78992297381015
EK202310123891,143.6762286689199
EK202310122410,156.75458791904015
EK202310213591,135.9649310124451
EK202310247671,170.87793375667854
EK202310168753,131.78609355142362
EK202310227492,136.73088968591767
EK202310121230,133.80012513385307
EK202310162300,157.6619850716112
EK202310138673,137.575195258384
EK202310177419,140.67357175709068
EK202310221047,134.4487062844151
EK202310199069,137.35752286080103
EK202310124433,149.95279287785513
EK202310152193,165.21026909340875
EK202310221750,140.61738750625432
EK202310111508,139.1377834315549
EK202310225858,137.94344823012045
EK202310244419,151.64045216948685
EK202310139413,144.49884431473353
EK202310156930,134.64964995378207
EK202310160323,161.13233218943802
EK202310140167,131.23241394862148
EK202310106834,137.34592200229983
EK202310116024,137.64003333093285
EK202310221867,132.61543401846257
EK202310158833,152.8611934359714
EK202310123702,139.36138775308683
EK202310192686,130.24406630064522
EK202310210956,156.2096242993249
EK202310142282,157.49725856392163
EK202310138282,148.0235448400432
EK202310224531,136.966713390824
EK202310165971,132.12355817801784
EK202310161662,154.93626224369515
EK202310109830,139.28042178741714
EK202310149086,155.6209149252616
EK202310128457,150.26827007026858
EK202310146894,151.9970151291958
EK202310153536,128.161117835574
EK202310137317,130.1324479939236
EK202310109096,137.62272044263247
EK202310188535,146.6222781085647
EK202310193279,129.25747997487113
EK202310229951,151.51071876963204
EK202310110507,131.36246918840865
EK202310158912,135.74783255602887
EK202310121939,149.3182913229123
EK202310133006,154.881584845979
EK202310123534,135.42072319651948
EK202310116590,130.70219314275332
EK202310225727,142.4288724605088
EK202310121585,108.35241350573287
EK202310204778,139.10520944387213
EK202310185473,147.69652633092363
EK202310210130,149.1501090952307
EK202310148836,147.59977842434145
EK202310119653,148.3961688876647
EK202310198898,132.31918387892617
EK202310248089,163.68023729651972
EK202310139296,143.35051567567035
EK202310179982,171.18449403790606
EK202310237915,128.14789915021842
EK202310158701,145.9675425326419
EK202310200383,144.4181880399866
EK202310123263,137.65029569528826
EK202310120640,131.67905976737904
EK202310164686,153.5926860298868
EK202310172560,146.61007689789292
EK202310112120,151.3586236514189
EK202310111450,142.7229998771765
EK202310127176,175.2953183112326
EK202310155228,139.85735433258645
EK202310122785,171.96897253848448
EK202310129726,157.5875287286822
EK202310202138,146.57572350300612
EK202310174059,137.0831384337859
EK202310241322,148.1817896943083
EK202310240201,148.1645947984603
EK202310152861,168.92434100300426
EK202310190128,151.14056751881475
EK202310142222,148.31777422369743
EK202310239282,145.70010619088632
EK202310123815,132.01915562977067
EK202310135342,142.7784417513743
EK202310165056,135.600332532366
EK202310197918,142.32247887268034
EK202310152287,143.6845741553362
EK202310118776,146.06736412767455
EK202310204594,145.29839972813681
EK202310207755,135.19419374091828
EK202310202942,130.62573111255256
EK202310115468,131.75295714369003
EK202310196078,165.7815436603136
EK202310208592,149.78040663850334
EK202310138579,142.1565412271261
EK202310221870,127.62552956490013
EK202310104365,141.88778799964996
EK202310240461,148.65707795236926
EK202310189760,140.07980988324047
EK202310190187,151.50849234952608
EK202310221590,156.7861140473333
EK202310195095,136.16888877491454
EK202310209962,136.2610310663165
EK202310236666,128.16013159286854
EK202310163532,150.8837145403356
EK202310200231,127.43104106764244
EK202310166801,141.10694056345972
EK202310137829,132.15945920970688
EK202310178645,141.91186369138433
EK202310132257,130.69522227532877
EK202310116109,136.9667267311483
EK202310170340,139.9707795416365
EK202320005685,153.42096097129564
EK202310110254,135.5436472537759
EK202310142286,155.19929577376405
EK202310113972,138.2758411198007
EK202310173627,171.39793733400938
EK202310161526,154.6053369629422
EK202310199255,142.683741161576
EK202310127635,136.74037294175196
EK202310230652,136.57086704480813
EK202310162047,151.28560766386647
EK202310187427,147.7322151586686
EK202310183777,161.58731869033457
EK202310209587,150.3443724768064
EK202310206498,148.04855876483003
EK202310212354,132.88595516838197
EK202310124840,145.28307088166244
EK202310120474,134.41485008660322
EK202310145470,139.20453279977082
EK202310193235,146.41227697005726
EK202310173946,136.23253740398863
EK202310139407,137.1462423556404
EK202310172298,131.26768468915995
EK202310172477,166.7074975527873
EK202310136836,128.7171924964539
EK202310153000,153.39096618896093
EK202310227011,136.87793247879702
EK202310116524,137.1133330680781
EK202310182080,148.66835473369946
EK202310172447,162.20350511298844
EK202310202778,137.20433694574342
EK202310173634,139.08936276838088
EK202310233498,146.97496671698934
EK202310147033,150.20579341222816
EK202310229276,139.373002584852
EK202310149539,152.40430829604853
EK202310169898,146.72213712560662
EK202310140444,141.7667694223197
EK202310148794,138.58435740262516
EK202310168225,155.3320362805313
EK202310122509,134.8730402559395
EK202310200433,152.9831712153071
EK202310147275,140.0504154912077
EK202310173524,139.87991065042007
EK202310172383,134.95602250792027
EK202310162443,139.56142435732875
EK202310136680,156.83110850633167
EK202310145392,124.2759633074381
EK202310128822,154.71387143072894
EK202310178947,135.54505001432426
EK202310161017,131.57825280959514
EK202310117154,137.03098941331686
EK202310191847,153.99773217356952
EK202310235861,152.20806113035118
EK202310144219,138.44691332125163
EK202310163279,157.93723447691625
EK202310123158,133.11636502191382
EK202310130523,159.46895505868434
EK202310149646,142.60666656493558
EK202310135587,136.53797339199838
EK202310206712,163.34702107301746
EK202310114144,147.28790933737596
EK202310143984,133.7349231450984
EK202310247715,138.14358656198658
EK202310166729,144.07125399470624
EK202310166588,159.61788151846267
EK202310104103,138.57776890157237
EK202310180245,161.38966141086516
EK202310147372,154.20347228749213
EK202310153045,139.95453847045306
EK202310218342,133.04167108988395
EK202310178452,144.49190788907924
EK202310215610,149.17312696799695
EK202310125820,142.04697109763538
EK202310145000,145.32669369605807
EK202310123565,133.79745441378518
EK202310119232,138.66214276329688
EK202310121655,133.29983970672413
EK202310220009,138.74795041228188
EK202310108478,160.10425922522427
EK202320006810,162.64659712224562
EK202310164302,131.07488486489032
EK202310127527,135.3285899166312
EK202310158421,146.82398955907914
EK202310130473,135.46090691064433
EK202310191209,145.93535085072847
EK202310151031,139.4532690060496
EK202310242418,121.60849695655392
EK202310117038,142.00389216427948
EK202310169468,156.47058667510103
EK202310155518,134.00234287406386
EK202310160439,146.2710902634044
EK202310137675,140.13276750510826
EK202310129243,140.3155957459731
EK202310161476,156.9862668085193
EK202310117393,140.2078826181826
EK202310183468,136.98937250969198
EK202310136137,133.05246631980208
EK202310186954,166.24809530075697
EK202310149506,151.6156847059325
EK202310138751,158.38153184237228
EK202310210563,152.8603876964622
EK202310153823,166.84732968112803
EK202310109991,147.93844180636185
EK202310163957,166.26348288503405
EK202310213655,140.02964751754712
EK202310200962,165.52744290431679
EK202310161409,164.92875299748474
EK202310153656,150.28462210196062
EK202310135461,127.70081546725672
EK202310192428,147.1513622155783
EK202310125512,137.60556755078457
EK202310217273,153.09956317231445
EK202310154096,160.49306556399833
EK202310230788,132.58065913145794
EK202310178884,123.76914429159609
EK202310172461,163.12459763039573
EK202320007592,149.0765110801127
EK202310199895,137.90103964684874
EK202310239443,136.56092265915296
EK202310123294,142.36381441013518
EK202310177951,149.76178041740513
EK202310203901,170.92534451550338
EK202310133270,144.0233386127804
EK202310150003,149.98010725635075
EK202310173535,141.64406192174596
EK202310177996,137.29179999193207
EK202310177998,136.5254558480444
EK202310105111,138.05124762868923
EK202310132782,139.4622582496957
EK202310147465,156.9702060095169
EK202310189373,149.69234472345676
EK202310212915,142.13570354563862
EK202310192950,139.418066769535
EK202310116860,136.26932176274204
EK202310219235,137.34278566395312
EK202310159602,161.04643744867397
EK202310004247,138.96682843907763
EK202310108971,133.70188347877436
EK202310188852,152.53637334400136
EK202310139403,153.75418144276915
EK202310234630,140.13562988301663
EK202310003419,132.42827634141312
EK202310240718,130.54528356230261
EK202310139149,154.84000590490743
EK202310191432,147.7500471140619
EK202310150654,181.31676831066227
EK202310106818,134.64457693218316
EK202310238168,136.4133011964835
EK202310164496,131.61951647829747
EK202310187495,157.4083657175588
EK202310103974,145.66197179877463
EK202310109251,138.45442560656
EK202310120857,128.37696866496503
EK202310170330,153.53854519653623
EK202310173297,138.63490902741228
EK202310140255,135.70154144895332
EK202310139229,137.55292172452886
EK202310174339,157.11124992553314
EK202310241642,147.4447764982685
EK202310124888,139.16849155518776
EK202310182131,141.90104458877835
EK202310204239,138.28459807374142
EK202310168111,134.95091702847108
EK202310121789,136.00487414213168
EK202310140719,138.6758361631299
EK202310192995,147.51983371572638
EK202310117846,133.32712845254642
EK202310116879,136.07210518715362
EK202310146348,129.62271463974142
EK202310161368,162.86364818582
EK202310176187,149.4574770825598
EK202310003798,132.48223639682794
EK202310147169,159.0685201218575
EK202310130622,133.18495184784013
EK202310246544,166.92801913814193
EK202310153051,151.72551629263359
EK202310185995,150.8583802916002
EK202310110814,146.79882301071206
EK202310151121,137.18400275232207
EK202310219095,135.2776681239655
EK202310110404,120.85124730467203
EK202310144409,135.17195285187347
EK202310187391,135.8293045388805
EK202310149764,150.33042024973676
EK202310201310,156.86753992034022
EK202310236862,136.72602261292673
EK202310137394,142.18322662639494
EK202310141967,154.17533594581704
EK202310116050,127.05973957137377
EK202310207103,138.29764712062098
EK202310004907,148.71055712708173
EK202310151090,137.9272397923857
EK202310172058,162.39826072822828
EK202310115937,135.6314608287303
EK202310200500,133.81423104627598
EK202310197265,151.23203811504857
EK202310156808,150.04650443863926
EK202310210778,156.08690432456194
EK202310178848,131.56945836279647
EK202310189222,148.39677959235922
EK202310245286,154.75390698570553
EK202310201625,145.11886869236636
EK202310245649,135.5302695734864
EK202310149643,143.0264997529289
EK202310136510,137.10770319516595
EK202310122753,140.7090076007295
EK202310246817,147.28596069040273
EK202310210226,136.58751015972786
EK202310172695,142.4277210874437
EK202310170665,159.4823480806394
EK202310142911,137.41950391550387
EK202310169874,137.71643342364294
EK202310198233,155.94753928745646
EK202310207245,133.90282271176008
EK202310123010,142.4264876870419
EK202310237178,134.06415953739324
EK202310199794,145.57807739121202
EK202310150744,143.70948623756584
EK202310230791,137.03845369870945
EK202310219009,141.88303690424868
EK202310156827,151.52914111827556
EK202310128134,152.67547628560763
EK202310106985,146.08372013735698
EK202310169339,154.91624195104478
EK202310235910,149.71374668602027
EK202310234586,141.11251634376995
EK202310225660,130.8389489688421
EK202310004833,137.88888014730617
EK202310197506,134.176876824191
EK202310165175,150.49076898393125
EK202310133623,159.6429018433914
EK202310188944,138.2372304661684
EK202310195388,147.44524561209582
EK202310136775,148.57669094015256
EK202310123115,126.83066273724818
EK202310236860,140.5660506546847
EK202310144494,139.2824184967865
EK202310229026,139.15661338354394
EK202310135882,145.21464079073414
EK202310212362,132.8787109788983
EK202310159458,138.2194170465888
EK202310208432,149.51337678201796
EK202310157240,134.91021684539282
EK202310209343,155.49027787366327
EK202310214206,147.40986910149402
EK202310178372,153.24822205802872
EK202310243735,134.18483347059725
EK202310148264,140.26254079384117
EK202310137796,144.3878135683407
EK202310124924,149.57444005175444
EK202310236432,138.23785239866572
EK202310175676,147.15128911913106
EK202310235955,140.99692526600248
EK202310198947,148.07258883310175
EK202310134055,146.64666774434926
EK202310174001,151.2843767917178
EK202310115167,145.285766756365
EK202310127593,146.74842841683864
EK202310158302,159.15925250789607
EK202310212755,148.53696497263132
EK202310240947,131.6533812028546
EK202310149996,134.03952058171652
EK202310150238,125.47565123614936
EK202310235315,151.91814398607858
EK202310112303,147.03170060025545
EK202310162832,150.4671600303193
EK202310168734,149.67200950372722
EK202310144612,135.95680683348724
EK202310141463,133.1201418932077
EK202310186157,145.0498636055381
EK202310196629,166.2582900209322
EK202310177781,127.42838972821235
EK202310214576,160.4257350248958
EK202310213457,139.92976578023337
EK202310109319,133.67598810975824
EK202310140409,150.4578396831571
EK202310159595,139.9889805105835
EK202310221635,138.6151522366991
EK202310156425,145.61793037634862
EK202310151139,126.89391438309742
EK202310122849,134.9869056143673
EK202310149074,137.85383002191972
EK202310242259,151.42657699907537
EK202310164229,152.75312679700343
EK202310193843,163.66092463899776
EK202310206163,136.06765284394868
EK202310226035,135.5229743523792
EK202310152221,153.18096219489905
EK202310105803,136.5546045872713
EK202310226363,135.09412254325358
EK202310154688,153.56767663400723
EK202310176650,134.16791846181275
EK202310145747,147.51163928006795
EK202310211584,133.8086696278831
EK202310220442,138.65385161814228
EK202310205364,150.85409706699565
EK202310247943,156.861681665211
EK202310211494,134.50101575978252
EK202310223193,138.06649509419498
EK202310192188,161.30284942678875
EK202310182827,148.28462332547852
EK202310232562,158.6331759100094
EK202310133290,133.52580049893263
EK202310158696,137.38502364558582
EK202310217289,134.33971058138394
EK202310160255,152.38069172536186
EK202310153931,136.44987114777987
EK202310152474,124.08933681308487
EK202310202098,158.44458725730675
EK202310222372,156.71457573518285
EK202310122551,126.03405142491401
EK202310189977,160.06877936252107
EK202310235124,149.10338860876706
EK202310230811,143.8080426482387
EK202310139101,139.3875117580208
EK202310172491,135.91074725356034
EK202310217910,141.25792910864655
EK202310111343,138.54487474979823
EK202310003655,131.97440764571698
EK202310143114,142.4075597442919
EK202310199189,130.411479850313
EK202310216615,137.517840034543
EK202310191841,148.06180601611774
EK202310125751,139.46819220782024
EK202310138803,147.84078686052018
EK202310164581,144.49915863260392
EK202310208664,159.0254498537003
EK202310110520,133.95928137681088
EK202310121702,147.59519888155825
EK202310217544,140.20360928835123
EK202310230128,140.05701993599246
EK202310143116,138.066791061559
EK202310240904,126.42627824207197
EK202310119417,156.69355994032932
EK202310140166,132.09204876006592
EK202310173685,143.84305211746715
EK202310183555,142.01823736980933
EK202310184119,143.37079286475705
EK202310107937,139.87682772014773
EK202310212966,140.00013596415312
EK202310161552,151.17931130841876
EK202310176844,130.80026579507643
EK202310106215,128.16438208781543
EK202310114075,135.5802469271274
EK202310130063,149.99473827701814
EK202310205703,134.34058747207615
EK202310197515,130.06515284610896
EK202310211815,134.90096902708552
EK202310201003,142.2492684383083
EK202310230991,138.7113906936515
EK202310117518,150.67852815165986
EK202310197246,158.91583760116546
EK202310172663,137.61168798339247
EK202310139483,151.68065736813838
EK202310129316,164.3629116616519
EK202310152009,149.69840166514356
EK202310202611,138.2822355728019
EK202310226354,141.190849360206
EK202310117193,139.31962891421236
EK202310118713,144.08257922639342
EK202310172411,165.9673651948877
EK202310219644,125.4475521858159
EK202310213531,141.3182291899002
EK202310242803,126.81279596528539
EK202310152661,156.29308983644793
EK202310152241,132.6862784302597
EK202310229787,144.86345536594513
EK202310242437,138.5101497213612
EK202310108706,151.19543000065514
EK202310185541,141.66122562003446
EK202310164254,152.35641167781398
EK202310169434,139.8689132612918
EK202310140161,132.9053246618902
EK202310140926,167.83361092294794
EK202310144378,134.199486025923
EK202310207675,126.10831427311078
EK202310176041,108.87401753597162
EK202310179507,147.92682970072525
EK202310217262,138.9941371263114
EK202310212384,136.06639778329676
EK202310236809,139.1185469437632
EK202310210937,137.67976377305737
EK202310146509,147.11647250745543
EK202310208359,146.77615453263255
EK202310196964,174.99123772335716
EK202310121297,131.92816052256237
EK202310125054,154.831473593279
EK202310150801,133.61739627524975
EK202310124068,139.64596101755888
EK202310217152,150.11825785890915
EK202310213127,139.01347730117774
EK202310138002,133.19232598994222
EK202310137999,135.52689747643274
EK202310120368,141.39288071291372
EK202310139442,143.5499846251951
EK202310130726,129.6793035492537
EK202310227013,133.36464892502167
EK202310120427,141.78117857567307
EK202310178312,144.38040338902215
EK202310174421,142.55525947493268
EK202310152720,157.215310595732
EK202310244641,139.70234623117707
EK202310207759,137.51317499510313
EK202310150664,144.11103328134902
EK202310130175,167.07985736410868
EK202310218396,134.23555559529353
EK202310200848,142.66415740134707
EK202310169858,134.5470376686292
EK202310167529,151.25029111917664
EK202310105681,132.06558549329037
EK202310120146,147.29502854373126
EK202310119589,153.98446628247964
EK202310116721,137.66278812459993
EK202310167292,135.8634403200622
EK202310184949,160.6376074287765
EK202310114495,138.0290388454873
EK202310196817,141.46815117550582
EK202310247795,138.20754248474398
EK202310182295,152.344431964832
EK202310104403,153.5679016982022
EK202310145319,144.68877978700738
EK202310180791,162.71741760957008
EK202320006323,145.59244875297298
EK202310240533,152.3331293209484
EK202310127909,154.43366476719478
EK202310127901,138.84316129239554
EK202310152050,143.31638700464015
EK202310129455,140.5075186144552
EK202310109106,149.57092501128636
EK202310131756,139.6696126812664
EK202310237136,135.8258983386079
EK202310120314,149.15570400616096
EK202310148251,135.72720985878888
EK202310138226,145.46549963905858
EK202310109018,141.71899955868307
EK202310208749,139.26574212500702
EK202310003722,137.81754467546753
EK202310231839,136.75407446694774
EK202310221232,128.5118104627122
EK202310216059,124.67881038338216
EK202310225575,143.66525153813123
EK202310106813,137.07333894462067
EK202310165461,146.20557369676075
EK202310233667,151.82301631839724
EK202310155049,138.53755773937664
EK202310114377,153.93989224805142
EK202310231905,140.68884077391908
EK202310205554,152.38124864553873
EK202310158652,129.82929423662063
EK202310178116,146.16226368379637
EK202310206509,148.84821748188497
EK202310203355,163.164210013691
EK202310242205,159.18424778581826
EK202310133154,124.83453725355386
EK202310227076,140.81009224465208
EK202310138977,152.56205780771631
EK202310227762,140.1240040297731
EK202310176853,134.8055812613609
EK202310162306,137.89906517941714
EK202310210652,137.48686685118244
EK202310231471,132.05564027011914
EK202310198811,143.55756863145513
EK202310194755,149.25240950372358
EK202310213637,138.64675439574523
EK202310216935,164.2897117059189
EK202310148553,157.34271082966967
EK202310118079,130.62947305091564
EK202320006148,170.44864057788982
EK202310169315,146.2959568909708
EK202310215478,130.55668570169826
EK202310193163,157.82661081335917
EK202310166480,150.90803678747807
EK202310121860,133.78816712982152
EK202310229325,138.73547482346936
EK202310178140,136.88113579560826
EK202310217881,148.00587849002451
EK202310172603,140.41445963679652
EK202310172232,138.5859144301898
EK202310215413,153.2160357207491
EK202310200194,155.49602839020204
EK202310212870,135.61894143689454
EK202310152587,151.55361541686494
EK202310138105,138.4674181817131
EK202310184620,152.22439047560678
EK202310120222,146.55945471823182
EK202310181510,154.83735738111145
EK202310209297,133.67849982801164
EK202310114316,135.862060293965
EK202310122992,142.8036099240179
EK202310169594,130.28137799409927
EK202310130080,134.81269952564324
EK202310133522,136.13748478507244
EK202310248335,142.5317536426426
EK202310146609,139.10870936779676
EK202310125379,133.3198668571512
EK202310138254,143.93089055478458
EK202310148644,146.65134959167997
EK202310142229,150.5960600635256
EK202310179390,163.41056144841897
EK202310122502,134.34584712141793
EK202310132067,136.3830843204379
EK202310139033,146.11156354859057
EK202310174868,156.74769430985629
EK202310135426,139.37962988200218
EK202310159611,137.8010830133963
EK202310201750,146.23885152051488
EK202310182771,148.0378884694812
EK202310168375,146.84873205148574
EK202310238925,142.27606713784067
EK202310220283,139.4792443708489
EK202310141586,144.84451689637245
EK202310121160,136.01609469146157
EK202310231913,142.8465329864662
EK202310180283,123.84935496538033
EK202310131842,167.61650676987963
EK202310188406,134.00424292504462
EK202310154032,149.5803686724664
EK202310108823,170.737830951313
EK202310120117,148.58969612271187
EK202310247965,157.83810459625292
EK202310229128,163.157077287743
EK202310150441,141.9634001971857
EK202310211128,141.2583724146198
EK202310185601,143.41602882939455
EK202310160008,140.9345659387567
EK202310229066,146.8258611394463
EK202310180392,131.63196089494937
EK202310119754,144.44804775897776
EK202310156284,136.09750616387234
EK202310202853,158.33387569645777
EK202310122376,163.01214589209926
EK202310233034,154.0034720758867
EK202310201718,134.45759698323545
EK202310195404,138.0843870372244
EK202320006623,159.8068655767276
EK202310172346,131.17852579160962
EK202310220369,143.39841618092126
EK202310133576,149.47436966231825
EK202310203386,167.00939407840758
EK202310125524,138.35961349153888
EK202310183338,130.48470303955287
EK202310199400,151.9579131145678
EK202310232929,125.04642780885719
EK202310144777,140.99145891603013
EK202310206148,146.88580815199703
EK202310163892,140.67265863911953
EK202310226194,128.62913935367868
EK202310229083,135.61440418153126
EK202310242355,132.344741972013
EK202310153019,132.11698898254392
EK202310133725,151.77420599741595
EK202310237397,131.85732124092965
EK202310108761,149.9068494470312
EK202310202125,130.34022990858716
EK202310223149,139.34791812654518
EK202310211064,142.15164742928437
EK202310206726,170.8399288099851
EK202310239457,132.91263140367343
EK202310131359,134.0284749635282
EK202310225966,174.68638873203813
EK202310162670,143.64846274732713
EK202310112377,154.3021272940359
EK202310161138,126.05768837049916
EK202310143575,127.61595997563619
EK202310140582,135.83474139914523
EK202310106691,152.22816938004922
EK202310106388,128.85388809265186
EK202310132651,139.39381278383968
EK202310235986,147.16483475781632
EK202310116284,149.7690931716461
EK202310243775,169.33361920812484
EK202310129332,156.02392275670425
EK202310004513,134.29008988606304
EK202310148366,132.1217774728059
EK202310127277,142.14489375728303
EK202310197024,137.01540869806266
EK202310132043,133.11157049617623
EK202310109603,130.42082201516837
EK202310119816,147.331142133272
EK202310183299,148.04003012850148
EK202310157782,139.5587016690904
EK202310240073,146.77802255493654
EK202310124263,135.82798898956824
EK202310118878,134.62499591301568
EK202310159933,126.22304442223921
EK202310235851,146.28165186256254
EK202310199705,168.0499632389477
EK202310121857,141.55586082286942
EK202310135337,152.9773669124492
EK202310116218,146.42135395862846
EK202310247152,144.60986035382373
EK202310213364,148.00201886939809
EK202310117331,140.77050159421105
EK202310220060,146.4726487017291
EK202310113433,155.36257369841053
EK202310200316,141.9858702023283
EK202310204117,148.44372280038004
EK202310142962,137.35343028242704
EK202310149474,143.17128744531252
EK202310156319,156.76067667226837
EK202310111297,144.35217927004712
EK202310149401,146.36934579615527
EK202310141738,148.6118697293037
EK202310219293,138.4393964076028
EK202310228805,133.96545597677192
EK202310232975,135.14803441038197
EK202310238431,147.50411661847323
EK202310191477,142.36063276287362
EK202310107521,161.309387038855
EK202310126862,141.98130674090544
EK202310116842,136.96796952913522
EK202310220332,141.68009424028722
EK202310191222,136.3422246935524
EK202310142584,143.47528202434773
EK202310181821,140.83119901801783
EK202310193376,131.1586315914231
EK202310220744,145.70819958832783
EK202310146397,127.64838916815808
EK202310168910,135.69797828939062
EK202310230593,145.9571389846539
EK202310228617,134.89950304888947
EK202310155826,151.46070824639443
EK202310211936,140.56236623059033
EK202310210374,145.42761381399154
EK202310143369,131.89771983265183
EK202310226681,135.13186371408136
EK202310222110,140.91756271128227
EK202310237461,147.602045800878
EK202310004906,133.79363136627265
EK202310242700,134.85092042834683
EK202310205947,131.49582645505535
EK202310178378,143.65260644984576
EK202310165711,150.68301567722793
EK202310169499,130.943760646137
EK202310146580,153.46498864951002
EK202310213522,134.69955767543004
EK202310236119,159.3698954730993
EK202310223991,148.71233272070265
EK202310121767,149.4377528133558
EK202310188210,139.48982295842424
EK202310160523,142.83979690908922
EK202310109762,151.1947573477342
EK202310171055,139.8348137532232
EK202320006726,141.30888579792975
EK202310210705,133.90894789810076
EK202310152215,135.5536744010456
EK202310125726,137.37948930479436
EK202310172100,141.46123505457697
EK202310003880,135.418503749266
EK202310128330,143.98116389762657
EK202310112999,146.43210215464757
EK202310201791,169.20469927975626
EK202310124897,131.23722513168312
EK202310218886,160.13180694878207
EK202310166286,148.4253681436361
EK202310214269,142.54988229649652
EK202310131160,152.403896953653
EK202310189137,136.22616308224914
EK202310118145,136.86775642130516
EK202310182255,135.90954056715418
EK202310177007,153.9665643285874
EK202310205755,147.57573479443604
EK202310135629,133.54801619621648
EK202310232047,142.89765038931466
EK202310171967,146.4022042650626
EK202310184827,167.83684461587794
EK202310131897,147.04624593074365
EK202310152600,157.88517177077154
EK202310184315,161.6985966132102
EK202310106757,140.06615707489473
EK202310145774,141.02048871543238
EK202310134477,148.95276343411746
EK202310221434,134.490553491478
EK202310183603,151.09275802753265
EK202310191157,137.1254731380253
EK202310182657,138.35292779914965
EK202310174889,162.65857262966864
EK202310118138,142.81246212045264
EK202310157349,143.71270301048463
EK202310143539,141.7546216577653
EK202310106752,141.16057962057917
EK202310163158,153.22410567557594
EK202310132302,134.04412480238523
EK202310198764,173.9457470093796
EK202310237390,137.472981123363
EK202320006875,173.4478392375078
EK202310144420,131.5445852635168
EK202310238324,129.27079174566285
EK202310199756,155.49132488896214
EK202310226741,130.18067316733618
EK202310207205,142.51473171611445
EK202310180418,132.81163557923767
EK202310110312,135.45217429390829
EK202310119768,143.61092000508756
EK202310225430,141.90131316090913
EK202310217204,143.12748063071413
EK202320005824,163.61267638163247
EK202310199269,144.62056187520085
EK202310199501,131.76569809903162
EK202310158676,143.4350825444902
EK202310224293,135.81019691250066
EK202310232892,134.14344129747047
EK202310225252,157.33758065987718
EK202310113567,154.11744066363008
EK202310224840,138.97092743454562
EK202310109292,131.20375974369773
EK202310226200,134.75480703455284
EK202310239680,131.28036799784533
EK202310173548,152.62819913133762
EK202310235032,145.90474390637618
EK202310153501,142.14042641324352
EK202310124943,141.41586541676006
EK202310164539,132.89591487835398
EK202310230792,127.9888315917043
EK202310218099,135.37979863739923
EK202310229998,139.84240955115604
EK202310157394,150.95106512621325
EK202310226677,131.09892439043182
EK202310165785,134.00309775129685
EK202310148800,146.87591337723322
EK202310140528,145.32161500951062
EK202310110007,140.3621513980933
EK202310218212,132.683445569595
EK202310237319,131.7088434717449
EK202310113425,128.35848585569522
EK202310193343,145.41191152854188
EK202310111647,143.44816691026688
EK202310219959,148.72570855648942
EK202310171010,166.37751719131225
EK202310113418,138.94102992585275
EK202310220109,137.6771649246908
EK202310231986,136.83640732962098
EK202310163423,147.51912147731528
EK202310155174,130.05980784582982
EK202310184525,135.88319348301675
EK202310229347,141.79620039833645
EK202310142923,143.85796066837656
EK202310210269,131.27233926467335
EK202310196636,127.9362182864194
EK202310158355,136.89994653372642
EK202310150025,160.14734693096565
EK202310208520,161.55540041812176
EK202310144006,150.17880888092364
EK202310142308,145.48488754624614
EK202310205760,148.70174553321277
EK202310237299,129.68899008353807
EK202310163552,140.77969591496858
EK202310221189,140.18819326809967
EK202310129583,149.35218420341835
EK202320007854,140.84713285237567
EK202310177946,134.1645540645809
EK202310184968,155.648289015835
EK202310146300,143.59250596772517
EK202310104019,129.56865433487394
EK202310197813,141.36760757240043
EK202310175869,141.99795902491115
EK202310179266,134.84060155701542
EK202310167362,139.06904452197594
EK202310104210,135.1544112995788
EK202310202549,147.01283313534805
EK202310191743,141.38248865906837
EK202310166413,136.17637412956984
EK202310203749,140.69514895261383
EK202310165306,140.95511713281763
EK202310216846,151.3401716338784
EK202310198888,133.33722052844564
EK202310229697,130.93414910807138
EK202310105578,143.09782782044934
EK202310214588,155.35928429537924
EK202310201136,172.97329905996193
EK202310228123,149.62863820391817
EK202310110127,135.41892314875588
EK202310247206,151.1282611858919
EK202310121901,139.55037046154155
EK202310166880,154.3814758706225
EK202310118097,132.18049928611984
EK202310142606,137.68768323597232
EK202310181131,141.03592716721118
EK202310211240,129.58404986173497
EK202310240803,149.6361865129003
EK202310188331,146.53298826739365
EK202310190398,150.66857881779245
EK202310192965,148.4280886003819
EK202310238010,146.7819435644427
EK202310184509,158.13652445551446
EK202310156014,136.80980003652542
EK202310175583,161.33830084444784
EK202310155000,135.07101960707513
EK202310243443,161.37532024273574
EK202310218044,138.8692082795737
EK202310170653,153.80558293152797
EK202310182360,150.30859005803435
EK202310170068,130.67151231445737
EK202310217301,125.03488735201732
EK202310227388,135.82635333088837
EK202310168221,154.57233644616565
EK202310182297,139.47729238721683
EK202310222399,135.5230410798015
EK202310231989,137.42569782136772
EK202310170400,124.01041046652394
EK202310192873,156.78809574340912
EK202310227069,134.0376159436776
EK202310167053,129.85827779803873
EK202310127994,138.6919765380338
EK202310158796,151.97780016260228
EK202310185789,130.82269154015455
EK202310111478,142.4035387914054
EK202310175233,158.8997301850147
EK202310129973,131.9783486282936
EK202310172495,139.9068481808336
EK202310107866,139.41944358454685
EK202310124298,131.89978619703044
EK202310225001,130.9236943449287
EK202310124145,130.91554626368824
EK202310127463,131.41523518245685
EK202310136106,179.7540339767586
EK202310105453,136.69346221559505
EK202310175015,156.63524485527475
EK202310230922,140.28623305022614
EK202310238898,171.33359302299934
EK202310208522,158.4675891257111
EK202310178681,156.81862715844684
EK202310141116,152.99596158536886
EK202310004001,150.49569157222007
EK202310191798,133.13925130834855
EK202310201918,139.9352318362605
EK202310108606,150.3090925475815
EK202310220064,137.3053289189047
EK202310120614,132.24109891403478
EK202310131340,129.1351603380798
EK202310151419,169.2614210334432
EK202310221165,141.69749227125115
EK202310192641,149.1027673837303
EK202310191435,143.23432587724602
EK202310232224,131.87150289367597
EK202310224387,132.477284432204
EK202310145906,136.17864918989144
EK202310230764,131.92560820440622
EK202310236583,136.44026334620415
EK202310157601,130.38037365474952
EK202310166668,153.2125639599751
EK202310244790,146.10974144732057
EK202310127133,137.78364751526354
EK202310004413,161.5266674910102
EK202310238475,139.48677080727526
EK202310136559,140.23653390075413
EK202310152026,148.83908527151496
EK202310180741,140.3553718997854
EK202310221752,141.87186715153047
EK202310228294,128.1540530648024
EK202310231601,142.68463886446972
EK202310238106,131.7994584034904
EK202310175909,146.94617481788575
EK202310165153,135.71247338682926
EK202310105565,147.73925195648366
EK202310185347,159.95633640994527
EK202310184004,154.0041017190901
EK202310183138,135.65989862236626
EK202310113152,137.1279506104084
EK202310199569,158.10659902222343
EK202310151037,142.84932051181656
EK202310106219,133.00089157259046
EK202310106185,145.55427720251623
EK202310164530,152.3624496132185
EK202310166239,153.39301583163584
EK202310108760,147.52744814014642
EK202310108861,135.86453938442912
EK202310177413,159.4533138560092
EK202310211129,125.43430924043193
EK202310229184,140.13805631023092
EK202310209428,158.43655054806797
EK202310228583,137.50524358361258
EK202310120692,148.45154001396986
EK202310137642,134.9977342899858
EK202310245435,143.80226369571497
EK202310159599,141.59471789673535
EK202310148010,148.80010298919132
EK202310129728,157.72900171725064
EK202310114201,152.16542315095595
EK202310207474,161.91253410732412
EK202310158602,157.54238609977887
EK202310197691,153.96338198443198
EK202310235040,146.0220365668645
EK202310129119,144.83543109249442
EK202310142174,153.1438293169947
EK202310191253,144.98310915209817
EK202310241141,144.0055859561861
EK202310144017,137.89400278105333
EK202310182852,140.17159084762895
EK202310243301,135.62232430391373
EK202310176307,150.29686881191859
EK202310209283,144.84911631296046
EK202310216003,139.54178050930835
EK202310246200,131.59842514630293
EK202310173196,130.3254606696299
EK202310122833,129.33985585726984
EK202310118540,147.02922923960904
EK202310168622,160.55542097371162
EK202310174271,134.9207277649699
EK202310201560,154.4313715087387
EK202310113325,127.85711469401228
EK202310172664,139.30275644732538
EK202310192162,156.1118603716112
EK202310134544,128.25317027505477
EK202310222337,150.18058998277516
EK202310199226,149.45016918723113
EK202310214101,150.53666392737333
EK202310188611,154.11035451241892
EK202310220799,141.52972356518862
EK202310184861,144.2610173778122
EK202310106782,134.37571662729613
EK202310232084,130.77571192842404
EK202310178435,155.32820996102473
EK202310165952,148.7600185656017
EK202310141382,143.7702129813005
EK202310163439,158.49911671055534
EK202310205428,131.2113660575809
EK202310178086,137.43711553448466
EK202310004022,156.48286352127985
EK202310114303,150.49115341877348
EK202310104436,134.75577580248589
EK202310240015,155.6510301561992
EK202310202741,148.2078335909586
EK202310226747,141.89120077984475
EK202310148639,136.9998531068995
EK202310117683,130.63036425765648
EK202310232945,137.48112242831874
EK202310220108,159.6620167125184
EK202310172683,139.3843290061684
EK202310104609,131.4013531607674
EK202310182165,138.55265358123447
EK202310112029,152.074041864052
EK202310157969,149.23452219175203
EK202310120703,129.92053210061601
EK202310191410,141.96066117740415
EK202310156166,134.2319945702439
EK202310248074,145.68022746004806
EK202310175176,138.9792516358831
EK202310194239,138.61815763280774
EK202310162582,141.44563798292324
EK202310218787,140.8822930029782
EK202310228638,130.87202018504087
EK202310139489,165.55399402738297
EK202310210571,138.13619430200325
EK202310143902,139.77811572265026
EK202310198163,143.72249489511566
EK202310166041,169.07865634719954
EK202310242789,157.11412049125957
EK202310202040,145.39186361950675
EK202310194102,149.39522741436744
EK202310210845,133.46766930237243
EK202310193409,163.26866570182978
EK202310241561,145.78662030057444
EK202310129327,149.03347685762452
EK202310145599,168.3420090354534
EK202310155246,147.97728011921566
EK202310204706,133.21119751481277
EK202310218784,151.14143362559483
EK202310243990,141.0298499351802
EK202310137899,130.26307282671465
EK202310175650,133.64058066455593
EK202310234991,137.66306692225996
EK202310221501,143.37906149268346
EK202310117760,127.50455593050994
EK202310209924,132.99555238069024
EK202310158508,132.23970644791947
EK202310188607,144.03778954722767
EK202310176707,152.18096606197608
EK202310241804,148.40642211804294
EK202310130229,136.92665196167232
EK202310196748,141.2626723453601
EK202310226961,133.99604633424133
EK202310126275,132.69645546756337
EK202310182346,162.78706439403882
EK202310215287,150.72751328423627
EK202310186469,178.67425851618276
EK202310147351,147.1045643196444
EK202310227063,142.26543163702067
EK202310239630,128.27253657353376
EK202310202315,147.6406357960241
EK202310151573,133.28588434327003
EK202310229182,131.96160351823264
EK202310197801,134.4464803732503
EK202310247336,171.2847686043922
EK202310183064,135.7616115614979
EK202310200957,160.49179914773802
EK202310112953,142.18375838219677
EK202310185221,145.8360226010371
EK202310176129,153.2773137117094
EK202310171777,130.00076838030785
EK202310186071,131.44924309914057
EK202310206123,145.2891053753653
EK202310217431,152.62069476394265
EK202310171470,125.47052778516898
EK202310246028,145.51879919117732
EK202310145970,137.4874158534048
EK202310234938,130.37510884270714
EK202310156116,135.35417043817193
EK202310116714,129.9943271679229
EK202310212797,148.19556490642438
EK202310138938,161.66023697231572
EK202310148128,139.9484405350249
EK202310175673,138.26619442594338
EK202310238664,132.56569689965
EK202310190836,137.83653158329608
EK202310196156,149.17594268065875
EK202310132459,134.48009042967956
EK202310159062,135.99529683427932
EK202310147832,166.8658179011994
EK202310116029,143.69252292111398
EK202310203822,149.58001113158005
EK202310223388,147.76598351980792
EK202310208656,144.42457295619863
EK202310003650,125.27314421763195
EK202310163159,140.2832296585133
EK202310188703,138.96946169348246
EK202310144864,143.06282704463166
EK202310156884,147.43474138267362
EK202310216506,145.14580141657726
EK202310220197,143.41402338904257
EK202310234667,143.3763704508282
EK202310203255,151.48846562557844
EK202310105960,132.1623256871495
EK202310115804,143.04873518953656
EK202310246112,146.70926930078872
EK202310168025,156.04675231082498
EK202310178472,137.67292127622628
EK202310181975,136.07023848531543
EK202310132905,133.97782035846262
EK202310113841,134.32798104124953
EK202320007828,157.1104239286138
EK202310192867,147.2007591086187
EK202310109054,126.26637398217689
EK202310236216,144.41741420042263
EK202310170777,133.77007323710572
EK202310166144,133.44044108363846
EK202310201844,128.81108117366526
EK202310123470,141.66423283762515
EK202310224526,136.19385130685345
EK202310151158,136.03292836826046
EK202310184295,139.334077185883
EK202310124272,135.33204543527472
EK202310162944,138.82803894805835
EK202310224817,129.1210256519111
EK202310172859,150.95889587690922
EK202310137191,127.59847109886677
EK202310140281,137.03799507992622
EK202310114907,130.48484797144366
EK202310122165,136.00968662458496
EK202310215454,137.6501927580305
EK202310243142,128.5921840219338
EK202310164187,142.22648859868875
EK202310225253,133.16883534377436
EK202310174458,167.70034019126223
EK202310176969,150.8453987662163
EK202310219479,129.8342391097804
EK202310119494,139.30260964618722
EK202310123405,142.21742065153617
EK202310231534,126.17291011588313
EK202310222489,143.7195730837512
EK202310111149,157.94790392993025
EK202310184714,135.92595576076556
EK202310196844,152.74920634081354
EK202310232521,137.77603136271333
EK202310184622,167.96450405734006
EK202310118852,133.34703391731748
EK202310168516,161.1751955428192
EK202310178071,140.0394236476879
EK202310149839,137.96853825046676
EK202310184305,165.40035801590068
EK202310222961,134.79635074098323
EK202310197108,146.4569112562665
EK202310244680,134.37639924739707
EK202310164685,156.07238327307425
EK202310153568,140.92778177471118
EK202310204533,143.57559776957686
EK202310243304,131.33305084049985
EK202310122606,149.44143246549288
EK202310107843,141.32932633324373
EK202310195481,142.59648846114638
EK202310195622,142.22822973548145
EK202310185200,142.78187173622624
EK202310127597,143.16957394593902
EK202310145627,129.4459474211391
EK202310157400,132.78010784777487
EK202310226857,144.90665792774956
EK202310127964,141.95349356680444
EK202310179573,148.4442029544788
EK202310212013,142.68543894385468
EK202310226545,139.61271781178615
EK202310166825,125.91221012554483
EK202310163867,159.99462503269064
EK202310196745,144.2604573697255
EK202310109208,144.75564530435182
EK202310205143,142.3421053010749
EK202310136525,136.34165540186493
EK202310159137,143.22421096233992
EK202310238980,137.96906497001615
EK202310121185,154.03990860318595
EK202310142061,142.61809749836743
EK202310198507,144.61665244504832
EK202310184870,147.3904037324394
EK202310155208,142.3121132646809
EK202310124725,126.7927702449154
EK202310103880,153.37869780267098
EK202310246880,149.60396252029742
EK202310190191,129.19906243497482
EK202310241383,132.2987486349687
EK202310109761,139.71381937391658
EK202310218045,146.65660052329267
EK202310208985,143.3029970486247
EK202310126092,133.6021684575981
EK202310247678,144.7080845850146
EK202310137747,135.89978024889697
EK202310201825,139.0376951603374
EK202310130845,132.6082404698862
EK202310239295,137.20437335057065
EK202310166294,145.89708115656913
EK202310211671,136.0050689652431
EK202310248376,138.32579136075316
EK202310188903,146.4020998706912
EK202320006661,168.86673208731088
EK202310157204,145.87179800540352
EK202310222542,134.49526502303476
EK202310182598,144.60397616690807
EK202310128634,155.24270449006394
EK202310137926,127.98685533327722
EK202310197018,136.63258179787817
EK202310184643,162.6232730235309
EK202310217014,145.02601259299826
EK202310200280,144.67562963488865
EK202310183028,133.617320247268
EK202310106142,128.98601253102075
EK202310103822,142.02517277812183
EK202310157052,135.45678853486478
EK202310122614,143.86180536055616
EK202310155664,142.78573170458105
EK202310165913,136.89657893119326
EK202310191203,135.38008003822827
EK202310119226,131.24836610213046
EK202310234080,159.9644280456339
EK202310196735,129.41167969135427
EK202310149314,138.20189511338893
EK202310155188,133.13548660278428
EK202310114860,145.47169831833867
EK202310118865,160.0260201522102
EK202310160832,140.4038634007743
EK202320006619,161.56940572227623
EK202310127739,128.55036124590197
EK202310115501,133.88082933521196
EK202310166491,166.58450132706682
EK202310197828,166.77481123244146
EK202310242137,132.04380620758266
EK202310235787,143.30887130224608
EK202310220464,148.09695283159508
EK202310112649,142.7952830680314
EK202310110214,134.04023874570504
EK202310164835,140.8343109187401
EK202310204462,129.6776203689524
EK202310187862,162.43848723576144
EK202310131273,136.18737699803972
EK202310128020,143.33751651826944
EK202310204211,164.24258618047762
EK202310208246,139.29731580328541
EK202310166450,139.57390244838845
EK202310171141,137.32711364915633
EK202310159355,140.1445385932489
EK202310194303,164.89591496659457
EK202310214928,131.40991632056895
EK202310122215,143.24949924928302
EK202310175732,144.84025912875074
EK202310195150,140.23686053783862
EK202310160826,141.68162053699086
EK202310159966,149.2023575418335
EK202310158608,137.3231789278428
EK202310243112,143.99869670769633
EK202310109607,149.12854974202742
EK202310149652,149.36143249592124
EK202310110860,141.0496590436947
EK202310232156,146.17683080068426
EK202310178087,133.97185570693108
EK202310196125,139.4620349025193
EK202310178589,149.2238898555538
EK202310146655,131.47527693360885
EK202310176638,151.18200000076237
EK202310183451,142.7880898109433
EK202310238783,132.97628690481324
EK202310180591,137.6254773934702
EK202310180161,158.8315814711432
EK202310160060,153.3460906886493
EK202310234699,141.50929396656034
EK202310113916,138.55879070911175
EK202310227268,136.63359884823524
EK202310237635,146.5315035098861
EK202310182258,143.25722047102002
EK202310193859,150.2202153343872
EK202310153659,150.57277920775388
EK202310203955,152.8188944469099
EK202310236094,147.4724182507316
EK202310187734,164.94149890630942
EK202310216149,149.32319312054466
EK202310168413,146.48550280900963
EK202310116401,128.4908769974695
EK202310201191,174.3991756284321
EK202310190480,132.5866908146899
EK202310161074,172.0020304039066
EK202310140353,135.45403023047936
EK202310173633,148.83533478188727
EK202310158068,136.10886223220433
EK202310154103,147.55676714817525
EK202310113546,157.56960332995882
EK202310204238,135.2692516108898
EK202310104944,134.67608668953977
EK202310234535,133.38484769718636
EK202310126859,175.41309036725983
EK202310117542,136.5976567950332
EK202310210903,135.02863278249868
EK202310157130,146.35342486002685
EK202310145116,143.73112365066345
EK202310208124,132.60824758871743
EK202310245982,150.61610705965543
EK202310133043,145.6854981130844
EK202310149054,143.19767272022722
EK202310190190,142.30803217385528
EK202320006047,152.97331566718054
EK202310134850,130.80060086065788
EK202310202384,133.48081053234253
EK202310154117,134.53933120398824
EK202310133365,148.16515999427776
EK202310108193,139.1544022531418
EK202310203056,156.5680728649757
EK202310149046,137.51603415317666
EK202310165578,165.40638919116486
EK202310186659,151.09944423984035
EK202310196955,172.4219149869537
EK202310197552,165.58193940979498
EK202310212202,135.48271928300133
EK202310224513,129.95614519706487
EK202310004468,160.5968692307336
EK202310216094,133.6984437914588
EK202310230966,129.1586867343596
EK202310118412,140.54172469587735
EK202310247101,134.49389855572218
EK202310178117,151.79587622654725
EK202310219876,140.447133944963
EK202310215307,141.52275829506274
EK202310218134,154.91610752128523
EK202310221530,139.73241136223731
EK202310154982,131.56705223076133
EK202310182970,135.93002889198218
EK202310214235,157.1288008513486
EK202310220158,135.07548565774954
EK202310104394,141.20157040715867
EK202310111159,129.02350069187432
EK202310158577,135.55636154852493
EK202310110382,132.29396434975726
EK202310133639,138.72329924514457
EK202310246509,152.90949948369314
EK202310149660,158.85898042858622
EK202310168884,137.3794913266941
EK202310243940,138.65346067478077
EK202310191906,140.7214534504809
EK202310127477,130.60924068440642
EK202310225432,133.13881386253925
EK202310233319,143.7280722566713
EK202310162668,153.33882827153164
EK202310148695,171.8193398043509
EK202310178807,156.61540664601296
EK202310106771,138.46259844031485
EK202310155396,148.87377460291768
EK202310189899,153.60211206297564
EK202310106717,154.23615794980546
EK202310232588,138.759323485087
EK202310226348,148.40176520822163
EK202310109931,144.1798866530292
EK202310226884,158.73251988079323
EK202310213466,145.11033347412064
EK202310121691,132.0021126856774
EK202310198701,174.08604272902704
EK202310131737,145.52931923729054
EK202310166136,155.54698143604935
EK202310116855,138.52137718143948
EK202310138351,138.5652688434055
EK202310191381,149.96187278990638
EK202310003663,141.1855427495378
EK202310172884,170.67982428988117
EK202310185550,141.54029508387123
EK202310148380,148.68351661735682
EK202310149387,171.40780336455728
EK202310236333,132.64023159744212
EK202310199352,143.74106465001947
EK202310137894,138.14254209413562
EK202310133727,146.88501470166787
EK202310178526,159.92451667834374
EK202310189610,157.38010281220215
EK202310109350,148.32079907648134
EK202310218617,132.90584848301984
EK202310109125,177.52546524462954
EK202310163826,131.64912582486176
EK202310130248,172.30351080558734
EK202310221541,153.77950982551877
EK202320006518,146.23746325341583
EK202310229391,142.33385417407513
EK202310211450,135.29769802236677
EK202310193482,148.17572116841617
EK202310198828,146.25215804364575
EK202310183006,133.49756848864007
EK202310003501,136.8893667845025
EK202310121041,133.8943219281544
EK202310211350,133.97321024791552
EK202310246075,145.36830360401208
EK202310127204,157.71235033833466
EK202310234563,136.20346475797405
EK202310139042,134.33211963446345
EK202310171256,153.71532272209393
EK202310139647,155.06836204514576
EK202310122462,134.14134275696932
EK202310144293,132.63240705431713
EK202310168436,134.82637682129715
EK202310120536,127.49903770635065
EK202310166379,149.69401434907
EK202310180256,129.43635226854934
EK202310246761,148.52786358962402
EK202310219864,145.2380178222407
EK202310190068,173.89663075188818
EK202310181556,132.90327276733206
EK202310230597,127.59921173747658
EK202310130866,151.7498873954936
EK202310205037,152.0543639818729
EK202310209585,149.15983279956347
EK202310185564,154.1821226888364
EK202310176944,138.2825736510973
EK202310176381,137.67875747961037
EK202310141448,136.24690294062074
EK202310148056,150.70321556736775
EK202310182965,137.40769674957153
EK202310135422,144.90710106836914
EK202310122191,134.03183823285943
EK202310145667,155.28781475592194
EK202310202035,133.8701865660692
EK202310136887,133.93625515827972
EK202310200020,133.47686888340615
EK202310184127,163.62081292858477
EK202310107122,130.7073177838021
EK202310134379,133.01437742628335
EK202310211319,133.85252522925174
EK202310212855,146.37963360153594
EK202310242461,156.49124189243403
EK202310200853,133.02664624002514
EK202310200401,162.11043473690958
EK202310189295,172.40508805663484
EK202310105500,137.24388430134675
EK202310128584,143.1460474227166
EK202310209825,133.91048008311378
EK202310204586,137.63226774328464
EK202310179426,144.9984883099026
EK202310180912,140.086247487243
EK202310173571,146.516548127997
EK202310112070,144.17601513270617
EK202310199038,146.07491146473737
EK202310126021,142.2643045274042
EK202310155509,140.79710985425723
EK202310197401,133.74181064582837
EK202310107626,161.69828154735208
EK202310105142,150.42072158550403
EK202310243059,129.58556783146457
EK202310174039,133.63053742865344
EK202310201047,150.63941255546962
EK202310204579,153.15976390445311
EK202310187739,146.5584433268086
EK202310181773,144.05624765418625
EK202310128097,149.15108613870274
EK202310222975,156.53344464169882
EK202310132503,154.78427422118526
EK202310188182,169.66887285996384
EK202310133046,148.56000573812227
EK202310176947,152.50627591729437
EK202310167628,131.51276112944706
EK202310134899,132.6972836615238
EK202310115714,130.83165608527383
EK202310225258,130.11303310488935
EK202310181522,140.0185764703206
EK202310190839,149.17511387093316
EK202310217264,140.73821420584642
EK202310123146,146.62023635753752
EK202310142906,141.22894349296106
EK202310165063,145.94225911615067
EK202310004149,149.58214100963178
EK202310222025,128.1138238776501
EK202310201396,147.3638351895222
EK202310140521,165.33258581509503
EK202310190410,148.66612802855315
EK202310237623,135.6617195936911
EK202310207648,133.445629173143
EK202310150068,145.68233270597176
EK202310199516,152.2055338928223
EK202310214499,145.49984826537286
EK202310193968,151.60444806236674
EK202310199178,127.78747485839114
EK202310226312,139.26810039205114
EK202310171202,151.67014813016894
EK202310136385,161.83909355696767
EK202310240675,153.32748039658804
EK202310131075,140.90621261210063
EK202310213481,131.31132925993649
EK202310212831,147.7287247134797
EK202310163142,136.11458930223262
EK202310107446,131.98487828948893
EK202310157890,146.39580650021782
EK202310214663,137.46115337438445
EK202310163666,135.60338685350885
EK202310117353,139.54355872066498
EK202310209794,135.160127298743
EK202310123734,145.62752560069626
EK202310224602,146.48773406979498
EK202310218073,141.44330438000213
EK202310247816,161.1941715457975
EK202310234711,139.09495303299127
EK202310145443,138.58126116703534
EK202310246298,152.08066415879097
EK202310110010,153.10638826383263
EK202310159895,168.81640414982303
EK202310111143,151.82929471117765
EK202310209834,138.16557917154248
EK202310209444,147.14231748283612
EK202310192938,143.1494549260021
EK202310132559,140.64711024197786
EK202310152101,158.63701593611054
EK202310180196,134.43940802815084
EK202310194423,130.94164919503962
EK202310200390,152.122259340995
EK202310180474,138.85768829186375
EK202310116603,157.2804103218516
EK202310171924,133.27195871735998
EK202310212746,147.33034942170738
EK202310146529,147.6727557507969
EK202310215859,153.1441011863643
EK202310141533,146.76815306017113
EK202310233067,135.4928831549058
EK202310214675,149.39025562774364
EK202310148386,144.3164470487391
EK202310168758,147.12418850778704
EK202310222971,131.79962576986546
EK202310109333,149.6937148167427
EK202310243241,137.1526649497292
EK202310146985,147.76778158161048
EK202310232878,184.37784044675405
EK202310234120,135.91521318291427
EK202310162882,162.372217072149
EK202310190206,133.91515465027254
EK202310159348,179.56110814829898
EK202310201231,154.02926286445967
EK202310178530,156.2831942014645
EK202310189794,156.36181270323885
EK202310236784,139.81475004403254
EK202310175553,136.75929749861163
EK202310241797,143.49279496627767
EK202310114344,143.37903661934783
EK202310239590,150.6625234927787
EK202310227224,172.22559390065086
EK202310121744,150.17414906071502
EK202310003715,139.85919484646328
EK202310116073,133.65224097769118
EK202310197067,132.6249417958966
EK202310115532,135.3149679483524
EK202310217365,155.8369564332893
EK202310148754,150.79858886361674
EK202310109024,134.00392165579382
EK202310004073,141.37295188478558
EK202310198767,147.54955136625009
EK202310125904,152.1753812809185
EK202310189747,139.71260734064148
EK202310121824,152.45457577311558
EK202310183939,147.2475831741106
EK202310207963,136.18982864047604
EK202310004477,132.83959126437458
EK202310184855,138.2388626787834
EK202310121710,144.0848781856104
EK202310155103,133.73646703678529
EK202310127606,159.84014789083247
EK202310237460,127.9953808358232
EK202310189005,138.3609422354108
EK202310163144,171.65787215549943
EK202310195358,174.76700659359707
EK202310114203,123.51227822482021
EK202310200907,144.11362267768388
EK202310149290,157.7067892085754
EK202310186674,147.14935655777387
EK202310219434,134.54764688472866
EK202310113939,153.8582719262331
EK202310144604,139.12417692017956
EK202310202520,145.59894104657974
EK202310199251,145.3843046778051
EK202310171909,145.98513934890536
EK202310197493,138.79361418422394
EK202310200738,155.9170836236291
EK202310242193,155.38135053584097
EK202310166469,144.21298383574296
EK202310179577,156.3176803399416
EK202310199333,137.54143166186853
EK202310208438,140.2486522791605
EK202310243666,144.3566960524738
EK202310113305,129.85735488049795
EK202310189666,175.2402092813564
EK202310233041,136.68341934937607
EK202310127498,140.58078477147777
EK202310208207,134.24211488422873
EK202310161596,126.087224014964
EK202310175979,153.03711850765623
EK202310222437,143.16012724031748
EK202310139352,146.68286042285783
EK202310120360,148.04009628506614
EK202310183484,152.1666563667769
EK202310206451,126.45288310956673
EK202310163448,163.81007127696765
EK202310113067,146.9022757209204
EK202310217739,128.2188896126921
EK202310120891,123.90005009437316
EK202310144456,133.5559765052119
EK202310243976,146.65285254374928
EK202310126697,140.30224417466357
EK202310221562,128.8414516634138
EK202310245501,125.69537952051132
EK202310227085,142.64043756056233
EK202310124539,144.32993077799225
EK202310113359,138.6276479260536
EK202310127238,138.26156266179254
EK202310186281,167.62770851749997
EK202310231780,136.35009378789502
EK202310218693,132.53968236139215
EK202310166062,144.22591606939545
EK202310194807,149.90255805864436
EK202310145164,155.99389085897533
EK202310139520,139.17875204409114
EK202310202232,145.10390610154099
EK202310106234,129.64699972490806
EK202310150099,131.58243982044328
EK202310148854,146.19014398917088
EK202310207751,149.72205028174608
EK202310119385,149.97148611654237
EK202310247407,129.08563186977048
EK202310187815,148.97294324383333
EK202310180649,143.75372179829887
EK202310169614,129.05854677802526
EK202320007494,146.9450661625027
EK202310123604,134.73516764593265
EK202310115115,145.05792057720586
EK202310247203,135.70412044478715
EK202310128939,136.64488068368266
EK202310151766,164.5237632447403
EK202310154684,152.15258013126808
EK202310147564,142.04706157149198
EK202310217040,132.61653303849977
EK202310219269,135.0372459243914
EK202310177587,141.27028369547216
EK202310172628,137.6980637023891
EK202310193264,167.86912281445163
EK202310204129,140.02409855069195
EK202310227714,127.16465060559169
EK202310174368,143.90920910865168
EK202310115514,140.01278472895535
EK202310114314,118.62125785342751
EK202320007053,154.87562308064864
EK202310196358,151.92830757886745
EK202310223590,133.9790653929084
EK202310186191,146.78007484660526
EK202310169460,154.999949365949
EK202310206652,169.35534248625967
EK202310176776,165.10760372486277
EK202310112945,131.23138696881335
EK202310243798,145.72454840428375
EK202310173522,137.90537347728213
EK202310147691,152.41928382566823
EK202310221131,137.05897857326107
EK202310193542,142.4026291196819
EK202310110806,146.4955577734963
EK202310140872,140.71960145719518
EK202310115723,132.76823611172938
EK202310227673,135.51218039770524
EK202310104188,147.2299181584412
EK202310176128,141.5927704924886
EK202310179757,155.20517123529373
EK202310217690,135.4123425905496
EK202310114918,148.3203118477902
EK202310160022,150.32359922396856
EK202310117222,135.77726118317375
EK202310181651,141.10981293744652
EK202310202302,145.00538327300973
EK202310141935,146.69496853749794
EK202310166006,144.70479714950264
EK202310141835,157.39078972116087
EK202310113039,146.05039402833327
EK202310171526,137.92356957630346
EK202310231390,141.95193564031518
EK202310111326,132.71640368109473
EK202310104950,139.05808969002246
EK202310234139,139.52762651202792
EK202310207302,132.9981118821876
EK202310202018,136.68194993907753
EK202310205260,139.83391974508285
EK202310221441,157.44972180150748
EK202310174816,131.63794524249053
EK202310138649,147.74185504968955
EK202310208013,162.68167787688407
EK202310181493,142.635978300772
EK202310243648,132.01395312255212
EK202310113262,139.67367507464223
EK202310171352,144.52927330599627
EK202310189555,137.30573483368659
EK202310154506,145.73604341793546
EK202310227922,139.63458530892706
EK202310243180,155.3818822334207
EK202310145403,121.92305771178742
EK202310229261,134.27045935994335
EK202310125086,134.54250186369396
EK202310188059,129.45318187824708
EK202310175935,146.6327070251508
EK202310104930,139.11178203242014
EK202310207696,144.96197213711187
EK202310176769,135.5796307592207
EK202310241580,129.99833407673506
EK202310128189,133.79877632828382
EK202310116358,127.17163413165797
EK202310203206,139.37538581735413
EK202310224617,128.0126991021965
EK202310216139,134.311791036775
EK202310175157,138.4819784151008
EK202310148792,152.16270020147857
EK202310127748,126.4288649881762
EK202310183427,154.97490968907147
EK202310151784,131.79213368094813
EK202310202141,154.54190705739325
EK202310211204,147.93134657333266
EK202310230323,130.62420257616557
EK202310109892,135.00815218748812
EK202310187574,144.20526048062675
EK202310174395,141.61724886565173
EK202310205384,156.85089373937495
EK202310139355,129.92723962193944
EK202310161479,150.44149402155472
EK202310135561,126.67912922544093
EK202310165218,149.6623250901236
EK202310183022,146.79174931489652
EK202310125772,124.27403075302011
EK202310105325,138.1876194437017
EK202310205291,153.52004672838953
EK202310183115,142.7260655001778
EK202310142673,144.1517683248009
EK202310144959,131.7542574322366
EK202310156704,128.56942905483263
EK202310132122,132.58167010962012
EK202310174428,159.49597148291986
EK202310238510,137.5695055593071
EK202310004299,136.34213205601247
EK202310225687,157.29153566331192
EK202310152553,146.7769014021429
EK202310180231,145.15750929738482
EK202310189895,155.49313432360444
EK202310115789,135.73089194543297
EK202310107016,160.5383270741268
EK202310174702,138.71716224274095
EK202310184083,131.1273437295847
EK202310193580,159.02254347137432
EK202310217608,145.9464302559991
EK202310143791,140.60224729594455
EK202310171379,147.14129454960337
EK202310151018,142.21304181660847
EK202310167547,134.1444115790371
EK202310113875,154.4381310719771
EK202310242027,147.7953841394493
EK202310236948,142.92674109571928
EK202310241638,132.41168550442552
EK202320006399,136.2086306567964
EK202310155475,148.00552742711045
EK202310183498,152.3758522198484
EK202310175183,142.63338897201945
EK202310212112,139.94808869017837
EK202310219895,154.44680095456536
EK202310136160,165.46235801742716
EK202310237484,133.50514034550494
EK202310165481,134.56458408944937
EK202310240928,134.4258872794089
EK202310103807,141.22622877429376
EK202310138400,142.57259030194172
EK202310206371,131.59283195720997
EK202310194193,154.1855554456973
EK202310148048,155.6074383549731
EK202310215728,145.6895271700099
EK202310131760,139.28721153228562
EK202310123574,140.19015341799127
EK202310141515,137.79337499206284
EK202310237561,158.90971428089276
EK202310217955,139.0567183277386
EK202310208062,145.8707976069969
EK202310163578,141.00965170916103
EK202310116460,133.0484556356588
EK202310181932,173.5863145657727
EK202310190411,152.47906143560093
EK202310229861,149.4588799445426
EK202310246656,130.9968195680279
EK202310118260,133.39745263931147
EK202310115843,139.4301160046738
EK202310170542,152.3704813435691
EK202310189836,159.7729582372858
EK202310176951,148.41777159801717
EK202310116213,160.45395283769625
EK202310128876,141.5532328655079
EK202310210854,134.36122563659066
EK202310217897,143.16916853659967
EK202310213279,138.84457227802267
EK202310203346,138.16872740847842
EK202310111168,145.879777337507
EK202310205607,148.1672245361439
EK202310181632,176.22961826073478
EK202310163875,150.81983602973165
EK202310106796,145.29705694175058
EK202310172056,174.03429931899004
EK202310195599,137.6433101576297
EK202310140727,146.30259098432933
EK202310208341,142.87607491810095
EK202310129380,130.81478377721433
EK202310140408,152.78011475245157
EK202310196671,159.8776643433615
EK202310164630,143.8779402007552
EK202310147505,139.38688365047335
EK202310110408,123.68545362561137
EK202310189343,152.41238503380066
EK202310232277,153.83735766280608
EK202310113134,129.42900116233986
EK202310154457,150.3572078210179
EK202310192875,150.96101355726475
EK202310116376,131.7739403140743
EK202310198131,134.27231113270958
EK202310200171,144.64908075254098
EK202310200642,143.94882873826626
EK202310123172,161.56525070064282
EK202310182386,162.67938964919557
EK202310148751,153.31561766608303
EK202310109301,144.05942579301202
EK202320007005,149.92027046001252
EK202310118442,145.1157562578414
EK202310132586,138.50100728812347
EK202310137853,139.43967918757124
EK202310175957,149.42797245886854
EK202310137878,143.27613775184466
EK202310141392,147.2826984763954
EK202310150895,133.3662305715518
EK202310234943,123.75983788592971
EK202310180019,151.287885688257
EK202310118936,142.70630553369327
EK202310140493,137.14837242430625
EK202310175748,144.65873994411757
EK202310139140,144.41417178606213
EK202310194407,134.7022647006158
EK202310174235,134.8926113988599
EK202310171740,138.0112518328194
EK202310135496,159.6936947938275
EK202310219315,140.19692957202676
EK202310209481,149.76472152920357
EK202310142378,165.59879659606457
EK202310213131,138.86408140267193
EK202310126847,143.14466324402187
EK202310139757,132.07668248043984
EK202310166582,165.200921856834
EK202310177776,141.19632680546692
EK202310179499,140.11069269044177
EK202310243445,140.89660313274655
EK202310176421,132.0407251572109
EK202310219058,131.94453387662736
EK202310108023,141.19905333618777
EK202310140417,159.63572281407133
EK202310130436,165.15705142781943
EK202320006321,164.96269520827815
EK202310220044,142.1625689820738
EK202310131037,129.99419527477048
EK202310248111,139.39891117474167
EK202310106861,141.07964492254314
EK202310110253,146.9111623353277
EK202310201245,152.87759523699552
EK202310138402,131.05877447763885
EK202310233866,177.80991357530885
EK202310003560,131.93757634864377
EK202310120345,137.03769210777006
EK202310201242,126.33898115584532
EK202310190427,161.65482507776454
EK202310148725,125.13876557679976
EK202320006763,157.90441108362302
EK202310196906,158.98833614172477
EK202310241763,146.74438217256335
EK202310204305,152.26962211278823
EK202310190705,155.1395471805284
EK202310107647,138.2512293402049
EK202310178205,153.09444466201208
EK202310226329,139.92852329862436
EK202310155075,147.88966182877638
EK202310161375,152.32989516709895
EK202310184194,160.46565772874604
EK202310146287,142.48310891965477
EK202310151428,156.77204828687542
EK202310169581,131.48592793973694
EK202310159986,127.7672009789019
EK202310235054,137.22681942925254
EK202310232794,151.5446659531773
EK202310237245,132.3657365622106
EK202310159951,176.6191098681463
EK202310137689,139.10795374827077
EK202310104122,124.72181269916682
EK202310237215,141.2189958426469
EK202310224167,157.47834754164683
EK202310165353,146.5124857364445
EK202310003464,129.19952457784572
EK202310146423,143.0927043826683
EK202310175125,135.93895157647407
EK202310229556,148.04322498542209
EK202310227408,136.3962825289536
EK202310243062,146.660354897355
EK202310213464,140.70196949805094
EK202310111472,151.6849379897397
EK202310108233,134.00368563587546
EK202310223065,133.2849793926735
EK202310230558,141.02988192373402
EK202320006897,148.51610788189709
EK202310200032,137.78309933510306
EK202310187191,160.48827126920276
EK202310161900,155.2079978240209
EK202310121241,137.57051135519828
EK202310225448,139.8060587678845
EK202310227739,146.18087503944807
EK202310216508,145.30360974620106
EK202310233619,144.28782373001522
EK202310233918,153.62578167759509
EK202310202411,138.5304760354269
EK202310186765,147.78268851981346
EK202310241519,132.00981257847408
EK202310203547,148.4067757158129
EK202310186570,177.2333089636837
EK202310146153,126.50894579709872
EK202310226412,141.9975417590765
EK202310214773,150.5387148489445
EK202310141684,146.8227781542219
EK202310149333,142.18698596927464
EK202310144706,141.83710458634948
EK202310104027,139.38797412781327
EK202310109413,145.56727565327563
EK202310193755,136.77259236547982
EK202310166019,153.3180961085134
EK202310203410,162.2428710533348
EK202310211531,130.65711899253225
EK202310196157,143.90121464929263
EK202310244349,159.7990342735822
EK202310145494,135.71107131410656
EK202310212588,154.26396073602194
EK202310139780,132.73519679976596
EK202310240088,148.0466517989958
EK202310111166,152.68194034414364
EK202310188435,144.62097765303267
EK202310177633,143.91107581156183
EK202310112926,140.57664557488846
EK202310234867,135.7434317696203
EK202310185802,135.9905375855248
EK202310162594,165.61927132402752
EK202310180089,151.361466003602
EK202310217336,132.3152111390601
EK202310192546,152.80735059634895
EK202310214169,138.4363155429509
EK202310140770,153.77769019679508
EK202310133498,144.77319260968792
EK202310118801,149.25802556515842
EK202310142404,145.9024084806326
EK202310147891,145.23488280312264
EK202310210538,128.57084682727495
EK202320007456,150.36891373794555
EK202310144587,134.6853270435141
EK202310124235,130.8181409783925
EK202310158438,134.0125620435384
EK202310215490,126.87615151165281
EK202310174451,153.6215509882533
EK202310212066,130.89204179200146
EK202310222526,130.12120385965864
EK202310188934,125.16064770094385
EK202310227893,137.27846620906507
EK202310181260,151.71302020381373
EK202310202577,141.14821272803283
EK202310120212,158.53334404475942
EK202310149119,153.33315851409046
EK202310154393,167.3757793459665
EK202310152225,130.24262459016546
EK202310105646,133.67872479769667
EK202310119351,127.90946106046712
EK202310148657,139.07883703697345
EK202310196509,137.02050697904434
EK202310194902,149.14979578942192
EK202310148288,128.21891378336156
EK202310215542,152.70136873731698
EK202310167939,147.72898837313497
EK202310167455,151.9522252263071
EK202310117792,131.05929438799762
EK202310173362,146.43461919402074
EK202310124739,164.14848461104185
EK202310175587,146.22048366486882
EK202310213185,136.09577644802343
EK202310152468,145.54158005787582
EK202310131120,160.2077898544824
EK202310124976,143.98978393173553
EK202310112499,151.94496517453592
EK202310195528,132.8148304277754
EK202310239210,131.10580679564518
EK202310142674,157.70684904049776
EK202310243104,139.54910390564677
EK202310237267,149.29746738137592
EK202310169374,134.26764022830807
EK202310234090,131.3441168338543
EK202310233816,147.87789393727604
EK202310196376,153.49903934407772
EK202310148225,148.30028961419637
EK202310228837,134.17830793766095
EK202310181830,141.47380376721128
EK202310191899,145.2838976216574
EK202310229263,133.1934793150255
EK202310141990,136.0958062474789
EK202310169654,155.503165233835
EK202310123584,140.72717903882338
EK202310109674,134.51353076342045
EK202310106658,141.28200258427657
EK202310237324,131.2109585385017
EK202310133847,178.48602190881658
EK202310177544,123.4843593214018
EK202310123823,136.39243412611526
EK202310240866,125.38239477769567
EK202310200799,143.78213922737984
EK202310004956,122.82798893544295
EK202310109116,158.15668874051633
EK202310181159,152.34832948874353
EK202310128546,148.72473280133434
EK202310206764,146.03727974720275
EK202310203787,134.6175251356086
EK202310193227,148.82094192920042
EK202310157337,173.37734302384473
EK202310190691,163.08961286780695
EK202310126193,144.17617362362614
EK202310223219,137.07898456416646
EK202310161546,155.1173053904998
EK202310220676,150.96814062337216
EK202310142344,133.122705328619
EK202310182666,139.7968785222748
EK202310217828,135.11481699028346
EK202310240257,127.39180271861507
EK202310125068,129.20659936285273
EK202310166358,158.80512146277977
EK202310177216,170.3540408131455
EK202310146952,138.1774615417617
EK202310199886,163.62467159987682
EK202310147741,151.21665348414683
EK202310143091,142.2649931239517
EK202310199575,143.6834481721688
EK202310187305,156.7383032367224
EK202310222496,150.73376217625795
EK202310216424,148.2697757938313
EK202310104377,136.87873262198985
EK202310227219,128.9036007281061
EK202310140922,137.31190136288492
EK202310165008,172.1477614456269
EK202310135583,135.6197908236688
EK202310171535,132.42874217792027
EK202310219272,140.51369644642278
EK202310120647,145.35685859872427
EK202310140490,136.09030237078625
EK202310173840,129.84336832733504
EK202310208109,137.98904324709645
EK202310175605,153.16794909858908
EK202310194297,144.78836068736447
EK202310116012,132.11420768743926
EK202310133738,141.10926239682797
EK202310003422,140.67065837542424
EK202310186980,152.69768445434448
EK202310157421,146.9399373660421
EK202310145922,131.8465297418552
EK202310203349,149.97488938682733
EK202310230457,164.7298653546324
EK202310230009,133.38723192223713
EK202310144393,158.93467931833018
EK202310155684,134.4242690287495
EK202310243499,145.4041918731091
EK202310148155,140.02642943281123
EK202310162141,133.4974889576204
EK202310202043,144.2696258460616
EK202310165608,136.0729289112499
EK202310193544,133.23215317847138
EK202310164222,135.42331823241776
EK202310154530,144.91265842911858
EK202310185022,137.4986723468474
EK202310167516,159.80419279156402
EK202310165006,134.46587333447604
EK202310138314,149.79032907416405
EK202310213702,131.4271970807801
EK202310223111,169.13669288277404
EK202310183009,130.60304913484484
EK202310175427,134.5311893269673
EK202310198303,131.67572639067626
EK202310142355,172.06929934449823
EK202310190847,151.64793297515072
EK202310165750,162.52867584909407
EK202310163376,135.40026865147735
EK202310146237,143.73625581753603
EK202310228171,137.06623481802552
EK202310222340,163.79086062230704
EK202310119317,133.56058013310366
EK202310209759,148.9423228138015
EK202310188992,147.0507661618942
EK202310236787,139.31977416370054
EK202310235111,143.71810863046417
EK202310192259,143.9720493493451
EK202320005738,162.46462537194301
EK202310143173,170.1625286337095
EK202310188740,153.57071832214484
EK202310106354,141.6190378982549
EK202310235348,138.78177945974835
EK202310234038,159.70653228343141
EK202310172622,156.37132565329972
EK202310172486,147.86838246935568
EK202310121194,128.00343361004994
EK202310221290,143.02023864277078
EK202310207879,151.2973863278739
EK202310114510,133.65308059409077
EK202310179068,150.6736146146527
EK202310163368,142.83939677670935
EK202310232807,139.19891791501033
EK202310120523,124.5035170822512
EK202310103969,138.77171587218973
EK202310004188,144.28820694378894
EK202310170648,161.95615105239096
EK202310139767,133.93843880851665
EK202310138473,160.97512523320037
EK202310235505,137.37518831702477
EK202310178729,132.72264584712335
EK202310246801,138.5166806703019
EK202310120603,136.82291628798725
EK202310114895,147.14741715136077
EK202310223798,141.10926206367162
EK202310128963,130.5244489463653
EK202310133013,126.40952078346781
EK202310180731,167.82596688831384
EK202310113860,125.63159645288431
EK202310201583,120.03930159370755
EK202310137449,133.75351529494694
EK202310149678,156.9653474954155
EK202310199061,157.0330098808745
EK202310206139,130.3806600041487
EK202310178048,163.59488089885062
EK202310206902,135.24492700861936
EK202310135879,140.46655339333037
EK202310118974,127.78765645870246
EK202310240661,160.11821196922236
EK202310247702,125.05171741013106
EK202310108959,143.72515720732088
EK202310139148,141.19107594014784
EK202310213608,130.81140342165656
EK202310200833,145.2416576057276
EK202310205491,155.03242680044866
EK202310151833,155.5461413741904
EK202310170507,136.66248934332626
EK202310204695,155.30044826197278
EK202310190993,144.61256106939928
EK202310181846,145.60476888870082
EK202310191614,148.75650731543152
EK202310146281,138.7759975871647
EK202310239715,141.84645412940293
EK202310224583,128.82455036833707
EK202310225752,138.62526880401515
EK202310004050,149.35218906266326
EK202310112334,128.95928345027394
EK202310178782,129.166156873037
EK202310162090,134.6571201758798
EK202310221447,144.6947094485256
EK202310219812,154.51139217410523
EK202310161855,143.2046884575796
EK202310127861,140.11775948873637
EK202310114282,155.54233794629093
EK202310105617,132.97724890496798
EK202310209302,142.59755818324334
EK202310115118,153.52802372015768
EK202310003916,137.13784190501468
EK202310153698,152.25696753503442
EK202310229027,139.15892385875054
EK202310125705,145.98739567294447
EK202310123526,134.66354713966368
EK202310226530,140.40789806891843
EK202310136267,118.0666059566557
EK202310126875,141.3750133021568
EK202310219223,133.68818928783148
EK202310169669,147.37650509755693
EK202310136907,128.1990407880215
EK202310167168,124.40813776478174
EK202310225793,130.78100890462918
EK202310178640,145.1901537059141
EK202310130165,137.12862009217056
EK202310154261,139.11450912232206
EK202310220444,148.514534803253
EK202310237028,148.79707783454361
EK202310165818,144.17984847583438
EK202310122598,140.8514599185587
EK202310220372,151.15051858725963
EK202310137417,128.66511582288604
EK202310143378,152.0934926657325
EK202310175009,156.4873597552149
EK202310211432,131.2648523402618
EK202310207842,140.48006205406566
EK202310180149,133.47816873657786
EK202310190554,144.44795474403907
EK202310223988,129.37148217166208
EK202310130954,129.50786993857417
EK202310116904,140.30826297925032
EK202310161528,163.81296753557868
EK202310148911,131.5542482238882
EK202310153873,148.75336884353308
EK202310144622,140.20872760571
EK202320007179,154.57370710676577
EK202310213291,139.8124128333198
EK202310248459,136.21438473102467
EK202310129665,138.3181561683544
EK202310105584,127.16659269650411
EK202310223037,128.73785832293606
EK202310173189,135.41138251250777
EK202310174998,155.15431747112606
EK202310128550,126.9813964129162
EK202310192354,123.42118443812036
EK202310118760,131.02302926111466
EK202310131373,139.01311162012803
EK202310168865,126.9640502521269
EK202310105103,152.84048592474917
EK202310242757,128.0949208742935
EK202310164146,168.4361064407848
EK202310165707,156.9605990249807
EK202310157341,154.65623289419892
EK202310161673,155.63957256183542
EK202310203730,132.72341867757487
EK202310165334,141.4794352885715
EK202310149964,143.5212666139792
EK202310109435,139.80417250672053
EK202310105784,130.1968346363846
EK202310004512,129.11292438743084
EK202310129345,150.57944142899026
EK202310168741,140.9700716704463
EK202310225441,141.18394570712815
EK202310189863,137.59911699236616
EK202310181790,142.4130421082392
EK202310223107,145.0008599982034
EK202310117337,136.68159948345414
EK202310247125,149.231263257526
EK202310146172,130.66473595722388
EK202310229871,132.8672153812663
EK202310167352,168.32652210779432
EK202310197659,172.02505713411182
EK202310237148,147.59115051736208
EK202310204685,151.61408760282822
EK202310241003,147.07659726729239
EK202310148969,137.0433659903496
EK202310217817,153.27076687571514
EK202310154285,147.1405803343278
EK202310241422,151.9624550114854
EK202310238083,139.71538141124137
EK202310177368,158.74089466181144
EK202310161506,147.21302073799023
EK202310159694,134.54468480723335
EK202310233873,142.87535192284656
EK202310159627,134.7319384399987
EK202310204809,133.394351983292
EK202310221148,149.88230506256284
EK202310203840,145.14571720716032
EK202310175485,145.92336406136553
EK202310157943,152.64532445298266
EK202310166246,146.97566254930533
EK202310104784,143.7949971316992
EK202310123376,152.80909943673365
EK202310204029,163.26291526771013
EK202310185358,154.51806297012897
EK202310108669,140.02773084126403
EK202310236018,160.9574757868084
EK202310238742,144.84634032005198
EK202310111453,139.82284706581015
EK202310113005,136.37166798772049
EK202310234668,147.3117507788805
EK202310231883,142.23837272920858
EK202310170221,152.49505605770048
EK202310004896,129.9040393485579
EK202310161173,148.32096714474127
EK202310145172,127.91927483196119
EK202310173181,139.467629232732
EK202310188825,134.90207342652306
EK202310179888,148.51488769126627
EK202310232212,124.5610532600948
EK202310162487,139.92578215949038
EK202310136794,142.0114369478303
EK202310169969,135.28247419736536
EK202310165477,133.72575631031683
EK202310177712,145.2875968594834
EK202310129186,143.94083369413727
EK202310127134,160.07615260106294
EK202310228641,132.94769369501154
EK202310195004,133.83900463105462
EK202310196656,137.3437375111906
EK202310129468,139.08305913472972
EK202320007200,158.16221795617798
EK202310153589,148.89354691923117
EK202310212764,160.38374064659413
EK202310205885,167.32117810751254
EK202310198505,130.3336335813749
EK202310222811,145.42761381399154
EK202310168127,154.38843272589617
EK202310143599,134.38033789521833
EK202310227359,132.5841830510826
EK202310135358,138.36334026667348
EK202310171217,165.2094514044953
EK202310191424,150.98068886467937
EK202310149689,179.2338158966535
EK202310195376,148.18103239930474
EK202310178299,151.2266410730535
EK202310210228,139.93415520722942
EK202310107326,128.56229175416425
EK202310152535,146.40567278396608
EK202310154473,148.97301495787843
EK202310174554,147.88329790882946
EK202310163286,150.56260577890683
EK202310111638,139.4431678071927
EK202310196108,153.02992814812592
EK202310212686,127.0948840503781
EK202310231718,146.5295459152072
EK202310137776,143.9396804094069
EK202310178405,148.9223976761076
EK202310117455,137.44530639503907
EK202310118568,139.9918563042007
EK202310222315,146.81316331873302
EK202310160822,149.85668092851898
EK202310118020,138.23470593943563
EK202310194677,173.6863847348352
EK202320006977,146.91599322358093
EK202310214502,168.02266436879347
EK202310146297,140.62036172678128
EK202320005953,150.6154926210746
EK202310200023,135.33835760148787
EK202310147399,149.07732608908466
EK202310110181,107.78149190626887
EK202310225409,175.10701730412126
EK202310107374,145.0639876570865
EK202310235775,136.50098667901202
EK202310154935,147.1014541509422
EK202310160129,143.91903876105977
EK202310136819,154.74106075466946
EK202310212339,133.01509364903822
EK202310186377,150.5674040438567
EK202310149686,159.72089138208534
EK202310137146,152.95067313869117
EK202310219413,132.5524829997069
EK202310224119,137.18325494290806
EK202310124397,130.04716875447588
EK202310118844,152.2043535784672
EK202310178888,134.1491402780922
EK202310203695,134.94248745535413
EK202310215102,141.78831305460267
EK202310116309,130.88869733343486
EK202310177340,152.20884837813324
EK202310155692,140.8566130502457
EK202310209761,127.28646585113157
EK202310192459,147.3030087703208
EK202310166094,136.28172939121077
EK202310106639,144.73305121194028
EK202310122597,133.17917008677253
EK202310176641,142.01375103409538
EK202310128106,144.10303854204255
EK202310164373,147.48856649316713
EK202310172650,140.23662745859278
EK202310161760,143.15213720731796
EK202310175173,142.65990441615898
EK202310220355,141.88878967647057
EK202310134340,130.8312969436143
EK202310200856,163.5103345933697
EK202310198775,171.26450678712672
EK202310237814,162.67273042583534
EK202310144745,140.72276394002085
EK202310116937,142.9081791188162
EK202310180183,147.78385406372686
EK202310123116,128.90395697657164
EK202310111360,144.31742049203518
EK202310218124,150.46345173282083
EK202310146929,139.2529407398768
EK202310144079,176.1211997691809
EK202310212540,146.98145407370228
EK202310206504,164.52200022871193
EK202310126991,137.86180125432008
EK202310159652,142.61470318141977
EK202310132965,139.78580968850608
EK202310203675,154.98460696333072
EK202310003467,131.34766263038298
EK202310178560,127.85480509439685
EK202310115094,136.35041485856885
EK202310127215,140.73399085499116
EK202310116379,133.47047361959213
EK202310121118,134.79187956429595
EK202310196670,135.91840884073733
EK202310159655,128.57749328342652
EK202310201991,134.21314955908895
EK202310173068,142.05926906508344
EK202310117260,143.61018448395302
EK202310130209,149.1046748902538
EK202310183122,136.13143741273393
EK202310216257,143.92312429665498
EK202310176511,151.2621954972607
EK202310187962,152.61673577276133
EK202310245277,156.29717771412828
EK202310181710,128.80337158550913
EK202310227487,134.068540955515
EK202310210107,161.49947779676143
EK202310175757,134.62406507509664
EK202310229135,139.2674863789831
EK202310150766,137.1000900493822
EK202310164086,154.6793285930601
EK202310121488,142.78161788192506
EK202310122656,133.830589020223
EK202310176310,142.50570667557506
EK202310207786,132.90291507323795
EK202310116196,139.48989002442184
EK202310166658,133.74849956455833
EK202320007269,174.9595387124529
EK202310240222,149.6844600145487
EK202310233074,138.25827624614888
EK202310003785,143.24155810478223
EK202310218333,139.72925557363072
EK202310199829,141.1922981540204
EK202310141201,123.37335106768386
EK202310152509,152.03216102197234
EK202310213008,124.06153912281182
EK202310234244,142.80036439403597
EK202310185496,146.8632469214974
EK202310123939,141.4818691104882
EK202310245118,136.3279731881997
EK202310126945,130.4869050201727
EK202310192940,146.9930631504607
EK202310154479,138.28201779449518
EK202310238968,134.17813873505358
EK202310220804,136.41698453031623
EK202310121547,134.97125474086567
EK202310156977,137.817681277886
EK202310220913,124.97680352291246
EK202310153791,152.86014942613122
EK202310231371,132.28747017407886
EK202310155012,146.63705229098437
EK202310106729,131.21112359180168
EK202310121458,128.5819464146874
EK202310129298,145.89782067005862
EK202310185168,170.6407611630014
EK202310171342,152.9102379662874
EK202310182043,136.26017281724475
EK202310159692,152.4011291716611
EK202310198219,131.57619290433573
EK202310186486,156.72270484831267
EK202310194185,127.0565878097556
EK202310135060,160.14858140960183
EK202310151875,145.0027591549813
EK202310148212,133.57600847566414
EK202310158337,148.5623083261416
EK202310160093,144.92453119548398
EK202310176986,151.09803183632826
EK202310142751,175.90166147960713
EK202310186987,147.21693410622012
EK202310213398,137.26546583933282
EK202310227507,163.7479583312252
EK202310230539,140.5292246450057
EK202310233022,134.30941164116484
EK202310112067,144.17026777318006
EK202310191571,157.96039132032587
EK202310128575,149.90221831653875
EK202310116429,156.40639142461717
EK202310222260,136.5598321792999
EK202310167112,137.662078511147
EK202310197671,128.4993458399534
EK202310133983,148.66665394345785
EK202310125081,138.22323843082762
EK202310165303,131.37378079644134
EK202310245022,133.79611802617572
EK202310168737,151.65855412076442
EK202310224066,139.06922358234044
EK202310112653,139.56248158441872
EK202310163794,135.9053141269451
EK202310177672,139.42123121430998
EK202310113138,136.48654828050064
EK202310198082,136.8742508031182
EK202310186324,146.05503138045648
EK202310245063,127.92169240936342
EK202310162008,148.9097221642747
EK202310187033,137.98530352718868
EK202310165002,150.32472737724018
EK202310179112,142.46482098351353
EK202310136261,143.44849814551822
EK202310107886,141.66531309575797
EK202310178081,151.51039183292266
EK202310107978,138.66036348922663
EK202310186291,181.28724807694402
EK202320006194,154.49883494637854
EK202310162147,133.9462123231395
EK202310145820,133.6376793430213
EK202310208270,137.86573084664607
EK202310244610,138.67665495190383
EK202310115965,131.94852139144356
EK202310173325,135.59410575353334
EK202310200487,148.27455142767278
EK202310151600,168.0923089750459
EK202310174873,130.19113774445003
EK202310154656,147.22876358837246
EK202310186158,159.7032374678205
EK202310159695,149.19101063860074
EK202310153171,158.31397324262818
EK202310116138,150.16504853634714
EK202310241920,116.24765546871781
EK202310172803,130.69304452520626
EK202310003408,127.58893843135935
EK202310113293,139.7345561482398
EK202310199063,147.15090358819
EK202310151401,154.23977153964788
EK202310154601,133.12911408061444
EK202310111616,141.45834092968786
EK202310135809,136.0677369755961
EK202310123689,133.40624729983168
EK202310125344,124.5799489242192
EK202310204834,131.58370621880624
EK202310154600,145.85136880290406
EK202310171105,138.48357978121152
EK202310192374,141.66202236731277
EK202310137424,137.57000990413565
EK202310004414,126.98436615010323
EK202310157406,147.5175448455914
EK202310194870,163.77928804324966
EK202310184853,142.77998093784615
EK202310176587,148.78493686670308
EK202310211243,133.97172656740534
EK202310116843,142.1139221561118
EK202310167978,133.3516397013731
EK202310199028,148.575081457301
EK202310178842,137.4955940773672
EK202310003563,156.14803678092983
EK202310113491,136.84801527503026
EK202310202425,138.00591127313425
EK202310156026,149.3182284453173
EK202310235868,130.82125619348378
EK202310129923,127.8030008101722
EK202310115347,142.8705036898238
EK202310136092,171.92748807417277
EK202310212411,126.77425879494443
EK202310198783,174.31112516681694
EK202310154295,141.57181592279275
EK202310132080,139.54112531489983
EK202310115510,133.07144006299373
EK202310186713,125.86249597510512
EK202310246486,124.7120123854093
EK202310220909,136.1421948401695
EK202310133930,141.2583584752073
EK202310230327,168.39941517633363
EK202310227578,152.44711532468693
EK202310147328,170.8178532663312
EK202310174500,132.131485371686
EK202310121141,139.55769184816555
EK202310218136,159.73741786720214
EK202310187497,157.96573456679909
EK202310219497,133.77998465196916
EK202310158430,157.90522515233667
EK202310232072,144.84984601719572
EK202310161910,147.93614451174403
EK202310232257,146.27812439421902
EK202310109324,144.17066382941417
EK202310117586,136.2870937830574
EK202310145201,147.27272219698276
EK202310191458,143.89960612833485
EK202310163905,139.3251803147685
EK202310200681,147.11932490926512
EK202310190561,138.8531111111138
EK202310144363,138.08676980398548
EK202310196397,146.7811252276696
EK202310168831,136.7494300863046
EK202320007357,160.83706464758666
EK202310125955,139.10999035974245
EK202310210692,137.98129412133468
EK202310202677,136.99235992015895
EK202310212296,138.98242085532902
EK202310228282,129.35343009377976
EK202310198392,153.6771721392784
EK202310189017,142.5905307355538
EK202310184070,153.73485148940512
EK202320006398,152.6303862544823
EK202310221409,163.042211619322
EK202310229971,133.54648727210267
EK202310202941,145.2973831381263
EK202310131905,134.45513993019946
EK202310112775,143.12139927035219
EK202310209245,137.73780619837441
EK202310185710,148.79255425388402
EK202310155827,131.4865190078332
EK202310158156,170.98677622519853
EK202310143080,143.77363392143644
EK202310217821,136.9073506009744
EK202310205060,138.23339075544348
EK202310152230,156.3937480967881
EK202310215647,143.47934105723834
EK202310216568,140.29930610320406
EK202310173496,144.12857501698517
EK202310132220,137.9854018085227
EK202310229606,132.1649374273246
EK202310197847,143.87437756087482
EK202310114444,138.72569547102987
EK202310212587,146.05477766340442
EK202310128678,124.19650223242675
EK202310129009,145.2094860029834
EK202310135868,137.15457590899788
EK202310004655,142.86118367502172
EK202310004666,137.23107660926547
EK202310172312,133.67340572173174
EK202310212324,133.77007323710572
EK202310234071,142.59537346880208
EK202310237714,132.5418275635844
EK202310227143,128.08312554294625
EK202310106080,145.46349570037816
EK202310115972,138.76562956660248
EK202310223416,143.41183235247723
EK202310185745,142.67563103416447
EK202310108584,150.41717129080465
EK202310244398,140.44585553492473
EK202310104476,148.648290023118
EK202310243111,146.38382231443006
EK202310182118,147.74280471083026
EK202310231776,136.93747283961758
EK202310114793,140.88371895740906
EK202310107506,131.888966215503
EK202310203271,147.3145296322091
EK202310206441,145.91011019270053
EK202310197006,127.92390238945488
EK202310213977,139.31932005937713
EK202310174608,154.62450488552736
EK202310126126,141.05626961413677
EK202310230545,138.71306622617317
EK202310103903,150.47074012643137
EK202310234105,162.42370245280486
EK202310165010,143.59045905526537
EK202310181940,147.01946186258044
EK202310118673,132.75302344233515
EK202310188868,168.8336756695048
EK202310170989,158.0150395187935
EK202310213961,140.21944263917615
EK202310236748,140.57801288082084
EK202310128144,152.73046904358955
EK202310131032,130.42591928606447
EK202310199927,136.16914975441668
EK202310228569,138.45492401909667
EK202310137099,148.289284849168
EK202310216503,143.3287631662401
EK202310225348,132.24356922508437
EK202310188082,139.02602261812473
EK202310107466,156.3823112924514
EK202310119468,169.47129542392724
EK202310177435,139.51902042491494
EK202310226065,172.76528701088094
EK202310238474,136.20725009225046
EK202310178935,130.60734730782346
EK202310111288,137.51006101692352
EK202310231278,148.50817079650284
EK202310195743,151.73885711562977
EK202310177642,150.65989383336412
EK202310159731,144.03111833887573
EK202310233199,147.53941769001344
EK202310164963,140.62437891211889
EK202310108728,132.83271567235823
EK202310241516,142.45209456102208
EK202310114502,138.14145526403624
EK202310163597,142.43243378379952
EK202310194099,140.09662686393474
EK202310191390,146.55564068164492
EK202310136653,158.74190009134875
EK202310132780,153.20021252773745
EK202310192296,135.08090600107064
EK202310210820,133.58014619922986
EK202310157545,144.55985099984295
EK202310117978,135.28257698193056
EK202310128805,130.4540209700048
EK202310239206,138.8666845958446
EK202310184728,137.99890882583796
EK202310188346,135.68752438208926
EK202310115220,128.68588426443768
EK202310136091,178.02036262919486
EK202310187000,147.8913085092656
EK202310004481,143.76706807237784
EK202310142481,129.4872463102652
EK202310241665,120.06192587220436
EK202310172530,131.69359793232974
EK202310242247,142.1791641124858
EK202310201108,143.81098758402115
EK202310157151,147.7796069258263
EK202310248777,140.8363511966324
EK202310234150,134.75287259886105
EK202310245991,133.1485140683618
EK202310196183,147.36465783581846
EK202310112151,148.28129208338348
EK202310240040,141.7967759762378
EK202310122111,133.7856487072925
EK202310237646,141.84789180968752
EK202310236751,143.15496994489055
EK202310110678,127.1060225366414
EK202310175472,140.69989528704167
EK202310104032,152.37664620043472
EK202310130367,133.18306198957288
EK202310218178,157.4701064195952
EK202310190059,180.01659266129474
EK202310154040,132.90561415246506
EK202310104704,138.95819522780374
EK202310234675,134.2695728700642
EK202320007076,144.11499843647164
EK202310117416,134.426584014067
EK202310106592,138.1047367006884
EK202310218855,149.54752794780984
EK202310112951,147.6775101013841
EK202310198510,148.24385213582423
EK202310170591,130.525350547843
EK202310171607,140.2385252308682
EK202310188047,146.6569002596289
EK202310106176,131.6083038468593
EK202310139729,153.0242212115034
EK202310188177,165.52772803788355
EK202310216551,133.28976636455633
EK202310190746,154.84260386498255
EK202310198445,156.24984217488677
EK202310167557,132.1384596420556
EK202310232345,139.2220407882504
EK202310205089,155.3570929468368
EK202310200704,140.2860245133787
EK202310168328,162.11529745546878
EK202310117660,128.6886865939537
EK202310241204,148.68691153257333
EK202310219555,139.0467362006859
EK202310108822,137.99921505780213
EK202310178261,150.75040045414457
EK202310170803,138.60560828748086
EK202310180578,142.47931460772304
EK202310183233,155.65208945247315
EK202310214067,172.36686341182082
EK202310177910,140.27602513244432
EK202310184628,170.65052515895928
EK202310236640,134.364754975763
EK202310189443,161.3253407922702
EK202310219770,132.33690952824716
EK202310188035,157.76195461156502
EK202310110194,151.3159930845715
EK202310244334,143.60615320606158
EK202310196346,157.21752564101578
EK202310239240,135.19523018704282
EK202310190697,157.5209898539856
EK202310183845,162.88327492948474
EK202310173568,157.9883111857843
EK202310122648,134.10618374765835
EK202310138573,136.77725594665372
EK202310107238,140.38973470221774
EK202310123716,128.99029789006642
EK202310222719,138.10811389090023
EK202310119574,143.15166393173382
EK202310106379,136.64236543111886
EK202310179487,160.37177564355224
EK202310204316,149.0625374455373
EK202310112072,149.67132198261487
EK202310103891,156.48882824134455
EK202310121527,151.85955023457205
EK202310147901,156.8703714989612
EK202310129747,165.9801675876543
EK202310216313,133.6937212103546
EK202310138904,158.08825080794185
EK202310148441,149.01230545117588
EK202310153870,129.49578639419687
EK202310108732,131.83061984705395
EK202310180949,147.4095934227735
EK202310108710,140.52115880448463
EK202310198670,134.5362276760157
EK202310150197,170.1330335324632
EK202310213492,139.95825475691288
EK202310136448,139.3371947284552
EK202310131230,156.92417198985328
EK202310231399,137.2183297949186
EK202310121599,158.3934722223169
EK202310179738,149.07826841470012
EK202310167476,158.62851708807779
EK202310131623,148.35527648796386
EK202310140730,147.6474614420264
EK202310144389,152.8888496275225
EK202310245102,136.99115675836322
EK202310132691,126.90116831924492
EK202310106449,134.8127341785816
EK202310167353,126.96015823835924
EK202310236989,129.00094559831626
EK202310111119,131.67169537204455
EK202310186689,168.713116545675
EK202310209031,155.68800377260234
EK202310139037,146.48644834486052
EK202310158574,136.0436809152294
EK202310235776,137.52765840353223
EK202310149594,148.7443226204216
EK202310106989,153.27382282719296
EK202310207828,153.8296902502435
EK202310129283,133.83683867844664
EK202310103761,143.85850965549966
EK202310117820,126.7019425943377
EK202310170386,138.30027430959714
EK202310200918,150.87727468973245
EK202310104618,135.5555730843156
EK202310211311,138.29205991228991
EK202310217151,150.59621827244027
EK202310197688,152.6173930471043
EK202310141161,132.06008267297298
EK202310200723,130.07744805087867
EK202310192613,133.3040748489907
EK202310231385,132.73935309283695
EK202310161421,125.67149811676862
EK202310185090,148.8909911027284
EK202310118323,137.17050757421964
EK202310179435,149.67644670018484
EK202310246748,153.66975784988693
EK202310203308,135.93496778488478
EK202310166549,153.31057925051752
EK202310231043,141.06154954478072
EK202310144171,131.34401329006178
EK202310171076,151.12015829054704
EK202310234671,138.22475721951946
EK202310178258,146.56472526502424
EK202310123111,135.25171675338308
EK202310105273,145.16712194271585
EK202310232779,123.56307616769237
EK202310245923,130.57741753807971
EK202310232934,135.66499846913052
EK202310206444,140.0834361402507
EK202310199292,152.67561417977993
EK202310172407,137.96416124169016
EK202310110982,132.81270862571162
EK202310136670,142.94032756750724
EK202310196416,164.8303529126895
EK202310147370,148.29335423178068
EK202310203187,133.57112378116489
EK202310127574,139.07444121645682
EK202310223109,134.40787852606346
EK202310210815,145.23078927182436
EK202310132728,159.92674984616957
EK202310195728,156.6902572906395
EK202310162562,158.4338588667935
EK202310122166,143.91670935343686
EK202310133502,150.8836950216981
EK202310176748,135.9458269885496
EK202310149681,139.93557077923998
EK202310133367,159.69905489671757
EK202310233308,153.32506885034414
EK202310111956,147.99951455705985
EK202310213087,129.04117816967081
EK202310163861,134.55330253902434
EK202310183017,132.5127954951278
EK202310148049,144.7549695302162
EK202310159587,147.83385150026223
EK202310120104,149.91191711233623
EK202310173791,133.41191082269222
EK202310120609,126.04590678251344
EK202310120220,150.73232435237972
EK202310164643,148.5919749309245
EK202310242480,140.71638849249535
EK202310237393,126.71991392091714
EK202310110258,130.06168672966808
EK202310203310,147.0115233746779
EK202310244388,132.38866206696372
EK202310142420,152.9191111988722
EK202310127247,152.31262114980524
EK202310245410,135.66135968916356
EK202310198231,149.22116538526672
EK202310224714,135.64169394635456
EK202310112152,144.92774288159586
EK202310219634,149.06150603468296
EK202310120507,134.85161179768772
EK202310121024,148.20445707140718
EK202310162609,154.64805367579723
EK202310198139,138.02217387547748
EK202310115733,147.9170237449383
EK202310197648,163.63970901959468
EK202310152061,154.1372707532529
EK202310246184,137.23648048588112
EK202310175646,150.30531154392065
EK202310195357,158.8411941358804
EK202310180995,151.0193991973645
EK202320007602,154.19080626404758
EK202310125780,141.33111814624147
EK202310141209,134.2098091050665
EK202310241145,153.06735542475772
EK202310214473,166.225279802501
EK202310104412,146.73137618200508
EK202310145300,143.71076050186338
EK202310178546,126.09333452735291
EK202310222192,133.84907020715983
EK202310003791,111.21825874705037
EK202310164084,139.979409581082
EK202310247625,128.86117222442377
EK202310179777,144.8584403090585
EK202310204086,132.71640368109473
EK202310199051,148.88004645639154
EK202310199503,137.02017287786543
EK202310124201,134.71734241707037
EK202310111462,137.95541408264128
EK202310149507,155.65408957110338
EK202310149626,148.02358893956543
EK202310196221,149.86272735754332
EK202310241259,159.55794814363912
EK202310110599,133.87501356968093
EK202310234816,144.16463233884406
EK202310179926,151.6259984151369
EK202310158821,154.32238164162376
EK202310203000,136.18683518090137
EK202310162317,132.26742780475945
EK202310125499,134.2546919443141
EK202310171521,145.1317278826497
EK202310155121,141.8683180590856
EK202310246662,143.67028064497137
EK202310222404,133.81212136987241
EK202310119271,144.8745081242838
EK202310179293,139.39150727235887
EK202310162370,137.77034651970024
EK202310185317,138.14132102002645
EK202310192836,181.49071332062655
EK202310197187,153.78475910111922
EK202310119438,139.12823784793548
EK202310154800,146.96319059461058
EK202310162887,143.46855395730898
EK202310114407,143.04179760049144
EK202310107541,165.47251731803127
EK202310165391,141.68832677251746
EK202310114222,147.67687852599727
EK202310108463,142.79712504559444
EK202310160505,144.56502969532212
EK202310175819,134.2152862990876
EK202310224211,148.53383994773785
EK202310181094,160.75012390856176
EK202310209683,145.10542572333566
EK202310144068,166.1640004500477
EK202310185016,162.68361815180202
EK202310242866,125.84169932117878
EK202310136700,122.60403166290517
EK202310129667,149.82948900451436
EK202310185490,150.67004106802267
EK202310180615,127.4750046963021
EK202310106120,132.719334860394
EK202310139529,131.88191166861003
EK202310208712,158.62028208993524
EK202310202493,157.13762071786283
EK202310127493,145.6910867402946
EK202310185646,142.69599351600957
EK202310236048,126.67750424098682
EK202310215422,138.88763180055702
EK202310154768,152.71711321759432
EK202310156660,145.8335050787012
EK202310215522,141.08663933476132
EK202310191431,156.36306739829843
EK202310219661,140.77878506312265
EK202310111217,120.39079722411485
EK202310142283,151.98882649495363
EK202310152451,160.25532027386993
EK202310131900,149.54575887934192
EK202310118813,140.91683109788934
EK202310158474,146.02443076234633
EK202310206038,176.7903400215392
EK202310140824,139.84521086708708
EK202310193053,133.07197065007432
EK202310239738,127.5253537936837
EK202310183514,166.760401401949
EK202310228473,140.605755174951
EK202310187727,143.0018190925411
EK202310208678,132.57146152232434
EK202310151445,136.45286730798844
EK202310129744,140.37873349397157
EK202310242221,143.8385387187592
EK202310140908,131.67464277659505
EK202310213034,134.20581611211944
EK202310162066,149.18688077440865
EK202310166091,132.5221799858658
EK202310168349,124.04711584949668
EK202310204830,133.21169703493732
EK202310119237,136.96645034420402
EK202310177687,135.49903802707962
EK202310194046,135.72698262398765
EK202310120099,133.41341892187106
EK202310139982,174.24417152046198
EK202310172126,131.46662870931473
EK202310225892,137.51317499510313
EK202310204605,149.11213803277556
EK202310166382,143.23806108206045
EK202310164816,157.94372648596442
EK202310118373,125.4201788911613
EK202310141696,150.30932705601384
EK202310229964,145.95787681998422
EK202310127949,143.90765955604505
EK202310239375,178.5397156069941
EK202310173625,135.05840317449767
EK202310141849,166.33143660173525
EK202310115485,138.79324796050417
EK202310129234,155.18705294987657
EK202310105793,135.8215954735407
EK202310158046,133.79422918804968
EK202310192078,138.4419700034174
EK202310211785,136.10956063642547
EK202310194018,165.90362497321763
EK202310223067,135.02152299289887
EK202310131851,156.69559544543122
EK202310146819,134.8422556547625
EK202310240643,152.1542572218597
EK202310156305,137.23097753577588
EK202310207011,134.34615578653035
EK202310225288,139.0933060246523
EK202310246090,157.10789460902546
EK202310159743,142.15846439252266
EK202310160951,164.6381420294772
EK202310164394,146.950450385481
EK202310172687,134.20980112860792
EK202310157664,140.32182224239057
EK202310186799,146.98981157325065
EK202310177813,160.1986231679632
EK202310135564,149.52256652095892
EK202310109869,137.86547184828325
EK202310232529,134.61335892043655
EK202310190796,155.35433443659525
EK202310157371,141.3851349905619
EK202310248440,136.02358438158262
EK202310236433,135.79480061253219
EK202310155362,151.05235847759803
EK202310178291,151.968893523351
EK202310236912,146.02565159905564
EK202310104076,130.3013119367579
EK202310192380,128.7034229514898
EK202310138804,146.05754132770608
EK202310151241,143.90092504041445
EK202310199540,133.66342565151118
EK202310173988,134.29021121915335
EK202310173002,134.14895208164702
EK202310243625,142.84794813677766
EK202310193531,138.18658672914077
EK202310114242,142.4575583767478
EK202310138736,137.34563067972732
EK202310190347,143.9519155250588
EK202310236408,136.18522780942388
EK202310120734,163.04152345090714
EK202310199091,157.12077735265157
EK202310163422,137.29601151342126
EK202310204728,143.29833532237768
EK202310130979,139.30254155570825
EK202310183928,141.72627926226988
EK202310149172,152.03768043539782
EK202310112222,142.03140152031128
EK202310135593,163.9617692136842
EK202310116248,133.23460758075026
EK202310139060,147.47494060379688
EK202310119677,157.111452453352
EK202310158107,133.35822974434862
EK202310132346,159.72626860092078
EK202310134894,150.05578801639282
EK202310136486,131.70730074664377
EK202310129929,174.84433538978317
EK202310105561,136.5721573986719
EK202310154663,141.99750627444237
EK202310170691,149.51728191753435
EK202310129385,141.1615773983609
EK202310201900,152.87728006837293
EK202310167771,138.60815300275416
EK202310157806,144.5746043857084
EK202310149813,171.74583346502178
EK202310176321,137.73716567579197
EK202310114996,142.94564375810452
EK202310190897,146.6119499522437
EK202310166461,128.6977752056763
EK202310137821,132.97178097165138
EK202310112150,151.12837700439368
EK202310192173,141.37535189343404
EK202310173654,142.33713253779067
EK202310220329,147.92505350996515
EK202310202774,154.50040729807537
EK202310150939,132.6870367969042
EK202310155941,134.3874339571937
EK202310185382,155.2036309942709
EK202310237219,136.29862588201658
EK202310244185,141.52276549591457
EK202310221987,128.54507157221738
EK202310193216,145.70540024544002
EK202310145019,139.35468452693476
EK202310193312,153.69414989461015
EK202310121038,149.17103179871853
EK202310210609,148.75302837202105
EK202310198874,150.7302733961081
EK202310144516,155.47933170100805
EK202310110453,131.54386608361844
EK202310135805,144.80392233611792
EK202310128896,133.35871492625364
EK202310183544,141.55382428431602
EK202310181264,149.46126234691718
EK202310204958,152.20035997912197
EK202310168271,142.92838112565508
EK202310219179,127.18900124816842
EK202310224962,147.47962764861128
EK202310210604,144.3812935003911
EK202310159739,153.65518412074272
EK202310132707,135.3899049556106
EK202310105567,143.08007797090835
EK202310226814,138.52981495085783
EK202310217907,142.7064239987919
EK202310199396,143.26461196550903
EK202310105066,148.57591827069118
EK202310200675,134.65339670703528
EK202310237294,138.38388079216762
EK202310157377,138.12755771021156
EK202310229136,139.31219595583397
EK202310186430,132.24167801881458
EK202310163802,128.73683197693157
EK202310142202,162.6721237797413
EK202310195256,138.1576534958071
EK202310004248,157.40753757488156
EK202310195944,137.30428360379207
EK202310152129,135.4862051007299
EK202310235567,149.647065915926
EK202310239108,169.99786326889526
EK202320007089,146.7805383429926
EK202310188372,153.56617330891956
EK202310177026,131.57391351510879
EK202310130893,142.08324220445448
EK202310145973,146.05840222103484
EK202310168876,133.31266434283222
EK202320005981,156.79963741974697
EK202310158643,138.06701012419816
EK202310186188,146.48478008185063
EK202310134495,123.7011921816967
EK202310247686,134.9306342102528
EK202310150624,143.05518503275738
EK202310205684,131.02441436894944
EK202310130971,137.15082565251728
EK202310109938,152.38655057836536
EK202310157726,138.00443412835077
EK202310217250,137.07619681343024
EK202310232228,138.76255711687537
EK202310212931,142.1286056438702
EK202310224251,142.49742541885308
EK202310177088,134.46956599846308
EK202310178114,128.9411261559119
EK202310133902,145.24085970623042
EK202310243447,132.37870628352889
EK202310203833,144.68813918686612
EK202310205106,158.0990119836736
EK202310244839,161.91293198027276
EK202310153612,172.3519964122603
EK202310168129,130.17636795745847
EK202310210315,131.1296658489045
EK202310221450,137.36856809384096
EK202310229011,131.7612454129834
EK202310109445,147.99273077758147
EK202310172449,139.9953513906486
EK202310173624,141.1889204221655
EK202320007778,140.3797356793555
EK202310191821,130.89682674099868
EK202310163402,157.96923739719807
EK202310198726,172.71735217370966
EK202310235035,134.40574924395426
EK202310190400,128.05489208642305
EK202310223143,138.15999353561625
EK202310134393,160.88883173054387
EK202310190107,145.19372118318978
EK202310199104,146.53608749281304
EK202310198171,131.73835842054592
EK202310126236,138.52774511650966
EK202310110975,131.71252012081067
EK202310163529,133.3133189198033
EK202310208517,140.26582305876698
EK202310229161,123.17113031182188
EK202310224145,140.41114981069018
EK202310245526,138.56763410676726
EK202310105925,134.8891742973769
EK202310241775,130.0507039294877
EK202310131256,134.7631815317415
EK202310167720,140.17040490694984
EK202310128585,141.72591555203766
EK202310171250,140.15919063259605
EK202310136309,136.72626268663126
EK202310159794,147.88520678478272
EK202310147802,175.9127876580063
EK202310217371,154.41790402912432
EK202310142272,145.38605500942836
EK202310192020,152.98758059336484
EK202310121935,149.47320480444023
EK202320007881,168.27170670799893
EK202310144741,141.0382383824086
EK202310237080,149.32769526902612
EK202310121787,128.70718399121296
EK202310157606,128.08663234516564
EK202310171437,156.24737761188766
EK202310108122,138.6314434646223
EK202310151362,127.13850238730251
EK202310115777,136.87891956941056
EK202310239193,140.9303813538255
EK202310233042,140.83650925946606
EK202310202833,175.76595537441216
EK202310113174,150.3712397630066
EK202310167499,140.9827940547951
EK202310126289,138.20877777095518
EK202310129491,135.0757473650694
EK202320005784,153.06571816731943
EK202310170372,132.5874911510516
EK202310213906,145.74257022404873
EK202310199476,136.61054017127384
EK202310247011,153.97144196726242
EK202310195117,147.11065990222818
EK202310120294,148.54814956339604
EK202320007259,146.00089234898445
EK202310188597,144.68721764100616
EK202310165978,148.8187448951367
EK202310115867,128.58006907194238
EK202310193317,172.9817812623844
EK202310203873,136.4549418249901
EK202310205284,140.82774365789112
EK202310111575,125.52056398762866
EK202310225817,133.06402384336565
EK202310231254,127.68013608653237
EK202310183664,167.91675005010228
EK202310104179,129.1565373111881
EK202310230497,137.85910128433073
EK202310193284,141.28866336984822
EK202310147738,160.10679700820575
EK202310241264,161.27594419156935
EK202310199094,159.5371605222715
EK202310128153,157.85631115405093
EK202310177426,150.05709183702862
EK202310106407,151.0859517611789
EK202310224168,158.5628311045494
EK202310182894,147.3935016769882
EK202310196624,158.63835023973743
EK202310174799,144.7510263901671
EK202310244287,143.38889665771904
EK202310158225,136.679762153826
EK202310158700,169.61229396496927
EK202310194647,134.2785696084417
EK202310176945,133.72893240063803
EK202310242585,133.16784271267653
EK202310168424,139.9978047471811
EK202310155163,145.7974939878314
EK202310124200,131.1946595913777
EK202310167074,145.85961613934128
EK202310227610,175.87204159512262
EK202310172440,165.69588813312245
EK202310224828,130.87013723174388
EK202310125087,141.40752796892954
EK202310172624,146.72827729503933
EK202310212981,138.1797691960129
EK202310212038,131.18357390913658
EK202310181888,145.27659282565475
EK202310151373,148.65531199329263
EK202310151400,176.2588892639236
EK202310129480,137.73816085423542
EK202310105531,146.81263533581594
EK202310168802,144.4936200772512
EK202310143364,151.80867575279706
EK202310124872,135.12345195711
EK202310204355,146.1619693876785
EK202310151111,169.17994739597847
EK202310208992,127.60961919736954
EK202310214546,148.20243005262077
EK202310149411,127.22638568365622
EK202310142260,135.16433668538727
EK202310164059,152.2230085748544
EK202310109215,143.20970438616044
EK202310199582,142.92640728771087
EK202310127468,125.47635050429359
EK202310142858,147.3941654147075
EK202310203332,153.16915565196788
EK202310158565,157.5509625943613
EK202310172619,138.6261695318957
EK202310107206,123.40704668621156
EK202310211213,132.61075181200545
EK202310172337,139.17233947654094
EK202310220668,133.13741795519596
EK202310153800,147.0606531766124
EK202310211090,123.74134632408506
EK202310189907,153.06617120686755
EK202310187277,122.35494648817296
EK202310196375,132.0902004936652
EK202310133091,147.8410398710193
EK202310126566,131.3395384401057
EK202310157696,137.5387757894694
EK202310170462,129.4775017553438
EK202310187255,150.39210337330783
EK202310123459,145.43734500172397
EK202310145959,148.34615128796227
EK202310220363,138.24042931264998
EK202310139815,129.2948865880364
EK202310181913,146.7845849018458
EK202310109098,134.70548983347837
EK202310132727,171.3431808156658
EK202310122252,143.40568540023327
EK202310167093,166.29286755181064
EK202310139661,142.64102419091975
EK202310174818,171.32346114483144
EK202310166691,139.10800041815614
EK202310003691,162.3942272017267
EK202310237525,133.62997091146335
EK202310117373,146.1686516337231
EK202310179546,149.30830155782266
EK202310126077,140.4087437386304
EK202310184499,170.02339333418658
EK202310186109,162.75916971017222
EK202310106103,151.23833797415344
EK202310112500,138.6974810393257
EK202310133741,145.86193959624194
EK202310109783,139.0064558014407
EK202310117249,136.8847859652106
EK202310203878,136.4240101389335
EK202310196452,140.576608192079
EK202310181760,162.6458363230026
EK202310112276,142.11395612896672
EK202310190428,143.45735131141078
EK202310217583,157.52533986514882
EK202320005844,146.19048946838947
EK202310206265,141.0586486479285
EK202310221855,132.36491396595804
EK202310152502,150.58624756139946
EK202310119997,132.4291282744164
EK202310234516,136.9567557623478
EK202310109706,178.22549407006818
EK202310148105,141.4594801114624
EK202310154560,122.16708034069497
EK202310236829,136.9395635717694
EK202310167010,145.73871597993332
EK202310240372,147.25463594236103
EK202310129679,155.51169243889643
EK202310213367,136.25559491592477
EK202310198361,149.2592656266661
EK202310154494,125.37947378422433
EK202310247393,169.4656680140552
EK202310233217,130.67932303265107
EK202310147827,160.36000057475664
EK202310115117,154.18651698274286
EK202310148420,138.55044626749373
EK202310190832,156.18978108184697
EK202310134924,128.81286805008563
EK202310188986,148.04433807509554
EK202310129065,151.42487386593882
EK202310191867,130.8021402198429
EK202310134983,148.42726385918616
EK202310113731,151.19358498219077
EK202310201726,141.5216177727171
EK202310230201,164.17180807882562
EK202310168525,156.42367397365237
EK202310244486,136.57512646819004
EK202310189155,158.87251644947202
EK202310140440,137.11784212875128
EK202310106749,129.5413606943616
EK202310179762,148.58318687304927
EK202310129836,147.15362897703184
EK202310220701,140.93569983820544
EK202310186360,134.49106531116468
EK202310109349,162.265577750831
EK202310201338,140.50112660190993
EK202310212253,129.81220193192465
EK202310155921,140.771499734542
EK202310205532,173.91151692419996
EK202310128471,155.61643798598826
EK202310201094,142.644997658767
EK202310190383,144.30139529288485
EK202310110189,108.02608546723948
EK202310147602,138.28333412191
EK202310198097,131.67583148953744
EK202310216064,133.11165167935314
EK202310211013,147.35135396282377
EK202310160719,147.70016132336315
EK202310176494,132.74762320757387
EK202310145249,146.30034328212795
EK202310235596,139.7980817206196
EK202310110412,136.84184675279366
EK202310200832,138.3220606746994
EK202310204509,145.3392561677108
EK202310149049,150.91086806850916
EK202310183661,145.5341188082319
EK202310216447,141.87740861678745
EK202310200320,145.93373341759448
EK202310161067,132.44658582465527
EK202310207130,135.65828495688646
EK202310145591,165.93458331037567
EK202310127977,142.8538763079846
EK202310161518,168.73375875351914
EK202310138156,127.72458280565351
EK202310244709,136.15325217694388
EK202310142566,137.9408901779981
EK202310124071,133.19458384516113
EK202310152858,174.29694281955014
EK202310190782,134.05855987229228
EK202310167544,136.19633184695834
EK202310192845,143.43493643288576
EK202310160817,128.24483699926702
EK202310196420,150.15546213881922
EK202310004827,148.444058609279
EK202310227825,150.94012383562827
EK202310194467,142.30982382473144
EK202310113608,149.46141889195218
EK202310103781,128.44149666790338
EK202310221275,151.09256937550285
EK202310169673,141.20161148300377
EK202310190005,145.9668161866017
EK202310188898,153.59638044703752
EK202310183079,155.36849720303437
EK202310166912,151.37065391515276
EK202310142437,152.95052598213013
EK202310212298,138.52326168599552
EK202310109551,135.54538578368724
EK202310222094,146.09649429789457
EK202310202049,138.1780363454712
EK202310212471,144.27928627048811
EK202310187583,154.32048338364817
EK202310188837,135.15572870420377
EK202310220895,137.6932108939382
EK202310108270,145.88623586837468
EK202310186872,147.63419115878628
EK202310156937,148.0114530444268
EK202310242846,145.4512696276752
EK202310186481,145.63314599257913
EK202310221455,141.16106423897045
EK202310180574,138.8350322733338
EK202310168049,134.83706839398965
EK202310133898,152.15499858609508
EK202310168746,134.63549930668054
EK202310212474,137.12454394453482
EK202310161742,133.21724158082415
EK202310181202,157.6464695206074
EK202310200036,130.30688819982524
EK202310184172,150.11579198531487
EK202310239220,137.30148815945026
EK202310165958,138.00739846564863
EK202310212102,133.59670647558352
EK202310218823,159.15651943712498
EK202310151307,132.80730184735222
EK202310204250,156.22132271785284
EK202310183865,156.14419379531694
EK202310149510,148.78742301900556
EK202320006769,152.49407125664254
EK202310227796,137.41287217543035
EK202310248710,136.3411594141654
EK202310198205,136.15936455189905
EK202310135989,130.16678332959333
EK202310124456,133.14657855672726
EK202310221007,135.04633993087023
EK202310126207,149.14338230405477
EK202310181795,150.16841873267887
EK202310168767,141.1728766390659
EK202310119332,125.24077454164322
EK202310135427,140.68265234283936
EK202310206685,146.01153284917945
EK202310241653,128.8835002439824
EK202310196379,131.36724851905015
EK202310120248,148.23724590367928
EK202310172212,147.41728683894075
EK202310181585,143.2492720348789
EK202320006780,170.14986757510528
EK202310133161,127.1197199681938
EK202310109841,138.30545741513197
EK202310152371,172.0928405025388
EK202310125316,130.47722401908442
EK202310127854,137.31872431860438
EK202310208551,138.32295476727256
EK202310172019,129.38865926422238
EK202320005655,149.82290619729852
EK202310117833,125.17445167582169
EK202310110950,130.21203114542595
EK202310244018,134.64533072716628
EK202310234592,137.4584001888108
EK202310136966,131.55690337597488
EK202310185914,150.32528708796318
EK202310236175,138.01956497657747
EK202310187917,145.71381333875732
EK202310004461,152.3844401941721
EK202310131974,145.9415287550294
EK202310184967,151.59016130908051
EK202310185067,143.04323680757784
EK202310236069,135.02760298709072
EK202310186869,140.9377587215342
EK202310149914,136.62853454017312
EK202310154439,135.5525527854776
EK202310117130,132.8124099138252
EK202310192819,142.62399505261433
EK202310158666,160.00436328440676
EK202310197005,128.16699908354303
EK202310203581,135.09312507091127
EK202310178102,133.84157990871847
EK202310224457,146.98769580614234
EK202310118618,133.27230116111488
EK202310185500,153.50283159309424
EK202310213431,140.45057569262326
EK202310201151,166.26566455182598
EK202310228224,132.92858931859348
EK202310148041,153.0510559777228
EK202310178742,148.76580479681104
EK202310227550,140.50995845465704
EK202310119869,144.7948055951599
EK202310146474,143.10943042530283
EK202310123299,130.33066855940186
EK202310187842,142.529165236715
EK202310155425,135.24824011013536
EK202310210739,134.74594943470967
EK202310177302,142.56141567822863
EK202310202123,148.12423374024198
EK202310104749,142.22248124021363
EK202310185079,130.55715536801785
EK202310132781,129.75514984117427
EK202310193932,147.09090601750054
EK202310189612,129.99623715891764
EK202310201902,163.35710434369298
EK202310208534,146.0873376204316
EK202310189130,150.88360463533309
EK202310215684,128.62314533303712
EK202310160446,151.0793801927873
EK202310133958,168.84175126490655
EK202310176688,153.36340591748277
EK202310211793,130.1577806197339
EK202310210111,139.26347772840583
EK202310232666,136.0237733478849
EK202310128743,146.07153560859038
EK202310130719,129.1055587308258
EK202310004334,146.160480550304
EK202310126855,143.4353899381111
EK202310152426,140.8473936072207
EK202310188746,144.54931809671132
EK202310236429,132.50494726902488
EK202310170500,138.86890439566827
EK202310124582,142.23924212693007
EK202310181729,175.0162656611169
EK202310224787,130.86344713577986
EK202310108930,149.38154730460155
EK202310104434,133.1405692129196
EK202310115530,134.87568946386764
EK202310184629,165.85900428883394
EK202310217615,129.76707257687184
EK202310228010,125.6626254447534
EK202310199351,154.21922100484846
EK202310231067,138.96895170267447
EK202310215633,140.25596446374706
EK202310142323,171.0249142633833
EK202310244740,144.01002704228782
EK202310173913,147.39671544690484
EK202310218786,134.86352620480642
EK202310215448,150.13175362095646
EK202310114357,142.20692107322688
EK202310197601,146.03686862772128
EK202310247322,152.65539972600726
EK202310231270,147.68033190386518
EK202310142374,131.97266344907638
EK202310117138,135.8189168285909
EK202310176849,130.71309255563156
EK202310109114,148.45243235155607
EK202310182696,154.5298058729088
EK202310135900,135.4036887110566
EK202310123905,148.802304618857
EK202310130761,130.28911599497565
EK202310122276,134.1186174928436
EK202310121513,153.98507366258883
EK202310168032,164.99295693299052
EK202310213827,141.0288431023644
EK202310115189,127.67378626136303
EK202310138716,146.69014826237475
EK202310246376,147.28352708176382
EK202310227795,139.3756298460424
EK202310138696,144.07077417557704
EK202310194234,133.4827708194225
EK202310184761,157.09956021240498
EK202310162543,155.9539547493207
EK202310236480,134.3220201133397
EK202310209507,133.30036388338124
EK202310136499,145.3253943396086
EK202310204660,137.1820967341476
EK202310111522,139.56928547134174
EK202310105606,130.97703339126005
EK202320007453,146.68960046895972
EK202310232384,134.04475424038714
EK202310206748,134.8544262595252
EK202310241912,157.11553806161692
EK202310124064,135.55726899643327
EK202310122759,133.56378671054867
EK202310190369,164.22630264697148
EK202310186879,156.89694959023626
EK202310149694,129.81522144062941
EK202310223534,136.44788600997123
EK202310159550,141.23813313813423
EK202310221243,140.46775450715478
EK202310244635,138.69170677867453
EK202310198162,119.13204360153692
EK202310125552,134.9043199103789
EK202310132850,129.74796221486272
EK202320005964,163.47543022220788
EK202310126781,159.01196229806266
EK202310147128,155.4384104779253
EK202310226818,146.68921247699612
EK202310124338,143.47242686500513
EK202310225790,131.57328238999304
EK202310144382,144.64177307032455
EK202310160141,149.7258605046592
EK202310177663,144.1746351318634
EK202310231419,137.1057709552074
EK202310141307,138.70922271170815
EK202310119017,151.06421835567227
EK202310219691,132.65459484242493
EK202310114034,135.8270140117782
EK202310207177,159.68149032427937
EK202310120353,134.80677968322482
EK202310003709,132.6922017506496
EK202310208102,157.08225334992423
EK202310117194,141.91199360766194
EK202310160414,150.2933031438157
EK202310128750,132.62797712175094
EK202310236926,153.1566820047976
EK202310230067,140.68750759402673
EK202310209445,144.7351953971817
EK202310237314,149.05168694925428
EK202310232234,131.35874438865423
EK202310150354,155.8022051998171
EK202310196951,149.69067848845302
EK202310194465,152.93072455294345
EK202310193016,152.04588456333445
EK202310151083,142.02436265529602
EK202310184367,146.40113493444994
EK202310112469,154.31495691494698
EK202310192489,136.0811153745594
EK202310224546,134.6571196411971
EK202310247421,152.49224444781171
EK202310194417,140.30084553831344
EK202310121339,116.77064435270317
EK202310190360,139.2401673037539
EK202310226836,162.33480429806784
EK202310168945,137.345841884458
EK202310227078,148.78233315684875
EK202310232895,130.50032430252722
EK202310230495,143.5810346742677
EK202310246097,147.48990779944126
EK202310202842,135.37081800435692
EK202310220262,134.25446067447766
EK202310134200,146.62408429438187
EK202310203601,153.5325007615732
EK202310190558,131.86692937822244
EK202310232949,134.77105397953937
EK202310195423,146.02968093228012
EK202310164136,144.93572304909665
EK202310111473,148.90448964888782
EK202310194752,147.68033190386518
EK202310139201,157.55921427407458
EK202310215712,135.67096896941018
EK202310126580,137.31783178122797
EK202310143206,154.1161684071704
EK202310222539,136.9809830167632
EK202310239797,137.14832697522695
EK202310157767,137.17364539255743
EK202310237925,141.3991304261739
EK202310227346,138.7333410445376
EK202310222227,140.16927129835798
EK202310231460,131.0592224773447
EK202310105762,153.48362505625414
EK202310149701,141.18535876203677
EK202310231185,135.20961212677133
EK202310187011,138.5582509312581
EK202310188048,141.54603666796433
EK202310147979,154.76964620201613
EK202310136963,161.07525003821632
EK202310223233,144.1335910391458
EK202310147717,138.09969378104157
EK202310235875,138.17800621378123
EK202310146872,149.39137743828874
EK202310114622,144.657261474181
EK202310127235,152.74822167240134
EK202310170129,131.67833968270529
EK202310174462,150.05222791986515
EK202310239145,144.99217594385115
EK202310103947,146.09401378724363
EK202310118725,153.94347310979967
EK202310181241,140.01213435504707
EK202310215016,154.6128140337571
EK202310197863,150.16600680551323
EK202310162387,130.7517351402939
EK202310108126,133.75880187505817
EK202310207445,148.3217095420601
EK202310003781,149.76747112015408
EK202310153594,139.2796544685618
EK202310234731,140.99555400823786
EK202310112047,142.0545274795553
EK202310246932,144.3586507561002
EK202310218014,134.1102093452235
EK202310159032,139.410089076749
EK202310108938,143.7591329377704
EK202310126068,142.96777630923063
EK202310146294,142.50639302123972
EK202310197490,141.67050924707905
EK202310235805,165.21559983496977
EK202310244213,128.226337697788
EK202310169974,145.62477940803183
EK202310180762,145.01523482853875
EK202310117588,135.3959891585034
EK202310146489,145.29650328363093
EK202310242008,138.42922393117186
EK202310175256,155.48587792053837
EK202310183438,143.90950927906897
EK202310216482,153.7821843003644
EK202310150432,143.62428135889314
EK202310224664,138.38044204268363
EK202310182573,151.30792513239265
EK202310227828,141.32078477465834
EK202310183759,160.41455828181083
EK202310168521,150.36418056081266
EK202310183715,145.23389167789202
EK202310142868,136.19178109892198
EK202310202199,156.0262593001733
EK202310167759,134.39764536363404
EK202310229275,146.6856772165993
EK202310229628,134.3698734301825
EK202310190352,145.53938201237978
EK202310234142,142.33416584479582
EK202310141693,133.659566597243
EK202310133997,130.42209775936976
EK202310180676,137.03580290301727
EK202310127990,142.85203870165932
EK202310194053,169.3651264415045
EK202310240865,147.85100519964988
EK202310238191,137.9264760624183
EK202310218152,145.6701156884057
EK202310192642,142.5316827930599
EK202310113518,140.92350471815547
EK202310177048,143.07175286093133
EK202310003870,136.1305873585423
EK202310184101,140.08528763402046
EK202310123625,136.3555285774577
EK202310105534,134.1414476683676
EK202310130598,139.373355329742
EK202310183150,166.37778304751367
EK202310223939,141.92362093858537
EK202310151237,146.22978847894697
EK202310150186,131.27196172922706
EK202310119286,151.65035736557064
EK202310147962,139.20279465052866
EK202310195618,121.20484194739882
EK202310146717,140.0820327646809
EK202310226225,134.34963683839342
EK202310108305,146.87849010436008
EK202310132381,126.21249874142815
EK202310130474,129.32072702426376
EK202310123530,133.01444241752904
EK202310207610,168.51045374511847
EK202310142942,147.65874955260298
EK202310181486,141.6268759331999
EK202310227391,133.62739612921044
EK202310219674,144.50196622739864
EK202310231118,131.6154994953068
EK202310156122,143.19446933698342
EK202310168356,138.56124976837486
EK202310152965,149.36128079845
EK202310240478,160.25137192382883
EK202310220260,132.32534500428105
EK202310166323,139.1949047204869
EK202310130108,148.0814718939487
EK202310139786,133.21859012618984
EK202310163761,142.37329277423117
EK202310221197,142.0999602646497
EK202310194216,158.80279910314934
EK202310209659,132.81570927949818
EK202310214603,173.65198435307113
EK202310108794,151.6936642457208
EK202310152434,164.23884774191419
EK202310134754,136.93388155580863
EK202310236812,143.5915559886578
EK202310167567,134.17224309278745
EK202310203493,143.75831660738766
EK202310175040,140.39665975395158
EK202310205734,161.4380108921346
EK202310104881,149.03808614501622
EK202310188034,157.09563281657367
EK202320007581,150.19066564609483
EK202310004300,137.31072648349493
EK202310126491,136.46635805248243
EK202310236882,139.47433005074993
EK202310151164,135.02918619244105
EK202310106280,148.49651979105485
EK202310163693,146.03475025668627
EK202310168683,130.3596197249417
EK202310189719,168.5443721475301
EK202310233687,144.41187806594172
EK202310201579,154.99353918637937
EK202310202351,140.9636779460336
EK202310180846,152.08978067563947
EK202310170131,134.31482552670786
EK202310113992,136.36942981336884
EK202310225909,150.60862373244063
EK202310118201,143.42770866976946
EK202310184100,160.10576088798376
EK202310169994,136.1281039027926
EK202310186322,141.97335990456762
EK202310187689,135.89868843144288
EK202310241609,126.83436992954559
EK202310112492,129.91190547812096
EK202310216335,137.00780183079792
EK202310207022,163.01762582170824
EK202310125948,141.4466175565349
EK202310127865,131.7817720774809
EK202310174681,141.2859264594659
EK202310233071,140.9618230366203
EK202310193133,143.25594013872853
EK202310132000,136.9435031238135
EK202310103983,153.56495027152118
EK202310191233,157.60921184858526
EK202310231154,133.61330547186577
EK202310116716,135.25561756523393
EK202310179545,140.50898832546494
EK202310206643,139.3939731445205
EK202310134367,166.87347038788238
EK202310176122,153.54293513546932
EK202310214013,138.03193123851344
EK202310134741,136.77107847621986
EK202310174213,133.92159728937852
EK202310141096,166.56939054379723
EK202310206920,160.19234791652588
EK202310194809,175.76540901929343
EK202310202514,133.21023834628673
EK202310110026,147.69948899566452
EK202310104374,134.90742892803888
EK202310120332,127.52507350316868
EK202310157554,142.12473593101885
EK202310204383,133.17080491382782
EK202310208398,137.98867078468243
EK202310118265,135.79196570719483
EK202310231010,127.49010514681105
EK202310213437,130.3961874601688
EK202310146583,139.91227312495093
EK202310195386,143.31568627793953
EK202310228443,144.27425719045507
EK202310123135,139.8369670031683
EK202310142556,145.3032910775545
EK202310245462,133.22958356229125
EK202310234824,134.525787034883
EK202310197141,150.01655185515065
EK202310229145,148.7284687042628
EK202310209147,143.92920338323572
EK202310214152,171.93931670673302
EK202310164947,139.80083434663996
EK202310222842,135.95722740000105
EK202310211770,130.7757396393196
EK202310004960,149.8434457135958
EK202310239260,132.16429360103697
EK202310115431,147.74884620778604
EK202310202893,131.24135540668962
EK202310205187,129.10111560694585
EK202310202065,150.41891256895792
EK202310127001,131.0898646094969
EK202310181721,183.03475215468188
EK202310161325,147.60213734693588
EK202310140540,157.00534140145882
EK202310167097,154.51127771887786
EK202310140718,139.16615733847453
EK202310149480,137.15770858845931
EK202310183531,147.43165014886011
EK202310148864,151.22502572231463
EK202310003701,149.88537926202784
EK202310144900,126.69133269622881
EK202310144750,157.5687509732428
EK202310162709,134.4964701411991
EK202310186895,133.49329935199106
EK202310226408,139.81397152565964
EK202320007110,147.1560279249229
EK202310162496,149.1115876931647
EK202310212196,139.18955637200193
EK202310239361,137.43587529696757
EK202310125997,131.47161693536484
EK202310246168,137.27108078330036
EK202310193381,153.10275546054257
EK202310190604,138.06680489290713
EK202310111954,143.82888169674828
EK202310176791,138.61563744276145
EK202310141476,146.9516125325166
EK202310221421,164.33107738298673
EK202310129409,147.07986712730508
EK202310122129,141.90270402081742
EK202310149924,174.9400767275729
EK202310179998,140.78187479600822
EK202310195558,163.73226279036493
EK202310112050,142.69859705312075
EK202310136298,139.34867488468853
EK202310146636,150.12965771907807
EK202310239762,151.47686889499514
EK202310200996,133.25927090332343
EK202310223066,133.42854498006926
EK202310167187,137.60264817787544
EK202310124533,155.15918723570888
EK202310143956,174.43852677918073
EK202310178323,138.36999132678696
EK202310224950,149.19053289146493
EK202310179276,144.09789127192028
EK202310246017,143.5785185847894
EK202320006428,179.78348753158141
EK202310241114,131.17603558972598
EK202310217472,141.32911263825906
EK202310162260,148.03176341436665
EK202310240436,133.63055017335037
EK202310198123,138.2523532999511
EK202310156200,140.73632702304158
EK202310141977,161.34326696213733
EK202310223019,133.84255466948517
EK202310193508,149.83695727304914
EK202310222293,143.87744622811232
EK202310156492,166.06999241259433
EK202310180531,139.44572955605338
EK202310225433,133.92929629559882
EK202310127891,137.73771749959386
EK202310228056,131.77464118253735
EK202310106710,143.8509504271326
EK202310183113,138.20414746456933
EK202310180843,144.7529472318307
EK202310204705,141.19958949061157
EK202310140212,145.68764100311225
EK202310179669,128.64318200685074
EK202310212869,137.47387909654992
EK202310203115,149.52007712104918
EK202310131490,148.4452475761869
EK202310109872,141.43041220046678
EK202310150034,168.92826995045863
EK202310174047,141.08155240873631
EK202310247649,151.38307608807384
EK202310217502,155.8505782448553
EK202310133755,131.17703914562676
EK202310169961,143.58817438945897
EK202310188670,148.1039903180424
EK202310238912,150.10642977180936
EK202310113770,157.33958340466003
EK202310146729,123.22175155821944
EK202310185503,153.44146610292105
EK202310245764,144.5117250109346
EK202310242449,139.90794612080035
EK202310206998,132.4017500654685
EK202310215872,132.25878122583185
EK202310130322,161.3329824754644
EK202310107786,167.77632762013252
EK202310201622,141.24551918915185
EK202310125291,144.9019489864718
EK202320007483,152.66143614491648
EK202310232956,136.7017466408414
EK202310134707,153.33625256145567
EK202320007480,160.95678361989445
EK202310203884,145.8728925012689
EK202310209390,144.9160222572388
EK202310105328,130.8943778416407
EK202310144128,134.62363586153091
EK202310115260,146.65964552232055
EK202310136404,137.03385781660913
EK202310200686,161.70070585673142
EK202310149205,131.2218714383454
EK202310224673,149.05606137966893
EK202310233927,143.66840507074443
EK202310231452,127.37154304310566
EK202310147484,142.03726130585176
EK202310227688,143.15423062446047
EK202310119870,156.6625707838743
EK202310230862,132.90857542199382
EK202310124325,130.21567019397693
EK202310174689,136.1843351251597
EK202310241097,138.24461150665903
EK202310201197,170.0261077010452
EK202310133296,140.15352238198776
EK202310233451,149.30560354289335
EK202310135940,120.72865331054781
EK202310107985,136.19619454803137
EK202310157602,145.3876383106221
EK202310139763,128.49198306546566
EK202310238145,156.69338565161988
EK202310168639,160.0138600198574
EK202310219394,152.5393521928925
EK202310216358,122.69067400856962
EK202310127032,146.3539643812715
EK202310148206,143.71612981900444
EK202310227757,152.11966193496139
EK202310112688,145.14101878235127
EK202310214245,147.85732817576297
EK202310124215,132.80018217966642
EK202310132325,133.46271769342533
EK202310245630,134.27626709859018
EK202310159135,105.94903057560954
EK202310153895,144.0371423699629
EK202310211988,131.21980298646008
EK202310185598,143.23084642184824
EK202310192392,140.11575220967325
EK202310242881,155.2368768307882
EK202310153163,159.68688000188033
EK202310179601,149.45016918723113
EK202310241826,154.58714154040143
EK202310125720,135.62991863921266
EK202310106591,150.36094256371442
EK202310162420,142.24935174335002
EK202310133893,140.4355893908798
EK202310168619,168.03656038082792
EK202310142512,148.3932502003551
EK202310197943,135.459423648119
EK202310176141,147.8950753210385
EK202310149618,136.83325757982823
EK202310226109,141.8025584663058
EK202310122228,139.42734294810137
EK202310176047,175.98335158757789
EK202310198997,143.71207691680664
EK202310232656,136.841830430846
EK202310182446,133.82626259489595
EK202310139943,149.37053333463703
EK202310165615,134.71070065480734
EK202310142885,129.1956058557494
EK202310193296,153.82861945357448
EK202310121667,127.8874571553082
EK202310223883,146.61403837093067
EK202310143204,132.0912038661736
EK202310205226,143.16880474486345
EK202310119065,144.09097035557718
EK202310213461,146.8944525472697
EK202310120362,127.38787298164358
EK202310194154,151.64092131863933
EK202310107601,148.85653613708035
EK202310204833,143.08072210885854
EK202310176205,143.4775637039814
EK202310154960,138.19746145444643
EK202310130425,156.82229368016814
EK202310126003,139.1935151602274
EK202310192656,138.056944729682
EK202310213037,150.6146874013
EK202310243222,139.7147954472228
EK202310132202,121.47627683036718
EK202310235252,136.08501272421668
EK202310160890,141.26386403342354
EK202310198189,133.733746320012
EK202310119695,142.89994392178022
EK202310172550,147.3480711221776
EK202310229494,133.84862475917376
EK202310004450,129.65504169135866
EK202310146462,146.37619542785112
EK202310113248,148.94617665170446
EK202310221078,130.8743734877899
EK202310124198,138.812386553796
EK202310212260,125.23754359032752
EK202310134794,133.38617543297434
EK202310221523,129.6337985280691
EK202310219960,137.0982684503659
EK202310121234,151.85301557397057
EK202310233970,140.22120109752288
EK202310188001,137.8191898123052
EK202310163334,138.23598367491465
EK202310208205,141.70779080290032
EK202310130304,130.36799704957468
EK202310154503,132.9729567148464
EK202310170798,138.11100621205986
EK202310152846,145.80263208727987
EK202310130702,140.36815605370572
EK202310203151,146.14497104105106
EK202310217313,135.79068351236884
EK202310233757,132.69920019211636
EK202310138726,160.58991903812526
EK202310156939,152.42822053530617
EK202310129985,141.07381115848892
EK202310190426,135.30346479213014
EK202310171121,144.43601235269915
EK202310214542,138.80431394559372
EK202310168552,132.34198019059323
EK202310183003,134.91824480360768
EK202310123726,148.65523555817987
EK202310181506,153.27410366823668
EK202310237990,131.0592224773447
EK202310162825,151.21263137590964
EK202310224013,135.50879442601808
EK202310158873,128.8052738762243
EK202310137354,149.13938270380766
EK202310123420,134.94154762901417
EK202310225576,136.7391746404782
EK202310229941,145.58967875889965
EK202310229623,134.56037915966067
EK202310107612,154.4399641459504
EK202310246113,135.7973319618725
EK202310144693,135.5512419521639
EK202310116502,151.6063800158025
EK202310139421,132.32543403454034
EK202310112631,144.0602810785926
EK202310106168,130.84062117689575
EK202310207682,146.2446789094877
EK202310157085,180.92016660519354
EK202310245691,137.40869615546504
EK202310200879,126.90083290723685
EK202310131443,134.93748848156307
EK202310196154,138.90679316591203
EK202310231226,140.12942742848185
EK202310210056,135.4438915986064
EK202310114898,133.71619678718324
EK202310203643,147.44492407291395
EK202310160283,153.1714229154227
EK202320005966,158.67873155218402
EK202310167009,153.58358136461243
EK202310191878,136.63989166020667
EK202310152713,165.13343638217037
EK202310179861,158.17611443901112
EK202310153872,145.1090690706687
EK202310106053,158.03815675871786
EK202310189085,137.79610693708167
EK202310212320,131.25949179891634
EK202310147327,149.89252083671727
EK202320006343,144.26944709402838
EK202310178068,149.01167201473658
EK202310216051,132.0374056561787
EK202310120390,133.5664237140578
EK202310150611,146.65588976035795
EK202310170657,151.27865642862056
EK202310132614,130.41115715125898
EK202310130044,145.01433744444074
EK202310230130,134.915433192915
EK202310142200,132.83979097266473
EK202310142024,159.45856195730448
EK202310199015,133.2689836814173
EK202310129011,146.42772291368263
EK202310162645,155.91845830937345
EK202310165075,141.53867436856888
EK202310242200,156.90998716278264
EK202310216319,136.2922624252062
EK202310168191,137.38167362530604
EK202310173505,134.72876219514225
EK202310197116,151.05341935351234
EK202310196993,167.74931429628083
EK202310190097,151.58040974955702
EK202310243824,132.51703322257308
EK202310185884,157.87403264495427
EK202310115378,128.92066992372852
EK202310203204,150.68579425090044
EK202310118547,143.8145610921512
EK202310228351,136.71093497640032
EK202310243844,138.40815541119457
EK202310169224,127.27047621471571
EK202310173833,170.68005251196908
EK202310182027,142.91961099897642
EK202310128404,137.97449479155773
EK202310221581,180.68086632176673
EK202310202028,133.40150651125242
EK202310140548,132.45753370293647
EK202310134135,134.61073019470533
EK202310192158,149.6227068533368
EK202310112502,137.50810746545844
EK202310113790,160.79226953030454
EK202310218316,131.69572943436197
EK202310188343,150.24348352520187
EK202310176251,141.0745087563144
EK202310201210,163.2767879162006
EK202310231157,140.79122679120889
EK202310195345,157.44697841644432
EK202310151257,134.536537892568
EK202310156988,135.92415030787393
EK202310225915,157.55736388108977
EK202310239080,139.55017109568266
EK202310210523,131.83917828120093
EK202310130378,143.74009730811503
EK202310152365,138.66400352620906
EK202320005984,156.18393872206659
EK202310228471,136.87438816851113
EK202310121673,125.6481324861512
EK202310239395,143.01926814062756
EK202310198842,147.51912147731528
EK202310241420,134.6751261942211
EK202310231742,136.20172271506604
EK202310131099,154.03646166733205
EK202310188446,124.31092583092558
EK202310190252,133.8127829464463
EK202310236866,140.52282155626213
EK202310207108,139.30250776164553
EK202310184757,166.0110650865017
EK202310104389,145.97147658865268
EK202310217076,132.7847897772679
EK202310106797,146.2011823176402
EK202310216511,140.85848639286158
EK202310209342,155.9944351240791
EK202310183200,146.78924531312995
EK202310145433,164.24427108823082
EK202310140014,131.66456300665476
EK202310125223,126.30597567913638
EK202310140119,140.68798119071926
EK202320005700,149.90529642645134
EK202310194061,141.62972357158108
EK202310195873,146.73373180439407
EK202310220232,138.57305208569184
EK202310216119,139.12829856920987
EK202310134968,140.47709670905203
EK202310174540,136.39624038986182
EK202310185424,132.45735061305305
EK202310125685,134.90876050125888
EK202310234710,137.1494350919918
EK202310214117,170.00293240996407
EK202320006910,154.77316229999536
EK202310231049,134.50995556780114
EK202310195331,171.38775693888508
EK202310194304,139.0773528306384
EK202310171159,141.02730287316254
EK202310138049,137.79976816529435
EK202310198003,136.0409591752673
EK202310159099,161.60677025017264
EK202310216629,143.42942653680473
EK202310191293,148.93654117796942
EK202310174065,133.42205218120145
EK202310191081,165.72348966117093
EK202310122728,131.77065102208556
EK202310244744,134.6597794959046
EK202310226033,132.57814941410123
EK202310232759,142.3647849039821
EK202310196945,144.83963463138352
EK202310223385,134.62292825280184
EK202310219176,135.92041216363947
EK202310131076,162.12629939441706
EK202310204889,134.43676806143486
EK202310125633,167.92404329297
EK202310153304,162.92267889840875
EK202310138923,133.59320688342316
EK202310110215,154.04414369473693
EK202310212666,144.33750034565352
EK202310219342,132.17257757298694
EK202310161803,135.32562621492872
EK202310120553,134.41963112952925
EK202310230584,134.24644693511195
EK202310224579,137.91847440396546
EK202310171422,149.85715798963204
EK202310106867,142.7313696071733
EK202310121769,142.44017311331436
EK202310215792,138.3366092194112
EK202310138205,124.06048586068964
EK202310189070,141.90072654845693
EK202310151230,136.32739610610525
EK202310108779,138.06239156436445
EK202310167488,153.28210561848115
EK202310243336,126.08855406551777
EK202310124223,127.78861763134803
EK202310240547,137.2809409436102
EK202310191562,155.0344269164824
EK202310140508,129.68542807648836
EK202310119457,148.0433145662094
EK202310179610,128.73905880151403
EK202310146453,139.70681414914887
EK202310163261,172.96688930422326
EK202310214487,161.34557213495486
EK202310195013,135.42033406061924
EK202310129643,130.48071133625254
EK202310106761,141.48081921815302
EK202310132636,142.95525274039213
EK202310205792,134.9457648870602
EK202310176096,145.9290793792455
EK202310132675,141.79077889641712
EK202310203792,133.18680506974226
EK202310188904,145.855544110584
EK202310233751,136.737845486278
EK202310105923,130.93418993228366
EK202310176082,158.09186615643662
EK202310231901,141.68999160846008
EK202310117263,139.3733090045531
EK202310189853,158.97504056207626
EK202310161443,141.33349629661964
EK202310245106,160.97887456001953
EK202310203080,148.325563340849
EK202310229771,136.00571626821375
EK202310178345,132.6347015440739
EK202310212555,142.5263962736571
EK202310183797,152.09390133875962
EK202310247956,123.05558440083813
EK202310137158,141.07857420189498
EK202310121175,150.21883616664212
EK202310142530,131.5880437309209
EK202310145622,143.050157421903
EK202310110044,136.55439936129258
EK202310141565,147.81396782672286
EK202310203553,146.68972358024865
EK202310186294,157.9398456023377
EK202310232455,135.030352810991
EK202310234707,131.77362447250817
EK202310190127,149.28201757954807
EK202310116984,133.6687096470402
EK202310113225,146.10476402492512
EK202310153087,147.89078357077568
EK202310162145,132.07743126330143
EK202310241242,152.8109287176087
EK202310199480,136.6363006676816
EK202310133097,147.85261734770108
EK202310148951,154.00319402237622
EK202310164526,158.7511896595965
EK202310157028,138.0940645324099
EK202310174361,150.72787042961696
EK202310186033,133.1972436407765
EK202310218703,129.43869078782464
EK202310179140,123.79430172790988
EK202310185393,140.42504812747953
EK202310109267,128.8195319408178
EK202310188479,130.56751641686134
EK202310132207,152.3298731645905
EK202320007399,156.37645920585842
EK202310118229,135.58143906260793
EK202310125154,139.2565836022398
EK202310140377,146.5975615529605
EK202310198868,135.73151961293456
EK202310209658,129.76876187020338
EK202310241949,151.48047643756962
EK202310179752,164.71374745832955
EK202310117086,128.06907322287137
EK202310166263,148.02482463377555
EK202310203482,150.36314566355392
EK202310164665,154.76145309326438
EK202310168393,159.82558208378526
EK202310131582,130.71385047326115
EK202310150017,142.4273196985623
EK202310150912,132.0517099335822
EK202310117341,140.67361322855837
EK202310181073,133.09064277878912
EK202310172053,148.09331295504825
EK202310239963,154.81339460955598
EK202310132072,139.78712490104473
EK202310192876,143.47596198919285
EK202310152121,150.1418340094254
EK202310213403,138.08895811182308
EK202310239334,132.84559077024107
EK202310148570,150.9757590774145
EK202310155053,136.9240751923769
EK202310132986,133.05128670756102
EK202310110729,158.03276907761847
EK202310174910,159.5437241033792
EK202310187690,145.6876132721531
EK202310127998,142.15707991823857
EK202310137683,134.8369388864557
EK202310108081,122.50251139082731
EK202310239262,156.0489127527145
EK202310182783,134.0206268675857
EK202310204488,145.4036201764181
EK202310199126,155.88957475418857
EK202310107243,142.75205693035866
EK202310105267,138.556269142154
EK202310152097,158.26949536067528
EK202310125739,135.3663986646919
EK202310170277,148.30818914081848
EK202310237606,147.3027037668175
EK202310234522,133.33947454863377
EK202310161698,133.00258358234396
EK202310165822,134.41041140080577
EK202310248288,151.99956235544505
EK202310136063,171.32528796716113
EK202310117203,141.32557787876544
EK202310154981,137.7066738971878
EK202310232175,144.90404995849394
EK202310144896,116.80715992853673
EK202310142768,133.5515665710767
EK202310160960,126.22263523390492
EK202310163131,142.19796054434428
EK202310239813,137.52525129665065
EK202310144375,141.41669654944099
EK202310175307,170.9229843952144
EK202310227665,136.70614498495044
EK202310132201,152.49553143384557
EK202310143654,152.4251345928934
EK202310197398,135.06226647413624
EK202310247650,133.03006177012233
EK202310218583,150.0824500127852
EK202310185132,129.39994136943514
EK202310166220,147.82023779567564
EK202310183470,134.29713213757634
EK202310193070,145.24078907992129
EK202310127467,127.7488539065069
EK202310208200,132.3707865330885
EK202310230712,133.56371204399437
EK202310137427,128.33472312237996
EK202310140112,139.29983880536955
EK202310223686,132.25218840509606
EK202310176982,150.97875826076952
EK202310118244,131.36260218982946
EK202310151713,138.43696050452925
EK202310212261,133.39400910164716
EK202310134611,126.11734337225214
EK202310120945,134.60517547196534
EK202310151019,151.5272481442914
EK202310141095,144.77115942954393
EK202310137745,130.42663955807762
EK202310225567,149.1127936202825
EK202310216872,153.50097324818108
EK202310212300,138.40710678642205
EK202310225881,152.61145259296612
EK202310151821,127.70658551896254
EK202310129868,144.46456072862483
EK202310156170,159.74256811984998
EK202320006992,143.58034608591052
EK202310173073,144.4480585338362
EK202310240592,138.14375395831874
EK202310128981,133.03085830927708
EK202310225347,161.3831662721066
EK202310107505,145.1477501459351
EK202310004769,127.70132067068695
EK202310192529,148.1514471419056
EK202310205344,157.11958767945492
EK202310241518,137.16956120136794
EK202310188554,158.57347134899638
EK202310185562,165.8056635473197
EK202310154855,138.28553908238015
EK202310175481,149.2950644490959
EK202310157901,152.65692447979995
EK202310221152,135.3734686537784
EK202310200465,154.3878109239599
EK202310183211,130.80865023647354
EK202310194651,142.407085714439
EK202310116691,135.72449434132795
EK202310219488,135.15702347302377
EK202310155631,155.45843302446764
EK202310168504,134.74008264880405
EK202310199253,143.36639841852696
EK202310221668,143.56353266686506
EK202310212285,130.12603391496208
EK202310172945,137.632441422113
EK202310186658,137.5941140184788
EK202310222256,137.32819345686704
EK202310224152,136.35739507298476
EK202310128793,134.12296779334667
EK202310120896,128.50964988618057
EK202310120399,149.12694177814294
EK202310169743,141.76932474950516
EK202310248477,138.32012951528782
EK202310116273,134.76177015224678
EK202310247694,133.9162052350176
EK202310215708,135.92561263127945
EK202310236946,132.44127173990452
EK202310200762,156.80697606709523
EK202310178415,154.6550305057463
EK202310144132,169.73753333292217
EK202310225926,135.03117176771005
EK202310148881,151.84036131639937
EK202310177347,150.497888128795
EK202310213539,134.9117540390311
EK202310208401,141.8501616808621
EK202310238371,135.4319143500761
EK202310234534,139.40580481036554
EK202310136323,137.1304733770592
EK202310135243,141.71764719800308
EK202310202317,134.56197394624616
EK202310226279,139.53203405572862
EK202310203743,137.9047250935549
EK202310205749,155.02627805707203
EK202310004277,143.49423963927876
EK202310113847,127.80124180137578
EK202310194210,156.76947456036126
EK202310183278,145.09670746330926
EK202310145260,135.53122655021332
EK202310239730,138.45595291408742
EK202310228304,136.51445119770372
EK202310152088,140.38329589710779
EK202310154058,134.63540295639402
EK202310136681,147.07464731910426
EK202310117313,136.5372518213987
EK202310233274,139.86597899907284
EK202310179794,137.51394382630033
EK202310135084,167.61284548389827
EK202310206633,147.66500780257095
EK202310234183,129.04557420383097
EK202310143964,135.23220763002473
EK202310158947,152.37897707035427
EK202310137263,134.376156420483
EK202310203360,152.52472412886294
EK202310004905,152.72327992659174
EK202310140955,145.95595938402937
EK202310214327,156.40931363758017
EK202310222556,136.27931289351403
EK202310128510,161.6980151554175
EK202310119821,145.37076431895656
EK202310120108,139.6621199360478
EK202310212000,132.54617966515465
EK202310105271,146.88868207664106
EK202310229500,136.92309472593774
EK202310110970,129.3666582385068
EK202310105364,161.50423271846606
EK202310108637,140.5195717804519
EK202310164376,170.76849571418052
EK202310230032,138.4217995856959
EK202310236376,133.19586862715968
EK202310181052,118.78054810028164
EK202310203281,139.11091975779476
EK202310181885,144.7006740869912
EK202310138885,130.51934247260584
EK202310121415,139.773492903368
EK202310186231,141.0057880622249
EK202310212814,151.4803772172434
EK202310233197,133.4855031906045
EK202310184928,155.4895585690565
EK202310109218,144.12659748579836
EK202310189923,145.1614949798525
EK202310212951,144.29031551992597
EK202310166071,164.24689399739904
EK202310151335,120.40436871832226
EK202310106930,132.53290847946985
EK202310146184,155.86390651966283
EK202310178125,136.64439124885604
EK202310167170,129.40331266780206
EK202310144047,173.5376276141636
EK202310161545,160.83579919586052
EK202310110114,135.4945052799716
EK202310197034,142.66646147550182
EK202310125522,136.78954020209258
EK202310239777,145.97597144049743
EK202310183013,142.61793253945967
EK202310201498,158.9331143135276
EK202310233357,140.8510815984847
EK202310193361,135.9604989376422
EK202310160811,145.8951035426762
EK202310167037,157.26778639255105
EK202310209597,135.15267635312472
EK202310196969,169.09292374466492
EK202310123103,128.05002144284867
EK202310122187,152.45486577260112
EK202310197780,167.21636945928856
EK202310217861,136.35686850980662
EK202310239177,159.43969917198848
EK202310184410,146.97620938678682
EK202310198476,129.5455200674613
EK202310145712,136.15734654926592
EK202310125391,136.06632224200004
EK202310162973,143.2602025352945
EK202320007481,142.69533841782183
EK202310211032,160.94048687033933
EK202310184725,146.97500514217072
EK202310121942,140.32511069435068
EK202310146503,142.34080444040612
EK202310186497,154.24019409169856
EK202310141946,145.99897454375915
EK202310188222,154.6779818235745
EK202310237766,141.87199814538863
EK202310224087,138.6404759255587
EK202310245643,137.9036934473041
EK202310153868,141.58212779012104
EK202310117630,131.91690165509013
EK202310150168,131.23271265988083
EK202310104804,142.01602144195323
EK202310227586,134.42956287404593
EK202310226962,157.14434877941827
EK202310204684,130.25434901809672
EK202310106991,146.92960190399953
EK202310219834,156.40720726003627
EK202310240450,144.03207517932765
EK202310214713,133.07769270973887
EK202310153479,137.74924095569898
EK202320006589,168.6621346055997
EK202310151125,166.2026045024151
EK202310170205,135.30783959339976
EK202310174684,136.7088682844709
EK202310145286,157.97987640104824
EK202310174584,136.46829652030405
EK202310183058,144.45033310969484
EK202310233099,135.56215197628106
EK202310144550,158.86572910786435
EK202310207112,145.66554858446383
EK202310232978,141.82469295394355
EK202310115348,131.826591740702
EK202310183741,164.5898868630788
EK202310144742,133.80315491336668
EK202310178484,162.60534104133595
EK202310151424,169.3315888626063
EK202310223346,143.62737618763887
EK202310138234,157.8514954366328
EK202310190044,167.9850366645524
EK202310210164,146.4999901534038
EK202310175594,154.85496209637927
EK202310139802,134.1840107537545
EK202310133593,167.87991800519916
EK202310236059,131.61623801568143
EK202310247892,133.71515215425845
EK202310228841,137.03071205150002
EK202310142116,155.48575827846756
EK202310139752,133.80137598344214
EK202310247535,159.34823436546665
EK202310204858,145.77362731991553
EK202310127198,150.12630559026604
EK202310212663,136.2868844385048
EK202310133054,125.12927673277292
EK202310116254,157.5713951384955
EK202310140288,135.81429293889036
EK202310242550,140.12444389995554
EK202310208841,149.139734516059
EK202310167295,156.11934437507375
EK202310109419,143.44657521250002
EK202310233386,145.1342676856571
EK202310214181,151.43177080185322
EK202310180240,143.06540783054507
EK202310181535,150.61481319479216
EK202310191715,150.4463822457421
EK202310157953,176.31233883168386
EK202310234893,139.58913230337902
EK202310160253,150.59650789078353
EK202310141553,138.31886574332495
EK202310207337,172.3907549271541
EK202310131278,133.87042743475106
EK202310178817,168.8243924250274
EK202310106002,134.83093752701396
EK202310166631,129.67788770883885
EK202310107493,134.1534526525878
EK202310194394,147.04564480720583
EK202310222252,142.70075255533916
EK202310247371,134.4026808338724
EK202310160792,140.974506308653
EK202310225122,156.0818091853149
EK202310214184,158.91482976810067
EK202310191751,133.3745006889325
EK202310237163,142.41905117442062
EK202310225188,138.11856282225733
EK202310202616,153.73466611359098
EK202310143696,136.9375384812949
EK202310132352,135.84953548182187
EK202310214086,142.02384425867393
EK202310137011,176.36037637244985
EK202310248717,140.73428871762786
EK202310200235,139.09358861437028
EK202310144103,138.7906215114276
EK202310111910,137.99945637225153
EK202310225339,140.80923756199272
EK202310246108,148.34123468598062
EK202310180876,138.64096097321914
EK202310237122,140.0039494329422
EK202310112441,129.12685079285973
EK202310179395,134.71104929620114
EK202310157137,142.79114972208072
EK202310136914,162.61431728810362
EK202310127925,140.8287936517531
EK202310210485,129.4347079604163
EK202310215065,134.94878308465184
EK202310113641,151.63650942694142
EK202310204283,138.6585591736881
EK202310150194,132.24068680001807
EK202310118749,133.64303562812657
EK202310186678,149.10323749366404
EK202310110316,145.6820704824572
EK202310190151,133.2832557256048
EK202310119041,142.49388410953333
EK202310140703,133.01282653504447
EK202310236754,138.36277287208384
EK202310200936,133.58006979463875
EK202310200923,154.19110200437893
EK202320005983,145.5709030534942
EK202310173120,160.01624057335684
EK202310131266,131.14667475737247
EK202310182913,139.24882666337868
EK202310126468,146.30193362947242
EK202310240681,148.61583890294733
EK202310163541,140.56038889299458
EK202310133063,144.12355116249594
EK202310187205,135.6333432200812
EK202310176435,139.23850152586633
EK202310113625,156.95120580634594
EK202310153932,130.0653153430604
EK202310216429,149.43259841375047
EK202310124022,154.02828380641202
EK202310187335,171.76504840973695
EK202310227041,147.24055316574393
EK202310173817,131.39962676795784
EK202310131798,167.2480240624853
EK202310225142,135.19665428153743
EK202310180166,138.37594621813446
EK202310119416,137.65444553574326
EK202310200200,131.35486132272555
EK202310150439,141.82472820479217
EK202310130027,143.08010666471276
EK202310179043,157.50147291534014
EK202310183695,132.06008267297298
EK202310175077,144.38886832227726
EK202310112086,126.68026163576684
EK202310225730,136.37503504036417
EK202310215244,152.67233394002653
EK202310191753,140.63482171127472
EK202310174965,145.1396962943038
EK202310157557,149.5122578779397
EK202310159970,152.0666640176347
EK202310129081,169.33429307574423
EK202310107248,134.97676894353444
EK202310180853,152.0939330512112
EK202310181698,170.98867129549325
EK202310222641,137.00169661429183
EK202310189633,153.3966188918151
EK202310105178,145.222632981764
EK202310109844,130.46569690500635
EK202310239039,152.78977779524672
EK202310114472,135.51110316754813
EK202310179622,138.57055160062617
EK202310115407,145.2540465271647
EK202310106728,145.80162416363973
EK202310206467,132.9872179020388
EK202310169318,134.146001218593
EK202310113553,157.76557162655988
EK202310148432,138.64114589677217
EK202310224899,144.9742840814862
EK202310218411,129.049033218578
EK202310108919,140.54224031684157
EK202310175334,129.5520491125992
EK202310225062,145.03858384941714
EK202310158879,151.00643566944376
EK202310226440,139.44377257277262
EK202310224115,131.044204238755
EK202310148638,141.06990105306787
EK202310233064,162.6771716430566
EK202310158419,154.16046874096148
EK202310241484,140.02637996636093
EK202310163712,144.99535981424873
EK202310186217,153.04528333891034
EK202310142453,162.40973390011297
EK202310137405,136.44048500353125
EK202310185670,133.68022727052679
EK202310150583,126.32289813755179
EK202310227556,132.30163049624397
EK202310234889,142.4917415671317
EK202310111783,135.16974579474203
EK202310127384,141.16241992665624
EK202310113072,157.8951567363326
EK202310160328,136.99824962213498
EK202310188693,167.46639963367912
EK202310104466,153.02786051987385
EK202310143296,155.78761830560586
EK202310212529,149.66913066821036
EK202310207081,164.60560595406437
EK202310239036,146.61029374092914
EK202310114317,123.68119892406243
EK202310004599,151.45799953294892
EK202310165205,139.84724255412434
EK202310162068,176.87699531653968
EK202310109742,147.75278485395162
EK202310151519,171.99532264674363
EK202310164727,122.36248907976523
EK202310193975,154.52710653360566
EK202310176843,130.35199674536585
EK202310238118,141.31175231994348
EK202310231683,138.19988838882625
EK202310170288,148.73854520093974
EK202310233487,122.51897221180953
EK202310144532,128.1835495674032
EK202310118690,142.26747999655498
EK202310236135,144.8234821896993
EK202310220057,135.32651246295535
EK202310136020,152.05851527050064
EK202310120718,133.4126437845945
EK202310205363,136.36010595322196
EK202310110765,144.3204819299603
EK202310130164,166.70234302131485
EK202310170195,148.10136198078007
EK202310131195,131.75035705835583
EK202310197794,169.02539979842967
EK202310189698,157.43454754903627
EK202310180559,122.99061224468274
EK202310193333,164.7592147780241
EK202310164974,140.601118112626
EK202310126083,140.865498984911
EK202310189770,145.99508534511506
EK202310123085,159.81352346019798
EK202310130001,142.79858986274695
EK202310141464,151.19764450149523
EK202310116699,140.51508029042805
EK202310126001,126.3823224720801
EK202310153591,145.90360552459734
EK202310110843,135.7845644036715
EK202310234696,138.67113866715508
EK202310218654,135.7426468511005
EK202310160361,143.8659072304711
EK202310232799,138.47755973229218
EK202310172223,136.81942562206657
EK202310107432,139.92688097379425
EK202310115124,145.20957375811082
EK202310240700,142.25748689531883
EK202310166544,136.2131894603847
EK202310116517,146.02680039867238
EK202310209466,134.78616038085397
EK202310115034,144.07122307637655
EK202320007112,160.51026457608995
EK202310155572,137.878643327583
EK202310184647,175.83426673496106
EK202310237715,129.82078212894098
EK202310140880,132.08892136811818
EK202310171935,148.09320803492977
EK202310110649,139.42627702320718
EK202310235243,144.82992613358996
EK202310222984,156.6691710332532
EK202310103848,132.44168698928866
EK202310200981,130.68862727722285
EK202310138670,160.47884947021035
EK202310116342,129.763817991473
EK202310148866,140.78208847257338
EK202310136555,132.26199367196176
EK202310155446,154.99033314213267
EK202310147661,147.3371877832408
EK202310168674,138.1336942929017
EK202310142524,149.4474589529623
EK202310248385,131.28155966004266
EK202310165956,139.96042304547063
EK202310120604,129.73524172639046
EK202310158534,146.55616707395978
EK202310138524,157.8127514970515
EK202310231297,145.03628208175454
EK202310231319,141.63759946245762
EK202310133278,134.44460120370823
EK202310142657,153.52864795500253
EK202310114071,135.65402324732761
EK202310116075,133.54246166942843
EK202310139321,130.2622658773245
EK202310232658,143.4941381054229
EK202310185531,143.17227966268405
EK202310231623,132.0116280995529
EK202310183491,149.03057577329105
EK202310171783,145.3861261006371
EK202310116076,127.86906522649245
EK202310200347,151.63667630116996
EK202310189649,155.86664488621386
EK202310135957,132.30339426805563
EK202310245361,139.2271702556532
EK202310138713,139.48847127381606
EK202310169366,155.79236566471803
EK202310246917,154.71165587047898
EK202310183943,154.829433070521
EK202310110540,144.48576739736038
EK202310170711,123.23333605595148
EK202310246548,154.03808587009462
EK202310174376,144.39161480251136
EK202310180261,146.83712133426553
EK202310232346,128.2149003604387
EK202310237154,144.814635156951
EK202310171359,145.9167791470959
EK202310136595,146.76515757600708
EK202310144015,134.59246006115683
EK202310209121,148.18374563577854
EK202310222216,130.9494233262747
EK202310107905,130.87302324119815
EK202310188461,129.64967751658523
EK202310222800,136.04144548768372
EK202310217737,137.39776554982794
EK202310218371,143.93298792624032
EK202310208739,119.99869659243555
EK202310219741,150.19664601169205
EK202310211457,141.94376629063694
EK202310182740,146.2271260286042
EK202310163470,137.93039430948645
EK202310245687,150.3628000070348
EK202310168480,122.44926556382902
EK202310185027,163.46416212599328
EK202310194951,135.10889686616846
EK202310190588,145.39222181477945
EK202310177991,141.1323947992282
EK202310162069,143.13545182035872
EK202310125865,146.24897053177128
EK202310220126,142.3920548698526
EK202310158441,146.2418785992147
EK202310145659,139.36776268401994
EK202310129542,134.96706852079058
EK202310151845,136.56310592604257
EK202310230263,132.15564695426272
EK202310111108,137.5192269447699
EK202310171363,151.62007116265812
EK202310127866,145.34207762768514
EK202310129063,139.56066992269746
EK202310144099,135.93783362121687
EK202310140594,138.3005577712237
EK202310154125,159.51051068902413
EK202310131342,132.64170753751486
EK202310203912,131.5319828561892
EK202310118762,128.2113303534815
EK202310131877,162.64410870965156
EK202310106187,137.39416866373512
EK202310120319,137.4661245158497
EK202310209664,132.49361513436256
EK202320007072,156.29523289781915
EK202310121959,147.3586190467525
EK202310153089,136.6613138162108
EK202310151971,133.59018222373777
EK202310151896,154.56819372378425
EK202310135751,133.7720930833726
EK202320005711,167.40090578499573
EK202310134604,163.626056544844
EK202310130128,151.61684847623914
EK202310241667,156.3843801127289
EK202310140220,147.46085159677395
EK202310190478,151.39124141795855
EK202310162552,149.99362177889978
EK202310169398,129.13573466513512
EK202310110027,130.75364051539896
EK202310242977,146.40404548518546
EK202310182314,136.47346494386943
EK202310147967,154.70333805641516
EK202310107549,170.43537706447643
EK202310209315,155.86225187862254
EK202310216226,133.25320031377524
EK202310172171,167.13041143133592
EK202310198531,142.19268473127212
EK202310108550,143.2069068916408
EK202310201297,156.28786506331946
EK202310168808,161.80897860559395
EK202310212662,137.34325095688308
EK202310244470,144.60624218685587
EK202310111112,146.56769969870672
EK202310212061,141.53105619935457
EK202310131027,124.43185236879557
EK202310168347,144.20195543502575
EK202310138779,162.065121976172
EK202310228854,128.5760158110641
EK202310156047,153.8853869560778
EK202310209290,125.28701137207517
EK202310121347,133.35799210235933
EK202310171158,132.02869999071268
EK202310233104,148.96891240217673
EK202310155615,134.43279576657145
EK202310179680,137.14598344835414
EK202310125362,136.5817354438734
EK202310107378,134.58455686626638
EK202310206995,154.85504002104216
EK202310205548,131.93296303500534
EK202310181487,152.56506440291264
EK202310165214,160.91412214578656
EK202310243818,137.18404020035118
EK202310139297,130.67552305489411
EK202310176765,152.01124872215274
EK202320006044,154.94515075445202
EK202310226154,133.0176562524255
EK202310246712,147.6518807732135
EK202310190930,147.4870954081644
EK202310216412,151.79018707055795
EK202310123615,138.0988481424936
EK202310155164,140.93709788635624
EK202310193422,168.19019768559463
EK202310183961,137.77870895295172
EK202310181902,152.56207105205283
EK202310123760,151.948081857013
EK202310147302,145.4689610280017
EK202310210787,130.93329863421366
EK202310132847,124.96837766127037
EK202310126696,140.3725043647405
EK202310232230,132.3241639978969
EK202310223850,148.90091201856663
EK202310237551,144.6623796914871
EK202310188279,135.97052737574325
EK202310152561,144.39817931483154
EK202310197741,132.66919285621944
EK202310241557,144.91696510833813
EK202320005587,154.3511678209398
EK202310173993,130.31271608177892
EK202310139298,158.46023693906596
EK202310226418,136.60877191461373
EK202310120554,131.5145906830678
EK202310210326,129.92482489870122
EK202310124646,124.57258292156347
EK202310243187,129.77597756343422
EK202310111546,150.49877792493015
EK202310225889,135.5592744894001
EK202310239244,134.27086918911215
EK202310226952,133.2156353304098
EK202310154546,130.24512361600208
EK202310209747,131.95150983147593
EK202310208437,148.17314052288128
EK202310217996,144.77987723294422
EK202310154333,142.2851213422165
EK202310199044,155.72095630866613
EK202310193652,149.7726327529802
EK202310199108,147.33186712524403
EK202310138541,135.59953648054508
EK202310109275,147.98254130882205
EK202310241877,154.26544272424823
EK202310247060,139.64095103569423
EK202310233675,142.3054777652015
EK202310127980,142.57406277725053
EK202310216345,134.18921256480905
EK202310124692,138.0103889422462
EK202310214703,146.62881871810825
EK202310125176,139.07665928245518
EK202310230402,137.89172374725047
EK202310204376,133.6193003739049
EK202310003738,143.6253082473148
EK202310177361,150.7864161687492
EK202310142175,137.32838050092076
EK202310121737,124.8484654790517
EK202310231332,142.59110304976656
EK202310126428,134.5547185942899
EK202310208151,136.34089421831263
EK202310160932,148.3967734045204
EK202310201461,151.76032004819027
EK202310190429,135.4735841288749
EK202310180683,149.59006610145977
EK202310216976,165.6454389245504
EK202310125226,135.22312622509918
EK202310201559,142.41674395462232
EK202310201026,154.66554735472258
EK202310241612,126.61357958972155
EK202310159055,141.2842117741915
EK202310128633,151.69283097283784
EK202310241584,139.10931818037625
EK202310124066,135.60419992094563
EK202310143999,133.41550921611991
EK202310127055,137.96190993237073
EK202310109477,134.87691204819922
EK202310142422,128.24878941454298
EK202310170493,152.82830403418805
EK202310245660,127.36179613512303
EK202310174604,143.0483095929674
EK202310145956,137.3291828597769
EK202310170744,139.84085390383666
EK202310137459,138.81356630323165
EK202310205343,139.01096178976314
EK202310113624,162.7040682347355
EK202310230917,131.6859185444276
EK202310131938,135.1314315617628
EK202310192653,147.81650055944704
EK202310233709,144.1633832357067
EK202310125722,151.17771772142464
EK202310167315,150.16251394347788
EK202310155548,152.9425240344109
EK202310143279,147.07011812156145
EK202310150075,149.32667304904038
EK202310122318,142.00145972663842
EK202310126189,141.97429427773776
EK202310226757,134.10042303420417
EK202310243030,138.01218959544863
EK202310130445,158.92462816457683
EK202310243191,145.3286083996837
EK202310203273,133.80993934956228
EK202310188485,139.62613871835566
EK202310230409,135.05944383691778
EK202310183553,138.05708542085608
EK202310220994,143.0541670351202
EK202310207037,137.01075357970302
EK202310165758,132.77150696435294
EK202310106826,141.52371130065274
EK202310120683,138.323477425827
EK202310134934,145.72142224281853
EK202310165051,133.48477059235313
EK202310189221,124.8336378567245
EK202310157513,150.18301950428284
EK202310190280,156.51492819473768
EK202310123034,129.83359902024222
EK202310206344,162.2927174542887
EK202310135546,160.53507068252662
EK202310246417,127.21324775213057
EK202310220955,128.7252347734569
EK202310109848,136.32863441954484
EK202310154849,152.73053325391825
EK202310110348,154.45262498596364
EK202310167034,153.51308518592583
EK202310113223,134.49278982465867
EK202310165666,133.03672935445442
EK202310235856,151.8844055687088
EK202320005842,142.85127871695428
EK202310154000,147.8522516594351
EK202310142071,148.7095191115815
EK202310209033,159.56821123190642
EK202310196340,134.05827320716494
EK202310216529,153.9137278970926
EK202310164553,145.26298725125622
EK202310104021,147.99542072588977
EK202310239632,131.72733826043594
EK202310225277,159.78305690800704
EK202310175861,136.40256251683704
EK202310129169,158.74476003131247
EK202310122145,147.93969887548337
EK202310227448,130.77844948973703
EK202310177969,138.05805073097932
EK202310193062,142.15317949153527
EK202310182763,139.1657421352104
EK202310235087,137.45199423697377
EK202310121651,141.66066059582533
EK202310212604,136.20663510444817
EK202310226694,121.61868823881713
EK202310004579,148.18161083947942
EK202310159373,142.11721864818338
EK202310177799,145.8174077979047
EK202310119324,132.03646057887818
EK202310129405,146.90274510019816
EK202310237885,139.72408946785737
EK202310135421,138.33506858892076
EK202310175226,142.13669884209432
EK202310173605,163.71653034219196
EK202310111658,123.62120810063917
EK202310185671,163.85859448132493
EK202310196715,138.97522429777368
EK202310196589,142.60922306644005
EK202310199584,143.67965586060254
EK202310143146,131.8852685714077
EK202310121051,154.51435361720425
EK202310231042,133.07142478926946
EK202310194606,131.38679999701506
EK202310212236,133.16883534377436
EK202310153083,152.9380174876386
EK202310141649,148.7871951530851
EK202310192808,151.85467558263082
EK202310169365,143.04329747977673
EK202310189768,148.08835576147445
EK202310233720,137.02747245169613
EK202310247878,161.00841792391003
EK202310178488,143.0908180676387
EK202310151955,151.92093731138954
EK202310104506,140.71750815720264
EK202310205228,132.10560204991893
EK202310116841,137.3342639786589
EK202310105208,159.26547453215673
EK202310168242,147.34697794806797
EK202310172150,157.39528990121698
EK202310199656,173.16452177868445
EK202310202819,137.2511596885007
EK202310118069,126.80330782911695
EK202310226761,140.15392524427506
EK202310158901,141.9252758255492
EK202310221031,145.90648094039324
EK202310204076,143.6943932162742
EK202310146995,153.0160111098882
EK202310126768,138.88366383786274
EK202310167991,139.08591307564546
EK202310142215,134.09253788493973
EK202310128249,140.27894940828688
EK202310168392,152.71837764387465
EK202310241392,131.6198029660907
EK202310167654,137.8115213970782
EK202310124170,130.0208066966844
EK202310211894,136.67796845906204
EK202310213128,145.29040290586633
EK202310223813,137.34452019238657
EK202310106169,148.36824038710014
EK202310110167,147.27173740501925
EK202310237365,149.84487863532553
EK202310153054,149.69644043919956
EK202310138889,136.62254898886675
EK202310136676,128.13030793230652
EK202310177777,151.6599868618122
EK202310183311,169.70989041010395
EK202310192034,146.36147733155622
EK202310161294,138.41749716363447
EK202310215386,141.78443746368555
EK202310237862,149.91984162734838
EK202310124110,134.2413325791148
EK202310105757,150.22671587394487
EK202310131681,138.92110959967306
EK202310122852,129.52109466578563
EK202310106485,126.0616905141995
EK202310182695,139.4988209288401
EK202310238540,128.65587390487332
EK202310104101,139.32890002698198
EK202310121381,135.83253525573886
EK202310200186,137.91343536347762
EK202310190609,138.15139360294307
EK202310230288,133.98253190383963
EK202310166620,160.70593482158304
EK202310147442,140.9579584148311
EK202310137943,131.9473997347383
EK202310208851,151.71525383354094
EK202310128623,125.43413653160441
EK202310179932,142.0778751595738
EK202310191123,141.30572377842094
EK202310222467,143.14158396930347
EK202310120128,130.93121938186727
EK202310143211,124.02449006421098
EK202310158431,159.6479205571729
EK202310200191,143.79509391602235
EK202310121797,111.7510936606603
EK202310246836,128.1506139994362
EK202310122588,141.37857978694646
EK202310212376,131.39108730700656
EK202310202020,144.50988793907496
EK202310003990,153.85902043546324
EK202310195950,160.8520941764817
EK202310215709,138.9906093195786
EK202310140933,129.20531286130603
EK202310135948,126.22120314115595
EK202310156397,169.78285101676488
EK202310160468,125.67710592004357
EK202310181061,168.95569840024746
EK202310165217,147.55425008895125
EK202310221056,132.14094805043777
EK202310168493,130.69244389905438
EK202310136547,133.81542965004084
EK202310247972,149.3248173050222
EK202310167486,142.1635829384501
EK202310240744,147.37872624875567
EK202310148632,146.29188724510115
EK202310199792,151.74681142792912
EK202310200958,159.8449328072435
EK202310171502,155.45705487591405
EK202310164924,143.83849987630416
EK202310175724,123.38644761592796
EK202310139433,140.59196613863227
EK202310217068,155.64562110469097
EK202310110561,133.8246263964986
EK202310248008,151.09032154982765
EK202310157048,144.67257816764712
EK202310141117,132.13595243425738
EK202310195935,142.65800599085827
EK202310168643,130.40480003865622
EK202310004252,132.87032202181516
EK202310151231,151.57263674231848
EK202310221120,132.58922281167753
EK202310115802,146.18006861349318
EK202310217669,134.24878425552626
EK202310179308,150.59891066038537
EK202310190511,152.63951999679833
EK202310189661,137.59443822397654
EK202310218561,134.76199527674487
EK202310216544,151.8859087580722
EK202310130093,137.7383176051076
EK202310227470,148.0821515103846
EK202310149720,149.7046514929876
EK202310123936,150.64249012744128
EK202310185139,146.62513134481864
EK202310164969,129.3930965271708
EK202310159566,157.23192193641157
EK202310153493,137.92301659221016
EK202320007009,170.82694433295939
EK202310149916,157.69935369670713
EK202310195613,126.24722262061609
EK202310234039,142.2371312354658
EK202310109288,129.41733438504087
EK202310212808,138.95511413503917
EK202310234197,133.2286980366049
EK202310157802,144.38494911174521
EK202310207417,148.600049547015
EK202310245686,136.03220073113536
EK202310159054,152.9451929751668
EK202310183850,137.2364974471327
EK202310118502,161.1103017572784
EK202310128627,156.6362132398663
EK202310220287,146.4023952811964
EK202310199273,137.58075917370306
EK202310142033,143.28187211404082
EK202310229082,135.67368062709343
EK202310143807,136.82353644087348
EK202310206645,139.90855128827462
EK202310211819,136.45342549536355
EK202310197690,155.04804471706197
EK202310197678,135.39223681959007
EK202310234454,130.76129409561227
EK202310120882,152.36572580510114
EK202310169899,154.3855848738987
EK202310202826,150.83529414669573
EK202310161402,169.88046311029453
EK202310121220,126.76705021848687
EK202310125862,141.569544167913
EK202310197968,124.2626101958553
EK202310237174,136.04378506265408
EK202310134475,146.9639295656415
EK202310247308,155.22125448068445
EK202320007435,137.6780311248728
EK202310164160,136.01275738541824
EK202310122449,165.90240135371573
EK202310139591,141.27628382976144
EK202310141624,139.24142992323974
EK202310138255,146.54489867692126
EK202310193958,150.26514907119574
EK202310222645,134.43046787439937
EK202310105689,148.27307506068968
EK202310219882,148.2269672227971
EK202310178757,169.48957265474166
EK202310241650,139.9870522848104
EK202310246447,134.00148516731744
EK202310217078,156.45162182023242
EK202310139978,146.21229921022422
EK202310241716,149.6813387261117
EK202310133093,145.89439518636829
EK202310243929,155.10257928859875
EK202310140929,163.56917652765043
EK202310191115,144.06728003594728
EK202310207003,140.21529399889454
EK202310145248,159.68260499460752
EK202310239401,158.52327143219065
EK202310155225,146.249229136639
EK202310151560,134.92886681131418
EK202310177641,142.02482939727182
EK202310222696,134.38510567357577
EK202310150293,147.06537268257986
EK202310195144,148.37645279630317
EK202310243924,136.74577404586356
EK202310178439,142.9032270790899
EK202310195750,136.46673545754294
EK202310166551,140.66180824569165
EK202310217145,160.67475840149763
EK202310240066,145.33834550675687
EK202310199715,166.92417091149153
EK202310132904,133.88121188390926
EK202310154841,153.28765783777553
EK202310234469,127.67291350830115
EK202310114515,136.0975191664893
EK202310117966,144.54014417922417
EK202310137867,129.43931328048035
EK202310205349,143.1241026284755
EK202310112816,145.61520405160894
EK202310168065,153.13412058881522
EK202310169737,142.38777375121282
EK202310148917,140.01985547597513
EK202310196463,136.45957445752
EK202310231207,136.06683624455334
EK202310128533,137.11828302292278
EK202310197226,130.60333696901043
EK202310154933,148.39143542561467
EK202310117103,138.3196575660647
EK202310165309,149.56330030691896
EK202310104246,143.37466291621968
EK202310105130,136.58393901863866
EK202310216979,132.4919025325069
EK202310193989,129.7142849217245
EK202310147207,141.7269246625755
EK202310135301,162.03116771658122
EK202310180058,146.31548957949389
EK202310150495,139.4668246039862
EK202310184503,148.73108945894776
EK202310107823,154.47758411467782
EK202310241936,152.4895445602737
EK202310186182,142.55484765993378
EK202310003976,135.2125508191468
EK202310156046,138.1538868336456
EK202310129628,165.76683126774648
EK202310142854,135.77578323471454
EK202310241326,151.66771079811838
EK202310160722,147.1193294697787
EK202310143237,134.35422418271793
EK202310107245,154.47524191931353
EK202310114305,145.67715210009055
EK202310134035,145.51819361842348
EK202310199912,133.29686551568545
EK202310140410,144.30473323263953
EK202310183615,157.76829530478028
EK202310147371,144.49108986190865
EK202310111631,142.56886258474313
EK202310139777,133.69218791881895
EK202310176357,138.16883865428827
EK202310105349,151.30084326610645
EK202310238051,142.2664916935636
EK202310123087,131.12436380178644
EK202310199824,130.0313478565535
EK202310225713,135.17866662733954
EK202310156653,140.55467498888962
EK202310238527,138.98862144299656
EK202310148824,178.23625237599921
EK202310186203,157.02790679077663
EK202310105194,135.55765022100627
EK202310141266,147.72902364895592
EK202310126789,168.34982029115082
EK202310135067,171.4676030167274
EK202310222780,132.2997206581469
EK202310191104,146.38981856143366
EK202310244171,165.39110502085055
EK202310166225,150.81572533576184
EK202310217237,142.02557104724804
EK202310225459,136.99931075755356
EK202310109489,146.15742417181158
EK202310167581,156.7839056601142
EK202310127053,131.33006858393966
EK202310158488,133.0911673406731
EK202310134328,140.14561398853178
EK202310155326,145.05183773825408
EK202310181981,143.88649752970207
EK202310237066,135.60060700426305
EK202310123955,145.138327344884
EK202310228593,131.78963433403044
EK202310190125,151.32531167914712
EK202310115548,142.92449391197846
EK202310111782,147.41319439181234
EK202310243482,155.51890396080833
EK202310163452,136.56859940742888
EK202310123894,142.38246843313274
EK202310154308,132.85502377931962
EK202310125766,133.47972601840834
EK202310176942,149.57862297231407
EK202310127476,148.2362888968719
EK202310158246,152.69449405431314
EK202310194016,151.76674910464737
EK202310227342,141.03426414256765
EK202310134667,157.2472718214786
EK202310123740,137.6137941305759
EK202310105769,152.06561745854054
EK202310228947,142.77333512348736
EK202310169454,154.22541088678975
EK202310104666,135.15100799597195
EK202310151168,132.44804681654657
EK202310233283,136.48340633177688
EK202310172969,138.9711983119593
EK202310209511,137.23575434586635
EK202310185148,149.89336782477397
EK202310181055,150.4333262942725
EK202310153153,148.34926137833045
EK202310187550,159.9476117161237
EK202310107176,138.46874446484256
EK202310144598,131.3819384179856
EK202310139318,129.7279463571675
EK202310160272,167.79266542119586
EK202310195091,141.92397928491567
EK202310186267,134.82555956890488
EK202310204034,146.13522404915926
EK202310128110,145.91903038520974
EK202310119313,137.6657338668062
EK202310157152,138.39998048088157
EK202310189194,158.57470621116508
EK202310115332,142.32318200380362
EK202310213972,134.62717859124868
EK202310174634,151.94241045833078
EK202310141976,139.66373733692066
EK202310217725,137.98929684749552
EK202310240779,145.15028709997247
EK202310133212,154.358460047951
EK202310198208,141.02107249525005
EK202310185889,144.8395185915747
EK202310189206,143.98474718042135
EK202310177011,151.09742611094336
EK202310179732,141.89739790473305
EK202310224354,132.2916655984112
EK202310163111,137.55331107839143
EK202310194747,130.45126835265435
EK202310166854,143.63202103256415
EK202310242694,142.50413155512857
EK202310141362,135.91625401243346
EK202310183977,164.15839962049228
EK202310179207,132.88224981702749
EK202310247546,149.28113257552178
EK202310140989,146.4830963137566
EK202310196104,141.0244391673176
EK202310004793,143.75009012343145
EK202310185123,141.58692901359234
EK202310160604,140.42336328395982
EK202320005906,166.25241511556482
EK202310216868,128.28192430792444
EK202310164383,153.18554493235885
EK202310135531,138.4293676984431
EK202310225232,128.82963556241396
EK202310152968,139.35806942397895
EK202310193329,161.47430613099118
EK202310208494,141.75319192717723
EK202310120865,131.8980723539533
EK202310160731,138.96011458712312
EK202310143803,154.19862277272952
EK202310216607,143.85884860634454
EK202310183415,147.5416566896693
EK202310200013,127.27979675998128
EK202310104115,153.1064877198233
EK202310133379,147.00332266379516
EK202310131060,168.16264263131586
EK202310149753,151.98139280200417
EK202310148087,142.13961317557465
EK202310172156,169.5073973123664
EK202310118569,120.38208133698383
EK202310204670,131.61132191563874
EK202310234858,139.3100030584138
EK202310203722,140.6720741258189
EK202310232168,138.733934065069
EK202310213536,139.1390231298248
EK202310113341,153.2140768211272
EK202310134517,144.00597871614713
EK202310175096,144.21102479988184
EK202310118503,136.6186923141663
EK202310206791,147.41941744600962
EK202310133225,132.43782223817033
EK202310139427,133.08643275182848
EK202310242973,132.09896605168598
EK202310230311,127.9940440680005
EK202310192098,147.0467687772417
EK202310139654,148.14922630217058
EK202310104039,142.65766481564637
EK202310218808,147.76590741373818
EK202310112932,143.56913340659463
EK202310139942,138.08130131415018
EK202310155659,142.79410499067635
EK202310225247,157.78550981674002
EK202310126309,140.60053537245736
EK202310132111,165.85900428883394
EK202310242286,153.1610632154262
EK202310123840,132.80743516239292
EK202310210407,130.463745013409
EK202310144692,155.14718474282407
EK202310132665,155.25953836848416
EK202310142951,169.2407635614118
EK202310239672,141.83165374627723
EK202310228540,132.29555895627172
EK202310134450,135.74665431214754
EK202310202201,152.46697776638894
EK202310237145,141.3708568202785
EK202310248506,144.73292883314042
EK202310181213,149.32330180464672
EK202310197495,142.7787331319232
EK202320006060,160.17353577355865
EK202310240535,159.7495548406829
EK202310238367,148.71094920532911
EK202310105848,132.3904669312063
EK202310153010,136.3139066674279
EK202310245093,134.58748620133858
EK202310133381,130.3889688130378
EK202310132940,140.9612336736975
EK202320007659,161.19133106068173
EK202310125644,148.02399710792974
EK202310141453,137.69026936328115
EK202310217985,127.76764355322825
EK202310105477,146.61509183943474
EK202320005870,162.17423780495133
EK202310148401,155.40085474663746
EK202310218056,133.75314342558613
EK202310104777,155.75758897487304
EK202310136506,127.93293602826029
EK202310243986,141.1089647277167
EK202310217742,154.07384890936137
EK202310149440,140.01538360785648
EK202310176195,127.04390371120081
EK202310147405,136.72343108447424
EK202310210916,138.14396216939818
EK202310136871,140.81475426137746
EK202310204028,141.23259136622588
EK202310236173,135.24992375385943
EK202310144792,128.82147857230092
EK202310199783,139.96786424582493
EK202310115630,122.8477645242016
EK202310171734,149.19621511004456
EK202310219359,143.56963043352752
EK202310136081,164.5154670943379
EK202310238195,147.02039631935227
EK202310168013,154.52316400516133
EK202310171083,153.76011048432864
EK202310211010,134.49501508998296
EK202310212579,146.2933508056463
EK202310129157,161.25498377183874
EK202310123465,148.85076057105624
EK202310192944,137.8129982340423
EK202310104057,129.24226438024095
EK202310140551,154.51386359498886
EK202310243448,134.22893645618572
EK202310238701,144.95950180073342
EK202310243934,141.86980585072163
EK202310225403,143.9713613308278
EK202310194134,138.06527251004698
EK202310223407,129.39737688392316
EK202310164382,137.74150197613554
EK202310136103,178.26324946915264
EK202310208188,142.34585972964916
EK202310145816,139.98125731474929
EK202310214812,140.7081582365086
EK202310202835,143.84576985046328
EK202310125645,151.57140960537154
EK202310121206,141.89988073665046
EK202320006076,133.953576360926
EK202310184640,163.6567977404411
EK202310141217,143.81011514751174
EK202310150527,135.6292916087557
EK202310125769,137.87980693461654
EK202310197697,151.04799263381895
EK202310206446,159.39481397106744
EK202310151327,134.80121912594836
EK202310175105,135.11690511052765
EK202310139134,154.8671184808389
EK202310119006,137.37935450551353
EK202310109789,148.94055518145456
EK202310205096,135.0700987778749
EK202310118587,148.53631737638983
EK202310171349,157.10530470389944
EK202310212106,134.6491332931818
EK202310191242,147.87434113896808
EK202310200352,141.32363938974217
EK202310128949,129.60008335838867
EK202310122161,137.89146643346518
EK202310201553,155.8801818476575
EK202310139788,131.64111170977168
EK202310244144,136.60944643518675
EK202310003717,168.53751903235437
EK202310130693,137.75538422745618
EK202310183999,168.9175255399422
EK202310172800,144.32150870035267
EK202310161242,164.65338335539977
EK202310146441,144.26250168416234
EK202310117631,134.23197616095942
EK202310212373,136.40851653597272
EK202310113819,139.21184171563908
EK202310210848,134.99783305573197
EK202310158047,131.12769328243462
EK202310144950,145.63015561152278
EK202310229677,141.5992002757398
EK202310128529,143.8581148572111
EK202310224957,161.9033707630825
EK202310111880,140.00742047306423
EK202310104750,140.61088494712848
EK202310230949,132.37791516420876
EK202310123557,155.128792645367
EK202310235606,139.59321810335396
EK202310198394,138.8604121936052
EK202310161777,143.38743087509403
EK202310134912,147.78872042595572
EK202310118238,129.63719959457893
EK202310154314,149.02874736639907
EK202310195062,139.18871324054527
EK202310144785,131.2818910712661
EK202310225938,130.38104345203413
EK202310145864,129.70597401033876
EK202310219409,133.57006933273587
EK202310140726,144.8604361705604
EK202310132055,138.38532646475397
EK202310176826,131.819430638141
EK202310136603,153.91428211818976
EK202310131597,151.27165333515785
EK202310246396,157.82123445005527
EK202310238453,143.4805689336049
EK202310210356,138.62079989350056
EK202310238874,151.89502766881932
EK202310243980,155.89212178089534
EK202310130204,147.0594450291916
EK202310232972,144.508095160546
EK202310132480,146.60123432996926
EK202310123064,160.9554755380602
EK202310116125,145.42049952551804
EK202310216605,144.94377061026316
EK202310135031,160.78940983142363
EK202310119678,152.35781299197
EK202310156982,176.06818384013644
EK202310181434,161.38026048372237
EK202310160699,148.16961277660914
EK202310206737,140.9961429894387
EK202310179993,131.38280618699508
EK202310141387,145.92288541503808
EK202310210766,143.49798281014492
EK202310109069,148.34510278199656
EK202310183082,139.7464272002822
EK202310184893,149.47064114083744
EK202310246516,143.21106767307705
EK202310229143,145.62480222294187
EK202310131062,158.2035596362613
EK202310185681,160.30731500061634
EK202310185540,140.71668508011624
EK202310114449,152.69118921544737
EK202310165928,158.28585823312307
EK202310107191,159.11565893890446
EK202310228437,132.90555467592498
EK202310143843,146.99939184319257
EK202310180377,155.29103321053307
EK202310241530,154.51259726302
EK202310162708,168.46275163250635
EK202310138305,150.27829357062734
EK202310103875,135.9646566027964
EK202310125471,141.05154549190985
EK202310152377,127.52044397403813
EK202310113683,163.614643287273
EK202310181927,153.7372604251008
EK202310176699,156.86854965198168
EK202310179246,125.59297892719582
EK202310218837,145.04581769729666
EK202310156548,168.2420494764416
EK202310169871,137.88851999180096
EK202310183587,182.79903980964994
EK202310223255,137.55560283432675
EK202310174418,136.96771321185128
EK202320007116,148.23475869636934
EK202310224284,147.36630352081602
EK202310174549,135.25699787710693
EK202310161579,152.457544596406
EK202310147194,158.1451177489735
EK202310112625,122.21120593913506
EK202310142795,140.94757470599853
EK202310187355,130.99423799784043
EK202310166085,160.57639503061725
EK202310173662,154.80007266025876
EK202310179128,135.21200481265117
EK202310178324,145.75447833910494
EK202310141982,132.2857135802573
EK202310200610,151.58356771113836
EK202310116989,146.55219015030082
EK202310148385,169.65226165822585
EK202310003411,134.92250895856088
EK202310247578,132.19015464021183
EK202310244685,156.39199029720268
EK202310129901,139.54084079197105
EK202310200914,139.38559136412067
EK202310129257,134.90209365567236
EK202310240699,137.52727870988764
EK202310216215,145.49300057047415
EK202310156174,145.65359509668176
EK202310221194,142.7469892079372
EK202310103999,150.91725076485542
EK202310192191,127.98785302181275
EK202310140596,135.76684812211576
EK202310143276,137.82349045975891
EK202310234844,145.25981886235536
EK202310187581,136.89371596131517
EK202310140028,179.25739571626502
EK202310246026,131.17772636421176
EK202310227430,155.8719013841481
EK202310132042,139.1882253929022
EK202310177593,150.93799480880176
EK202310141118,137.20573941785753
EK202310247138,136.4298240794282
EK202310130201,154.96414623922723
EK202310131399,147.88666594298553
EK202310175507,146.87472651504325
EK202310216063,161.09535848392701
EK202310247001,139.16499869774864
EK202310003515,139.70966421244657
EK202310174264,130.07418415917752
EK202310169815,146.63486079175203
EK202310110931,136.00673253631498
EK202310116115,136.91214249591226
EK202310124245,135.13590489555077
EK202310201777,145.7192601320727
EK202310166287,147.9499834163909
EK202310212681,151.19940426319897
EK202320006340,161.8201899203124
EK202310155270,136.36884914137144
EK202310115765,135.20768734692183
EK202310179416,133.8729344143581
EK202310115011,131.0541359913851
EK202310159851,154.07688658147825
EK202310185875,145.7985173901362
EK202310195751,152.79640130181403
EK202310212496,140.97452623188
EK202310134077,130.81024455353705
EK202310125764,132.8916307683159
EK202310219281,136.54343429438745
EK202310138192,123.22439961995106
EK202310227717,131.9888445000773
EK202310178143,151.9349585012998
EK202310137761,141.18479609135784
EK202310239906,135.42177786167815
EK202310190459,150.6846735167128
EK202310115727,129.42198254254106
EK202310244833,149.62600985048778
EK202310107229,106.19371597696399
EK202310224274,150.06527610568563
EK202310194396,156.46893246349183
EK202310134831,138.64814767519346
EK202320007479,147.84582168962848
EK202310170018,143.4175032032087
EK202310177337,166.57386653558387
EK202310119476,136.14526988406885
EK202310213475,140.35533699745076
EK202310206650,138.88040897461087
EK202310231785,133.9555824266747
EK202310222833,146.59741759150577
EK202310187301,125.92134981283746
EK202310111784,137.1394143170222
EK202310227788,138.26674647046642
EK202310150141,152.11001830216156
EK202310161536,144.9975537320648
EK202310137661,140.19459910342704
EK202310226163,131.35899729257673
EK202310223040,137.3039249053685
EK202310111512,145.0603547408722
EK202310211220,145.2347302586898
EK202310122194,140.21672418296225
EK202310182104,142.06754281295514
EK202310179334,172.8937325551046
EK202310179331,158.72087364418823
EK202310145350,127.08360350390875
EK202310201986,129.90399405714805
EK202310196946,142.79311939548566
EK202310217855,135.35069758552353
EK202310236350,128.24567315556104
EK202310229165,132.45402839155045
EK202310171617,149.42520196273247
EK202310115459,144.60490541007482
EK202310196848,133.02971327536252
EK202310127398,138.37551463271373
EK202310205390,138.45403222087754
EK202310142325,149.1797821369298
EK202310196201,152.0884584201649
EK202310238646,140.82128179116856
EK202310230272,160.77743330314635
EK202310241132,146.80338876106097
EK202310212259,134.76321610158612
EK202310228514,140.05575007245267
EK202310238485,155.4837263527917
EK202310158861,148.53116043157328
EK202310227360,134.83519398617338
EK202310136436,138.6273851441922
EK202310231528,135.31206634910055
EK202310221158,138.2458857066202
EK202310211507,149.4537600939254
EK202310190845,142.69366023807473
EK202310157714,147.29892530714383
EK202310135990,132.57920069510087
EK202310164365,150.18875314664294
EK202310153926,161.96653825204186
EK202310150008,144.6559590718136
EK202310141032,147.412190000803
EK202310193812,146.96766179981873
EK202310137931,140.84269034295303
EK202310156495,168.76126673192627
EK202310122480,146.63466323057412
EK202310216486,136.74633113945993
EK202310222820,152.23132625039858
EK202310111196,148.48699809811745
EK202310150248,133.38893917453515
EK202310136916,148.99191836498383
EK202310107139,104.70229274616493
EK202310181412,150.81633984485708
EK202310206211,136.54491595993892
EK202310109768,144.22982628507356
EK202310206447,168.70289870561965
EK202310211977,130.8509750105878
EK202310235013,133.35313605270997
EK202320007348,151.17966741818827
EK202310128131,137.7843752153673
EK202310107501,146.95246989921594
EK202310247682,143.99108881641743
EK202310227429,150.7446479060559
EK202310204611,149.72927362587595
EK202310133183,131.7075246505744
EK202310218119,131.31603363619044
EK202310183206,135.40455106942755
EK202310232942,136.02098425341867
EK202310205411,138.24476538033687
EK202310166033,158.0301258460574
EK202310134596,163.96492255992067
EK202310136873,171.933472224669
EK202310203514,140.47785573576024
EK202310126038,137.92882040734253
EK202310191150,144.35092938371676
EK202310129389,141.75615078154985
EK202310222819,155.3656258055227
EK202310152891,172.34498914627497
EK202310157272,149.49921435440422
EK202310135873,158.10614297585283
EK202310197559,162.00855336385092
EK202310169845,152.73822116615665
EK202310165585,143.30661784037676
EK202310159036,144.95234415815312
EK202320007295,157.84938537435914
EK202310133662,139.62315066577625
EK202310189827,149.29539461501545
EK202310148841,157.23608139479256
EK202310146896,135.47850456248912
EK202310235090,133.79577683730741
EK202310119567,129.26635896031996
EK202310172433,161.91455809588206
EK202310247849,153.9439343730984
EK202310207306,139.7399658353743
EK202310183094,136.65267566938596
EK202310216955,164.45542452907392
EK202310192760,169.46664462858388
EK202310164280,130.73649481531118
EK202310203989,159.66469445288305
EK202310239786,133.26573369241467
EK202310105979,142.17169370175486
EK202310003640,149.9470454394139
EK202310240750,149.7219951348813
EK202310179109,139.86423268358172
EK202310150944,147.31757727229856
EK202310201413,147.595288583302
EK202320007436,149.8647755735026
EK202310113726,155.85366978560256
EK202310122262,127.80771669995977
EK202310224480,137.51849981618233
EK202310194020,127.63300464239852
EK202310183018,160.48746226335567
EK202310181414,158.53100817235392
EK202310113303,139.34926514518034
EK202310108976,142.0696778134685
EK202310160184,140.77815197415805
EK202310210774,135.55571921300356
EK202310161905,154.8070531284036
EK202310142271,153.6835673716312
EK202310172860,145.35366151211838
EK202310145464,126.60675099725235
EK202310004728,144.00346058356286
EK202310166310,142.62793364891917
EK202310105822,130.7771942944869
EK202310147953,149.2818151844472
EK202310108291,153.22687848433256
EK202310240186,141.39085830278563
EK202310136365,132.32906073891897
EK202310221390,153.19238761656726
EK202310229925,124.01123870846034
EK202310141278,137.3692923036026
EK202310246624,145.5343439105668
EK202310220360,131.62545197253385
EK202310224653,144.87653264842828
EK202310160368,135.8860803360844
EK202310126911,146.70219453819124
EK202310222925,143.94246508154484
EK202310200594,146.99118385296734
EK202310150819,132.85253768948454
EK202310129913,154.85987020815583
EK202310187155,161.24802995163077
EK202310221177,135.57514716952207
EK202310117855,137.26969417468388
EK202310114109,147.5138204838101
EK202310212056,134.52187938168453
EK202310235416,134.1169939842934
EK202310119909,151.29498716772565
EK202310234670,141.03772399909536
EK202310191663,160.17473394274649
EK202310157791,129.66050367651385
EK202310232045,140.03626385175616
EK202310177127,145.81936710856866
EK202310175989,139.0835047817137
EK202310127307,159.44907062856694
EK202310105741,148.00677813855359
EK202310174633,133.66675503011064
EK202310114332,133.20188326195216
EK202310176623,139.4045999015307
EK202310157384,135.55277106827333
EK202310230266,137.3608730908896
EK202310178822,158.72200011770298
EK202310174964,143.33703636717655
EK202310149670,130.82529386906734
EK202310189731,140.53301677993576
EK202310134729,169.01664698385122
EK202310198042,133.3931971148965
EK202310231499,136.19946930880315
EK202310155095,146.55153714239614
EK202310180485,138.8894490752793
EK202310198871,121.19868798457786
EK202310004386,138.45075383113985
EK202310165308,133.29159432953296
EK202310131429,129.35374787598687
EK202310141545,154.27458018747157
EK202310184517,139.11857216086597
EK202310199293,131.8898131466034
EK202310152428,151.94013192848502
EK202310148889,170.53856765107963
EK202310187273,140.98945854950654
EK202310179239,162.36776583525582
EK202310235514,144.11883928558566
EK202310169287,147.2642090635843
EK202310240454,177.3302056229918
EK202310206328,147.5159410259744
EK202310108495,148.20165664622846
EK202310213966,134.71550708970403
EK202310196327,139.3929036144543
EK202310167665,157.27900756734044
EK202310171391,150.672592326534
EK202310183683,127.21718318864907
EK202310157793,130.67042490595068
EK202310156197,140.7466999174652
EK202310198098,141.06924782287072
EK202310146704,138.56454222714368
EK202310218935,133.04567529412157
EK202320007401,145.54307232124728
EK202310137190,140.60244368095908
EK202310154815,150.3036563481222
EK202310126612,138.0427186541615
EK202310120357,143.62014233798126
EK202310165826,152.25189615146712
EK202310214388,141.15582858497424
EK202310204549,151.40279167248156
EK202310209491,152.81299470255126
EK202310208295,143.01553282075866
EK202310196248,135.73392526580355
EK202310242787,144.4747068592692
EK202310225423,156.64853976204301
EK202310110863,133.04856009415192
EK202310117182,135.19604258664052
EK202310217191,154.84453135556288
EK202310193055,147.35636335633978
EK202310212058,134.38754221524758
EK202310103911,149.33175970031414
EK202310213355,128.0584042913893
EK202310175342,159.6045426163934
EK202310237346,133.14371702852836
EK202310186492,151.10456051159187
EK202310147951,152.19298668548274
EK202310191447,135.3764262395753
EK202310215972,148.62563813923902
EK202310199031,143.73451020075
EK202310152507,157.12145160636092
EK202310143892,128.20750743308267
EK202310129112,151.93225865975953
EK202310152184,139.54982330196438
EK202310227166,124.3595907373045
EK202310182576,145.58782638048868
EK202310004383,136.8937883483108
EK202320005865,182.41292306504155
EK202310199455,143.4804903820916
EK202310230815,132.58131164317626
EK202310209305,145.29664116341664
EK202310138624,157.48200062850134
EK202310126039,129.2601038155633
EK202310131814,144.16273800148772
EK202310184163,160.77411861154826
EK202310118608,131.1204865094257
EK202310227117,135.56345991609606
EK202310152007,144.64672043375438
EK202310229187,134.67141191576553
EK202310139035,157.97323273193965
EK202310175328,150.58823967077046
EK202310159155,136.7272183296634
EK202310239122,119.10294374227848
EK202310167140,147.79089111632337
EK202310186155,147.2301901301917
EK202310193982,144.509071323699
EK202310138270,144.27507084625543
EK202310117049,135.528247701865
EK202310142284,147.4884091874333
EK202310164426,141.76174377226818
EK202310176396,152.01907483819096
EK202310201189,174.74979067698007
EK202310004591,131.74982694696504
EK202320005991,152.38661872038787
EK202310231608,139.39927844333448
EK202310136139,138.76101354491755
EK202310113238,154.97860060906922
EK202310158141,171.80450489459437
EK202310126316,139.7891027941937
EK202310123281,166.84289223429843
EK202310167569,147.462515277034
EK202310174151,140.22832451674583
EK202310116527,136.09867032518653
EK202310193916,139.1181183622242
EK202310227923,143.1377809382531
EK202310240783,140.78122551577508
EK202310143752,127.26138624718996
EK202310106162,136.84372405725207
EK202310107199,145.72588976408917
EK202310213671,128.95660281662265
EK202310208384,138.94532761686958
EK202310196006,164.01000735559873
EK202310134465,172.92316154482333
EK202310151047,141.78914878053334
EK202310124565,136.80099657623614
EK202310183135,147.5380425375266
EK202310213685,137.61496481945437
EK202310143407,151.1096028577045
EK202310210115,152.0737333120953
EK202310110851,163.35430546666302
EK202310229392,143.30981714795823
EK202310204386,138.71389734545843
EK202310235968,157.4258860224726
EK202310199913,139.92885886317475
EK202310138545,131.1514023813648
EK202310116537,132.4368842736509
EK202310134658,162.5700678129995
EK202310224022,168.56825541569194
EK202310234186,129.75288371373358
EK202310163888,146.16127385407833
EK202310212249,135.58058920577264
EK202310140225,143.01358667979244
EK202310140896,159.1366190342536
EK202310186538,141.02687007687084
EK202310136216,149.9906874971157
EK202310108888,142.2668359325905
EK202310182062,150.2070314458589
EK202310163277,153.59109868540475
EK202310107567,137.38245369002854
EK202310120960,161.75138832787684
EK202310180719,145.45275912753934
EK202310131600,148.80636097974408
EK202310177372,157.57532762319406
EK202310126121,147.60985182813496
EK202310162878,153.07618294978323
EK202310201167,174.09991180319935
EK202310160968,149.96161759031045
EK202310197271,139.09528197954768
EK202310181868,146.92912035098195
EK202310151314,143.39151219909118
EK202310164572,158.02438454008742
EK202310205777,157.59603565970093
EK202310138104,133.5394022306439
EK202310167840,133.90416766755038
EK202310226831,159.87199971510228
EK202310147830,147.5846184407656
EK202310197709,134.84354493130644
EK202310213022,154.4361112588061
EK202310193283,137.0278735742633
EK202310205081,129.93767601740714
EK202310122178,142.66359755325652
EK202320006555,165.27240298176963
EK202310237774,134.67358271648197
EK202310124965,143.5078839847297
EK202310186156,140.16291884086772
EK202310117980,141.39650896840442
EK202310125951,146.81115334432093
EK202310151873,136.25579592599018
EK202310207092,138.6145696415786
EK202310117489,154.70237976853733
EK202310216348,165.1926734834685
EK202310220010,138.37211195389716
EK202310214618,153.1553463037832
EK202310206863,145.5577860857229
EK202310109000,152.47596436276032
EK202310188574,173.77770329054331
EK202310165717,156.90516042270409
EK202310128017,138.67767200260755
EK202310165060,136.89066030955493
EK202310200674,152.54936232026662
EK202310221350,133.9512426843223
EK202310235065,139.93014868522536
EK202310163335,167.58646105241854
EK202310120881,132.34378511842183
EK202310137678,137.7088965070236
EK202310128015,140.72743418142582
EK202310234830,134.4926131621238
EK202310167377,145.90780774638057
EK202310164502,155.40492083031043
EK202310127391,149.5705866309184
EK202310179523,151.47612669645866
EK202310223246,132.40360711395826
EK202310108837,148.93328328507482
EK202310200232,141.50244428998252
EK202310204659,146.53016876454888
EK202310189046,166.5784868496879
EK202310137247,137.90199998036172
EK202310132734,143.88214069352065
EK202310136878,141.06065295760592
EK202310236360,131.9833973879524
EK202310228358,133.82477095119637
EK202310134060,148.7227593711447
EK202310165565,142.2215097975305
EK202310226873,141.14662119626954
EK202310189864,142.93296408946307
EK202310119822,150.00418905442152
EK202310139438,151.90527949615503
EK202310190768,139.1540517095071
EK202310165094,149.27108414588096
EK202310138047,131.44101110283103
EK202310166258,149.30053677308965
EK202310229510,156.7900961360724
EK202310226767,147.3194378548572
EK202310141133,143.5382613357137
EK202310109811,143.74654490668198
EK202310150474,174.2165833372741
EK202310179190,124.81611155649482
EK202310196236,128.65242600549894
EK202310209246,152.20579882734998
EK202310197990,140.0152512086387
EK202310207124,140.01214859296488
EK202310212257,135.48615133473157
EK202310108488,147.64058634119198
EK202310103709,127.00288402217977
EK202310232504,134.1728653745224
EK202310134238,139.6597277932874
EK202310123117,132.45055708026484
EK202310121605,161.9547298064486
EK202310173315,149.41298682683887
EK202310121739,141.39767821510748
EK202310208354,142.39754716145433
EK202310161392,150.40716553480638
EK202310234724,129.27444352305113
EK202310111484,141.1099378055787
EK202310187014,134.31032399975464
EK202310104426,129.8290646265015
EK202310145898,137.4359585587822
EK202320006067,160.73263717176053
EK202310188463,164.5859596108852
EK202310140762,145.4801911254748
EK202310218714,157.17478285677186
EK202310243661,136.3111945138574
EK202310177326,150.55815597389247
EK202310234236,130.74488669984524
EK202310227958,135.5229743523792
EK202310118900,139.87458197644645
EK202310165267,153.38793261483008
EK202310230827,146.16940232506215
EK202310171222,137.76713691126477
EK202310162860,148.50171308258462
EK202310235544,156.65798180944708
EK202310161220,150.668058888262
EK202310121708,161.0488335112396
EK202310179835,133.0447885854437
EK202310239604,137.3432081743678
EK202310219818,136.12434314160808
EK202310161568,146.05576810692506
EK202310160061,154.02380230050383
EK202310110380,134.62100130343322
EK202310246413,129.7007155507967
EK202310235850,145.05563894589278
EK202310165684,138.07322094136762
EK202310104090,128.35885852551957
EK202310243966,137.1539192597846
EK202310228270,139.08156382577073
EK202310110387,152.14076566729466
EK202310152984,141.3557990464525
EK202310223888,136.51526949034835
EK202310204934,150.76650311554346
EK202310162381,145.7872995769705
EK202310197868,148.74157622298915
EK202310107186,107.42413226545155
EK202310163263,132.09184407515014
EK202310198200,146.25661077559164
EK202310211345,146.84227237245244
EK202310226051,140.72784209946735
EK202310123297,146.5596146914187
EK202310140795,138.27987372321405
EK202310207289,147.42994484240575
EK202310225168,132.57733200903897
EK202310183349,127.04569444206723
EK202310105114,138.29861829701846
EK202310176080,152.01857701471138
EK202310179405,160.72083506933177
EK202310190274,140.5070342594288
EK202310132186,145.20207979522507
EK202310146444,142.67702410336867
EK202310225702,146.19014069227393
EK202310218239,135.6154380630352
EK202310147577,126.11586489789592
EK202310183811,167.5932494823892
EK202310162937,146.73029515085997
EK202310157881,166.26787013563103
EK202310207952,134.4336055762111
EK202310141225,145.74775509865918
EK202310193030,149.16546170554335
EK202310122847,132.39814079494042
EK202310165669,136.80234174286355
EK202310114924,154.33221703078283
EK202310218309,154.93398932146764
EK202310208489,153.29746712123062
EK202310179997,136.15822000753278
EK202310147027,152.58188884311122
EK202310004319,127.24229718911964
EK202310175632,129.07004652386374
EK202310189340,162.3897760970466
EK202310177526,165.75309604014384
EK202310207611,154.84005620515572
EK202310194660,146.85872621142303
EK202310229979,149.6559230563187
EK202310240147,164.13695381452453
EK202310211637,133.47972601840834
EK202310149224,134.13365173244506
EK202310177662,139.88446473088027
EK202310179984,146.04675001144565
EK202310228864,158.62247023022255
EK202310180524,161.04384965115062
EK202310229356,176.53556333833234
EK202310149225,134.83341016724327
EK202310188850,151.07202741025378
EK202310237876,145.66409922010726
EK202310219004,141.46696879198936
EK202310125299,137.4727655023867
EK202310156188,136.69871201486876
EK202310238230,136.71156650120173
EK202310187694,143.04297615013508
EK202310158043,135.75190248342994
EK202310214647,158.87325330208347
EK202310221207,129.2113236434375
EK202310173575,149.87711517101187
EK202310113008,147.8583180855801
EK202310239053,139.11533417008923
EK202310104640,141.0561325027093
EK202310241514,138.55642699230137
EK202310004700,171.39966070369204
EK202310162482,141.24078335535162
EK202310119906,139.47352053589552
EK202310153205,154.22256975201933
EK202310114919,131.27847463146196
EK202310235152,130.49294926046582
EK202310203791,132.29100933145224
EK202310123842,148.52989769320746
EK202310141447,157.79130051032027
EK202310192629,154.84275713910927
EK202310244491,158.65392976400793
EK202310216050,124.19704746946847
EK202320007061,144.69796250983185
EK202310217253,137.5597770836007
EK202310187351,172.5237527853893
EK202310247064,137.12631761081693
EK202310215396,133.7025056060857
EK202310109791,156.5296183370577
EK202310238972,154.33988053195432
EK202310210241,143.7333755129871
EK202310138585,162.01144650218137
EK202310215255,147.9521277865867
EK202310181801,159.1971666455285
EK202310124314,128.05595273193725
EK202310175289,154.20271233055325
EK202310198498,141.7636072001526
EK202310154216,157.81508375973104
EK202310226242,144.13884276965987
EK202310127354,148.62903430039563
EK202310179264,149.58085745777993
EK202310139507,158.60486906490766
EK202310129883,145.39709627038678
EK202310232951,145.5424602905247
EK202310233288,136.10451187676665
EK202310121403,142.20216387222013
EK202310158908,152.2846875623926
EK202310147431,134.24765455157134
EK202310138917,139.62028333053635
EK202310149611,147.01388020720788
EK202310221612,151.72850058107264
EK202310143554,132.6954043372049
EK202310172722,134.103087343353
EK202310199773,142.6497029175845
EK202310127375,139.22803031012137
EK202310225978,134.958903658492
EK202310227248,140.83222975254037
EK202310116384,150.1295612097766
EK202310180690,160.4640542394759
EK202310122858,129.8706725779361
EK202310226310,138.522059006347
EK202310195569,156.35850498549433
EK202310198823,134.81026713174208
EK202310121439,165.99116773683298
EK202310161947,137.97927112912274
EK202310232604,142.1801908963214
EK202310149617,137.0377026612145
EK202310146783,139.1653653838526
EK202310176164,145.74775509865918
EK202310135912,133.30201642858006
EK202310229257,169.1614933907787
EK202310235094,133.08267590787577
EK202310118246,143.21414614040665
EK202310185828,156.37013259836243
EK202310106494,145.74686325661446
EK202310146544,146.27153003792975
EK202310227579,128.89795520073878
EK202310248311,137.37159645300235
EK202310204884,138.05497322345616
EK202310117059,140.33488786792913
EK202310231772,134.536011972227
EK202310139447,119.57982028505182
EK202310189968,156.6022535978304
EK202310185749,141.72288464383357
EK202310110703,125.46299924661534
EK202310237233,137.31534876400815
EK202310240881,152.81616634521802
EK202310125013,154.6979025514986
EK202310128536,125.7050065067562
EK202310153537,168.35344196058142
EK202310190471,143.30998289238508
EK202310151841,147.16648657266273
EK202310202685,132.97278098937915
EK202310105765,144.35976640739656
EK202310136470,127.12293694738058
EK202310202012,131.4154374801458
EK202310125711,152.47198975411666
EK202310157673,131.77554979877007
EK202310164027,143.1474125742369
EK202310151517,151.91240346285366
EK202310180147,135.48764563705078
EK202310198373,153.40393042484956
EK202310204349,153.915580717927
EK202310219251,137.39547246872658
EK202310172594,139.25974360379445
EK202310179118,132.83360112741144
EK202310150133,139.03446696490397
EK202310165331,147.19427037343678
EK202310163772,131.73798743522818
EK202310126377,130.96578106332234
EK202310145984,143.37550536278462
EK202310246976,132.70394922340353
EK202310113703,147.73776144815463
EK202310232392,145.41544061204274
EK202310236403,128.60360242060742
EK202310139475,153.83427621018103
EK202310192609,148.05073184220356
EK202310224294,158.7100400241756
EK202310152213,136.64575694830305
EK202310108540,155.80819597595035
EK202310210085,157.60947234281335
EK202310226804,138.7724258009642
EK202310137397,141.88568878577084
EK202310117951,131.66272834506591
EK202310193300,156.60472648248873
EK202310106304,139.68965065195695
EK202310129954,160.803260164254
EK202310215057,160.29811437688443
EK202310139115,138.31276561910465
EK202310212736,152.5148301581322
EK202310135023,141.55727740773574
EK202310139581,159.7533469744878
EK202310199274,140.40624059446102
EK202310211965,122.29026842602902
EK202310246061,137.70832867266714
EK202310203442,143.40576468454978
EK202310181526,150.27342646599297
EK202310193412,139.39016189385342
EK202310139031,123.09029283299147
EK202310221231,140.99709159072788
EK202310134998,165.23236186232663
EK202310141687,167.62336539838867
EK202310197304,147.24857626511724
EK202310201782,141.3118114722428
EK202310135431,158.334417800857
EK202310208259,125.02437453052038
EK202310161380,127.98636591000007
EK202310186230,164.12552461419023
EK202310152403,149.92816047229428
EK202310116913,131.60856674265068
EK202310244061,124.4912227824749
EK202310135475,151.06323630505182
EK202310165270,142.33287673089018
EK202310138939,141.2935553163668
EK202310141892,129.45736029368484
EK202310124993,143.47142105874914
EK202310170388,136.9339199640342
EK202310157255,135.60530696339592
EK202310133503,164.63137479271808
EK202310175284,133.48402617004723
EK202310241462,143.88227216925185
EK202310154232,138.2172631400873
EK202310163615,169.98108975974336
EK202310197907,154.79159252954463
EK202310186389,134.31778555455097
EK202310245749,136.84373576616528
EK202310219676,133.48357646904378
EK202310190121,154.75414061066
EK202310209264,137.08084644218889
EK202310210983,146.57342058407954
EK202310187936,141.76973188761016
EK202310133895,138.56609988669277
EK202310186472,165.05090416791316
EK202310206380,149.05096107126369
EK202310193643,149.3714541724651
EK202310225084,155.11427186601233
EK202310220518,142.40304597826395
EK202310169406,150.41012021382696
EK202310237549,134.901665898919
EK202310109909,175.01648018835422
EK202310212592,136.4831937190949
EK202310179751,138.61097954792675
EK202310112820,139.67251110287444
EK202310195293,129.91755033003136
EK202310236702,128.6915903661127
EK202310145993,143.38282037727737
EK202310222902,133.55542341097947
EK202310189301,178.75554183932448
EK202310205807,142.08046056223358
EK202310163101,146.81590784698102
EK202310203688,141.45455745672922
EK202310174439,173.16452177868445
EK202310156353,154.45711210261564
EK202310162723,143.59200648445884
EK202310212065,130.99260125350958
EK202310004255,140.27230939919446
EK202310222006,129.14730720297226
EK202310194790,145.01338946367537
EK202310106043,129.57554691100805
EK202310242730,139.20519921457435
EK202310242586,150.71318193113134
EK202310176604,146.56956606321634
EK202310109635,132.5562311676004
EK202310216117,128.8919373206185
EK202310116981,154.16507345146724
EK202310221657,138.19245732669117
EK202310144341,127.35730160172307
EK202310228428,128.3438958988787
EK202310146265,137.84971291987176
EK202310209443,137.40965891404605
EK202310218588,131.81776614566505
EK202310108618,146.70863104578186
EK202310121760,132.73494519449815
EK202310107369,138.08122042628267
EK202310115437,150.9995812245902
EK202310187394,158.32836396585856
EK202310165757,134.63821603557085
EK202310195111,150.80133748133184
EK202310188262,165.07219545280472
EK202310124663,149.40780339216482
EK202310143110,122.88184990912258
EK202310211384,147.0115504917094
EK202310118553,156.28786506331946
EK202310149358,168.98425189598177
EK202310164859,151.59150654778875
EK202310207799,145.251086938744
EK202310172115,138.48023332185014
EK202310215359,142.9936160763608
EK202310161036,144.4192387664879
EK202310223447,135.38756018388864
EK202310181639,129.9025216068531
EK202310204435,153.31279407272208
EK202310104184,152.18482325207026
EK202310160295,151.57398593956006
EK202310192033,145.148865033768
EK202310168110,149.31600259909405
EK202310189097,146.52929633158146
EK202310167385,135.8750222038449
EK202310109968,144.70961207032707
EK202310198949,155.87397378248085
EK202310197617,162.88317937099595
EK202310108360,131.85597574359556
EK202310159270,144.96840922466492
EK202310145269,153.18074034892217
EK202310188812,131.05064100247787
EK202310125988,137.0084626080403
EK202310112939,130.79542493024525
EK202310247895,139.59450559812387
EK202310131311,133.48321102872697
EK202310183854,145.7404773976151
EK202310219712,141.9429650223906
EK202310160911,148.1829708435322
EK202310231162,139.4774207812442
EK202310135041,166.11400429703934
EK202310212037,141.2377184343553
EK202310226698,145.42235437299323
EK202310134750,134.57018327263972
EK202310148234,143.25253522450262
EK202310174532,158.39761048557273
EK202310109167,130.62312872490315
EK202310197750,149.29130414569843
EK202310164476,135.92769078685532
EK202310233270,168.5169618102077
EK202310135322,158.10526189600196
EK202310209231,132.61288432287412
EK202310202820,135.8915535424706
EK202310174302,146.8888408553652
EK202310125602,133.42760318830778
EK202310158386,145.04402597886633
EK202310242062,140.60369190706106
EK202310141111,136.20611526854697
EK202310136233,142.20402209203084
EK202310236818,140.5529510845694
EK202310184555,129.76977267607592
EK202310198830,147.27342721270173
EK202310151478,170.09856743809996
EK202310231437,132.27424503512793
EK202310150468,152.84720364449774
EK202310241943,148.38788886288785
EK202310231053,133.4271490136552
EK202310154428,145.2608447550138
EK202310192603,159.13964739205943
EK202310161912,156.18444275175864
EK202310130902,128.95091928996098
EK202310183672,153.5747100582481
EK202310227046,162.160214994642
EK202310166255,139.01293698459833
EK202310137864,133.97764392778342
EK202310116959,143.87715898294067
EK202310238412,149.98126338403134
EK202310171649,164.43180374065244
EK202310193766,138.15549512805177
EK202310123847,171.1974700542914
EK202310146498,141.7635618567784
EK202310239626,136.12510753953876
EK202310195302,137.59832818358862
EK202310212103,133.02595758839033
EK202310192877,129.7144842600461
EK202310111009,139.3570294252142
EK202310136743,126.59172467075987
EK202310195641,140.23306313877475
EK202310227516,151.2129017109703
EK202310115577,145.61261975228166
EK202310215165,137.69386009320138
EK202310138284,168.58056455453084
EK202310126665,132.4314115961687
EK202310239150,124.34916462901086
EK202310203149,149.00672033102262
EK202310193960,129.86485387533793
EK202310171451,135.12479339803872
EK202310121337,134.9084444660024
EK202310117375,139.70632643029404
EK202310220920,136.21330810708284
EK202310115368,143.57243199162636
EK202310156865,158.43127603558833
EK202310185189,146.35886606641174
EK202310122055,136.8094591888764
EK202310215356,163.20770776729694
EK202310147958,143.65075295264484
EK202310121750,126.2064270980818
EK202310173060,133.33207577247964
EK202310163776,134.53498177666438
EK202310220192,139.5288398249608
EK202310218549,151.2075808406882
EK202310157001,175.628494467138
EK202310225119,150.0074034687979
EK202310204051,141.90221932634785
EK202310122949,135.52051579282846
EK202310121503,126.55874551316566
EK202310131147,151.74068763833733
EK202310108909,147.64634983905796
EK202310151114,142.14493790353902
EK202310233392,134.45010922549596
EK202320007141,156.1944794071475
EK202310164522,142.70852446044486
EK202310177297,144.469034880483
EK202310210546,140.5571689629284
EK202310184589,141.2767392867492
EK202310212117,139.73842462680935
EK202310133272,143.05709099452804
EK202310205158,139.58762129893677
EK202310174636,143.98121817616564
EK202310140946,139.99418665088047
EK202310117042,135.70827909201304
EK202310134320,141.0286782681103
EK202310229429,139.59137405056774
EK202310106153,136.70106493742315
EK202310247761,161.73399404160904
EK202310227271,130.47708549286995
EK202310239428,127.88104474534518
EK202310215784,133.94457743869276
EK202310210318,130.05168520923843
EK202310141900,136.11118996337404
EK202310184802,171.61266342751028
EK202310165235,145.65489605908107
EK202310171404,130.5697840197712
EK202310210573,148.9725387468941
EK202310210122,151.2254584940252
EK202310150189,139.1594615810962
EK202310156048,148.78524710407893
EK202310172500,169.89782848039331
EK202310132244,130.3816321780963
EK202310245342,137.05883833368028
EK202310139313,129.46045169592077
EK202310207856,147.3613014890369
EK202310116311,130.03797864067914
EK202310208589,149.18184279321432
EK202310136325,131.04108503797525
EK202310248759,136.74098240257248
EK202310198653,133.91680428734722
EK202310195491,165.6517908986783
EK202310103816,141.4368838632838
EK202310207373,148.03033297611816
EK202310227064,137.59565509018861
EK202310138546,141.5493870509479
EK202310205952,131.8066860537776
EK202310212677,141.5055917092986
EK202310228148,131.5711954444546
EK202310107729,136.7070550770588
EK202310211277,149.74613170750365
EK202310195545,136.75998260579797
EK202310116564,156.9622670048993
EK202310184823,147.56897815498073
EK202310170543,161.79616405322759
EK202310193619,126.91571161655664
EK202310239035,162.12997103762044
EK202310133171,143.28253467901715
EK202310227136,137.42350699034756
EK202310142625,133.5146720990965
EK202310244169,134.8803673716433
EK202310246581,126.37124093727871
EK202310165380,155.61640875082597
EK202310193395,130.07096381231543
EK202310109332,154.43522893846935
EK202310163291,169.29751729227868
EK202310124290,139.1274822642023
EK202310215739,138.64112745309703
EK202310241146,144.1977913393993
EK202310124580,144.51426467902357
EK202310211475,141.3585686985809
EK202310004503,147.4285317961924
EK202310143151,137.2803347439826
EK202310136531,150.64807215071122
EK202310119568,144.07005144500758
EK202310107515,142.4367983090815
EK202310189886,150.599700087771
EK202310124398,133.74957573548403
EK202310125848,141.46314542246873
EK202310211088,135.43900021899765
EK202310156421,166.1681452810076
EK202310157177,154.12987121942365
EK202310211323,138.6976863624345
EK202310202592,133.92553291744687
EK202310194894,151.84214331349295
EK202310215071,145.83517275191844
EK202310202956,134.12621378820012
EK202310234488,136.74450196655542
EK202310187089,142.58476875713416
EK202310227517,143.91494538416956
EK202310170551,152.41762683315423
EK202310189993,148.8397779336954
EK202310149202,146.0526692581658
EK202310229780,128.94962282810002
EK202310245465,137.8318244429711
EK202310218891,146.18596847296914
EK202310124812,170.73152433926765
EK202310208935,149.2456704942629
EK202310140658,138.53717486084113
EK202310183874,148.0332020959188
EK202310107413,128.683939155808
EK202310194042,135.68877646844152
EK202310157446,148.15931442075617
EK202310199004,132.30186558157178
EK202310135601,129.1260278304073
EK202310201970,146.15258045606006
EK202310139356,134.275267944287
EK202310134175,142.92327776036169
EK202310108539,154.79317820623436
EK202310177643,134.78621688024342
EK202310103821,137.92583028284554
EK202310206740,170.12022407561028
EK202310131433,140.82262605894383
EK202310204350,132.05858131925626
EK202310225071,130.3721471782761
EK202310211718,136.23754964727615
EK202310131849,144.97568615914201
EK202310153172,145.54059550389843
EK202310132642,135.8588864811022
EK202310112845,142.28462905311582
EK202310177008,152.7632989196286
EK202310130444,160.968016710301
EK202310147078,147.26830581954803
EK202310208564,150.13835138255743
EK202310194298,142.61068548422185
EK202310228548,138.88346461264382
EK202310187217,147.44243829421873
EK202310171794,138.4958615949276
EK202310174423,134.2147239290493
EK202310186521,144.89548027949849
EK202310189274,175.21779698590203
EK202310128594,126.25927135394937
EK202310213657,128.89262269885984
EK202310136140,106.79027941527204
EK202310144986,129.23915565629102
EK202310117312,138.5480781482535
EK202310165610,177.33632823924168
EK202310130595,157.21221858689424
EK202310004575,134.46439760148598
EK202310119145,152.87528921140196
EK202310179788,136.5384135783169
EK202310247106,146.70566268375157
EK202310118131,142.7664102664327
EK202310144354,134.63826217473556
EK202310192108,130.84214238142962
EK202310169582,133.76988793260787
EK202310227386,138.20848141092281
EK202310174182,141.78262800574768
EK202310222783,128.61874455694698
EK202310178639,145.03513806514889
EK202310245259,125.90260559300226
EK202310167257,141.34564143819387
EK202310162914,134.3119777195383
EK202310004463,138.94720842374676
EK202310207893,157.00111161131667
EK202310148230,137.9192706963172
EK202310116055,137.53274619625944
EK202310224157,155.4687302255293
EK202310114888,138.6451044851246
EK202310195337,171.41829736976914
EK202310216934,161.94762630757575
EK202310216677,156.5178978308952
EK202310188580,141.27416990866578
EK202310219727,149.37574573062352
EK202310166001,134.89659372350832
EK202310229705,139.5924189890477
EK202310209871,147.6096495036916
EK202310196361,139.70517244558158
EK202310234245,136.20560541966296
EK202310138920,133.43705968475038
EK202310122618,141.78982103320746
EK202310175727,151.31304733042825
EK202310155478,144.19435165744665
EK202320005560,138.23788138157354
EK202310110719,151.4928769809901
EK202310136240,143.21646198988884
EK202310186251,166.82393949090593
EK202310216248,132.75803819219303
EK202310205301,145.8686955391886
EK202310211409,131.21465634912698
EK202310154889,136.17161103379325
EK202310133167,152.3848498478983
EK202310190742,136.41836581448027
EK202310181049,149.40729516038974
EK202310190345,149.84467798715727
EK202310223134,158.23129639321925
EK202310248510,143.86664029615403
EK202310177287,159.31635274277852
EK202310127550,144.0301352514912
EK202310118313,140.6336462317745
EK202310222760,141.9869339656792
EK202310112189,140.22655058622638
EK202310141089,146.9756908256124
EK202310132200,154.96085150223587
EK202310221040,142.8454205989969
EK202310111716,154.77182284176487
EK202310206062,128.09156409954633
EK202310209855,148.21432311404652
EK202310104428,145.3604834688629
EK202310177723,144.6513365937103
EK202310003367,129.99945642067715
EK202310182125,147.94858459257117
EK202310194084,143.74654490668198
EK202310211789,137.484809659558
EK202310132488,160.64177475039466
EK202310142803,132.43401390184664
EK202310181723,170.2429628717788
EK202310103735,137.47969635351043
EK202310219083,144.81749889261235
EK202310215988,136.1339287453646
EK202310234414,121.38898910464812
EK202310203900,129.3952170890112
EK202310137717,135.97851714300404
EK202310112769,139.02130120511953
EK202310160354,139.66065221797962
EK202310105028,148.91567271955066
EK202310128626,154.75945051819664
EK202310206626,155.08660948968898
EK202310247911,134.08109485874274
EK202310156966,149.320122192165
EK202310111774,141.3078482661567
EK202310141388,139.85726919963906
EK202310105367,137.12023274794853
EK202310138470,138.5396665641055
EK202310238177,136.57012692665813
EK202310169946,153.61298572026587
EK202310189158,137.2064808848202
EK202310231981,149.55439035320794
EK202310174508,133.5455597744762
EK202310110650,123.12280855873172
EK202310195172,152.23604712612996
EK202310188961,134.51875282821965
EK202310219185,146.2846669445783
EK202310208623,135.12603485402533
EK202310128662,133.66357641549604
EK202310185661,147.98009200180223
EK202310157894,148.43448114754952
EK202310200928,156.5857685980213
EK202310004224,146.30844564454543
EK202310150214,131.86267292526713
EK202310111969,139.08364615910526
EK202310129506,147.84219799468903
EK202310127186,165.68180001359457
EK202310173377,135.54378343684772
EK202310163570,145.51206896644464
EK202310196742,134.3575222482376
EK202310167664,153.6795082717379
EK202310148814,145.73878591065272
EK202310200567,174.54270056242459
EK202310168414,159.67141264442594
EK202310203613,154.52770083140476
EK202310247919,153.4891330252437
EK202310200083,173.91152330841962
EK202310148844,134.13415470543558
EK202310159721,149.76446114963454
EK202310131910,134.8785256221267
EK202310153522,141.2100263471399
EK202310212250,136.20339467593627
EK202310111147,155.41140805634876
EK202310170237,136.82777130177652
EK202310166954,143.85896189308974
EK202310193804,145.24377981200732
EK202310180730,172.24924832745396
EK202310004363,164.11927880167084
EK202310123533,134.526679231645
EK202310235018,146.49976694312858
EK202310176008,145.65636324316145
EK202310151334,126.73771596795432
EK202320007865,169.58480004441466
EK202310236423,136.24780502804833
EK202310130270,160.96851798848198
EK202310220333,138.4691462701211
EK202310196344,139.23530684253709
EK202310218805,153.72695220577006
EK202310116838,139.02003379333732
EK202310185359,133.5892704779037
EK202310150318,152.82183092934713
EK202310121733,122.20515698855422
EK202310242000,160.12235635455363
EK202310193114,138.2428605463091
EK202310171559,138.32211084875368
EK202310122635,136.68661593533818
EK202310167040,159.46173553661177
EK202310166470,140.58981824041862
EK202310195612,147.86309649440935
EK202310233457,139.13507420769267
EK202310185055,133.0335028626181
EK202310177519,152.47211731339374
EK202310247329,151.70439546850344
EK202310195549,158.13036671802695
EK202310144213,129.02746960091756
EK202310135438,157.75361847731332
EK202310226468,137.67374308525797
EK202310105289,133.01725718970835
EK202310120252,161.1692943582071
EK202310176662,130.81977913637712
EK202310114289,140.95434809930396
EK202310126976,134.39749473187783
EK202310207593,163.04578626538802
EK202310114272,128.49475571447823
EK202310199080,147.29043183788045
EK202310122669,132.03422792387695
EK202310180804,150.93627424480948
EK202310204732,152.72409020537867
EK202310200464,142.54596388488326
EK202310203808,133.3106572742191
EK202310212010,131.4520636021243
EK202310245942,138.90728245984693
EK202310004694,136.2585171106214
EK202310155200,137.31894940815113
EK202310164369,135.4706430196372
EK202310126268,139.54643346062144
EK202310170105,157.3201272455949
EK202310225963,140.3571378047204
EK202310114547,150.05566771302966
EK202310236239,132.65865580116423
EK202310112862,144.0171816057803
EK202310109972,156.40430781836645
EK202310132643,133.15421333072007
EK202310132419,147.83632551686125
EK202310161002,144.32611735142606
EK202310189189,134.185815531328
EK202310148790,146.13643278627805
EK202310169154,169.44898531652956
EK202310196747,156.95778235042604
EK202310122266,140.94892948349525
EK202310115421,124.57488353274002
EK202310180521,152.02654915459152
EK202310167786,143.80128512083604
EK202310167076,152.51956171316917
EK202310168839,147.17955372335538
EK202310110674,136.83352622106437
EK202310236684,132.22782875530388
EK202310128770,131.0093198975988
EK202310244917,150.56772113691784
EK202310128367,152.41390083817308
EK202310129004,131.6977841917575
EK202310231478,130.98208459486466
EK202310178172,144.87550148789006
EK202310180564,152.68765075420075
EK202310112326,136.55322598499475
EK202310200330,141.5034694292867
EK202310138725,135.2115824217261
EK202310177009,149.8063474648107
EK202310220598,160.2013440545874
EK202310200436,148.31512372791556
EK202310242674,136.0785655709831
EK202310222668,166.15550932387646
EK202310118184,136.46662394086457
EK202310138203,135.79464428100098
EK202310118829,146.90524055798042
EK202310185969,147.8858519556961
EK202310216351,155.05961984478546
EK202310187284,145.84917028177458
EK202310218216,148.42600946065116
EK202310219259,137.95089626582063
EK202310120929,135.71699917533377
EK202310108093,153.9893852697663
EK202310142267,151.43179694380308
EK202310174980,147.6186756489984
EK202310114009,150.34666261926674
EK202310242966,145.4207656802364
EK202310147064,144.18885437091473
EK202310223815,138.51214762257416
EK202310185149,153.92601295743688
EK202310173756,127.72109069204302
EK202310212549,151.32086377372823
EK202310122123,136.005274392107
EK202310148593,128.267851095113
EK202310203858,132.97915767392792
EK202310194323,151.88899653473067
EK202310210067,140.63296674744495
EK202310247362,135.82672371038217
EK202310179728,169.5553774131073
EK202310135263,135.9069254070291
EK202310228041,151.98094216148368
EK202310198439,148.49208810630716
EK202310224121,135.68008060279212
EK202310176263,147.28452339394238
EK202310210520,132.78981331465448
EK202310153558,129.85293406345585
EK202310201528,150.32306379920306
EK202310204700,144.19297043385077
EK202310199855,150.2523802417004
EK202310133334,137.38336228471383
EK202310125891,134.09408478173364
EK202310149237,138.4680861831996
EK202310207352,128.45967117632048
EK202310143244,161.91955075348477
EK202310173902,143.67422015087763
EK202310204441,134.39650522967025
EK202310154510,158.35474835800187
EK202310197593,155.66191299041108
EK202310139918,133.80446740641662
EK202310143944,134.84795489483867
EK202310182605,136.75513762395838
EK202310113041,131.73054500021712
EK202310108339,138.9525041368279
EK202310177699,142.63888621294228
EK202310158001,151.5520347983323
EK202310243619,125.19090708767496
EK202310225367,139.71453420449765
EK202310148561,132.83984575133488
EK202310242689,132.66473526148604
EK202310146006,150.85470687791116
EK202310200037,142.9414653539749
EK202310186473,130.10972943136386
EK202310105390,131.6727589156947
EK202310150556,136.60004845732533
EK202310180347,169.74882148205435
EK202310203230,158.19222457334766
EK202310200016,137.76914953185317
EK202310154269,140.99445509950147
EK202310128087,173.24116368272556
EK202310122816,154.1290226553547
EK202310134877,144.95984738126447
EK202310195490,139.16532526918635
EK202310209715,131.7396342550694
EK202310236837,144.851535780535
EK202310196435,132.7744621532379
EK202310139068,153.11838622086458
EK202310171012,153.98977297550735
EK202310150360,148.7931889555906
EK202310222353,162.85268475270576
EK202310197842,158.97536774013196
EK202310188412,164.77048186001275
EK202310153874,150.34947509929572
EK202310213199,151.01723419713304
EK202310127730,160.0256465103506
EK202310215194,138.47207687973835
EK202310126576,133.55024975067042
EK202310248182,135.95788007683024
EK202310198801,167.37753943043086
EK202310198160,140.92867201363654
EK202310198294,154.25516639498738
EK202310167705,127.67015525090025
EK202310217704,143.14885419236586
EK202310145831,133.3630826134472
EK202310105308,134.1466017383031
EK202310230902,136.15437579057888
EK202310202412,135.8616487323844
EK202310130126,146.89761142396807
EK202310193563,144.34373111673037
EK202310130811,140.80577370393567
EK202310169126,146.43255857657056
EK202310107052,151.4798465639547
EK202310134315,127.27791412390518
EK202310230590,134.58160731514042
EK202310212377,133.34429978161694
EK202310227080,151.93776475631284
EK202310124256,172.52121565724872
EK202310219252,155.88528769790847
EK202310230033,136.01159450003436
EK202310117668,149.32329034361467
EK202310228344,137.94403799013892
EK202310233855,139.2260705307349
EK202310147814,140.4923256278335
EK202310107881,141.27380301143847
EK202310230203,171.39052365780432
EK202310177383,158.73087567885898
EK202310122567,130.3146696165105
EK202310207619,156.04743375402364
EK202310202333,137.16479553028952
EK202310189380,143.88650938515016
EK202310180057,145.51195923444803
EK202310202234,144.61686833368563
EK202310233426,154.29139860331765
EK202310175207,144.1789279884382
EK202310204631,141.93222029639207
EK202310194398,138.10353632941033
EK202310139820,143.09378547917515
EK202310116562,157.0578743586789
EK202310229058,136.93598582726733
EK202310247161,130.36736833240542
EK202310189860,147.05195647919325
EK202310104099,138.42901715273698
EK202310244738,153.4881535238178
EK202310247933,138.7393017274986
EK202310149446,137.595935658351
EK202310161930,143.7833657330233
EK202310116286,149.70059041934334
EK202310109850,137.50138656692616
EK202310204890,133.74434278507997
EK202310124176,125.35235524279378
EK202310231512,137.95197880104084
EK202310157031,148.22278325436682
EK202310219683,134.9216114704198
EK202310105922,130.75815790860278
EK202310003444,139.65934925081862
EK202310128205,124.11236352175902
EK202310136781,156.06296260015824
EK202310195373,144.84004738059005
EK202310140338,129.52299086459712
EK202310178676,150.1133142226972
EK202310234329,147.99871993017598
EK202310115125,157.90583364697366
EK202310219503,128.11134703461457
EK202310201769,141.1935452471462
EK202310139458,125.55938553197578
EK202310194338,143.3775222473246
EK202310223572,140.13828278771737
EK202310125065,148.08638465809344
EK202310227016,138.5931144056251
EK202310176702,152.9159014592318
EK202310155243,145.86277357109287
EK202310192723,159.1199129789205
EK202310198191,145.84625599046183
EK202310105422,139.07115326124827
EK202310105777,149.06021207401966
EK202310187970,132.44793620198962
EK202310236294,159.00236809912596
EK202310210632,136.8202933428666
EK202310122661,150.93202647769903
EK202310132816,166.61580073908416
EK202310221993,137.35586806101492
EK202310235308,150.86507352787822
EK202310232426,136.7218305638189
EK202310225207,132.69304339342693
EK202310120329,142.40644560133657
EK202310174955,141.7703286183251
EK202310233002,163.5236079730316
EK202310226820,137.4199518901891
EK202310231561,130.61488052323423
EK202310178128,135.01673685509488
EK202310231088,131.59064869122662
EK202310147614,154.78158443289473
EK202310192044,135.67188683996068
EK202310207423,127.94972709182585
EK202310144998,150.29165968074332
EK202310160433,134.94564583102826
EK202310182388,141.2266932741147
EK202310004163,145.4971339328987
EK202310178635,139.79989922024092
EK202310147316,157.3052835791354
EK202310137625,140.32510329621348
EK202310234674,135.70041345079144
EK202310206395,146.30544372512628
EK202310198108,168.24046577930906
EK202310230135,130.48813500804468
EK202310124667,133.57024422125292
EK202310197608,156.1882929471805
EK202310239140,144.2882276374766
EK202320006708,156.37120739685875
EK202310141682,128.28392571186384
EK202310173078,136.07923229352858
EK202310180684,162.92820364579947
EK202310168825,150.8886399093205
EK202310196603,140.94530175507467
EK202310143301,164.20422627976455
EK202310198024,158.43335883402864
EK202310238866,152.02958881383327
EK202310174309,122.08558922590566
EK202310169127,136.3762023741356
EK202310118888,148.8030851960509
EK202310219211,141.381278416686
EK202310117888,131.43864197570326
EK202310203714,136.3510189335199
EK202310212227,132.1734694146013
EK202310224375,129.4042172997281
EK202310169753,136.21542078821105
EK202310218369,152.69536815760657
EK202310229422,146.55634974788404
EK202310114027,132.88766015980582
EK202310191499,129.27688508896676
EK202310123832,133.3529330221381
EK202310117550,134.0463633389455
EK202310153034,147.05069534715284
EK202310147526,141.21727507534305
EK202310240029,133.33031879394431
EK202310208321,145.98918005500306
EK202310110615,130.64360768805017
EK202310172001,151.15172373570087
EK202310245514,147.52982131359693
EK202310113405,140.8071384964476
EK202310133712,161.60272455694772
EK202310220573,138.7727995555047
EK202310127361,156.94844029312418
EK202310203296,129.66300873548505
EK202310205467,130.7856360790565
EK202310182859,147.2900182522715
EK202310116644,142.4339120721641
EK202310143055,144.1040323565627
EK202310137541,141.39893386767469
EK202310240346,139.60140324221493
EK202310231920,146.12994291148783
EK202310003793,147.7497803933624
EK202310179099,143.26431162900263
EK202310182101,143.6575516470806
EK202310180654,143.34758864170985
EK202310203568,152.98802491572036
EK202310201589,159.78528800681326
EK202310185227,146.00349160856896
EK202310204045,151.7943066589073
EK202310231962,142.04580590313523
EK202310206237,132.28864515966686
EK202310129023,152.02855382432517
EK202320005658,139.31157809313035
EK202310155013,147.9200972490345
EK202310207955,134.51621255315894
EK202310175039,135.13910558053118
EK202310189095,151.4816983633767
EK202310222588,139.14050342130793
EK202310194826,138.32153257612947
EK202310116127,140.95320740009217
EK202310186036,131.8879681167379
EK202310228425,125.01852343149476
EK202310142709,128.50964988618057
EK202310212132,125.74424519320905
EK202310106890,142.41108871204176
EK202310244866,140.70173703649974
EK202310185150,148.25418317617795
EK202310137324,132.82668554913974
EK202310171191,130.16174713874713
EK202310113505,130.419926650608
EK202320007023,155.08357443513015
EK202310119257,167.85382141970823
EK202310149918,145.48304065781412
EK202310223014,131.27337789099465
EK202310201000,149.36288549141446
EK202310172203,144.05105218140594
EK202310203943,143.6062490848756
EK202310120010,130.21047313697179
EK202310108002,141.9736948824388
EK202310241637,143.45625139567812
EK202310174800,140.4506230592757
EK202310127377,163.9203980692134
EK202310122799,162.37855323117
EK202310229843,123.30682123768142
EK202310226129,143.5455174339152
EK202310140081,160.35799111550816
EK202310229999,130.77355694956552
EK202310203546,152.2827164183049
EK202310209757,140.80987860753248
EK202310116016,133.52325174080633
EK202310165012,178.86970724288503
EK202310122837,134.94795918144496
EK202310146822,151.80065186695543
EK202310112044,134.840825748145
EK202310166309,143.46116629598578
EK202310172353,137.0357167329665
EK202310111013,155.57360681312198
EK202310134532,127.41621586268795
EK202310201623,134.13660969873828
EK202310207833,132.59678371602317
EK202310153627,157.36044989610608
EK202310173741,143.7659512395342
EK202310233377,148.23178309655896
EK202310108336,148.630238208277
EK202310144097,135.80462224037015
EK202310242026,146.80765788396386
EK202310123987,170.94855730038333
EK202310201556,153.35058306142682
EK202310141802,159.95385430713404
EK202310160116,147.09560868501055
EK202310208420,148.64673884384854
EK202310201286,141.8595895993642
EK202310242784,143.07697685684298
EK202310207678,128.26130317182896
EK202310235367,139.58630235403623
EK202310138835,137.244337181678
EK202310126496,141.12602570335596
EK202310210203,135.80602906143417
EK202310160698,149.67726605757005
EK202310131627,148.52469430500705
EK202310192509,129.2171749882733
EK202310237182,157.38754202179624
EK202310195225,136.044109722859
EK202310209548,136.04329140604526
EK202310170414,130.84641515408973
EK202310178511,138.6637889330542
EK202310169436,147.35631977103233
EK202310163299,139.49164195157408
EK202310197411,130.98079155347753
EK202310208679,148.51999370260276
EK202310178121,134.46224396309447
EK202310126051,138.70509209169012
EK202310158375,142.40524076647637
EK202310190778,127.1996988949013
EK202310154851,129.59607548640918
EK202310179709,134.3946880506473
EK202310114702,147.87525900551748
EK202310167850,136.70763447878198
EK202310004729,142.69546749059668
EK202310183539,149.94174957261927
EK202310196615,140.65404118332782
EK202310162856,153.46206012236794
EK202310133076,145.42587563383793
EK202310230396,156.93255833348002
EK202310158633,153.8091330518462
EK202310161117,173.5485443474798
EK202310004351,144.24806645115288
EK202310174767,164.68452038536364
EK202310183707,146.2422035917673
EK202310201085,139.85244345971614
EK202310117365,134.35578760234168
EK202310211525,139.75095440837316
EK202310174033,150.98018493424217
EK202310133029,163.71494155283014
EK202310109257,139.36046626618966
EK202310208465,151.83751382084267
EK202310003437,141.19346556983342
EK202310147849,151.3814127400337
EK202310172875,135.12765090437307
EK202310195261,146.9302604129534
EK202310124700,145.96310686902282
EK202310209462,135.74041469201208
EK202310190370,175.79263135208274
EK202310166689,134.2458915722628
EK202310125440,133.15421333072007
EK202310242447,154.00991814294952
EK202310208224,134.4345342526189
EK202310164938,151.6825764497081
EK202310171017,137.76813065873196
EK202310221295,129.9198912514589
EK202310116789,133.19013092633517
EK202310245230,150.61781755002474
EK202310196239,142.64509721781698
EK202310217020,147.29208753167325
EK202310149091,137.250204412431
EK202310188633,131.74086330005426
EK202310145175,140.34744799728972
EK202310184944,141.19949232627994
EK202310116881,139.12829272791686
EK202310133865,138.8390776411979
EK202310170575,151.45353411694822
EK202310217837,132.4857136801454
EK202310142127,136.47204403001987
EK202310220280,143.35207554940314
EK202310220011,155.7856556422191
EK202310136446,137.4071543237937
EK202310167400,139.67525017761827
EK202310136757,137.11167921633563
EK202310219947,131.53218812702346
EK202310215446,156.3714078074487
EK202310113390,152.17566991403612
EK202310231430,137.27222810268483
EK202310190750,147.0563024373627
EK202310218203,127.30835907539155
EK202310232673,152.52341570066437
EK202310172719,128.05745487368984
EK202310238088,139.6168156862841
EK202310122490,129.00138759719061
EK202310141767,141.4284029401667
EK202310164189,148.19382202432806
EK202310131789,154.8966045765437
EK202310131787,140.80654851765644
EK202310111463,150.3274847148845
EK202310189888,134.05978485171303
EK202310123502,141.1361116045574
EK202310248489,141.86010725710378
EK202310104974,135.66602794292473
EK202310133434,149.01782466614736
EK202310122152,136.87697850289132
EK202310223645,148.53073252416283
EK202310218467,130.7212293365426
EK202310200984,145.93404042276697
EK202310246962,151.64242144100447
EK202310138658,149.22128948905421
EK202310135971,129.35095198754343
EK202310145071,136.9857851196362
EK202310236227,163.3964658220579
EK202310161820,138.40189019972297
EK202310116560,149.77434215473735
EK202310147855,140.49974214272882
EK202310198848,147.2189123522777
EK202310126318,133.91460049308452
EK202310168761,156.48137097804388
EK202310236060,136.21159321377212
EK202310194911,174.0777457918687
EK202310232213,132.93174802687665
EK202310123619,133.9161203088362
EK202310129238,143.34267813229275
EK202310239622,142.41486972475778
EK202310130274,164.9621378521524
EK202310136862,125.36189774959003
EK202310144925,140.44940881879904
EK202310117994,133.32180169303618
EK202310145721,151.91795210820888
EK202310166110,130.66235213346113
EK202310153689,144.85966251415
EK202310167524,127.42832840941375
EK202310171110,152.35966890564066
EK202310194242,135.4597155668224
EK202310128824,133.94882230965848
EK202310217802,153.1531010841873
EK202310174759,139.64402220070275
EK202310163258,146.2926069234334
EK202320007136,147.20099983161387
EK202310223074,132.24849469031528
EK202310127999,142.5609640031594
EK202310210697,137.08100570759726
EK202310187479,148.65598265736637
EK202310229648,154.21634482790253
EK202310223615,162.22493006253245
EK202310205259,152.97465681264495
EK202310207915,139.12074464860865
EK202310161035,153.06431525329256
EK202310211684,136.58790473499943
EK202310217627,137.25644920333426
EK202310188184,149.81152505666947
EK202310179703,147.81671238754532
EK202310191167,138.3812117085611
EK202310206412,131.90629308139873
EK202310138851,154.40891239222316
EK202320007328,147.39624111655394
EK202310211346,142.3093921424631
EK202310169209,147.3101000394729
EK202310145302,131.79703922770491
EK202310203140,147.2794878781781
EK202310209732,139.15032421806814
EK202310117958,131.1904970933526
EK202310155922,145.10146021044196
EK202310184930,136.89637643503747
EK202310150832,132.59493837544505
EK202310208806,151.2932400550715
EK202310172410,168.3974319689212
EK202310230235,143.61496296135357
EK202310203566,139.88092324864502
EK202310123801,140.7241336655228
EK202310141762,171.82225035578878
EK202310245120,128.51991367016376
EK202310183959,135.04192865278438
EK202310128037,149.84322631744246
EK202310004669,140.92470456182025
EK202310217022,129.32561414127662
EK202310110060,154.119497406449
EK202310231754,130.04697724454155
EK202310132866,133.5308459766924
EK202310246978,141.68154398819678
EK202310111800,139.32336028080945
EK202310141316,138.4996116647173
EK202310225078,144.82286342750191
EK202310224113,133.06322250123728
EK202310229156,134.629845265039
EK202310158924,151.78552603985813
EK202310193952,146.71712067504555
EK202310134851,138.872151506923
EK202310107778,135.01209690868998
EK202310201914,158.4399871977806
EK202310226477,131.70118249468646
EK202310200818,144.54905033702016
EK202310178725,142.04633534672632
EK202310136843,133.66802737489022
EK202310188878,163.1858885868774
EK202310192998,156.55174787876956
EK202310123605,146.33359990730105
EK202310109206,139.39902664454033
EK202310110309,144.40691470725196
EK202310201669,154.14520847708306
EK202310228267,160.3149760643024
EK202310120920,133.43693813154047
EK202310239638,160.6985336226257
EK202310138789,156.2478922945925
EK202310187947,169.58619664340506
EK202310143793,138.80294700604773
EK202310231992,139.79421398842112
EK202310243082,145.58439670469355
EK202310174903,150.3846367352227
EK202310004153,151.46276654421004
EK202310211574,133.49817531152738
EK202310133648,145.6536868836857
EK202310145095,147.71621777937779
EK202310180354,173.471632070488
EK202310111206,128.64868336571965
EK202310182140,145.15319257059488
EK202310202202,142.54578834047737
EK202310158892,134.5100997743118
EK202310193967,144.62922863120465
EK202310222297,125.66339215513185
EK202310121931,146.81395380398192
EK202310170526,160.16166528964607
EK202310119454,183.32575775586164
EK202310235204,156.83311467278293
EK202310123917,146.3348256597504
EK202310157703,151.2432768090507
EK202310149315,149.14378179507338
EK202310146815,148.25916032112042
EK202310126049,163.82967360040843
EK202310232396,146.24437974719416
EK202310199056,154.82958578237876
EK202310141228,138.26460406505217
EK202310196032,140.412480899637
EK202310107291,143.95212591545
EK202310122690,145.5507199227474
EK202310236528,141.14403568609006
EK202320007677,140.21707423651222
EK202310210488,135.61104614809173
EK202310207172,169.13380699521906
EK202310182902,140.52666329479385
EK202310139806,178.76752570318152
EK202310148583,150.13802430520988
EK202310220644,136.65054808262428
EK202310112733,140.41102945825665
EK202310204401,146.31253574423195
EK202310160356,137.1127692205527
EK202310225435,136.66435034665594
EK202310196076,137.1138995574949
EK202310203598,145.1474890592422
EK202310140544,151.13491373461832
EK202310212327,134.5234518234268
EK202310235705,153.511169024028
EK202310202376,131.42582738846806
EK202310196089,147.08066787996154
EK202310139122,140.34114256295416
EK202310176023,138.48750465475385
EK202310117387,133.1952431782724
EK202310192216,141.72005054654477
EK202310122067,142.8615953992067
EK202310224886,137.37437065566664
EK202310234937,148.32473614037968
EK202310196488,153.95696128976383
EK202310140986,130.34515351874452
EK202310104819,140.9529191807158
EK202310192016,153.82127791323276
EK202310230705,144.82483779311448
EK202310191079,157.56468325721028
EK202310224030,147.3326237910737
EK202310116108,129.71340128130427
EK202310216944,147.4478091297244
EK202310239270,132.51992320480352
EK202310179674,144.09280886822802
EK202310135614,137.45991551806725
EK202310196625,129.8968455239053
EK202310244109,144.49872227712183
EK202310211711,139.4837671188837
EK202310175336,152.01965173850428
EK202310155402,135.464412145538
EK202310110776,170.86201935810263
EK202310246416,136.55024427385447
EK202310180852,138.06576025151384
EK202310173163,140.83283968959773
EK202310146639,150.1496607029667
EK202320007618,145.70322648495656
EK202310245395,148.68138803950782
EK202310175505,147.8920489575386
EK202310196444,151.57123200031194
EK202310172044,133.42038236869647
EK202310140972,171.82771366609634
EK202310236512,137.77512819816664
EK202310141653,144.19642546178645
EK202310236235,147.5930974979376
EK202310111947,133.6563889765396
EK202310129970,132.64168589357104
EK202310156921,139.73940296955945
EK202310111882,140.76990388890673
EK202310142671,150.96004689288188
EK202310225816,145.921000122461
EK202310129016,155.34984742120048
EK202310216107,129.53322830121115
EK202310192345,128.0317080636611
EK202310115608,140.72094111241188
EK202310218293,136.88384915633583
EK202310105946,139.9293415867496
EK202310194919,154.67019027174538
EK202310138207,131.06893066004258
EK202310199908,136.41120823903302
EK202320006707,156.91912009750192
EK202310162516,158.9622666417642
EK202310121312,128.82066419184912
EK202310240696,138.5413768589775
EK202310124904,143.54540438870464
EK202310238291,144.84296531807152
EK202310127974,139.72176972481273
EK202310136024,170.7253161212916
EK202310187265,142.18020922261573
EK202310108072,130.31686115511863
EK202310240013,146.29171200256584
EK202310212042,140.08954084302246
EK202310237376,134.9884633541694
EK202310220612,135.47011515682868
EK202310194509,149.70317949698554
EK202310209569,141.2382390676906
EK202310114438,136.9177669324839
EK202310132881,151.18264630413543
EK202310175705,142.093105749095
EK202310004055,149.55761861332135
EK202310175229,143.05498721635533
EK202310174345,157.34085790154214
EK202310212490,133.3021865868069
EK202310136810,136.48312764583812
EK202310157304,140.95061829831707
EK202310169599,126.07415539379274
EK202310107717,143.1688258381231
EK202310105279,141.90267574722245
EK202310110848,143.47825017779402
EK202310178772,167.62146486517264
EK202310245828,105.95545730967787
EK202310219817,149.13457236879273
EK202310200575,145.1288946806094
EK202310105122,138.07722244094748
EK202310162052,130.039935757171
EK202310150697,146.3081188305095
EK202310158553,141.19674765782327
EK202310210487,134.19900918340196
EK202310219594,146.34079199512453
EK202310234064,172.99535423019898
EK202310147076,158.09787529300976
EK202310168891,149.8283076259096
EK202310230477,173.295558993847
EK202310151700,150.90299556529527
EK202310105830,163.54822502590923
EK202310150350,139.05063772634756
EK202310221753,145.74103075534134
EK202310117832,135.11977846980758
EK202310192005,135.14144953909576
EK202310236133,134.46158479154136
EK202310128003,136.28492617816102
EK202310192879,152.34969776472806
EK202310127978,138.5065793969727
EK202310145508,139.80295938014518
EK202310112586,150.3537422290566
EK202310241863,162.4336919259923
EK202310221932,142.5808826843702
EK202310132949,134.40534576010074
EK202310223688,164.28573631807794
EK202310143982,134.13091114441656
EK202320006378,160.19796438590123
EK202310104123,147.3122351823178
EK202310185565,148.27455989623962
EK202310229086,133.6374148406042
EK202310133226,148.63130715327665
EK202310118081,146.28513496621767
EK202310150049,139.33190213873348
EK202310135400,127.79307706619288
EK202310116088,135.81108698675155
EK202310231696,142.6869536905239
EK202310146749,146.53456252561983
EK202310111238,145.02483189802746
EK202310191666,160.88651821330714
EK202310135953,137.7818088281759
EK202310161122,154.00625494707245
EK202310228253,140.20577916263417
EK202310153608,153.65846135315914
EK202310138495,162.6775169073874
EK202310145050,135.95599519881648
EK202310206747,138.27678513589044
EK202310203488,171.1871118929986
EK202310183419,154.0426138054975
EK202310129584,140.3536882701452
EK202310131950,130.76272894418696
EK202320006497,149.56752264126195
EK202310158313,143.9273001330004
EK202310156450,126.97439641514312
EK202310206931,164.21998564810505
EK202310224192,135.34970327833972
EK202310181248,148.40781165601913
EK202310139477,141.31597449466804
EK202310106863,138.40822286310015
EK202310113902,139.6115012624526
EK202310177431,143.78567743350644
EK202310189561,157.13990184092927
EK202310206223,134.7421547256326
EK202320005580,170.82053742137992
EK202310240584,138.79618854879703
EK202310193474,133.69377356992123
EK202310106515,145.25867581952332
EK202310134230,140.91282899777082
EK202310184191,140.58836754956488
EK202310120682,135.661830783984
EK202310169684,140.1992458132323
EK202310119557,148.01155163052425
EK202310126983,142.91595633280392
EK202310167903,149.0387144956835
EK202310133442,140.25823785667794
EK202310210959,149.03877846642047
EK202310212306,137.17387571645546
EK202310230307,128.26995847038737
EK202310212565,126.47623425426252
EK202310192899,148.41935475618445
EK202310170190,132.91607242532734
EK202310153027,161.62540864796293
EK202310114380,142.1578503703371
EK202310133567,165.4795306799489
EK202310214756,141.27660756724552
EK202310114168,148.18606493531686
EK202310217065,157.3410292943934
EK202310169361,135.80837462693336
EK202310165708,150.94394069132196
EK202310228615,128.29790588788077
EK202310209019,163.8565639663187
EK202310132985,124.26087783540842
EK202310110233,127.02714432880508
EK202310143464,125.05853572456233
EK202310136141,153.03322015914023
EK202310226017,145.48349243480286
EK202310155663,131.24497011842996
EK202310195009,157.87065338691136
EK202310126196,149.02202704673357
EK202310108026,146.8838103698942
EK202310172643,139.62427964512665
EK202310153423,139.6387058768321
EK202310243003,130.46665544538374
EK202310153678,143.15404723097265
EK202310169206,146.38484640990296
EK202310196881,147.3957250253896
EK202310247696,140.46261669391328
EK202310160692,143.6026828276084
EK202310157186,166.13616072890792
EK202310156752,125.54500501180985
EK202310114419,142.2026017742006
EK202310117232,135.45350869996642
EK202310221881,139.9430275769568
EK202310202289,130.0815601261001
EK202310221155,136.33029942462431
EK202310197000,151.9355964392068
EK202310183680,131.08341287142179
EK202310166065,138.1877627396113
EK202310224104,134.21289041557392
EK202310198490,134.43233071882239
EK202310185320,138.30651331103232
EK202310112969,148.13345425659554
EK202310122531,126.5797054207771
EK202310223294,137.42601732409148
EK202310243257,148.50458959157473
EK202310227369,165.79691696437408
EK202310132379,133.34149201589506
EK202310207889,138.1293573199487
EK202310155220,135.46884490542521
EK202310149989,139.10647549760037
EK202310116304,137.3407247574646
EK202310207654,176.20042247928293
EK202310233148,138.41026029426288
EK202310133990,166.25584259139146
EK202310131881,151.2531773777949
EK202310147674,150.81168662669143
EK202310161848,154.0646294713429
EK202310113742,147.67858963351838
EK202310107292,130.8507230342201
EK202310157457,134.0729089443563
EK202310159983,130.3323867719455
EK202310222436,127.76841704670795
EK202310116722,133.53188453511916
EK202310228029,135.7109146088549
EK202310226778,137.82581649036544
EK202310223904,137.74491354583367
EK202310205019,144.00750572170182
EK202310119364,146.29323569942187
EK202310003651,137.70301664777466
EK202310212861,133.05716410556673
EK202310110710,141.70129963670462
EK202310131651,150.02745177341873
EK202310144906,125.611688010636
EK202310188544,151.12224997256087
EK202310133839,147.3031645942416
EK202310118694,145.9771862874274
EK202310110720,125.82319807226916
EK202310128544,139.38842193292615
EK202310193628,139.31895101827047
EK202310148648,157.70598432264728
EK202310153778,146.40081859400607
EK202310188918,132.68221254518826
EK202310126546,134.39154877812683
EK202310214084,160.64061856827317
EK202310191915,155.51733380759245
EK202310230973,140.72416785496475
EK202310220076,135.8235145611092
EK202310198281,130.05388203397405
EK202310210973,138.0731209816219
EK202310116202,144.68054742228802
EK202320007382,152.5174171892238
EK202310140017,128.04259819069784
EK202310235458,143.32500747452667
EK202310224553,136.64722885192268
EK202310131411,136.14087154898104
EK202310172944,131.69977938972917
EK202310187715,151.17378664303948
EK202310117160,133.99867127786993
EK202310223783,139.4692620508408
EK202310208505,133.48305777829177
EK202310177144,137.1913242949362
EK202310141554,138.95198636447958
EK202310153806,150.94006087571864
EK202310178651,135.55697643328932
EK202310207053,149.4273033209027
EK202310121285,143.77217751999
EK202310129917,131.67101620018363
EK202310178974,138.06704050812235
EK202310139959,142.81130794722677
EK202310240930,143.17658602379626
EK202310184143,152.20261481846836
EK202310141627,138.56319115072966
EK202310248495,133.59235307414892
EK202310210251,137.44667579505534
EK202310181393,136.13738920058753
EK202310203408,144.98573415508469
EK202310210221,137.53708513066286
EK202310153228,147.15075480063788
EK202310181161,149.05519740256838
EK202310122291,157.39686559063074
EK202310219649,140.4168369644319
EK202310108802,146.00757016043372
EK202310147915,156.16678550666236
EK202310219111,133.84305367463455
EK202310004516,136.79923414620288
EK202310187796,145.55593810957274
EK202310152632,152.23975181096569
EK202310234189,129.37219286397615
EK202310248401,133.13941460404484
EK202310198077,140.26591456956615
EK202310182281,163.32055879911053
EK202310173305,137.05668503898144
EK202310191194,142.86026533673066
EK202320006641,171.46697512954174
EK202310187839,166.15057232109302
EK202310166786,159.97406450842513
EK202310104248,150.36708200774214
EK202310140808,151.94406504193404
EK202310154881,145.10820794372913
EK202310158734,148.84414269049088
EK202310198034,148.41806516514666
EK202310210288,136.21791645762332
EK202310115555,148.11672307416825
EK202310122253,132.2359290316181
EK202310208001,149.06695266869846
EK202310247301,157.2021476343991
EK202310158412,134.13183175652165
EK202310133516,129.06244452845038
EK202310199724,149.04946504571572
EK202310203434,146.5158023077519
EK202310149601,151.63959572164202
EK202310207662,127.08993866653672
EK202310155823,164.60593741621594
EK202310155070,137.94220191827668
EK202310003692,159.1716124389473
EK202310112220,133.48400287042773
EK202310210474,135.1890159976838
EK202310174563,160.1874388666337
EK202310178481,160.9518625791833
EK202310161746,148.46761758133323
EK202310184759,138.7362002851681
EK202310214382,156.8481814772114
EK202310220383,136.16019488065385
EK202310181896,156.8073295744201
EK202310109101,152.6328703656802
EK202310111874,149.96179783521856
EK202310239939,140.51087290512925
EK202310146648,123.67197569136553
EK202310147888,154.25212037458854
EK202310228585,131.75315063221635
EK202320006300,169.77751680784726
EK202310157823,128.00539435207344
EK202310175416,144.8927565610305
EK202310191246,149.42551525936827
EK202310241025,141.91540416300342
EK202310175713,127.01730346113752
EK202310165199,147.97521993226195
EK202310229611,135.51110316754813
EK202310167463,159.20171643562105
EK202310125411,135.42072319651948
EK202310247310,136.10357035449547
EK202310131556,142.47128458599204
EK202320007526,167.33443563419664
EK202310109396,159.95504772718957
EK202310243612,149.92721863484934
EK202320006821,158.9578041633647
EK202310191818,150.23287682228644
EK202310206573,134.35335136699288
EK202310176203,166.37925647801714
EK202310113063,149.8196065001499
EK202310152411,148.60655920901007
EK202310186297,148.78389440207144
EK202320006177,147.5178858289254
EK202310184504,157.90139835611123
EK202310118343,135.74310452576353
EK202310166342,160.6249995165734
EK202310238948,168.4670110911892
EK202310226471,129.68644643213543
EK202310153486,131.8939405119446
EK202310146780,136.05866330923138
EK202310129676,138.50189189554925
EK202310230251,135.14023678053965
EK202310227178,144.5701901019823
EK202310148962,153.37227167937178
EK202310235140,157.57219472174648
EK202310158736,158.77710480043012
EK202310208299,148.70990684690133
EK202310205311,143.98766460794812
EK202310140268,131.04089206341146
EK202310158411,138.28180747164626
EK202310120168,138.1340664377093
EK202310120164,146.58411744689312
EK202310191318,139.91938105309342
EK202310124551,144.13741145789322
EK202310133393,125.40785643635228
EK202310244048,139.36252692158126
EK202310209487,137.63668429384055
EK202310130550,133.6699208774657
EK202310134976,162.6846514811416
EK202310113614,127.46447915841087
EK202310237767,143.88676902779414
EK202310120386,137.36223244531038
EK202310190693,161.99828881462503
EK202310158340,132.76754595860808
EK202310185631,153.64305415454837
EK202310193894,139.5457469434133
EK202310232391,134.07131206152735
EK202310129047,145.02597915596502
EK202310187052,144.24625027114578
EK202310174623,150.545949113867
EK202310149978,143.20072405644854
EK202310238712,130.80930522475884
EK202310172389,171.21793399331608
EK202310187833,129.81334566476778
EK202310238335,166.11169968853102
EK202310232031,140.0387780269762
EK202310224185,137.9475600152544
EK202310166575,148.70866267597646
EK202310119974,133.24253874072957
EK202310195917,128.23720341581378
EK202310174762,157.54823927033516
EK202310237282,131.76713337123712
EK202310112142,144.82512954215474
EK202310107661,146.03172741189107
EK202310197179,155.81730024222074
EK202310154174,144.57985735900346
EK202310241892,140.10530481395983
EK202310178171,135.92702043991642
EK202310134220,154.55077408042428
EK202310200711,144.1521315934098
EK202310190031,161.63900049196639
EK202310215938,151.23531173993527
EK202310125861,141.31847765835033
EK202310143873,153.87075250867437
EK202310165035,144.74585959623943
EK202310157391,143.8139728591322
EK202310216624,143.197895050094
EK202310136516,128.27739976030279
EK202310175267,158.88214604796715
EK202310139527,135.0783394108218
EK202310145890,145.65489605908107
EK202310207934,146.8560110005235
EK202310216534,142.75744693922368
EK202310243402,138.16908360178303
EK202310125822,144.3078169652407
EK202310210671,138.0025905025827
EK202310118842,142.55481115859115
EK202310242780,130.26903565983366
EK202310183963,129.2979385141475
EK202310192132,133.27695560029937
EK202310158172,159.51300366946455
EK202310107920,156.39015095933703
EK202310116588,139.35570138986282
EK202310157004,148.95842396773818
EK202310203397,151.89231222405826
EK202310145727,158.60566036877086
EK202310134294,159.51641957884976
EK202310161573,164.88502804597442
EK202310163914,146.89267826763302
EK202320005749,147.18276402154632
EK202310004457,143.84700449520525
EK202310198895,133.13296434613335
EK202310200079,153.3737516470725
EK202310236220,145.79387392087986
EK202310167195,143.15522943065713
EK202310190621,144.9618303511653
EK202310126857,144.32991052188098
EK202310221597,144.03386939125159
EK202310139743,146.82835949620926
EK202310173860,149.4807987605485
EK202310212130,135.10456119306207
EK202310238113,152.98638963393995
EK202310232782,146.23309875650276
EK202310231990,154.16740167218902
EK202310154189,132.26140923198025
EK202310111012,139.336215330881
EK202310208334,127.85662185489173
EK202310222126,134.61556423179837
EK202310206217,131.7889611772489
EK202310185801,130.92919040818217
EK202310207901,139.9270382126939
EK202310121054,141.16290042571632
EK202310188410,157.53454766475647
EK202310203904,143.05662516060147
EK202310230514,140.25056233226712
EK202320007184,160.75144950386513
EK202310196925,166.04999395512323
EK202310201983,137.4210122626388
EK202310242071,157.4835465340366
EK202310242487,147.6537750678091
EK202310174134,157.4989809698852
EK202310221304,139.76578571582428
EK202310146366,126.33983713394525
EK202310242718,134.18880832959584
EK202310158582,148.88074015531373
EK202310182050,143.31023725019682
EK202310110321,135.79373682896306
EK202310126720,141.37732829354326
EK202310145134,158.22432920617214
EK202310134228,139.7165853575012
EK202310151176,134.4306804293923
EK202310159471,128.5345684596597
EK202310197298,137.9136624619794
EK202310114442,143.16024890709025
EK202310216170,126.45130291543215
EK202310126914,135.6370316791605
EK202310160897,158.34089433083642
EK202310241296,149.46511388180298
EK202310145492,136.50833862510495
EK202310142012,161.7240394264007
EK202310141538,146.63793139209312
EK202310154638,157.92352491619894
EK202310238848,165.31353549721715
EK202310139821,133.76114253694556
EK202310108173,139.19419802003372
EK202310119610,139.54063635931354
EK202310242565,157.05552670154816
EK202310186446,150.5041377597283
EK202310144153,134.91961141490424
EK202310234883,140.7960385842494
EK202310124017,172.94539617238706
EK202310163758,147.98471541304036
EK202310203597,149.52414512941368
EK202310104417,137.23319079577328
EK202310202155,142.15711534618688
EK202310245823,121.7806266137018
EK202310203079,126.53816686230984
EK202310161636,157.9705106100821
EK202310144165,131.44243211234985
EK202310204775,140.51988523446818
EK202310167770,155.99330590958513
EK202310215963,149.10187875814793
EK202310133633,145.2472565188575
EK202310214866,138.72239039419375
EK202310180646,147.92933236707887
EK202310167541,132.8636345369179
EK202310136641,160.28163156741064
EK202310148939,145.97176243890607
EK202310103722,161.79234969460646
EK202310179303,143.29222602381336
EK202310200620,151.35607786076127
EK202310125714,141.83080052334344
EK202310204522,149.84848764836477
EK202310150835,145.32770993389528
EK202310130780,131.36874774676446
EK202310105814,137.4792092277581
EK202310172033,144.8660134082707
EK202310201852,142.06299923397071
EK202310148715,145.42622618020647
EK202310221644,126.3375096903505
EK202310114274,150.4165422547834
EK202310178264,155.10310806746716
EK202310164025,151.5452234682523
EK202310204651,144.51700239706327
EK202310141344,151.41453706647806
EK202310185886,162.0206225917046
EK202310203443,143.72782503818928
EK202320007693,155.91344667916024
EK202310236673,147.32714768602767
EK202310205537,167.33766860742475
EK202310215661,141.55352105310874
EK202310116840,135.1499974957115
EK202310179840,156.3294727319287
EK202310178802,158.6333964071119
EK202310124043,144.22847165285805
EK202310160029,142.53651009468953
EK202310166756,150.48312210699606
EK202310234362,128.19296396855336
EK202310130046,139.5954400345573
EK202310175285,138.54855747544153
EK202310155324,146.8204365836299
EK202310110760,139.52770242597467
EK202310167871,143.44037718057714
EK202310111911,136.71050986157027
EK202310105964,139.51076433221021
EK202310187240,139.9526616280382
EK202310228002,140.8226793225976
EK202310202448,154.03819067316743
EK202310144304,134.75649050795514
EK202310132248,153.11140322000944
EK202310200767,136.7198328731575
EK202310246600,135.8846575824069
EK202310156024,142.73791032997636
EK202310124951,142.40940657286117
EK202310127803,113.92731646981055
EK202310212512,144.14753276123798
EK202310237901,133.2419603900778
EK202310123799,141.65025278171044
EK202310122255,137.9547830252892
EK202310140607,129.98147123158833
EK202310214168,148.00195659690942
EK202310205290,131.96094883549912
EK202310201590,140.89916875632423
EK202310246716,152.74639187879234
EK202310211043,128.02725033958868
EK202310245155,144.01303070359552
EK202310146684,144.70957426270414
EK202310224856,161.9873110052676
EK202310149244,141.24346115382488
EK202310130714,125.6626254447534
EK202310185702,146.37547894556386
EK202310105075,130.77002920779768
EK202310103937,160.4986757915307
EK202310219458,137.1076032575381
EK202310220878,139.79830608718137
EK202310114846,149.53286803726928
EK202310165810,132.9643120990023
EK202310188784,159.6303172432978
EK202310119305,127.13414890776613
EK202310142173,134.14561461924868
EK202310218752,149.61130384851538
EK202310191456,144.80212958848492
EK202310110108,136.67430528253513
EK202310159818,158.14875014307597
EK202310151468,170.71981900191832
EK202310107315,129.23207061270793
EK202310200556,161.99214227073915
EK202310217485,141.33604509283208
EK202310206013,130.90020127067376
EK202310004134,147.69427583597846
EK202310124207,134.42360676721307
EK202310216869,151.49186291141814
EK202310112622,154.9256746055465
EK202310239660,146.1923886958263
EK202310236964,136.12611001897176
EK202310182396,149.14356829008597
EK202310213788,162.23662786666208
EK202310193031,166.67099427472405
EK202310181134,130.3428210904229
EK202310232914,135.18151330953086
EK202310229534,147.23774079968157
EK202310187612,155.43310869654468
EK202310186706,153.30086243945374
EK202310146528,151.18846656976714
EK202310201671,136.48031038100837
EK202310155878,142.11122033390018
EK202310186935,131.1058219096888
EK202310165048,144.07819626080678
EK202310214244,148.44198613308245
EK202310003448,134.373775740673
EK202310237813,139.0086754525312
EK202310229380,128.64850675317126
EK202310136410,135.8598618800589
EK202310181792,142.03698912918424
EK202310174073,147.8419088659084
EK202310230921,136.69332173680672
EK202310131346,132.72419073336113
EK202310167144,166.84043261279984
EK202310198792,132.6270376017251
EK202310230863,140.84237144873597
EK202310116803,134.88911096795906
EK202310161651,173.33533384435313
EK202310140098,133.79920157467205
EK202310147311,173.15203767981808
EK202310228798,128.36334995622525
EK202310166857,162.01052570344325
EK202310204207,148.90196023608252
EK202310181214,149.53423066117819
EK202310163102,143.57136544277674
EK202310132529,148.87225222220303
EK202310194194,155.60962000724865
EK202310185194,138.428784367114
EK202310139315,134.61852598528378
EK202310133963,175.6043346437653
EK202310107375,132.991430949256
EK202310183190,138.96269076186596
EK202310150967,137.72158760807724
EK202310235477,129.24543543666059
EK202310231329,135.45603271741118
EK202310151218,140.13886647169136
EK202310117961,144.16043279155517
EK202310115637,133.35539252233298
EK202310148316,144.4728868733217
EK202310189439,161.0524762239877
EK202310183291,164.85834953787452
EK202310180341,153.04440832537574
EK202310195359,146.04389041283596
EK202310168437,158.29241268736814
EK202310239724,137.97236971981212
EK202310120281,163.67275412240372
EK202310154084,133.64171703349294
EK202310202226,140.89072038813842
EK202310211847,131.07263624729245
EK202310225040,148.93888971686656
EK202310148021,140.40011215728038
EK202310219384,141.2268367724955
EK202310189651,157.46755311598628
EK202310172718,134.91603678256172
EK202310154499,143.09378067137968
EK202310199387,149.01699917610546
EK202310109346,138.07547689250907
EK202310151918,138.1854474030769
EK202310138435,133.87331797028648
EK202310208281,143.16711328096682
EK202310144236,137.17024600643848
EK202310169290,130.1938166032763
EK202310120393,130.9634076016915
EK202310183688,138.77978806690922
EK202310192046,134.3526738253754
EK202310141942,142.35491839187688
EK202310120519,128.34259381111735
EK202310226413,135.0406714204583
EK202310177117,148.89060226859627
EK202310217940,138.52655951901397
EK202310170501,145.8489422826289
EK202310223357,150.02868813967325
EK202310245835,110.90656236256129
EK202310137793,131.1392205104148
EK202310174008,145.29434203558952
EK202310209155,132.46903846856407
EK202310177866,139.15835865667546
EK202310137396,144.02491965793936
EK202320006094,149.20554473221233
EK202310237036,145.50670331550054
EK202310177476,146.6462622960651
EK202310218927,137.8652563199581
EK202320007708,166.06788579430597
EK202310150749,149.27934347956713
EK202310226921,141.05221071837562
EK202310134168,142.58032689421464
EK202310198694,176.0275195153201
EK202310153758,136.86899516653006
EK202310164887,153.85406061394235
EK202310235542,162.46868908239736
EK202310175801,139.52554003336422
EK202310201383,149.34187381992564
EK202310003604,150.6323855587056
EK202310132259,163.26828163451572
EK202310223451,141.79315711952452
EK202310232766,154.6727674538186
EK202310162702,128.0781946870995
EK202310191785,141.58470879419428
EK202310222647,136.39446129996412
EK202310120606,128.28189828345128
EK202310196738,140.23879835320005
EK202310167031,158.6516618414579
EK202320006878,161.28189227008446
EK202310128617,171.79694292904333
EK202310156730,139.7343129705151
EK202310154328,120.09474205643717
EK202310199723,164.01192969643202
EK202310204015,151.43559745002364
EK202310165125,143.76317600634178
EK202310128837,139.35209984562024
EK202310109283,142.80827972359316
EK202310140754,149.09274469021813
EK202310133445,147.2595742140056
EK202310215163,141.17871937270684
EK202310152379,149.2774990650513
EK202310222153,130.92499247420795
EK202310168369,132.34727029863828
EK202310146927,129.70289384413005
EK202310233613,149.7938347134911
EK202310194475,135.5598376935348
EK202310176902,134.8726359503042
EK202310109845,131.62118857639447
EK202310143688,147.4439628357289
EK202310223718,136.82875282057583
EK202310114527,130.68268664418162
EK202310120556,135.19828276352223
EK202310228552,136.58030946754226
EK202310149970,138.39336240027055
EK202310199626,140.19904787037012
EK202310214977,142.950231448263
EK202310184953,146.37730115478772
EK202310004437,140.692323734688
EK202310213912,159.6998463933177
EK202310151119,134.0824696403034
EK202310171466,116.17081731093737
EK202310152063,148.21312517189943
EK202310137186,160.61238507444926
EK202320007104,149.7479247049784
EK202310202185,142.43604538617316
EK202310226204,135.13337768719492
EK202310189423,146.12146753312874
EK202310192491,139.43344468570655
EK202310187212,139.3972318905693
EK202310192179,151.14723202181332
EK202310126111,130.2645787626383
EK202310175586,154.66480381363255
EK202310194758,153.6495014611724
EK202310214384,157.0760661580612
EK202310179433,147.8602720458457
EK202310118937,137.46056416483157
EK202310230656,142.7893042707091
EK202310212922,151.69833490712196
EK202310223591,130.92167515949964
EK202310182731,143.210997623111
EK202310197092,147.82722178839288
EK202310188601,139.8552038140186
EK202310185962,159.25707565331484
EK202310154873,139.30561465025747
EK202310140333,128.34858666731193
EK202310239540,137.46462479727074
EK202310207256,123.0605923326518
EK202310193996,151.47083567109053
EK202310196769,146.23923869692223
EK202310123958,142.28487115957716
EK202310240085,145.1899808499091
EK202310246484,129.86680724681986
EK202310147689,134.69529612792482
EK202310189701,139.0046980061256
EK202310237575,141.79502922235733
EK202310219357,134.32198842253825
EK202310120804,133.21520180339817
EK202310125732,136.84101731580006
EK202310167873,136.3127273756674
EK202310247821,136.03010626515828
EK202310206331,162.73911012392279
EK202310131746,146.56689138585332
EK202310125465,128.31933211595904
EK202310137591,137.6667804192702
EK202310146755,136.63330417531682
EK202310145331,160.86165696266747
EK202310126909,137.67282015418775
EK202310176521,130.4940496139701
EK202310160650,150.92200352644429
EK202310114819,129.10357139037467
EK202310218236,144.19833341855067
EK202310204841,161.11272983879402
EK202310004910,139.82744451596494
EK202310146653,130.67489842136737
EK202310188782,137.61665216434542
EK202310125945,144.7383115442383
EK202310176437,139.03376318768855
EK202310193288,136.96637080265498
EK202310178658,160.33697535789605
EK202310150054,139.66476354795594
EK202310142919,155.73762779283766
EK202310222262,136.49644992192077
EK202310235742,168.76862485670054
EK202310113166,149.45042427509222
EK202310224000,156.4125995405568
EK202310198993,137.32902092378143
EK202310228553,138.3758680017579
EK202310190794,148.3317214411037
EK202310201535,153.09203853265564
EK202310165775,145.40328574388954
EK202310173099,137.5519319789909
EK202310152431,149.8735463729703
EK202310232652,156.98597397654976
EK202310182578,140.97688503773205
EK202310176081,155.0074271013845
EK202310168495,128.2527969306548
EK202310243081,150.5502465898484
EK202310214666,141.98922723611713
EK202310173376,121.12424660055339
EK202310185049,138.72442489812045
EK202310151788,142.3186922463993
EK202310142398,146.67638403167842
EK202310191734,158.74735964340348
EK202310185366,131.0102390560906
EK202310110653,129.6388238408856
EK202310197984,139.73129622747663
EK202310212461,129.6481618696445
EK202310220987,136.72221750662334
EK202310114458,127.53968156641993
EK202310167289,142.49537111653797
EK202310178582,149.29664506246115
EK202310135726,146.79678579030465
EK202310208307,130.09036676172138
EK202310186529,146.63517130290083
EK202310163685,136.94249193657754
EK202310204304,156.01536195734008
EK202310174269,133.94735722850493
EK202310169002,142.25716668164776
EK202310195183,159.80183001416708
EK202310172158,154.66401221707935
EK202310195251,142.44957050327594
EK202310217760,149.50632384277947
EK202310233545,140.29470230381722
EK202310146187,138.67758702637363
EK202310201834,142.31377344329366
EK202310172626,141.79299208037716
EK202310173313,150.59089406456573
EK202310151898,156.51921871855765
EK202310112427,135.08420267814745
EK202310202848,150.215052273317
EK202310106441,142.34578866948831
EK202310200903,132.22989957757045
EK202310211769,130.763549433307
EK202310210065,133.26478983590223
EK202310243416,135.84750295936078
EK202310178697,170.25989458371222
EK202310161358,140.46524903677127
EK202320006190,165.08721398432917
EK202310180462,140.95894197619475
EK202310162539,149.60453162270605
EK202310148977,145.8141354364389
EK202310194237,138.9688528115987
EK202310223514,137.21487947219077
EK202310162269,146.30447987796862
EK202310121844,142.6722412160369
EK202310124866,132.1190569947847
EK202310107700,157.7890690876599
EK202310221161,139.43370738598477
EK202310245562,132.67347993803108
EK202310179235,132.64412224126292
EK202310124532,149.04446582165184
EK202310128389,163.50338767671423
EK202310129800,153.89076378609582
EK202310207578,144.52398575522255
EK202310193457,155.8360543333508
EK202310206549,140.5576650033314
EK202310192075,146.2822934401692
EK202310234817,140.23428386370466
EK202310152042,138.31227661956004
EK202310199732,140.5666757943487
EK202310106385,145.3026479302654
EK202310232034,141.81169141645617
EK202310225160,146.55426820458393
EK202310168514,170.08201144561133
EK202310196347,156.28726895403184
EK202310132598,149.2647009438551
EK202310193609,136.38764216076535
EK202310112508,134.83111220811656
EK202310155472,146.40211615147663
EK202310177321,141.77429318974225
EK202310128022,141.20367480033474
EK202310206990,136.60723205864997
EK202310142239,140.727148156086
EK202310129832,144.86618172872025
EK202310213810,144.73648811442467
EK202310198404,145.72592834232455
EK202310003754,125.67642396575748
EK202310133307,138.2338711875763
EK202310155718,150.60357106264672
EK202310124975,146.01016670897155
EK202310238569,134.65847815476852
EK202310155626,143.44814717008458
EK202310109451,136.69612812421744
EK202310156701,125.64057291640934
EK202310112702,129.4604818130039
EK202310219593,127.67744967943639
EK202310236091,146.78519704904608
EK202310109465,144.60940929616615
EK202310239232,138.00677373549436
EK202310153092,143.2273470650051
EK202310142926,170.09391454290542
EK202310195282,164.80826620420729
EK202310144631,145.7200765941192
EK202310158174,137.54063148010013
EK202310130498,146.76853473614477
EK202310152250,143.1112611567792
EK202310154816,146.12738022399637
EK202310187452,142.59654971822275
EK202310130712,133.76331927720244
EK202310225931,137.33887816428646
EK202310212154,138.19878163248788
EK202310180982,166.28446681728917
EK202310187065,135.04297687417818
EK202310231143,131.54049237317795
EK202310244459,135.7681082410843
EK202310117863,141.0379435592368
EK202310104458,147.53116845163123
EK202310228846,127.99270312870951
EK202310129898,152.783220202023
EK202310160315,150.56879443623228
EK202310146629,137.97918093329213
EK202310166930,173.45259243424883
EK202310242374,154.1562119645991
EK202310210376,147.96113693247915
EK202310197387,138.99209160619765
EK202310136364,147.17435876735976
EK202310204149,136.0238548004587
EK202310107806,151.16531588006427
EK202310233474,150.0988439599564
EK202310228559,140.52691824357143
EK202310138215,133.01196269370826
EK202310143063,147.54710705093225
EK202310157985,139.373254524612
EK202310190599,138.14849658124714
EK202310114903,131.83568580762864
EK202310133276,126.65082951283819
EK202310132588,125.99329659589695
EK202310004157,144.39414556109702
EK202310152358,163.84501889951758
EK202310111141,163.43651196152925
EK202310200435,128.9079350323942
EK202310204982,144.3082879125312
EK202310212495,130.03027656471824
EK202310183601,151.7436455650744
EK202310214375,154.42212816311402
EK202310210198,138.73454235707834
EK202310167063,161.92863095242888
EK202310149576,149.37712636984972
EK202310132215,148.2273901439035
EK202310163904,162.0010528151988
EK202310200956,139.58996889011235
EK202310180120,158.8777726726162
EK202310121104,135.59469070450854
EK202310203655,153.21108638252377
EK202310194561,155.8183316298596
EK202310222799,140.2421368024259
EK202320007041,143.0797791342013
EK202310119052,136.924777589015
EK202310137233,151.60962098462684
EK202310187775,153.00907392759223
EK202310232434,142.3822129095269
EK202310205717,142.24939922231493
EK202310221339,144.76274871856796
EK202310123835,143.78782101152444
EK202310232532,136.53587958186165
EK202310107165,136.0959324284337
EK202310203436,141.8309920228289
EK202310169851,135.90970253799418
EK202310193274,166.12267082257245
EK202310151878,137.7652499107354
EK202310180128,140.40466238935568
EK202310150220,136.15395145817612
EK202310187751,144.2551270625616
EK202310162881,143.72384084613614
EK202310192822,158.33638073282785
EK202310195620,144.94192661274323
EK202310135344,137.33110909948584
EK202310190721,143.41190036970923
EK202310121180,157.29968069258135
EK202310197995,157.80319517475056
EK202310238294,141.29448638972107
EK202310181201,149.68949711552955
EK202320006195,152.94059610890955
EK202310144714,137.5342930772748
EK202310174694,167.8546611235081
EK202310130143,150.9714911367892
EK202310213402,133.32229325047112
EK202310164458,150.83830569492264
EK202310138233,145.7801368536846
EK202310196325,162.72028815703584
EK202310230287,132.70394787992447
EK202320007443,155.6914850391715
EK202310237310,148.14002755183958
EK202310188028,149.8994332365101
EK202310221385,145.4347225006871
EK202310201433,142.6709957676094
EK202310210894,129.42529533222603
EK202310144757,130.8020166971662
EK202310230555,126.67264999551195
EK202310127197,164.53658605295183
EK202310210367,146.69325789596647
EK202310107406,141.71970319425986
EK202310201552,152.74120057097934
EK202310163315,136.6989293700282
EK202310106204,147.03898597154136
EK202310189865,142.04919984839407
EK202310143319,166.4563901519896
EK202310187989,148.5993537489024
EK202310204280,141.40123246691968
EK202310166053,163.36208050341273
EK202310179719,151.89555107607362
EK202310119334,128.331902892212
EK202310212088,134.27522514413656
EK202310123364,144.9347924543275
EK202310235184,151.1641520661138
EK202310150098,133.11929292703192
EK202310219013,143.08833133001485
EK202320005598,154.30386473015557
EK202310122400,149.9671678176758
EK202320006069,153.87276694726296
EK202310240606,133.41991462107367
EK202310192122,156.8148506813743
EK202310239991,147.00456311711451
EK202310129077,144.0717891917321
EK202310246377,126.23611435648789
EK202310242482,147.9717237115045
EK202310162862,137.00707087894168
EK202310217556,142.1495309353946
EK202310136375,139.2084165501543
EK202310193072,140.41710616813154
EK202310232709,127.19284106642024
EK202310137784,132.2764636699911
EK202310195933,150.4571295209492
EK202310190342,135.1196785035887
EK202310128675,147.69668463505326
EK202310156867,126.52284129765768
EK202310148670,134.29620896148015
EK202310176460,128.49111408723778
EK202310129961,165.10308150607304
EK202310146909,142.2347390490177
EK202310138497,144.45464694480478
EK202320005583,151.80968482307654
EK202310139679,146.24790921353062
EK202310138331,135.48770898176232
EK202310183937,151.82992783344574
EK202310180455,140.4180474157617
EK202310197763,133.26026860729104
EK202310196627,145.8455645050673
EK202310219790,140.5425697862524
EK202310185905,158.6467328528617
EK202310004706,130.00883967741166
EK202310181268,122.91146182630028
EK202310219922,132.07939032003594
EK202310149625,154.95982199738532
EK202310200086,144.33626541144434
EK202310214446,142.1600640294827
EK202310244555,135.6730613966815
EK202310203678,152.16759756500377
EK202310121725,152.36946155990034
EK202310178580,155.0051936638252
EK202310231258,138.10766648927935
EK202310116413,140.20805859762658
EK202310130519,142.63054227882026
EK202310114605,154.18619235925257
EK202310104328,131.52365142084398
EK202310217095,140.70528039996063
EK202310159014,157.71466770739337
EK202310240255,137.08519605060397
EK202320006678,163.31450868126552
EK202310127358,160.9869675999896
EK202310228371,139.99773727504373
EK202310212880,142.38352592735313
EK202310184252,165.30381178726856
EK202310222457,141.15383760306915
EK202310106525,149.6037302761365
EK202310212900,133.66336570859758
EK202310164200,164.89444714966965
EK202310141506,142.63601071039963
EK202310124179,123.40789709975854
EK202310210747,136.01277098537255
EK202310104325,137.61903531767408
EK202310171837,138.84582369330266
EK202310183388,135.9293356449242
EK202310175474,155.6914460407441
EK202310161361,147.56192786513552
EK202310163883,138.275497536336
EK202310233128,132.12826359057175
EK202310199650,163.19451500710187
EK202310107707,148.604794336527
EK202310112036,156.91417689076803
EK202310152162,145.00344399579592
EK202310115154,150.08111200785802
EK202310106295,134.67159578831752
EK202310209811,140.56909243491975
EK202310170779,141.34811971055726
EK202310132319,133.29416451695727
EK202310176117,163.76213562789366
EK202310109117,122.3317540939429
EK202310146050,131.96439858906925
EK202310189377,179.61356133310912
EK202310108901,152.51820802858674
EK202310129280,138.59786787544107
EK202310186201,154.14230007547815
EK202310125879,148.298285682292
EK202310223489,151.11723205424954
EK202310195362,153.682550755793
EK202310168199,124.98445524491046
EK202310123430,142.18811531345838
EK202310169481,151.61393333233306
EK202310212350,133.78298647153449
EK202310204165,146.34232668285608
EK202310116597,153.97338400176656
EK202310178940,131.22912553483255
EK202310181172,154.8041577836368
EK202310232407,132.82740445282204
EK202310120201,126.64119574242267
EK202310132088,189.56917145222693
EK202310176583,147.96462973201994
EK202310116485,136.64162132564607
EK202310232488,133.4248197052495
EK202310185248,141.43319511618918
EK202310114195,132.37385391040007
EK202310171527,141.05224022911864
EK202310239847,143.04094392899643
EK202310109025,136.38295512687614
EK202310188543,140.9111889706545
EK202310164772,150.87691524523262
EK202310220946,138.67975712152918
EK202310157893,158.44980985399638
EK202310130096,153.7480902467184
EK202310215475,133.13546267827547
EK202310175525,152.07507494537683
EK202310241739,144.58742747115974
EK202310149577,135.54530735624948
EK202320007764,143.74832687652636
EK202310162677,147.20316668515048
EK202310118455,137.36917773520324
EK202310144170,139.6452279000631
EK202310123446,146.74347986107068
EK202310111614,155.9226954734362
EK202310148681,147.96838845240362
EK202310135706,128.9975866091559
EK202310169610,140.78554258187447
EK202310154626,161.03123061103486
EK202310186396,137.84384311063363
EK202310130384,137.0342986062558
EK202310139999,135.2333077441829
EK202310173443,146.2459600855451
EK202310172753,153.31428559048706
EK202310150539,143.73251428777726
EK202310197972,169.58592522020197
EK202310167038,144.00044833089868
EK202310121549,137.14229990657913
EK202310144749,145.65500623344548
EK202310129763,137.29595192979727
EK202310105138,137.84678857426138
EK202310145803,134.2341106015214
EK202310150239,132.30840588670986
EK202310169489,138.73369866698363
EK202310138665,153.6363317291151
EK202310123078,133.1805012441695
EK202310219135,138.10650998388
EK202310116443,134.85250849386628
EK202310195859,144.92486494593928
EK202310118292,135.55297982132723
EK202310134982,159.21323255043296
EK202310236579,138.84889218263328
EK202310145251,139.33624680698165
EK202310144320,131.64356482028717
EK202310165413,133.80573254476442
EK202310164223,148.9743301768203
EK202310178660,147.25214603708142
EK202310152292,152.4782920102726
EK202310232276,130.2662694541042
EK202310227732,143.38044987510114
EK202310155773,140.17098074468925
EK202310188232,159.35675282865424
EK202310182770,134.77445745585308
EK202310202719,143.8248287803626
EK202310138556,140.25504090353573
EK202310239172,151.45421850862692
EK202310151877,129.62394561790285
EK202310116662,137.0399147405266
EK202310206983,135.71773882753126
EK202310161922,134.5264807997584
EK202310116370,129.7659672729583
EK202310216242,141.9812311576511
EK202310223914,144.83189707215914
EK202310183638,138.1939804538329
EK202310180955,170.55070762953332
EK202310135432,147.6257808302102
EK202310220264,128.64990080781487
EK202310241824,163.48277684599546
EK202310175340,159.50898773177576
EK202310123572,132.83706781748555
EK202310228745,133.90166564973376
EK202310150402,150.7318663798272
EK202310123048,140.46130975193242
EK202310245625,147.0833953509598
EK202310004596,139.63677115597812
EK202310187568,135.1032421946812
EK202310004796,140.40268470529156
EK202310206482,142.79539114946476
EK202310152723,161.71531581072128
EK202310144324,138.3277614581895
EK202310182703,154.3968343843042
EK202310207031,154.01880446320718
EK202310224829,138.4068611214038
EK202310194916,147.88631829819724
EK202310158171,166.62237505629102
EK202310237739,153.4413327231624
EK202310233535,157.3356711884949
EK202310159582,151.6145205798116
EK202310157407,131.76422719413412
EK202310222554,134.07579091207845
EK202310209992,142.07329487018063
EK202310197773,161.8257581590355
EK202310219559,152.51124135172358
EK202310149590,128.06059603519043
EK202310172229,131.32771680144583
EK202310179759,145.32455103267142
EK202310141351,147.44555982382923
EK202310202674,148.4640307973171
EK202310150237,137.24528995648
EK202310131854,149.67279948390984
EK202310209299,136.50739649375765
EK202310152323,168.43267455403307
EK202310130424,156.73751512302786
EK202310219110,142.9215386340983
EK202310208971,144.1051131960062
EK202310175417,132.38746304556273
EK202310178979,137.70944111792085
EK202310149330,140.36725136984612
EK202310214732,149.17089572110018
EK202310151284,132.7004490279601
EK202310246323,140.24381695545623
EK202310162754,146.29898390627096
EK202310142435,160.94571696443177
EK202310218666,151.50197136300557
EK202310221049,152.05324512046965
EK202310173708,139.890536754136
EK202310192941,130.00052476869206
EK202310126047,166.96961992533582
EK202310241369,152.52794087758116
EK202310183820,164.2416033021085
EK202310243559,148.81947093566828
EK202310148350,139.0583106850982
EK202310224931,144.49214386419186
EK202310236248,155.13317323886363
EK202310156811,142.00395249859514
EK202310224565,137.87529615537682
EK202310203958,133.7295497776876
EK202310119312,130.69622218935822
EK202310178028,139.54652340459165
EK202310186588,145.6318118037543
EK202310139697,148.74001734201656
EK202310197136,145.66699620592465
EK202310220806,133.52720102423163
EK202310222987,155.00475447447587
EK202310161970,129.68723829314916
EK202310208174,154.53182073384104
EK202310118068,137.50019065467038
EK202310131022,138.6654288336304
EK202310122159,139.10045124993653
EK202310216067,127.2228249499108
EK202310245924,137.2708373155437
EK202310111788,143.56847438356488
EK202310127853,138.97677149256157
EK202310106238,146.07172483856087
EK202310158124,132.8751562288782
EK202310132835,144.73489064800413
EK202310148914,149.1684625637451
EK202310231691,137.76976403896285
EK202310247000,150.11193874923748
EK202310192115,151.9603174247944
EK202310104130,141.20207201818798
EK202310139212,145.27498929739093
EK202310197454,137.4375551229256
EK202310192429,137.61644454317215
EK202310167625,131.55173158283878
EK202310199497,151.65898559413725
EK202310153618,147.14398796395253
EK202310181484,139.36030419836206
EK202310198186,141.13862941316813
EK202310152220,151.10754429511417
EK202310159039,137.47914036449598
EK202310191546,139.8273537128876
EK202310133158,130.49414130168006
EK202310201688,141.98191355440082
EK202310235017,142.0273124974217
EK202310135857,155.16545235996006
EK202310218208,161.0610700805591
EK202310118595,135.90863719350625
EK202310163828,146.88951545012526
EK202310141421,142.9320355855988
EK202310180807,137.24877380214312
EK202310205637,140.23103451214826
EK202310105788,146.7161384170434
EK202310216219,148.30547457814055
EK202320007125,182.54789031795133
EK202310104911,143.65053754702936
EK202310189159,166.83160896829057
EK202310195473,143.70605821595205
EK202310118604,133.70059852199518
EK202310195319,142.23008800679042
EK202310240500,156.60257106876008
EK202310113748,152.24946385160533
EK202310004313,152.36407145368887
EK202310143650,152.4793842984971
EK202310165864,150.38768551794425
EK202310197618,146.61731843544305
EK202310147381,138.34127747269545
EK202310204456,144.91237328718236
EK202310168795,133.67042887063192
EK202310162071,167.7737529280866
EK202310155041,132.53976486291418
EK202310116293,142.32625248628742
EK202310111802,143.58290340435192
EK202310143876,144.1803369651363
EK202310170107,151.79784460766234
EK202320006604,169.583950291286
EK202310181395,155.8899866150553
EK202310128405,149.42311179756678
EK202310172117,141.1355684161703
EK202310173280,148.3248137584741
EK202310114735,138.88847552952157
EK202310124558,127.89923756421862
EK202310122475,126.36612529587595
EK202310137618,138.80355339855177
EK202310105474,136.77861624826969
EK202310209280,120.79631987521395
EK202310142912,144.1573040055451
EK202310246004,125.69647406353234
EK202310186374,132.36042765119876
EK202310139853,152.185732280034
EK202310243432,135.97929746332187
EK202310135700,133.35042213422335
EK202320006074,166.86419788768313
EK202310207199,152.21919145634584
EK202310114736,135.30527576710614
EK202310129145,147.88414400577517
EK202310135339,150.137030874844
EK202310105627,136.76146100314926
EK202310114046,136.14908856997863
EK202310121749,129.01351775790474
EK202310160579,151.65973704926955
EK202310132059,143.8403631088807
EK202310158407,146.1497834972991
EK202310115805,138.36231326206533
EK202310165675,142.87712642022836
EK202310223393,140.32188885458956
EK202310166586,151.32576156596966
EK202310142763,157.5817815691398
EK202310169174,134.7917496420958
EK202310118007,138.97022437003443
EK202310188453,131.55537600254175
EK202310186603,143.1933953803131
EK202310115518,147.22523748180055
EK202310237777,156.78989303910515
EK202310245509,132.88791301400389
EK202310149571,149.64727979309026
EK202310238699,129.73465838102973
EK202310162044,143.04810548525066
EK202310178900,131.07415135876886
EK202310210189,142.85714948180512
EK202310246044,160.55518496738597
EK202310169510,157.05210022860956
EK202310224019,147.23476180143396
EK202310196916,141.02720675076014
EK202310110545,150.8074784599089
EK202310158475,152.1364786868499
EK202310240666,147.4612956266514
EK202310147702,130.03467038141503
EK202310240541,138.3425079384205
EK202310165419,146.99834673342434
EK202310158944,144.52448903739986
EK202310154741,149.22882564138186
EK202310183411,134.39704485302008
EK202310150802,128.94898107345745
EK202310236647,138.70479540616108
EK202310168877,159.36275266012177
EK202310177550,140.5013104411773
EK202310161815,134.87545312987734
EK202310205936,139.58159337193828
EK202310236918,143.1451265163494
EK202310231978,136.4821600631685
EK202310145447,135.8136786142824
EK202310113081,138.93577129727143
EK202310245380,142.1883549024401
EK202310226536,123.64736400392259
EK202310171629,138.50027683529308
EK202310142578,155.27367572171448
EK202310154571,144.07939026247396
EK202310133424,148.56326360229085
EK202310205232,135.76479432642927
EK202310125353,134.835161294231
EK202310129062,144.23667928889276
EK202310148286,141.9385535166071
EK202310217186,159.1860831020619
EK202310240058,152.55558697409467
EK202310004925,153.3495745748654
EK202310121900,134.83029659813505
EK202310193811,148.56791616878834
EK202310236073,132.67782039259492
EK202310209661,136.38899896498341
EK202310183452,124.15013407118123
EK202310198390,136.78520650693233
EK202310194814,148.0431512367204
EK202310154258,137.55677955145325
EK202310225570,145.38382154664612
EK202310236562,131.0223059766598
EK202310125786,134.94323854951122
EK202310227228,130.33958905478138
EK202310104334,148.48154871809268
EK202310247598,152.520357180309
EK202310163731,150.7801075696109
EK202310153854,158.62044582948047
EK202310209072,149.5678210837148
EK202310130417,146.4755133952257
EK202310161714,122.06281880066258
EK202310161726,150.1927447911893
EK202310214070,143.00363932294394
EK202310174019,139.95477068781585
EK202310197029,153.89679503894948
EK202310236341,128.62384704468477
EK202310218675,149.26570937098563
EK202310124319,131.92116489511704
EK202310231778,143.4150174680909
EK202320006401,136.51262828437757
EK202310107779,131.91242407408396
EK202310133015,136.32218181537985
EK202310181550,138.81263665777183
EK202310247332,147.1521972748803
EK202310111163,131.591341060765
EK202310145310,140.17080914276642
EK202310126094,134.45516258926713
EK202310161397,138.55011793061675
EK202310146374,142.09705685042243
EK202310136414,146.74619859190136
EK202310141425,159.23074866246074
EK202310138405,145.88512783421544
EK202310173668,151.50357329584864
EK202310184285,148.60390398838632
EK202310176095,153.94115406880175
EK202310211570,135.47148010668428
EK202310208829,143.3862836892401
EK202310147190,161.70177279693007
EK202310191735,133.4680247632796
EK202310213951,146.83693843943416
EK202310140049,140.6885553887211
EK202310169326,148.98861167680292
EK202310157230,172.490426661442
EK202310124090,132.42005161991878
EK202310142146,134.30588254806506
EK202310107242,138.50221522579662
EK202310192993,136.53560516881447
EK202310149787,146.74718753703897
EK202310177888,145.6908502940365
EK202310212815,150.0764511504824
EK202310223609,145.0579325026535
EK202310189733,168.8907166399546
EK202310218104,136.5140923615116
EK202310111896,143.51852128322386
EK202310132753,140.6398811424785
EK202310112173,137.88585686078892
EK202310167323,154.5956181809853
EK202310140969,134.84240756094184
EK202310214853,147.6216461638388
EK202310105928,137.16500406419962
EK202310213446,137.7722476007514
EK202310134309,143.58020600495485
EK202310177619,148.63674948584895
EK202310004283,130.55158238522364
EK202310176874,145.3575897063303
EK202310160131,141.22530275065873
EK202310201219,175.39619539123353
EK202310004099,140.89654285702605
EK202310167947,149.8263509721506
EK202310155342,138.60814349035908
EK202310209163,134.52623696703574
EK202310242285,139.05459905361704
EK202310215045,159.5663293843167
EK202310245674,135.53474689901532
EK202310192087,148.80395524874373
EK202310182851,129.88036300463838
EK202310184176,150.63969100224745
EK202310205303,153.61187890248067
EK202310108199,146.5325602033443
EK202310124913,150.9078601603133
EK202310140458,134.70815966120972
EK202310142132,133.49936162517733
EK202310147065,155.1136368113306
EK202310143393,133.64141327295422
EK202310139964,137.80038500570072
EK202310225775,143.15393289867208
EK202310127142,149.15066473241532
EK202310179582,152.48526923787477
EK202310207922,146.99926456387988
EK202310195810,154.242012899164
EK202310178849,155.0702358792943
EK202310229124,139.06365737519423
EK202310113502,138.0239297055243
EK202310223610,140.9182108245884
EK202310147986,152.9597704397459
EK202310236813,144.1216198884301
EK202310176936,147.5362200779646
EK202310199151,140.26055047275298
EK202310192534,141.82082216154356
EK202310217624,140.57369255826123
EK202310003755,128.9334206562139
EK202310161830,124.62125120791853
EK202310243624,136.8261385806221
EK202310164105,133.42701414822324
EK202310179948,168.26115285597749
EK202310135310,147.44481925477592
EK202310004295,130.53651073927114
EK202310141079,154.5653836720953
EK202310225179,158.4470300037923
EK202310227335,147.10252836978825
EK202310161160,160.68304626452291
EK202310247623,155.5079477609649
EK202310206076,140.05216843621076
EK202310119053,144.05565411465207
EK202310139617,136.11272636761095
EK202310143241,121.30450732686356
EK202310115504,137.3320785836069
EK202320007161,147.67295270937856
EK202310183784,158.57887290025417
EK202310187344,174.7781837201254
EK202310185527,136.3144534020691
EK202310238290,144.96927469564557
EK202310140457,134.1360123164802
EK202310150648,137.5074155653273
EK202310223600,133.9886397213396
EK202310167530,143.87985890428723
EK202310224100,134.67731368624297
EK202310152786,136.84073533875863
EK202310135478,145.8612649991988
EK202310193078,135.37284405530468
EK202310155463,157.24293902475137
EK202310105582,144.61810044189312
EK202310135195,136.46321885980936
EK202320005552,164.37315717517907
EK202310228708,130.13069514717725
EK202310141498,124.42937331017656
EK202310193872,163.92500343961345
EK202310141414,174.41630152803756
EK202310151905,130.80217790093565
EK202310127407,150.140892982153
EK202320006299,147.29246341010497
EK202310212343,138.33292106828813
EK202310168454,134.23354026849333
EK202310171479,132.09831068528996
EK202310110727,160.70076101195866
EK202310109806,140.70359841280296
EK202310229172,134.7907562886812
EK202310221527,130.19626723561703
EK202310136692,121.93795778854513
EK202310225939,136.1354398537524
EK202310128011,133.779340389501
EK202310119451,135.28704936561553
EK202310240016,147.8195134468443
EK202310137412,133.92710835950976
EK202320006473,161.63244315799471
EK202310133714,155.8516863904644
EK202310182002,153.50710705222582
EK202310146885,145.10032288698002
EK202310228765,157.67310851552566
EK202310199335,141.8992823162852
EK202310144286,139.16347251218644
EK202310120179,147.73571672297444
EK202310125242,138.13077843562021
EK202310129853,152.83995572039325
EK202310105724,140.24687893448964
EK202310177232,128.6457716093702
EK202310240889,145.4531950761121
EK202310135626,130.71560957350667
EK202310182429,140.06761933684425
EK202310160815,154.6149428227821
EK202310161842,145.4715464214443
EK202310194125,140.13152300316128
EK202310163430,151.66110667553158
EK202310207741,137.1524395114246
EK202310202036,124.99752285963343
EK202310165652,127.7392690944198
EK202310136570,138.53466039588832
EK202310139028,145.3817405228872
EK202310163487,138.82269851828073
EK202310177984,149.13176225179475
EK202310239997,144.23627666409672
EK202310176249,157.9627358221535
EK202310152361,148.231798290008
EK202310151709,136.3189557472068
EK202310135268,134.95231033835086
EK202310171919,149.92572833557725
EK202310122006,150.5521746560607
EK202310127839,147.72227765153465
EK202310219814,152.56095576501548
EK202310187560,161.56419227270302
EK202310113366,135.53843278622844
EK202310134748,138.5903175518485
EK202310208843,157.8131683863825
EK202310175338,139.0227247742528
EK202310124470,135.47073938230653
EK202310121775,127.29345992542346
EK202310237332,123.36767675373703
EK202310141855,140.68415685493247
EK202310154289,142.9313704458406
EK202310120044,135.69446249762476
EK202310192432,147.06643963762554
EK202310160195,147.39994231723458
EK202310105413,148.16747094164845
EK202310004863,152.35716255206813
EK202310138732,142.10870137010062
EK202310225944,130.7145372710201
EK202310239340,133.47217742587327
EK202310155959,160.92001301678792
EK202310177384,149.85197487975734
EK202310114746,129.8692415065079
EK202310156841,150.1006093439234
EK202310213654,138.3235417256334
EK202310210592,149.0438434272278
EK202310110296,134.0569925726396
EK202310240236,139.308656634733
EK202310242957,143.49190184968276
EK202310163621,147.25502467341147
EK202310202691,157.8992442600101
EK202310127490,136.22392249427259
EK202310199512,155.5886121487117
EK202310155288,141.05834801577598
EK202310237968,144.52066527681737
EK202310118847,149.31227072952265
EK202310144769,126.05232191988074
EK202310212518,145.4071334444325
EK202320007577,148.12787703682335
EK202310244590,161.50296151488502
EK202310003432,133.86905899500152
EK202310242932,147.75476540056806
EK202310184880,153.36662426978955
EK202310208839,148.24263907822927
EK202310225707,147.6017477237381
EK202310196085,166.8684026433545
EK202310111047,138.93296283809258
EK202310149321,154.4647780885056
EK202310214602,138.57435396112308
EK202310190162,152.68335058694396
EK202310203789,130.00125585859877
EK202310165931,151.26534137071025
EK202310143768,150.44757779124677
EK202310226420,144.29415123493956
EK202310206883,140.27561079422725
EK202310230191,159.94452981071512
EK202310223966,135.36318709143572
EK202310118804,126.66253603693583
EK202310224984,126.01675996019304
EK202310221101,145.003609937043
EK202310241759,139.30671265412417
EK202310219986,134.22706938759512
EK202310247113,133.0485039806568
EK202310136489,147.8086029418168
EK202310189176,157.02266587746655
EK202310201813,152.7223606458841
EK202310167143,141.0868008546133
EK202310245156,139.97689314497543
EK202310149980,139.99110644756067
EK202310238395,149.96791348270423
EK202310223767,143.65557491471915
EK202310118543,141.85951308282412
EK202310137202,116.79030886795205
EK202310245378,150.817785499937
EK202310202917,160.33375077133317
EK202310120015,132.85724182605205
EK202310242744,148.37169628024668
EK202310170961,138.24581298503827
EK202310170849,130.55853563218298
EK202310108365,132.24454990357324
EK202310225302,136.88254501334217
EK202310141853,130.21180859226342
EK202310152952,155.7012727279768
EK202310118252,131.36949191532335
EK202310150764,144.1624515395235
EK202310188288,137.77468793489976
EK202310236699,144.7828322750326
EK202310228975,146.3193659100499
EK202310176364,143.35214285670517
EK202310148297,134.4460335093109
EK202310234706,136.8893667845025
EK202310202029,139.2061127734199
EK202310218635,129.014065035942
EK202310187565,172.70644954620238
EK202310238217,138.33502387402254
EK202310144263,127.73217423438052
EK202310216046,122.47955742724268
EK202310240199,142.68152138033574
EK202310118761,140.30472657041122
EK202310118387,137.2700632067797
EK202310228319,131.39161507417657
EK202310188942,151.38413876157466
EK202310171922,142.46744818310552
EK202310205751,162.41499960295758
EK202310181387,152.83636717415
EK202310194611,138.90951861911566
EK202310123903,137.03681402699053
EK202310201170,174.68033020249078
EK202310124579,132.24260973354652
EK202310225456,134.38828380735183
EK202310224047,133.56308589682166
EK202310168185,135.95900908318941
EK202310149367,151.58715415175232
EK202310222236,151.36462420255955
EK202310191402,134.37595974923963
EK202310216518,137.03358054123848
EK202310116323,129.28832900735298
EK202310229479,132.7977912415656
EK202310242068,142.3085318755194
EK202310172108,131.26623747344928
EK202310148960,139.40733393462403
EK202310203368,149.70040463883393
EK202310248782,131.6596846020991
EK202310130742,166.9752500645024
EK202310127431,136.53886990817728
EK202310166666,152.50410666085295
EK202310142516,134.19094696062365
EK202310171160,156.66039457217502
EK202310131980,146.99497222099782
EK202310230754,130.61019785381643
EK202310205660,139.33125902943016
EK202310195938,154.82736831431376
EK202310223018,133.12914273830324
EK202310189611,163.35216135652135
EK202310114061,144.05333152590254
EK202310168186,146.85184068007834
EK202310123079,140.23948801618226
EK202310142507,130.89647211194188
EK202310192082,134.61696418704324
EK202310116417,152.51796358726207
EK202310152679,129.50018234286588
EK202310186123,155.0710801178138
EK202310187670,142.48211021966506
EK202310199114,142.34988893577193
EK202310144744,133.5477405392817
EK202310171906,142.71817780238885
EK202310222160,142.99946131443448
EK202310202383,131.01969518382012
EK202310133543,154.293884343076
EK202310240197,146.9842050646929
EK202310224654,146.81774285148998
EK202310159827,164.86573090258048
EK202310129302,162.52196631765403
EK202310220687,141.5353570708759
EK202310137416,131.58735915598734
EK202310195263,148.63958411015057
EK202310226117,135.5380819475446
EK202310177937,152.72712074104254
EK202310224977,137.26296514568372
EK202310104811,157.31175838470952
EK202310202225,144.17281589406414
EK202310198252,143.72272662280005
EK202310169634,150.18293179458558
EK202310141724,145.10833256307615
EK202310132515,128.4446485671392
EK202310222595,135.7969060464683
EK202310245206,158.97842637614005
EK202310206384,153.23821489958604
EK202310131595,146.84473003135068
EK202310114450,151.95714054912443
EK202310193999,139.83089371345793
EK202310153211,125.80984211199795
EK202310168571,171.1878591051976
EK202310117487,121.83148845131265
EK202310147040,154.7182178191273
EK202310164747,158.14376339538515
EK202310185539,139.83935719221785
EK202310180947,166.50316241496233
EK202310209467,134.43032508359963
EK202310197453,133.442782013837
EK202310241952,149.24069966843751
EK202310171659,139.50008989977303
EK202310121984,128.04640473685518
EK202310145988,149.15976947607678
EK202310227472,169.37316230862584
EK202310158925,150.37084348551403
EK202310161059,143.70884403328674
EK202310246350,134.4728733631949
EK202310204768,151.13150556267829
EK202310245196,144.00515122472643
EK202310134281,150.97465895671996
EK202310232567,152.38784632900789
EK202310187864,151.86989156656017
EK202310175599,147.49242588494195
EK202310137474,136.4097950996675
EK202310214594,132.93252011144617
EK202310176570,132.28925229435072
EK202310143525,133.18213317599822
EK202310216731,134.72645840432747
EK202310182951,144.39596153787897
EK202310195606,161.42788370366887
EK202310003354,140.85816353571676
EK202310003704,147.49011158933376
EK202310207753,147.28208420640814
EK202310108512,150.53994457312942
EK202310230571,133.79558833851445
EK202310210082,147.90477241510132
EK202310191492,136.2201486816401
EK202310113969,129.37169866509856
EK202310123941,144.75059851772863
EK202310135080,168.81521323107694
EK202310117802,130.96231797495912
EK202310158376,138.90140752887086
EK202310140051,150.50127265987675
EK202310230366,134.07125239258946
EK202310138959,166.11857912218238
EK202310112243,136.51405970952712
EK202310142973,155.45637356426894
EK202310179563,152.83947486276088
EK202310213686,144.9328611720221
EK202310207985,142.40592883654136
EK202310169142,125.02103107174797
EK202310189846,151.54565470463817
EK202310217981,146.74419755602074
EK202310168427,151.4773660379102
EK202310165111,138.74921503896454
EK202310211489,140.1715138908317
EK202310164721,155.16528591087467
EK202310192084,137.61424154644516
EK202310155310,137.46069360479916
EK202310207807,150.93356180431766
EK202310167274,134.2589700353459
EK202310232098,145.14977752861108
EK202310246400,157.7113448431916
EK202310181247,154.66807225095417
EK202310146677,131.97027212068778
EK202310199983,143.74125962710394
EK202310198892,136.07659768511948
EK202310118490,153.48533814520357
EK202310218556,144.24049123406581
EK202310209766,159.13698341216
EK202310201549,134.29162752516393
EK202310227205,130.8107656389998
EK202310201879,144.12215906709304
EK202310208984,130.1460797281078
EK202310172280,130.97654487811747
EK202310127074,136.67703479018576
EK202310003431,138.08814125159603
EK202310128481,130.23081507338435
EK202310191056,139.17112130796176
EK202310224670,137.8438161734098
EK202310148699,142.66610953230446
EK202310186655,157.00538047861843
EK202310145129,141.80584314696947
EK202310141368,141.93320143357397
EK202310215091,139.87115253715214
EK202310131768,140.4070260096462
EK202310169680,137.47088179902724
EK202310215558,151.4582462288891
EK202310235372,146.9502445192937
EK202310123185,135.16609577542064
EK202310188811,128.1569564712299
EK202310160442,142.84301970429416
EK202310190513,166.610210165605
EK202310174071,150.01336774616357
EK202310226475,135.23817662290384
EK202310124362,125.52262724091355
EK202310217706,143.55161450309274
EK202310226498,150.04165621702617
EK202310237132,140.82262872821548
EK202310156490,172.54060177218463
EK202310161525,158.33103437367646
EK202310233261,143.85158603041577
EK202310183188,152.5726997877507
EK202310204179,138.4173399714384
EK202310221970,133.07966460616203
EK202310136055,136.08816749152825
EK202310192784,137.8457764371436
EK202310154098,151.30892544751168
EK202310195221,160.0203709191085
EK202310247669,176.5761268689811
EK202320006739,176.32176157763476
EK202310143079,131.7426287430287
EK202310157780,146.03739481849388
EK202310122685,132.04502825434113
EK202310228079,135.55978106071638
EK202310178496,151.88966694075847
EK202310108793,145.14556706841418
EK202310243880,136.05898762610155
EK202310108022,147.60861323632972
EK202310127023,133.5523119305032
EK202310114813,128.13073093720655
EK202310211046,133.9059425660151
EK202310139161,131.00179285056737
EK202310165288,139.420437660937
EK202310245913,128.9798194815223
EK202310216026,141.20349736863844
EK202310132021,148.825591081202
EK202310206339,144.08035587148248
EK202310216740,136.414066770699
EK202310210301,134.40299570240788
EK202310167900,150.35858249153074
EK202310173409,148.40069107732296
EK202310144428,164.6722651543631
EK202310194970,145.60630996799955
EK202310105005,125.6360030305682
EK202310108090,137.4100776502506
EK202310229406,145.5473029782029
EK202310152037,134.0448952636628
EK202310204361,150.48612961192939
EK202310114029,126.42962202766351
EK202310158725,158.5127042583648
EK202310158027,139.76266860694858
EK202310148586,126.69616690397919
EK202310237068,132.43246188018733
EK202310144709,136.4548669679332
EK202310161357,131.8200364829091
EK202310124452,137.10842930578247
EK202310131605,160.712577788329
EK202310162054,157.0118595728022
EK202310181680,174.48938846440004
EK202310117645,134.47616094129742
EK202310147699,122.0510475272035
EK202310153309,134.67748515156032
EK202310184492,143.3517540253126
EK202310104645,143.23205434157205
EK202310137713,139.1511241048454
EK202310243221,142.87623435456823
EK202310156335,137.36117009451465
EK202310197583,162.21696499621316
EK202310137359,145.01331280281278
EK202310130956,132.82038205123177
EK202310171369,159.20126590092272
EK202310232324,139.83637491518968
EK202310172995,135.70068150506208
EK202310134239,138.23331037113093
EK202310243506,147.64769539849348
EK202310163154,122.85996744899552
EK202310127929,141.98708917642332
EK202310202227,132.60078456423807
EK202310139348,141.78311319508825
EK202310158547,148.78098375012343
EK202310236863,135.46808630180698
EK202310179959,169.2090528095087
EK202310195894,132.7461410405226
EK202310229850,137.87798462853848
EK202310242435,144.85157288943842
EK202310135502,137.04008580189947
EK202310229084,138.96862600826248
EK202310118049,148.65169367883692
EK202310201122,171.97678618015868
EK202310109875,123.69515365585461
EK202310196757,133.8702002784905
EK202310139569,165.78416782146635
EK202310107377,140.55695461445455
EK202310116923,137.4144851005596
EK202310228873,132.85282200729966
EK202310218754,128.84178035235377
EK202310154272,135.4459815102477
EK202310231169,137.55842514231395
EK202310217977,149.42002688620616
EK202310222555,145.0625673109839
EK202310162130,153.19725579639356
EK202310112323,147.855669837016
EK202310159262,151.62872281561397
EK202310151594,146.02551784260396
EK202310163721,136.27074033582096
EK202310149061,144.05429933629242
EK202310147880,147.41830140885156
EK202310212050,147.88679391144217
EK202310117729,132.50736769497175
EK202310107629,147.95610015920414
EK202310139317,133.58336398916677
EK202310179272,135.675948472842
EK202310121894,137.35001251811582
EK202310139188,146.40215575493053
EK202310167435,154.32739850291225
EK202310228964,150.0637733657799
EK202310113550,150.02593570511812
EK202310180850,150.3628000070348
EK202310105563,128.2584898004874
EK202310110748,132.4566508838183
EK202310234819,137.8577309618773
EK202310154339,144.6705758342197
EK202310210307,131.72883368255611
EK202310239873,137.45698513909153
EK202310183383,130.66074995869437
EK202310193557,128.14274197000765
EK202310228033,133.829214922143
EK202310167532,151.06379407251833
EK202310222264,133.29378768621663
EK202310106581,136.36023987820366
EK202310221125,130.82325194394414
EK202310165054,150.61641280025924
EK202310150415,164.94109775207133
EK202310233802,145.63128836774834
EK202310190617,137.79378539453245
EK202310106410,140.48383455446293
EK202310216886,154.67492444652967
EK202310115900,128.7305486300077
EK202310104935,148.36842000825465
EK202310129722,166.275056981195
EK202310120948,136.9811212802332
EK202310164436,134.70175429628168
EK202310122507,125.8714150885448
EK202310160593,148.2777936621638
EK202310210615,131.29528319149276
EK202310132871,131.92981300190058
EK202310237902,130.27218186957396
EK202310231150,134.6736905796661
EK202310165528,149.5528748921734
EK202310244497,127.93062336654577
EK202310107512,136.32342603638315
EK202310120477,134.89426226596873
EK202310229593,135.29879411549092
EK202310126986,144.59588539033012
EK202310175535,143.27627717566955
EK202310148104,136.1499812966224
EK202310201431,141.46748053613894
EK202310148767,151.85531947149354
EK202310113034,132.9357990890005
EK202310209227,141.74161096728923
EK202310114309,128.9039445485079
EK202310174763,152.35231684978407
EK202310236793,135.83835494791987
EK202310177429,143.58127352352187
EK202310167536,127.19199053541162
EK202310141576,156.45987959537356
EK202310213488,135.5391164983845
EK202310162322,155.42194996972185
EK202310130610,134.03806341168973
EK202310152488,152.8080285793538
EK202310151734,167.04078518094778
EK202310155060,126.13807493737158
EK202310226481,134.68058204461985
EK202310119174,143.30355562330746
EK202310180130,132.98179321139366
EK202310104489,156.2775156533389
EK202310195688,150.02474075743126
EK202310132973,138.0901681649795
EK202310135035,169.77660420568077
EK202310167150,138.48139743886094
EK202310195252,143.29215926709247
EK202310127294,150.22932693555958
EK202310140484,129.4692284007854
EK202310119854,134.07135037454097
EK202310248841,143.49920678068312
EK202320007808,152.85098282047923
EK202310199228,140.76646648156478
EK202310184715,137.74222785880053
EK202320007242,140.41063249151316
EK202310147415,151.14841465717288
EK202310171570,144.82363978891183
EK202310110477,117.40138562702492
EK202310113604,156.91692573930513
EK202320006431,161.50194809957912
EK202310121838,130.11762221735634
EK202310148733,148.18504657701288
EK202310148335,139.22828012624086
EK202310113968,121.0114887256116
EK202310231455,136.81399082470924
EK202310203454,136.75925435489876
EK202310191708,131.28428163866556
EK202310109582,149.80422507835013
EK202310203719,135.39663078760495
EK202310201332,158.5221729842134
EK202310204835,130.53772556533423
EK202310131213,153.45519294968767
EK202310155687,144.55390565248985
EK202310178634,146.49567227999052
EK202310115110,140.45229214039693
EK202310201445,174.93074026647957
EK202310233989,136.1053920151727
EK202310226621,132.30942760874947
EK202310182124,142.39404004773976
EK202310129960,146.81388626658452
EK202310172024,149.78574157648987
EK202310124587,141.430863688835
EK202310180490,140.92145559288443
EK202310218866,145.97740960352345
EK202310145486,131.99056734964904
EK202310243783,136.39763660742162
EK202310163544,149.70932833063875
EK202310245299,145.03409780923155
EK202310185466,145.29789021040858
EK202310114372,156.89070847457504
EK202310132954,141.30368618484266
EK202310156324,139.5354172280225
EK202310237016,136.47641356474512
EK202310214641,146.21177510153322
EK202310106858,129.56463434986688
EK202310182500,164.39933671503852
EK202310125749,142.3262737312301
EK202310201978,133.76122001158242
EK202310112112,145.99194099709118
EK202310243292,148.26205735226188
EK202310192897,131.59169438254398
EK202310173512,140.3551207855204
EK202310125634,135.25817204026794
EK202310165797,147.90153689558696
EK202310213138,152.78843841117597
EK202310211642,131.1276765914714
EK202310156317,151.49534853482373
EK202310154649,167.10618401417966
EK202310198938,150.98064598553265
EK202310175465,142.30460159225166
EK202310187555,132.5258426249619
EK202310183448,174.0115898427677
EK202310205101,136.0521228284039
EK202310201536,132.485860089263
EK202310131221,107.29915187007347
EK202310242173,166.74005540502003
EK202310195317,143.45917810080124
EK202310139267,143.67193349806868
EK202310189575,156.68719938136968
EK202310186883,149.95041092127346
EK202310184286,157.7365481875993
EK202310194270,139.23391367644547
EK202310003611,136.20483581960644
EK202310189126,154.22755651914912
EK202310179964,150.09174429182582
EK202310118181,133.89459277472983
EK202310220832,150.61061183722407
EK202310203022,139.87460352627213
EK202310205592,160.67316895463588
EK202310128283,129.89733672778178
EK202310214279,152.98914672081258
EK202310175101,145.6186971088782
EK202310116399,132.509344633073
EK202310132303,131.83796064492645
EK202310147925,147.01693136687803
EK202310219063,155.41118128324666
EK202310197713,137.9184705242075
EK202310165104,136.45413589332094
EK202310198835,144.53666571368262
EK202310230554,139.03354649388285
EK202310103890,131.1298650472285
EK202310152894,165.77148473979227
EK202310156771,148.24863072528007
EK202310239166,136.69599181046453
EK202310157043,167.80736167351583
EK202310158767,146.62839234249876
EK202310231819,157.8700469965487
EK202310162990,152.9226256553474
EK202310237033,156.5003513370017
EK202310220279,135.64974042812034
EK202310105088,141.35971188350675
EK202310183088,130.65508452640108
EK202310134719,147.5098106883897
EK202310126509,136.91937407248756
EK202310113028,138.74392296713668
EK202320007641,152.55792892724978
EK202310194771,128.22948414590672
EK202310193624,134.9972094300303
EK202310178811,167.3332295496925
EK202310127140,155.4634152594932
EK202310193675,146.38210453474156
EK202310208947,132.05242842813655
EK202310242072,135.2216248123644
EK202310129762,143.4581381895306
EK202310178638,154.50487453109065
EK202310208504,135.72242610448725
EK202310131365,141.8573324876111
EK202310118546,140.6673140025955
EK202310245144,138.7075260686539
EK202310142879,144.96111857808353
EK202310197920,165.3256733124413
EK202310182216,139.86904110792213
EK202310163824,150.460466947677
EK202310247357,146.72245796590425
EK202310145691,143.3285754913552
EK202310176063,157.00154344404666
EK202320006459,156.42343323752274
EK202310227785,128.5996848314543
EK202310189723,175.14439078064086
EK202310182881,152.32543010459676
EK202310196251,138.89151269807866
EK202310212183,136.40872103718846
EK202310165884,138.72873691070748
EK202310162354,146.543981195813
EK202320006915,165.7929969430397
EK202310152978,167.90812428875915
EK202310186596,165.32112717267563
EK202310184203,132.73988818655727
EK202310115228,140.10375679771633
EK202310187250,144.059891186179
EK202310199882,144.49602387257025
EK202310247733,148.65423828344015
EK202310142093,143.64074032093512
EK202310192250,140.5386831909123
EK202310161127,171.9961359846218
EK202310227929,140.85409816634868
EK202310144416,140.9103438401376
EK202310129300,145.77222963386933
EK202310132887,134.98423827415633
EK202320007268,160.893777118122
EK202310117763,124.67748360291209
EK202310135610,124.29814199357465
EK202310108226,140.51614943580893
EK202310197484,158.98941005816886
EK202310220905,131.31500387915915
EK202310210612,144.83435502909487
EK202310199825,135.63416869898438
EK202310167815,126.97623043351034
EK202310222270,130.09374071943594
EK202310218829,137.0621853634514
EK202310158524,148.1693182643116
EK202310227353,132.1183561580375
EK202310105993,146.45986657885413
EK202310128862,136.63700652482424
EK202320005603,159.54671345974242
EK202310145543,154.06903334500416
EK202310226964,124.67070205487089
EK202310106404,155.5878138827706
EK202310158792,149.02717915289693
EK202310169557,154.06994336358872
EK202320007615,152.1299675803014
EK202310244340,133.54882004840454
EK202310241009,130.62380258342364
EK202310173004,141.24883808126864
EK202310229814,148.40377884313477
EK202310136774,144.51929437480757
EK202310134670,151.43326222754368
EK202310125653,146.2683338901509
EK202310104378,130.4969579171478
EK202310114092,140.49122717979876
EK202310242755,137.5733481061162
EK202310175831,146.47361032682332
EK202310123102,130.19638096923475
EK202310246196,137.1392721719045
EK202310164308,140.67813393133605
EK202310164001,134.08768129396321
EK202310127733,167.4755023506618
EK202310107896,147.56935456878927
EK202310196209,166.30529234684622
EK202310164751,142.64806494798768
EK202310180897,145.81033260886207
EK202310217788,143.8420335720768
EK202310193711,162.19378903790337
EK202310244316,155.0512801506645
EK202310224163,141.00041931802886
EK202310104994,135.211277486582
EK202310140073,146.24808433454047
EK202310188584,148.84472837786507
EK202310110511,127.03392544714735
EK202310231033,144.93331216642483
EK202310178461,155.86429914318214
EK202310167965,143.49470046695671
EK202310106027,136.8365502916785
EK202310193439,146.43659737915516
EK202310151107,138.2849237688679
EK202310196605,138.43990496644648
EK202310218318,150.1086607127259
EK202310195078,140.91531934079265
EK202310148837,173.224803825416
EK202310127102,155.50089371032564
EK202310114514,141.9234384391355
EK202310121553,125.20813873779929
EK202310172559,135.921781327801
EK202310151216,120.6062701853688
EK202310128073,136.2370100758508
EK202310108605,149.19324437749057
EK202310201812,143.75905332321383
EK202310190862,154.26506679163327
EK202310223367,176.032301233104
EK202310217222,139.45746474754884
EK202310171756,146.31996530384959
EK202320006771,161.69588203724166
EK202310124052,144.25699199798373
EK202310221124,127.43457465819209
EK202310154368,143.05916509266802
EK202310155273,127.55177441947079
EK202310161608,158.51759708682803
EK202310176630,136.54185092121037
EK202310158951,153.5624549378814
EK202310223924,133.35208825439642
EK202310187178,158.35741803570366
EK202310189441,161.76001950627617
EK202310193808,161.6863261195412
EK202310117653,131.75086192245791
EK202320006281,147.17873608669677
EK202310104452,145.30252062467207
EK202310170998,155.9393171582457
EK202310247137,143.06349720092902
EK202310207587,153.79856746918654
EK202310224054,141.80068366813927
EK202310124503,135.46164905142143
EK202310111608,161.76196356718089
EK202310169517,131.53160161998005
EK202310177572,151.4424863102427
EK202320005767,142.58309194642356
EK202310194290,130.58855053653426
EK202310115205,154.72477542406352
EK202310227698,122.8795536940931
EK202310120637,144.80505162574897
EK202310143976,136.70782753532433
EK202310246533,128.78777491950927
EK202310244741,135.73151737987368
EK202310163421,135.39443154353296
EK202310169247,164.69726632387028
EK202310136860,136.4453394816106
EK202310217749,134.24335515755305
EK202310128152,135.55331986894123
EK202310193309,155.12388734050344
EK202310243321,151.06224433273331
EK202310152737,130.82601822126364
EK202310187887,160.988752730796
EK202310150896,129.29131969060478
EK202310123219,144.4772371169419
EK202310166345,128.69108998628047
EK202310163457,152.92617346990696
EK202310218300,154.4301167746719
EK202310177093,142.64441842432788
EK202310123434,140.44630771284184
EK202310226930,131.49789003761316
EK202310210088,160.83805403050047
EK202310190936,148.3798397493028
EK202310127583,142.94944968606293
EK202310185141,137.52822521546133
EK202310138333,142.41876314708682
EK202310143408,142.89257017554164
EK202310147317,131.54045366292848
EK202310127752,132.8967581832382
EK202310248048,153.40518653491046
EK202310109094,135.20621341608947
EK202310230897,136.38587835487047
EK202310229240,148.55371158819176
EK202310158776,140.38982479987217
EK202310178235,155.00359251125906
EK202310153456,129.621527473728
EK202310125365,132.735866335428
EK202310228431,137.0195425316707
EK202310177613,167.86827696768677
EK202310230016,137.06525033744077
EK202310124464,134.7911483355111
EK202310160084,149.50872726144027
EK202310230147,141.27526597741647
EK202310154253,143.96394180742465
EK202310180390,137.81233855610475
EK202310126260,136.33627804881394
EK202310110447,134.30897404219075
EK202310225162,135.04239338935244
EK202310127787,134.0893361869294
EK202310127024,134.21910052135496
EK202310123897,145.02000901080376
EK202310191044,150.29970048852323
EK202310107279,141.10233088964415
EK202310222709,144.22919522879735
EK202310158190,137.05207625473466
EK202310226271,139.75259166255987
EK202310227119,135.33785589252827
EK202310180033,149.08742401517875
EK202310113831,123.46306268311149
EK202310127200,143.0858465569969
EK202310234951,139.22277615477861
EK202310113479,143.84492607740933
EK202310207326,149.84214556948905
EK202310227319,151.94845251218817
EK202310230874,138.6759162678429
EK202310139589,145.54875535246097
EK202310114753,153.98785071335809
EK202310121349,145.8008760818063
EK202310202957,151.61141220475375
EK202310159641,138.83372365394223
EK202310176020,150.322630378513
EK202310163367,136.4674641590307
EK202310186524,141.47977100109821
EK202310221903,152.9969099941553
EK202310161048,144.76869306019356
EK202310187444,134.48976596020572
EK202310127440,134.6639000466075
EK202310218146,153.5511463058856
EK202310150639,158.3014708613109
EK202310233888,138.45117604266648
EK202310209197,154.45801811690058
EK202310143716,168.30926864742725
EK202310104198,135.1475545032752
EK202310154483,133.3700590700519
EK202310167981,148.47109770278385
EK202310180723,131.0664956101337
EK202310196829,138.54800927536476
EK202310115909,133.90787207198966
EK202310142747,162.3182092872179
EK202310168568,145.04959638351835
EK202310116790,127.52896170036223
EK202310246722,124.22418447743408
EK202310201508,145.7705021703606
EK202310184072,150.74711026088852
EK202310243865,129.36598283742367
EK202310210914,128.95970621054144
EK202310239276,140.6919408839067
EK202310215006,154.74477172126439
EK202310104899,155.0592364042507
EK202310123211,127.06126633795246
EK202310139857,144.74577407239332
EK202310229104,133.8598189708136
EK202310225758,135.0476973147425
EK202310154150,130.1471789594674
EK202310151559,154.06358884772905
EK202310121018,151.8982047296798
EK202310139751,128.34543472608095
EK202310130814,154.00811464650317
EK202310226459,136.2465119952405
EK202310144732,131.16494701398025
EK202310159300,168.0924572888066
EK202310216298,149.12533085896416
EK202310108276,130.0269095753937
EK202310132846,150.9054465514156
EK202310146926,135.59257163245562
EK202310205179,144.49394484648104
EK202310172161,150.01622493085006
EK202310206115,159.9804927308211
EK202310197301,137.97785153663764
EK202310172771,131.74130061198238
EK202310109812,143.44521356151154
EK202310152808,131.61144680972924
EK202310121442,143.4383072212906
EK202310136433,135.11991850045337
EK202310242312,133.0307763544348
EK202310104384,136.56588391454466
EK202310199318,140.67383370505033
EK202310135620,147.63617989532437
EK202310153631,151.60659518028763
EK202310133022,127.30930830558232
EK202310112038,130.256398282401
EK202310200944,152.98494791759293
EK202310209272,146.85334904646868
EK202310221651,139.10596264686242
EK202310147889,152.2934647507635
EK202310004590,133.63946021503497
EK202310196915,152.67003180419562
EK202310186595,144.92518356092114
EK202310104696,152.20488617691518
EK202310144577,159.66874063693774
EK202310169285,133.81787375418028
EK202310184084,151.11950581032485
EK202310132378,145.84699986733852
EK202310246159,164.84158608105344
EK202310202358,126.176301346579
EK202310159800,145.87311053127866
EK202310209349,151.56314435073386
EK202310200523,126.84250219059582
EK202310231409,142.51291636082803
EK202310125721,142.8317364149018
EK202310150276,148.2167889298664
EK202310197223,143.1002646447087
EK202310160408,153.64700640658495
EK202310213557,138.6041300638789
EK202310218382,147.9073653745334
EK202310209694,159.4984745589234
EK202310211465,152.80228831353614
EK202310227036,137.66506031081008
EK202310168055,133.1823203249332
EK202310173868,145.90237022140414
EK202310235783,139.70651664396516
EK202310182758,150.06339551184055
EK202310202200,145.7008174527176
EK202310114988,139.96646526111036
EK202310176929,146.31144774018875
EK202310121237,148.08897731633004
EK202310152253,148.22378947168127
EK202310226416,164.3956589383691
EK202310140761,151.31961883480542
EK202310200743,155.66449275250972
EK202310165360,149.143003780219
EK202310235685,154.23842076426664
EK202310238675,144.06572965534994
EK202310191990,156.28567612087173
EK202310149927,151.76427149594878
EK202310196613,144.05927094056213
EK202310138650,150.13183440317883
EK202310135837,136.3131542652948
EK202310004179,143.3506647931687
EK202310202844,135.7025920525538
EK202310156145,137.6835788686798
EK202310137772,128.2330713828611
EK202310139643,162.31812462249044
EK202310190140,146.5906370732374
EK202310182976,132.06515501856921
EK202310140267,144.5399535422003
EK202310149614,147.1995984746023
EK202310188618,143.56635503148127
EK202310153165,133.37277984737614
EK202310239729,142.5083612637987
EK202310104290,130.10196003652814
EK202310237254,152.00223775639043
EK202310127230,156.57437233192442
EK202310133287,146.97447683446325
EK202310196943,141.92107688009548
EK202310154405,142.54273819302114
EK202310235085,137.89026411067917
EK202310144062,141.8661622212033
EK202310185906,144.7925976751015
EK202310133676,163.12270411061172
EK202310196801,149.80106182570918
EK202310223356,141.62091068554705
EK202310174845,168.98017688460723
EK202310131724,134.58920440340086
EK202310227778,132.4230546928711
EK202310139935,135.52321360853995
EK202310109785,159.21028894939704
EK202310162467,141.123600919416
EK202310190820,154.05934618985617
EK202310111438,139.34293074681364
EK202310202344,169.20344574629854
EK202310128622,155.8793404868825
EK202310239716,135.4457501763967
EK202310206350,166.68276084652842
EK202310137152,138.70282910227056
EK202310186456,152.0368360334569
EK202310247836,134.31174979535928
EK202310239485,142.10874709764911
EK202310192860,142.8524009388022
EK202310130413,147.3560565363568
EK202310193922,150.28894371951108
EK202310181806,141.93527356132194
EK202310121213,135.1658376765553
EK202320006017,162.50570722314524
EK202310123080,129.70451829332393
EK202310155988,137.71133018572428
EK202310126966,163.21612221823733
EK202310189745,145.01123782790035
EK202310203961,136.00293075461667
EK202310118179,148.56868286198215
EK202310109004,148.93737386182337
EK202310003506,137.63758200296502
EK202310106808,133.41458584545947
EK202310242146,137.20436631536407
EK202310114687,154.57185211491276
EK202310139155,137.99289149416904
EK202310229903,140.78877576886012
EK202310170375,133.87717818751335
EK202310199839,140.16017657118036
EK202310112897,134.71751746712172
EK202310221448,146.46075079616023
EK202310191215,154.36866802510434
EK202310221051,144.6230246656997
EK202310221033,146.7133377389318
EK202310224111,138.92265505025736
EK202310217504,125.03172723049126
EK202310179120,133.97972202831093
EK202310106293,140.22479203620577
EK202310228948,127.16115937177001
EK202310192129,152.34681659091518
EK202310109160,132.03088063764366
EK202310170771,142.48282092299087
EK202310242806,132.23097322697998
EK202310175538,149.3662057356274
EK202310149012,158.76572385499563
EK202310104532,142.34180790641395
EK202310212068,150.20640991428877
EK202310123340,142.91260535046766
EK202310131077,136.40877786111213
EK202310148068,138.69977667564547
EK202310190251,143.94951196871503
EK202310174004,160.0301895076631
EK202310156599,129.00833889839984
EK202310153023,146.17512202256606
EK202310145554,157.1823598010803
EK202310160744,153.2559770006876
EK202310185195,137.42751191261937
EK202320006590,167.83740124523501
EK202310129886,140.83626522823272
EK202310124625,141.27376640382667
EK202310188309,150.93321712825337
EK202310142832,148.08605896107017
EK202310183119,139.57335523861187
EK202310105045,132.97135380954805
EK202310170611,132.46970207188093
EK202310155999,140.6753769172078
EK202310230234,136.6474179606541
EK202310103794,156.79210041599958
EK202310241301,153.39729378349637
EK202310202926,159.11313153914395
EK202310247420,150.11180931250078
EK202310165584,165.9981692891844
EK202310179695,132.0494131584314
EK202310164314,155.63153822146293
EK202310155082,150.15382277947788
EK202310145770,138.75647804451617
EK202310247538,164.9056629043652
EK202310214111,168.01293054424988
EK202310181544,142.09247692680333
EK202310151024,137.65120818182638
EK202310229794,121.73513130033989
EK202310125839,137.24449650697932
EK202310128797,138.0554888541433
EK202310147449,131.98471816388033
EK202310211288,127.39022669908951
EK202310165604,140.74268070562832
EK202310140481,138.9649404806277
EK202310154542,148.81897272966958
EK202310213091,125.35889165602994
EK202310248733,137.496781259729
EK202310152930,171.00038101286688
EK202320006866,153.53206371489068
EK202310216477,122.82488854060004
EK202310181197,158.61948220409235
EK202310244809,141.9144033991164
EK202310111806,142.65772727491034
EK202310106490,152.66750022213589
EK202310145258,129.5383281460199
EK202310205168,142.35795601225155
EK202310157331,151.435558874525
EK202310163882,127.45170298785291
EK202310129546,129.11175507398573
EK202310148414,139.4012723103664
EK202310224909,126.15052393447137
EK202310165479,135.54179176216869
EK202310170016,133.24499933779958
EK202310182759,141.8477020853827
EK202310111689,136.5631939633766
EK202310202711,151.45684636981272
EK202310201534,141.73354103522325
EK202310113940,141.8870933500091
EK202310114299,141.13413874122514
EK202310203251,149.4647969689207
EK202310143744,156.88899152940607
EK202310149498,153.676683300085
EK202310217908,128.85842338765272
EK202310211929,123.9814546536561
EK202310149164,151.24265190528993
EK202310164565,141.7463905244908
EK202310210725,140.0654616387279
EK202310121120,136.40047586753008
EK202310216961,135.75409274282262
EK202310172951,141.1829918140327
EK202310230076,132.69399214376233
EK202310214365,147.36668932565917
EK202310120411,144.18422801214263
EK202310233763,147.4061324366067
EK202310189756,136.9753534611772
EK202310180908,149.7019369118381
EK202310163595,139.03027240736128
EK202310117226,140.72805130928148
EK202310133078,146.0963229918527
EK202310214364,145.72096119900345
EK202310216563,148.83016426094997
EK202310233460,130.9612437279564
EK202310145609,149.38837138981455
EK202310224257,146.24133658405526
EK202310192247,132.1640887872919
EK202310205631,145.71237880235708
EK202310231421,143.29410596322018
EK202310226086,130.2736385455661
EK202310237602,133.08631966021142
EK202310136602,129.02860104887088
EK202310122474,134.08844166043178
EK202310188932,158.70195072938978
EK202310138201,124.47318665327091
EK202310194378,171.05796214586147
EK202310214991,166.43117078292778
EK202310225525,138.67665495190383
EK202310134214,148.63379398133384
EK202310195862,138.62655076484683
EK202310159199,145.80747004002717
EK202310155737,140.00300496774037
EK202310170011,132.76631938097583
EK202310201630,139.64002245208272
EK202310226552,132.45993180583426
EK202310160002,134.66295066648112
EK202310151703,154.67657947673348
EK202310143816,134.0761032472606
EK202310232638,147.07093506705922
EK202310114002,139.90328061974444
EK202310129927,152.48493464002163
EK202310203267,145.81338277895327
EK202310177954,139.64629128936522
EK202310153060,143.71072089637642
EK202310111529,139.4192300712806
EK202310137725,144.34536978209962
EK202310166343,143.1925864282274
EK202310186809,151.1909315912225
EK202310144953,144.51119216260096
EK202310122463,134.67956375804417
EK202310134204,149.01007440710302
EK202310150378,125.4840184831289
EK202310237288,142.58440456478024
EK202310248480,152.88022675880947
EK202310004124,148.98594768135652
EK202310003566,130.65330054920636
EK202310213203,135.78299763795425
EK202310124344,130.88245003395082
EK202310228408,170.45779878376212
EK202310232131,141.3768994881865
EK202310118742,147.63602647403687
EK202310134004,149.96385218215318
EK202310247397,139.9325811955409
EK202310239190,128.62547036491256
EK202310246475,133.3280042649682
EK202310198578,144.66353425811437
EK202310215084,135.90273112822678
EK202310105260,149.68342183413787
EK202310165433,146.9176558908656
EK202310140038,149.6734651311906
EK202310107453,152.05900278923463
EK202310221064,137.907799780872
EK202310120243,153.97854563616053
EK202310184845,140.20111545125235
EK202310176066,143.03037310254436
EK202310227077,141.50054570001916
EK202310144370,144.03423610180948
EK202310162124,129.60278633659578
EK202310110699,146.14512147798092
EK202310153084,154.41152666065926
EK202310160786,146.05394637605917
EK202310242308,138.78242393767155
EK202310194163,143.07819940048557
EK202310105869,144.44270484810076
EK202310214672,151.28179833417488
EK202310145840,149.42940149913284
EK202310178975,136.67606027753936
EK202310189351,162.8011417997581
EK202310180495,145.20311922926587
EK202310202435,132.29395338459582
EK202310111129,134.60757006835783
EK202310157646,148.8334898343962
EK202310227821,150.11421941802607
EK202310142018,124.4587036776373
EK202310176861,158.3242649036522
EK202310228822,136.85181910210642
EK202310142217,152.53144457498456
EK202310237859,147.24599057084473
EK202310146830,137.94529142318214
EK202310152183,144.59573852456984
EK202310179889,132.85791254449873
EK202310217535,148.14360773969534
EK202310111073,148.91059844521732
EK202310228103,151.35941481119443
EK202310171811,145.47707646176426
EK202310224290,142.3910660490391
EK202310108057,138.2442684462721
EK202310240225,160.75663812158672
EK202310240301,141.8211319856143
EK202310126961,139.49045803347715
EK202310235847,134.21950541251854
EK202310107011,145.40416950579117
EK202310185554,150.50861140689528
EK202310224213,132.50605708377003
EK202310132189,135.6990717710027
EK202310193327,159.87383544307934
EK202310230501,137.31850117466402
EK202310130145,145.37289375455865
EK202310188675,148.29442074327685
EK202310155036,132.832958169673
EK202310177355,145.37799060496215
EK202310139948,139.46907866344898
EK202310119442,136.49727509594288
EK202310133620,129.3320556388458
EK202310202179,153.94701317885088
EK202310217546,144.33675134119176
EK202310182683,134.61348622977272
EK202310184843,133.6006450712947
EK202310108718,151.98994139677072
EK202310159849,150.29323409731967
EK202310004889,131.62299358765372
EK202320006575,165.43943200495113
EK202310209060,154.28716188924548
EK202310104959,140.4342408806457
EK202310182681,134.8398489521369
EK202310145101,160.40659244425368
EK202310134497,133.7973480013219
EK202310120585,133.14498512396867
EK202310198684,149.9654115254408
EK202310109466,138.0918498997473
EK202310106981,130.61244561835122
EK202310004230,124.59428283408973
EK202310173364,134.14487939475686
EK202310164220,144.79394045463368
EK202310207890,129.83251447777005
EK202310134470,143.47294075479397
EK202310124056,139.13344261221613
EK202310185859,131.16235958378263
EK202310160054,149.21373489498498
EK202310246219,151.70875765364354
EK202310196525,149.27542619047853
EK202310193933,150.04257459140857
EK202310144345,134.63264349760254
EK202310004466,151.88471782219773
EK202310168682,157.40172902049227
EK202310231230,133.74291430364266
EK202310206143,132.81654994667173
EK202310120180,139.00652932773792
EK202310208027,139.29057765730093
EK202310211315,138.10437174993126
EK202310176576,136.9435456191268
EK202310174969,148.07516241767198
EK202310210179,141.01903255935474
EK202310217528,134.12416045038304
EK202310238600,131.8236740067298
EK202310236054,135.63656537990525
EK202310137936,136.8933503656367
EK202310222493,130.53102704031065
EK202310171713,136.91756263086157
EK202310171703,132.18614194916546
EK202310132101,160.60904673240316
EK202310136177,131.42283387686908
EK202310222204,150.3906596181701
EK202310198438,147.23075149402626
EK202310198847,144.96709041353068
EK202310212204,126.64733848797059
EK202310158611,146.50484875077882
EK202310214429,141.96495564336
EK202310197505,133.44599594093
EK202310155317,155.37909630799479
EK202310103873,138.70185023831968
EK202310203439,143.94706979323328
EK202310205578,160.79116929712353
EK202310114493,131.64606464359346
EK202310192330,139.11048936512145
EK202310150257,126.54468552694499
EK202310212345,138.68818968418455
EK202310166764,152.40318545456074
EK202310173381,130.73940163537378
EK202310129246,144.43622190444643
EK202310198977,171.71750611996873
EK202310111435,154.44145060472917
EK202310210569,149.34599188010327
EK202310216496,151.106841941672
EK202310159176,142.05728391843107
EK202310205779,139.3496666724587
EK202310160097,162.40946222244693
EK202310144776,138.28684498942394
EK202310232327,147.62809594464446
EK202310177826,160.97035411947186
EK202310232783,141.8372954615982
EK202310247658,130.71893579622423
EK202310192257,138.0309374154142
EK202310105522,150.60522496846798
EK202310110676,133.24260889100236
EK202310175277,144.38291425500404
EK202310222480,132.71030064100222
EK202310244692,147.52523301092864
EK202310238299,150.72574554548083
EK202310196847,149.22806892796612
EK202310219030,129.88761589123152
EK202310003531,134.03461240919617
EK202310216422,157.6649027855185
EK202310112977,148.1451680113408
EK202310184951,154.93437744201202
EK202310195157,152.15437263543214
EK202310107454,141.8535618421909
EK202310139967,137.672338960767
EK202310150754,129.3164867668134
EK202310136822,134.97563654567435
EK202310219114,132.82871035088792
EK202310200603,172.89500500684164
EK202310141838,133.984132892893
EK202310148763,146.09209760904628
EK202310234275,150.34150204424407
EK202310219816,142.63350413412294
EK202310105056,136.80008700753345
EK202310164743,149.37712636984972
EK202310132814,154.78427027241526
EK202310188510,142.6038858846063
EK202310190625,144.54656721748648
EK202310133363,138.0610543775158
EK202310164850,149.77069044148814
EK202310112766,134.39336630607352
EK202310242743,146.22652199750132
EK202310167944,154.47509480692136
EK202310174056,146.2829892415058
EK202310196467,144.20526132301345
EK202310112347,150.83558656130504
EK202310183616,146.2923247891033
EK202310169352,149.81206324589286
EK202310209027,152.5059010361441
EK202310223654,147.92597790575738
EK202310118853,147.8521345831964
EK202310161978,158.26759563890445
EK202310226345,141.2014718003881
EK202310229817,137.96731803600562
EK202310163424,128.65743188169537
EK202310230830,141.0109083538489
EK202310181485,151.00956365615514
EK202310173117,150.3130947767549
EK202310191342,142.62668914313423
EK202310205302,155.53152761718866
EK202310122843,135.99862006029065
EK202310201365,138.8725872684437
EK202310164039,136.99010595217345
EK202310176835,142.70442040686805
EK202310240788,129.45068050170937
EK202310112640,139.51305336780655
EK202310181638,126.98954332890813
EK202310233877,145.98848397604894
EK202310107169,126.37227552300004
EK202310178789,157.95350063902393
EK202310152645,136.22655789238067
EK202310139143,154.33702888165146
EK202310185606,128.72316447116677
EK202310236253,124.44708816001871
EK202310188369,136.38615104766535
EK202310138500,157.2317707717262
EK202310231971,139.7102167914957
EK202310194339,133.8126348354659
EK202310175771,160.12853146526334
EK202310109100,173.02292795082303
EK202310196714,146.6302085261485
EK202310135780,139.50906742164642
EK202310177286,145.67330656439768
EK202310162248,146.57296753021672
EK202310113556,151.32402066097384
EK202310225632,149.34994932538015
EK202310247856,143.62987548727415
EK202310178852,137.75119927158028
EK202310163577,140.15469447869248
EK202310151357,127.99397044184732
EK202310111121,137.59386288536572
EK202310181600,140.73560254612187
EK202310194358,142.33997075700495
EK202310202153,172.29814876132636
EK202310105466,118.56070133021407
EK202310216384,145.31058091526916
EK202310153150,160.18314848636015
EK202310230780,143.1471604422986
EK202310248548,129.43546470929664
EK202310121252,147.19380605926625
EK202310201045,136.50843848376127
EK202310208942,157.51297161811917
EK202310173243,139.70261549573826
EK202310183907,157.42498728949172
EK202310152258,139.1653669294436
EK202310151886,123.53771517104575
EK202310124883,133.89069726577438
EK202310206942,150.28177616402348
EK202310186343,139.66331249894765
EK202310199252,142.74610691281995
EK202310153785,144.99909581022192
EK202310119274,144.83334898418715
EK202310229019,129.36751012804837
EK202310003459,148.25975985364835
EK202310215837,135.35256590938744
EK202310104012,164.48658051066727
EK202310226825,162.67216346663028
EK202310112000,139.15088867167321
EK202310228139,123.85600123318001
EK202310195964,138.9710096579693
EK202310196447,142.58246795001165
EK202310133431,148.87053126833973
EK202310148207,146.75956421088742
EK202310208262,147.61873873836126
EK202310234548,135.0456586749359
EK202310110644,173.15682757358672
EK202310112284,146.63526075542018
EK202310185528,149.0355010109362
EK202310120181,126.74320779571622
EK202310155062,131.1584484394948
EK202310141339,139.29055930975093
EK202320007364,149.22514189191378
EK202310153420,143.64773531023792
EK202310168023,155.35602735214792
EK202310136980,156.84486826963993
EK202310109577,147.31088843774288
EK202310242836,143.73162810771194
EK202310245264,149.3757983236756
EK202310156259,149.6890745921179
EK202310190170,139.12525154623452
EK202310248085,129.6770008180109
EK202310236610,126.56000932114515
EK202310127984,127.68204805697647
EK202310151526,170.30600529999543
EK202310183833,131.14438562292744
EK202310181035,126.33509051748844
EK202310209277,133.29514605676238
EK202310208187,137.271440926314
EK202310113331,136.8543339709108
EK202310130050,147.30414263135216
EK202310210098,164.51536653802535
EK202310131769,142.63640868447294
EK202310182943,152.88444046241506
EK202310245900,135.97323127129718
EK202310112562,155.47759944621484
EK202310112368,144.67569231160866
EK202310153158,134.60603480641586
EK202310246187,163.5289382624183
EK202310158259,167.41620046722412
EK202310191908,167.95493780051726
EK202310229177,125.96064780584342
EK202310173976,125.80003454565582
EK202310235029,141.1282772987104
EK202310160651,139.70282270960612
EK202310104176,146.36796892912903
EK202310163031,146.3946770168563
EK202310189284,158.56405876374984
EK202310203767,130.75932345289948
EK202310153903,133.11310819456503
EK202310163959,140.97236756976648
EK202310175696,146.4766670402145
EK202310196551,136.69138175758943
EK202310130357,134.35343164363638
EK202310227070,163.14616620438815
EK202310223980,155.32734111577562
EK202320005716,145.6483256447963
EK202310191016,148.77596427063364
EK202310159308,172.5961527719319
EK202310157506,138.26688453274048
EK202310205339,148.70201216436857
EK202310173591,146.16159876854886
EK202310212415,134.2360888056815
EK202310152400,130.97632375648627
EK202310116809,142.84717955227327
EK202310223921,159.49227131000615
EK202310136881,130.92995976041786
EK202310197683,158.36352987911897
EK202310119242,143.9710454306403
EK202310156431,148.5010947320615
EK202310142993,162.82836011313452
EK202310190357,139.62797584427378
EK202310138818,149.27329089919863
EK202310180708,133.61895185242864
EK202310171205,143.44282151821653
EK202310205536,138.67682751892025
EK202310178501,144.1371380856842
EK202310114516,143.47626219117674
EK202310217959,134.47387491538782
EK202310197130,137.48216957708868
EK202310175335,150.22667819417407
EK202310106557,156.8051532731299
EK202310228468,137.71855778120306
EK202310107166,134.819212593138
EK202310187850,158.4539028128056
EK202310231655,138.39500774255043
EK202320005951,160.62978768920345
EK202310110395,112.65490964399118
EK202310229554,150.47170586065138
EK202310129150,139.3178379895264
EK202310245507,152.6793500936377
EK202310165967,146.90383910756876
EK202310139144,129.11703906770362
EK202310205378,135.70599636823135
EK202310118211,132.89586529067847
EK202310117975,133.99239181410445
EK202310246423,130.18419790242322
EK202310224264,135.52797216779007
EK202310157523,143.20746999751364
EK202310136806,149.50559561098254
EK202310209414,143.38528851997899
EK202310105657,141.37166551014465
EK202310227287,138.18168641721394
EK202310143495,156.6747587335947
EK202310104202,135.85705363491198
EK202310132179,152.51398104608995
EK202310192107,143.67590562346143
EK202310201701,154.66796620875064
EK202310204228,139.3284757173702
EK202310204465,162.46449163385392
EK202310220504,159.52820299469536
EK202310190283,138.7465263282102
EK202310220919,150.62644329794136
EK202310136224,150.36667340441403
EK202310229439,133.15422977802254
EK202310201973,135.94446743501828
EK202310233266,142.78758123047655
EK202310120402,142.02822823354126
EK202310203268,140.5460406477746
EK202310103759,146.10501378190574
EK202310206364,147.14422286725127
EK202310239486,136.66531913272684
EK202310167126,142.07849157105437
EK202310172738,135.83972952198224
EK202310225872,154.10904669876803
EK202310124187,137.6264994906675
EK202310230657,143.4785506342181
EK202310219193,128.2258635776142
EK202310169804,154.90506996793576
EK202310214791,137.07869482439523
EK202310130499,147.35070742144518
EK202310125258,136.22859445901443
EK202310217221,148.192650389881
EK202310244345,151.1586173344717
EK202310130692,136.03483482367503
EK202310225290,158.86319193705367
EK202310202584,151.6730953425709
EK202310165777,134.81652438361664
EK202310173066,147.15364619104588
EK202310142994,149.5384879351452
EK202310146665,140.320897051759
EK202310213439,135.23223588429929
EK202310239350,137.37908846739177
EK202310187146,166.3636450398478
EK202310141831,160.6550239476908
EK202310181405,156.44835785990634
EK202310218983,144.34026216699198
EK202310224271,148.57622461673904
EK202310141723,141.14858760245454
EK202310191900,146.24410732706806
EK202310179485,156.56646905788136
EK202310162868,143.5332192410962
EK202310182366,138.86987472414705
EK202310148108,139.27822666165855
EK202310160133,152.4515597364171
EK202310166838,152.06948982144115
EK202310209189,139.03403410107717
EK202310135477,154.67891418724727
EK202310136211,131.67588924783382
EK202310211907,152.8917490388559
EK202310204224,151.83838249370038
EK202310003420,127.20595536190832
EK202310111245,171.44141921973278
EK202310155528,125.9028775356983
EK202310116420,153.72298902342163
EK202310163647,132.8357231334531
EK202310004316,133.40806900549114
EK202310136565,147.95023627836144
EK202310242785,132.38963426498918
EK202310142669,141.72785291372682
EK202310113336,138.07286351360668
EK202310147196,147.97381839499056
EK202310198324,174.91197665108217
EK202310143104,161.3915565676222
EK202310112994,141.81940320346595
EK202310175359,162.40570854948717
EK202310185406,146.93229366988078
EK202310179778,146.77411095742966
EK202310112667,149.98608993983717
EK202310194252,133.17181453849227
EK202310147035,128.48678455588066
EK202310111219,157.14413154408086
EK202310214524,140.5134344057232
EK202310232716,142.33269586724992
EK202310105019,138.1480192256893
EK202310234559,139.41604160403713
EK202310173427,170.64774034500306
EK202310195378,143.81106325781127
EK202310134112,133.468032667611
EK202310181301,128.59185816606688
EK202310214980,148.6087076479929
EK202310238261,139.54336586128503
EK202310130718,139.8033462076655
EK202310147373,134.3659385256083
EK202310168667,153.06601035136322
EK202310225226,156.92607505102498
EK202310118349,140.35172529196336
EK202310157718,142.95784637356897
EK202310187448,152.60066467906245
EK202310181860,147.27937344320867
EK202310236193,155.30175151859257
EK202310152103,145.64423069755966
EK202310136089,166.10471272721816
EK202310238835,149.23185542667073
EK202310142264,133.89778670408418
EK202310198539,152.365446187239
EK202310190468,147.70878064785518
EK202320006389,148.85769317906644
EK202310148444,132.49796566525035
EK202310149959,154.09692144085398
EK202310228555,138.13886146384954
EK202310105501,144.19314697035003
EK202310119203,139.20516723119297
EK202310232306,147.4188634326709
EK202310182557,135.41336572013526
EK202310213342,133.52394854691022
EK202310167646,172.48108608380156
EK202310195462,150.32715041310863
EK202310171718,141.66332526067842
EK202310150737,136.01004278875828
EK202310207739,151.6270772188767
EK202310121660,134.24801542006622
EK202310205678,150.08913757985934
EK202310242815,127.39508711558776
EK202310193926,132.81252552672063
EK202310169215,159.0771509676115
EK202310121914,132.24040899043885
EK202310146443,138.01140629807176
EK202310186043,145.29142987318127
EK202310242764,150.02716761022117
EK202310125734,124.17610564072483
EK202310188093,141.47377652646375
EK202310247744,145.5941170387028
EK202310183732,157.89799049480112
EK202310120950,135.95673292296271
EK202310160943,144.4316104688658
EK202310223077,147.75548160314588
EK202310113322,139.35029852997968
EK202310171016,157.24230320644622
EK202310118992,142.6176270019851
EK202310210813,128.4993870285924
EK202310119393,145.7358690935015
EK202310165072,148.49090216990115
EK202310130476,148.85154138366534
EK202310176158,133.02331133213497
EK202310235070,143.3400048525693
EK202310108800,131.81357462973727
EK202310213698,125.49713891879836
EK202310211960,127.79869961117326
EK202310115107,138.66768929416588
EK202310154887,153.23821489958604
EK202310125964,136.68287370038655
EK202310197631,150.90604824704178
EK202310152495,158.80878422791443
EK202310138965,150.44083723990266
EK202310229751,137.04908874371455
EK202310243042,136.94278246777023
EK202310104932,133.28066211649173
EK202310196593,160.2513918353564
EK202310166871,137.95518376970637
EK202310148398,162.76061335806932
EK202310209486,141.19358795509726
EK202310136632,133.92922180144657
EK202310189646,162.60746823932692
EK202310225870,147.11636010622559
EK202310161755,135.21420826273084
EK202310228917,136.44037418174992
EK202310148074,146.5182879991722
EK202310127137,148.26954277368048
EK202310189248,140.40825423830992
EK202310125103,134.71792245139042
EK202310191210,136.4761568847593
EK202310218240,140.76197302078205
EK202310237275,134.0143077837989
EK202310162417,158.62953830951628
EK202320007302,155.31095390925933
EK202310198514,134.95783332396678
EK202310156654,173.4023352683946
EK202310171571,155.10102817478904
EK202310177305,144.3735995147722
EK202310246747,151.4254337084659
EK202310202758,176.50754904932063
EK202310106134,132.2096954877418
EK202310004263,158.10361197925428
EK202310167253,138.89681213058535
EK202310154950,142.08926638091825
EK202310104343,139.80286288166417
EK202310162981,155.79089312019929
EK202310170399,138.2388784534529
EK202310157462,143.8080426961914
EK202310222137,147.04878885174824
EK202320007745,144.36355112210194
EK202310220891,128.22168278713247
EK202310197465,143.67456580843432
EK202310169484,136.455172979396
EK202310206857,134.63090963398338
EK202310246430,135.85721113163638
EK202310116674,132.9263756260014
EK202310143852,147.8923269264088
EK202310181630,147.84297259677396
EK202310208946,144.4865985489449
EK202310108868,147.0604407750241
EK202310175588,148.88391805438812
EK202310159547,126.35893581191532
EK202310188294,148.06534141786938
EK202310180437,154.86852461513124
EK202310212936,140.78023556676297
EK202310130231,163.93104891739
EK202310127231,143.15727088537355
EK202310189985,143.30725334060182
EK202310116510,143.4971685860967
EK202310207462,155.63644760169555
EK202310218692,140.78859865400437
EK202310227138,129.57207950763254
EK202310209607,139.99475571495137
EK202310119774,133.97532616311506
EK202310244607,137.2151243874851
EK202310113466,156.69798761499993
EK202310117710,126.83304499735517
EK202310175467,140.03077678969603
EK202310137952,142.45328601997747
EK202310235796,135.86243618421287
EK202310248336,141.54172903103952
EK202310185289,146.8587588928728
EK202310149146,139.47451261835647
EK202310129791,163.6818758611347
EK202310122547,133.96362296879596
EK202310131673,143.78402558682825
EK202310218477,154.83799858898368
EK202310158788,149.2125561458269
EK202310243244,141.35383672400116
EK202310137064,139.2134146942453
EK202310178386,152.20828516787682
EK202310159003,135.84248452346446
EK202310127413,144.21979391651635
EK202310194146,148.57370956607406
EK202310232087,151.18303291081568
EK202310143601,154.4510032032554
EK202310127915,151.70468937930517
EK202310148535,129.96565208355537
EK202310127692,136.27818221048838
EK202310134785,140.30107148174437
EK202310196646,147.83708055469617
EK202310003600,133.189446152772
EK202310246935,158.1936847296357
EK202310239761,144.89382952835595
EK202310216852,144.87696083287156
EK202310220984,141.7772107309074
EK202310144095,136.8365125949816
EK202310152597,155.3926494996232
EK202310168343,140.48231775624606
EK202310137883,128.75070324239255
EK202310193368,131.4979946811882
EK202310127993,147.6152861131644
EK202310141466,154.01360269360214
EK202310124906,139.87652069328928
EK202310121318,147.3438095613899
EK202310214552,157.7856243764115
EK202310242972,143.27488729229708
EK202310169356,164.32976323944627
EK202310141331,143.80436492795027
EK202310148511,174.71558712758775
EK202320006765,169.86545340130857
EK202310131274,135.3000959808198
EK202310126970,137.6107310362529
EK202310167321,152.87259370086466
EK202310215589,134.175539609605
EK202320006107,144.60910985153996
EK202310147086,162.21783384517548
EK202310233859,143.51894118212627
EK202310141954,140.2920041105976
EK202310234852,136.6000587511929
EK202310136328,130.09526065894528
EK202310133047,131.03902290359503
EK202310136399,143.42734748976366
EK202310207760,137.86656140848746
EK202310139278,141.8428554532361
EK202310125356,132.82403149096743
EK202310146350,136.03868565070417
EK202310177090,132.91607242532734
EK202310138005,131.18738641259728
EK202310137985,145.89383153839023
EK202320005567,142.93518868312967
EK202310197087,142.43243822244443
EK202310157990,145.85473107275052
EK202310176214,147.32587320182753
EK202310128811,138.6086238285503
EK202310120029,143.67583349704648
EK202310144471,143.45505243818104
EK202310188230,146.50643298259632
EK202310154178,150.9999718971961
EK202310157814,137.72078468546306
EK202310130684,137.00929641041608
EK202310140639,142.75465669558574
EK202310233784,147.08806681339323
EK202310177044,132.26365908318382
EK202310204770,158.08082640091777
EK202310143193,122.75804937148912
EK202310229063,148.5922821344976
EK202310142428,146.74330914842955
EK202310142101,153.67806665842213
EK202310199185,140.49599494626713
EK202310122048,135.93903857252266
EK202310189594,171.46370042962127
EK202310105475,153.42173844562183
EK202310181985,142.55730013186212
EK202310111833,139.06312086285575
EK202310164318,132.0497427258368
EK202310170916,146.7785160720125
EK202310158358,161.19674748882193
EK202310106802,141.47489534056163
EK202310158510,144.43421558728488
EK202310212527,138.58059099787954
EK202310109926,140.09929987403598
EK202310114932,169.9569660302207
EK202310223038,134.03039594145545
EK202310193126,147.4869047295524
EK202310246777,140.23614694558228
EK202310189632,159.65232393603807
EK202310240945,144.2170131631435
EK202310239693,144.97786645667074
EK202310216494,140.13321167400778
EK202310183749,149.06425386958736
EK202310141275,138.73062173207197
EK202310131036,133.07677380429956
EK202310113828,161.25973604339677
EK202310207144,135.25501080404896
EK202310190451,132.66820078927879
EK202310229761,134.22854147744567
EK202320006392,162.63856380104832
EK202310227082,143.80628687018884
EK202310211827,135.19828276352223
EK202310235192,145.16722870895572
EK202310198132,147.12353210465136
EK202310189905,155.2539294138395
EK202310193570,143.13642975566995
EK202310137822,128.18338331295624
EK202310206557,136.4771615829641
EK202310127272,146.69501612304077
EK202310195399,140.6112000245597
EK202310116174,167.2418490052483
EK202310112198,148.70003515123986
EK202310163418,151.4116167370083
EK202310003339,146.1186585567645
EK202310145884,149.30440540641555
EK202310210819,131.30586858060184
EK202310188596,139.67158580412044
EK202310227740,130.32403686581785
EK202310171332,141.36491226352453
EK202310107268,136.34347624906079
EK202310232122,139.29270048149172
EK202310145739,155.32363423391732
EK202310240638,133.68289493346896
EK202310174884,157.7430360640524
EK202310213193,136.78251239964436
EK202310218429,143.15494530743996
EK202310225216,130.22165576957397
EK202310235813,137.90713301370786
EK202310223825,145.3004605403978
EK202310165260,142.47339383993685
EK202310136218,149.8611283437535
EK202310138301,146.17301186545254
EK202310217412,149.17826217784602
EK202310224143,145.56644269318326
EK202310155730,150.3286918044021
EK202310246010,126.34863295298804
EK202310111437,142.17747434852285
EK202310162583,158.92336730332286
EK202310126440,136.18838780866633
EK202310104619,146.9550267742417
EK202310172843,138.40437489333635
EK202310147555,167.8868397868498
EK202310161054,138.9221789398135
EK202310209188,141.66052056559704
EK202310144583,138.0888517403275
EK202310113571,166.57811426101838
EK202310236906,140.45267514869542
EK202310236614,137.92521904320364
EK202310153224,153.48637716030254
EK202310139052,161.75607575303485
EK202310238192,142.66909650033665
EK202310233466,128.75994105394355
EK202310215038,146.09353020054158
EK202310179617,145.8829700955587
EK202310159717,142.5291682310094
EK202310152017,163.94081023546332
EK202310190439,138.60115806655037
EK202310193413,145.67492074775825
EK202310160170,180.67719385925196
EK202310123300,139.09453121826834
EK202310204445,144.99815119140104
EK202310214835,144.81208286753525
EK202310220520,139.93032513850926
EK202310003433,133.32083660833732
EK202310159797,140.06993181726546
EK202310139535,146.02886326598116
EK202310118986,137.1333411883736
EK202310131290,132.88104140546463
EK202310145211,130.82024263736855
EK202310124121,136.59319618834928
EK202310164013,138.89279781444867
EK202310158539,163.89254475370163
EK202310157029,128.63505696616184
EK202310205071,163.14071543677565
EK202310237265,147.74972660722182
EK202310121334,154.43160229714502
EK202310169722,151.9993597180391
EK202310227972,145.50887260320758
EK202310148017,166.76724791430232
EK202310201744,152.43263100219846
EK202310178777,162.7015008792588
EK202310158599,136.08884060312212
EK202310223823,142.41418028062773
EK202310244269,144.67468971046938
EK202310145223,154.58113593828145
EK202310183001,139.96356483999975
EK202310144652,132.1313793758885
EK202310149925,149.00947070590877
EK202310232433,137.63302386456715
EK202310170505,137.0923364097203
EK202310213173,149.6638135522958
EK202310140978,147.60645917411986
EK202310003838,155.7109628938875
EK202310197038,144.63326882538254
EK202310144172,145.8333930762505
EK202310107554,163.47116264396178
EK202310145215,146.12427944904977
EK202310178423,143.3477344250155
EK202310135509,157.49304428359375
EK202310114244,139.89498175889528
EK202310143184,136.92278592668663
EK202310141247,128.21926759880944
EK202310202303,147.8605594675452
EK202310111325,139.71353186219443
EK202310167906,158.1109574063057
EK202310105431,147.90862506397502
EK202320005905,165.5572841848569
EK202310127826,159.75681349941684
EK202310104035,139.2924133421218
EK202310213387,142.4507032127094
EK202310109955,134.36703550167297
EK202310218233,137.22699785302638
EK202310115271,132.72665643568615
EK202310206248,150.41835673290203
EK202310158573,152.6012689273793
EK202310183224,146.0135057030487
EK202310231210,132.696905718023
EK202310118684,147.19277957831312
EK202310242985,135.0977163398243
EK202310136035,131.6237985588246
EK202310231734,147.7578587599878
EK202310145163,133.9417572963202
EK202310211871,123.55541558110758
EK202310151737,135.1115785133203
EK202310165550,173.56381057784643
EK202310214955,138.91504312095847
EK202310112312,138.95004827892515
EK202310122742,148.6820826962108
EK202310202487,128.4062009242615
EK202310233089,145.60259645212878
EK202310166257,149.58368643275372
EK202310180021,146.70094728027524
EK202310149123,131.4952372749572
EK202310139242,149.53882861348748
EK202310140791,136.51626634761766
EK202310230828,143.51846079361533
EK202310242667,135.65896686230607
EK202310188077,162.8561674004843
EK202310184134,156.83319091454916
EK202310227767,157.01712277264832
EK202310206257,145.65338451110637
EK202310112535,151.8312283613059
EK202310142903,145.59395290201417
EK202310109645,136.23911976335347
EK202310153020,150.43953906080057
EK202310106726,133.02533781055456
EK202310223842,146.803913084199
EK202310194598,166.79785235928952
EK202310148450,126.31761075670627
EK202310120806,135.42711435501678
EK202310209691,147.39185385887518
EK202310114213,144.83875185012988
EK202310152335,147.37906827784963
EK202310232377,142.35706947770547
EK202310150359,146.7049922781719
EK202310172745,129.92516677578288
EK202310201411,158.83763954566518
EK202310152893,165.60862786288465
EK202310155212,138.8947710301487
EK202310182742,139.74028497957292
EK202310183087,140.97435818325638
EK202310200379,139.0961687098484
EK202310173094,120.59913276398926
EK202310227985,141.912345443044
EK202310238336,156.02110290788187
EK202310184224,154.41685442882138
EK202310232915,157.09859624074892
EK202310219151,139.03304953426735
EK202310213370,143.8576407097518
EK202310219745,142.58543008750956
EK202310138780,145.6888254174017
EK202310203481,154.36305166050212
EK202310174922,139.92651083861676
EK202310233758,140.27747401884486
EK202310153471,132.47654718281427
EK202310151891,161.4741262540797
EK202320005592,143.42737264543624
EK202310105631,134.5396094789341
EK202310176003,153.64158175360726
EK202310181211,139.3841511651132
EK202310144399,132.07170312912035
EK202310240649,132.931953698141
EK202310145192,153.44269029214942
EK202310206829,143.67232645172373
EK202310110211,130.3510011909594
EK202310234760,137.1263257037215
EK202310114319,137.87249620193333
EK202310135966,131.83986096135192
EK202310183214,149.3814549287467
EK202310163942,170.8306108249275
EK202310219060,137.03703257948388
EK202310192350,150.58137723149574
EK202310130531,148.88972724681386
EK202310163172,130.93899604419275
EK202310240348,141.04358825142887
EK202310198945,157.02973971112942
EK202310004178,134.0851616543588
EK202310199537,151.000518346212
EK202310152430,146.6564204368695
EK202310200143,152.54857918267058
EK202310190524,148.97272576390301
EK202310116645,132.52281464201528
EK202310193204,143.0314889674944
EK202310148808,149.0178362760174
EK202310231781,138.44905761482033
EK202310129095,140.12039308842813
EK202310114613,144.37789597301753
EK202310190518,134.58179047410223
EK202310180509,140.5069927392818
EK202310220514,134.86554452690132
EK202310225336,126.85132343742009
EK202310237750,151.72409584860014
EK202310182363,142.29925793992382
EK202310196291,168.54846053937038
EK202310161270,139.25771008943227
EK202310132154,129.2908024507693
EK202310181652,132.80269961908525
EK202310238306,145.19259876023284
EK202310187861,132.8620812011023
EK202310196524,153.74186499974738
EK202310218151,143.4298417066814
EK202310176813,132.50561020799466
EK202310115338,149.89887317064483
EK202320007107,161.2155595527418
EK202310190744,148.84970957301127
EK202310242292,150.6189262807244
EK202310133848,137.37266539068676
EK202310173165,145.2895221443296
EK202310201969,136.0560791027025
EK202310194094,162.48385519311967
EK202310192787,136.21026757509063
EK202310107065,135.23381035961202
EK202310247670,175.81813447909832
EK202310200824,145.3692255428403
EK202310157197,145.91255959173037
EK202310192671,130.10295932793744
EK202310189959,160.17798967558997
EK202310242747,134.38924360316085
EK202310221418,122.69171678327217
EK202310178956,131.33893248372712
EK202310162978,165.8157584973856
EK202320006792,145.12590895652679
EK202310119199,142.13590008088886
EK202310229640,145.28914123120956
EK202310136912,137.1417267451515
EK202310193691,151.153491855808
EK202310141736,137.0705426066689
EK202310159077,152.88891238589815
EK202310199320,141.54992945225976
EK202310205972,131.5367294897164
EK202310155578,145.818122685825
EK202310115031,142.15280568580468
EK202310143815,143.83043079469599
EK202310133150,169.26603763502183
EK202310133982,142.95458615033425
EK202310216455,159.32450021927863
EK202310206390,136.02657916072093
EK202310204338,155.59940329397898
EK202310115162,138.02950704691403
EK202310117837,129.95633558098643
EK202310211582,137.19259619881137
EK202310119713,145.24751826543303
EK202310136154,142.3968478434495
EK202310222178,141.80006814767466
EK202310143261,138.22955943907962
EK202310122388,144.87514894952676
EK202310125099,141.8905412591677
EK202310172723,132.0513543118374
EK202310226850,137.61675227322445
EK202310111054,148.36105186061366
EK202310187762,152.7850877093952
EK202310213222,144.37051342742924
EK202310105201,159.63599744973365
EK202310173124,156.83306524814486
EK202310180253,140.92622116087156
EK202310248026,166.53584500631302
EK202310177052,133.452114905699
EK202310171106,143.46485200252002
EK202310136327,133.12605097682786
EK202310208120,141.74325760035575
EK202310004784,135.70252372818337
EK202310164690,147.20205306303697
EK202310214669,158.70566531991727
EK202310131706,149.4468235200147
EK202310104529,131.1416370735794
EK202310118248,149.0634700154657
EK202310137915,135.39699627022642
EK202310247207,154.11204652399732
EK202310185211,146.01880943295095
EK202310121850,116.61247126773107
EK202310128165,151.75022590527706
EK202310123063,131.07530878866245
EK202310219511,127.3529088364993
EK202310242037,162.06774973989732
EK202310180079,149.7834418384145
EK202310193224,157.42777362648488
EK202310191500,127.53773862915766
EK202310116444,138.03805750388943
EK202310130285,140.62143313894506
EK202310108568,133.94962272002186
EK202310136319,125.79688544887932
EK202310224242,138.715093216173
EK202310227382,132.19075896371922
EK202310202780,149.93454880739105
EK202310137223,149.21477397381184
EK202310230312,141.68402194412755
EK202310234557,138.18277184595217
EK202310189352,160.58621285115865
EK202310226383,135.26864926233324
EK202310141535,148.73914914709866
EK202310184208,131.99527315430447
EK202310230152,151.3599467034763
EK202310160390,154.3778784159739
EK202310122632,130.87196257409465
EK202310165838,147.44075856575515
EK202310144483,170.19608955154706
EK202310108194,135.86293130342685
EK202310106793,133.60881016497552
EK202310120779,134.17266327401498
EK202310113163,147.10115554200752
EK202310115686,134.90624218086887
EK202310153049,139.89739552534567
EK202310177121,153.15084797082045
EK202310151267,142.54361979004076
EK202310214589,148.5905827549054
EK202310208963,153.63670739622808
EK202310154044,143.2037799988082
EK202310198051,144.02831143536312
EK202310105305,155.73228979187786
EK202310135168,139.37235219154803
EK202310200887,129.03743151388352
EK202310202015,139.3587832900902
EK202310211458,150.59369772959698
EK202310135559,136.45728974294752
EK202310135685,155.64821352028076
EK202310164450,135.86968234528536
EK202310195626,161.3295747627001
EK202310238957,142.4665956114867
EK202310131647,144.63593444161666
EK202310150387,144.12394362989386
EK202310121479,138.4368709502889
EK202310236900,137.78875584104463
EK202310159488,146.98171055550156
EK202310191125,143.1939216421508
EK202310132284,142.30215012649626
EK202310205918,129.66607973076634
EK202310192730,145.26088255597202
EK202310123751,146.56173890064295
EK202310157723,148.12557132293486
EK202310166159,165.13402415674568
EK202310217657,132.89230035943172
EK202310139130,155.13930423731225
EK202310176465,130.37278094838425
EK202310135907,133.9737051521735
EK202310142364,124.4247826135973
EK202310106377,138.45011808166578
EK202310246049,134.5584503034188
EK202310213693,134.10275768870304
EK202310164186,151.79949585681413
EK202310160898,143.44604224049291
EK202310217495,156.53558884766875
EK202310170927,128.50562689231833
EK202310164087,138.63743102163542
EK202310202710,137.52693681820077
EK202310161660,149.73597811918842
EK202310118714,136.56467635493465
EK202310208776,156.55326891822196
EK202310192073,156.78292744156107
EK202310149834,129.76323668607864
EK202310115300,140.96384386358432
EK202310137234,136.68573795927588
EK202310167336,143.0433937147081
EK202310130940,136.7626065351446
EK202310108363,134.22517208029006
EK202310240062,153.80347938426178
EK202310143711,140.8028156965754
EK202310126099,135.97671705285222
EK202310111701,143.4908838732803
EK202310109430,141.8590566953825
EK202310229241,132.6296575727763
EK202310224916,136.14274380183272
EK202310198104,136.7978071258268
EK202310146821,142.1198389270491
EK202310149423,170.7007794070526
EK202310189461,151.49526160635668
EK202310113093,136.12738565204677
EK202310203899,157.14051595208707
EK202310222972,131.59854400599338
EK202310122045,135.7276948833577
EK202310197655,170.72750781282474
EK202310207370,160.849158697374
EK202310126718,144.35096209151848
EK202310239768,141.9499392134826
EK202310154953,145.64125267299875
EK202310104866,140.01216541611902
EK202310213299,138.14664612532565
EK202310152880,171.73017802057896
EK202310210510,133.56288993809633
EK202310003355,141.66624888241986
EK202310138578,139.77468511755012
EK202310221979,130.34254464087752
EK202310136372,148.077494623426
EK202310240726,135.98493988345865
EK202310199316,158.3964427304333
EK202310180477,145.08209679741648
EK202310222146,131.4557842322939
EK202310195135,145.81069962295376
EK202310225124,130.73370978965642
EK202310197588,168.00575374842407
EK202310164715,152.3027672869783
EK202310224547,154.25067582178667
EK202310195634,156.77115907443982
EK202310233272,137.2463599404202
EK202310133354,141.82114030548712
EK202310155274,149.78224896357725
EK202310187381,150.30247494778928
EK202310181622,137.24446401840842
EK202310180891,138.2430907079692
EK202310208781,157.48491905280906
EK202310138532,127.4654773201986
EK202310158039,138.8127169303589
EK202310234759,140.1531083620732
EK202310172371,138.49921198543174
EK202310004492,139.04611866463281
EK202310167403,156.7336517563429
EK202310224663,134.68844904316455
EK202310125319,135.25060311455738
EK202310148708,164.17540054215343
EK202310199777,158.3557765422012
EK202310121002,151.66375487480792
EK202310223457,124.9924562517621
EK202310241156,157.2025342498048
EK202310242414,153.0962151532123
EK202310233868,137.60700725314769
EK202310218542,137.33842433623164
EK202310181849,166.8793522405812
EK202310199972,136.18361313130256
EK202310219891,131.48958654770274
EK202310198598,156.90893768619136
EK202310192601,141.8929145924879
EK202310192902,145.7403685171429
EK202310186540,140.37768558816848
EK202310135637,142.43122184613196
EK202310224182,174.54871066020362
EK202310245468,164.07283342909798
EK202310187476,142.9853721152703
EK202310004176,142.74994858092865
EK202310173306,140.44400119243136
EK202310174815,128.66361795750854
EK202310003528,135.93348550835836
EK202310106869,150.05889293309028
EK202310114334,133.2825949777998
EK202310128865,137.92251945916954
EK202310162698,146.84037176368466
EK202310246100,142.13318632518005
EK202310183029,141.02739143399847
EK202310138016,130.3446049649696
EK202310003652,132.95314482803042
EK202310206206,133.61093619086463
EK202310152370,147.21747096776005
EK202310168292,155.29585406731513
EK202310198068,135.54550825736996
EK202310138206,134.56398816678933
EK202310199965,140.0729773534045
EK202310108649,155.6364438579051
EK202310120575,131.68700923023994
EK202310124777,133.59794752527225
EK202310165021,134.9992606690017
EK202310183112,150.40846119811945
EK202310105459,131.4043648900142
EK202310134757,135.6295978293249
EK202310103956,123.07778486383049
EK202310222980,159.20311769663917
EK202310199522,158.89944058284627
EK202310224732,127.68668956924952
EK202310192783,138.28913626525667
EK202310194812,168.51203444950775
EK202310236020,145.11157214848265
EK202310108411,146.00833580000608
EK202310106942,146.41474593857245
EK202310110399,138.25669313874275
EK202310203809,131.88011932007333
EK202310126385,141.4610961571017
EK202310130826,139.55955701543076
EK202310143699,156.2559996584472
EK202310115466,132.92441164135877
EK202310201041,146.35412516833085
EK202310210566,159.00861060233103
EK202310142263,146.0346652217893
EK202310226772,142.58201888832855
EK202310174000,141.9979657040175
EK202310134341,167.1249846224481
EK202310213426,131.7385998788026
EK202310135863,144.6531357345509
EK202310135242,166.729438138024
EK202310146997,151.3472475002518
EK202310243667,158.87004522029065
EK202310229674,135.1149726940091
EK202310130805,126.9626404526086
EK202310220574,141.57365456535118
EK202310164649,152.72367679087805
EK202310134408,122.16171779638861
EK202310003474,130.91840212577083
EK202310118263,142.86631531034976
EK202310161867,150.8289053277153
EK202310181365,139.88848944692478
EK202310154801,154.6924662148357
EK202310219520,143.98556210378223
EK202310200310,146.74598395028
EK202310207883,155.39682661409554
EK202310146716,140.09443277628066
EK202310123679,135.30968922975137
EK202310240065,167.37540602024072
EK202310185668,155.4643029225536
EK202310182482,158.06884753333495
EK202310112781,139.25549686045534
EK202310105135,151.96726872222715
EK202310164531,130.0196216999698
EK202310150078,156.9132408943134
EK202310223094,173.54449460700351
EK202310247424,174.37552561929166
EK202310186061,130.6788798780436
EK202310173560,139.0353496873143
EK202310190249,147.955683649245
EK202310160821,147.7347887502271
EK202310188946,129.10572783700997
EK202310149161,134.64280935043502
EK202310122403,139.3721393425574
EK202310195995,144.08710300817353
EK202310176442,128.28869359461274
EK202310146105,148.11388875216514
EK202310212801,154.55129733632847
EK202310227700,138.46724340469072
EK202310180756,133.19585952726945
EK202310140861,139.64003264863655
EK202310207186,158.14735977599997
EK202310225979,132.50329718814615
EK202310171463,143.8597632907513
EK202310123630,140.58074721910518
EK202310184360,138.23063830009096
EK202310176661,142.22626115667703
EK202310118436,139.64122691847317
EK202310106839,129.14031938139817
EK202310205589,142.70594965674084
EK202310224665,125.53267400082123
EK202310191707,130.83766558174153
EK202310108998,130.97449397135173
EK202310168084,147.18698536899174
EK202310222339,155.3488443957096
EK202310129697,140.0488206915851
EK202310170459,135.23798100531886
EK202310170867,142.33391035004564
EK202310004814,137.89603496173788
EK202310139330,126.81666652409739
EK202310243947,131.1108239356629
EK202310158812,149.83940367150697
EK202310246467,130.25748772166918
EK202310139605,139.06114154803174
EK202310204546,149.94628056644274
EK202310247739,154.8852085258863
EK202310163645,140.69559207799327
EK202310213374,134.98306856859148
EK202320006854,167.2017341987044
EK202310003821,132.03693420489367
EK202310154988,130.49380381522403
EK202310141484,150.47733553506566
EK202310166793,148.06845411843221
EK202310216066,132.1380506779445
EK202310209262,142.68296486698796
EK202310216292,149.33659777124814
EK202310134069,123.93974784761348
EK202310177735,147.55755312336902
EK202310213634,140.71711278668468
EK202310162478,147.08835885267231
EK202310232091,139.52620489413871
EK202310138848,147.67123779676055
EK202310233671,149.39930780620762
EK202310142473,154.05820263463363
EK202310159684,159.32646045188454
EK202310180111,157.18975758103565
EK202310229192,150.90962337368677
EK202310119588,146.29015682940428
EK202310238495,140.30927846960023
EK202310209893,131.54411648544828
EK202310234545,138.87712177825875
EK202310174703,142.04126148986998
EK202310171373,142.28624763393097
EK202310150301,152.027454373749
EK202310198468,134.51108616172152
EK202310142834,134.21639431848877
EK202310123180,143.01277176571764
EK202310205955,134.04122769159378
EK202310227181,143.93579621949965
EK202310147163,146.85434807302386
EK202310196863,162.09580411411162
EK202310107077,110.68774166243149
EK202310224123,135.00706004427818
EK202310178723,122.54464614032652
EK202310188726,150.98979276590637
EK202310145842,143.50535867256804
EK202310126848,138.47759487176205
EK202310149653,150.72569321626133
EK202310210321,131.58921307028757
EK202310138754,158.10224176767784
EK202310190404,146.56832422618334
EK202310142661,127.1897386744063
EK202310163611,153.23380045679633
EK202310192118,150.12854839074856
EK202310209339,140.74437507864016
EK202310211087,131.018550725539
EK202310200565,157.8621999348753
EK202310162171,132.59605670118304
EK202310239766,130.2292659969615
EK202310242115,145.90394111452918
EK202310206840,135.04587799808547
EK202310186840,146.41257648368943
EK202310122626,147.9774283621006
EK202310247532,158.2677042590126
EK202310248321,135.66889596616375
EK202310137335,148.0872004091137
EK202310164720,137.82058089970465
EK202310164776,143.61916702375996
EK202310172694,140.9313781702091
EK202310115208,139.44482774411355
EK202310140400,131.22285456304078
EK202310217155,158.80663138842363
EK202310220114,157.2003197157759
EK202310145630,138.98458406141899
EK202310246549,138.72561675571689
EK202310204696,146.42352695617933
EK202310225296,129.66792226602482
EK202310195107,150.21066024484492
EK202320006795,171.4470833698013
EK202310108157,134.45969530128755
EK202310121697,144.1653699613173
EK202310106708,151.4731145455107
EK202310181363,132.88946902782504
EK202310106364,138.25924341510387
EK202310180893,140.13346026111333
EK202310183016,135.44491802600643
EK202310004166,132.74361361184162
EK202310199838,153.3432331302994
EK202310148423,145.07789679557536
EK202310181024,146.78912418160436
EK202310114930,141.7525347808298
EK202310128476,164.93791974653436
EK202310169523,118.94487357104559
EK202310168371,163.72527787549214
EK202310195418,154.57849618107159
EK202310176857,130.10731070476334
EK202310111775,146.86150969531417
EK202310153448,146.71605514159998
EK202310141648,152.49009743622904
EK202320005982,150.70333738104873
EK202310003582,135.84918326128832
EK202310222503,135.30123649564877
EK202310202091,146.72052723440092
EK202310115161,151.98686396282693
EK202320007144,157.0050387620446
EK202310120067,145.9419295628802
EK202310156517,149.52061886400253
EK202310248466,127.85812783854377
EK202310183536,155.80179870432139
EK202310237952,147.0161190555892
EK202310205472,158.15307323925282
EK202310170132,149.14716033022964
EK202310132623,130.01616557570566
EK202310227130,142.9254872068046
EK202310131693,154.08285163106555
EK202310212847,155.18796666372154
EK202310192454,150.86760040192087
EK202310151379,159.76383412307808
EK202310166887,134.43774396339617
EK202310151838,135.8857736470854
EK202310218637,135.84321071346304
EK202320006368,164.000165745633
EK202310110191,127.27670373850175
EK202310123397,151.56811411935828
EK202310183798,146.76686167281252
EK202310142570,144.81325319673832
EK202310123542,132.45889478245317
EK202310189606,166.57057963247127
EK202310239154,162.76954277454297
EK202310218250,131.7042199287616
EK202310222212,169.94445895781053
EK202310213689,137.5285873096088
EK202310108905,150.57305234968976
EK202310201539,140.81309727612398
EK202310241773,132.8550886159834
EK202310136938,153.34044533574848
EK202310223539,136.2091394825669
EK202310175290,136.77290409601943
EK202310167269,131.55730026815272
EK202310136276,152.55470930269615
EK202310241802,132.34860898794525
EK202310159213,153.4487695103974
EK202310163058,137.71030375161334
EK202310204661,159.36837407639487
EK202310165933,161.87401958139097
EK202310123794,135.79120877946855
EK202310191803,126.17518292237916
EK202310158551,166.90481315237952
EK202310146637,136.93224543819994
EK202310214984,142.43927785710358
EK202310191267,147.90509653444596
EK202320005702,157.40973156429172
EK202310112412,142.48639165276757
EK202310246169,163.05976951622299
EK202310173215,150.64382457244676
EK202310233468,140.99175748407907
EK202310197783,166.33699735260873
EK202310151122,132.34149022045108
EK202310248270,133.58495051484462
EK202310238332,131.0978114333077
EK202310194686,136.967101026257
EK202310205802,144.5638003393514
EK202310205367,132.94777918478613
EK202310119704,145.08486640366252
EK202310149724,137.17554764633724
EK202320007846,145.42841356821924
EK202310108803,142.9780128018142
EK202310004799,139.71624354968364
EK202310198015,175.33022917674623
EK202310179913,134.6927980454
EK202310180275,138.92452758495193
EK202310201100,148.35995882135276
EK202310203139,156.36901106911202
EK202310175999,157.54529010145188
EK202310205556,156.398527175056
EK202310215029,158.88824994433952
EK202310246170,154.6690834728977
EK202310169135,152.668454795811
EK202310132991,131.45444808173005
EK202310122441,156.36717582151513
EK202310004600,153.54167175823287
EK202310158154,167.7926903667106
EK202320006789,142.6576359764812
EK202310235205,134.97431840467158
EK202310241817,154.72407663677197
EK202310108496,149.05209509140496
EK202310159875,129.65471890082205
EK202310214914,146.0240952326782
EK202310145239,139.46834606706105
EK202310133595,152.76690297511013
EK202310144564,137.12333116814162
EK202310003645,144.01146526581738
EK202310152554,148.78116527728997
EK202310234203,139.48598200812404
EK202310119736,153.90287503045798
EK202310111683,143.98942651320803
EK202310171365,156.05954410862205
EK202310145469,143.87883359116867
EK202310104013,157.17659704631015
EK202310162563,169.60156649618196
EK202310234855,131.30251435869195
EK202310165574,170.5011545921639
EK202310128252,132.82906975364162
EK202310230398,145.49770339831804
EK202310197359,167.32773150243165
EK202310184700,147.00154878646745
EK202310139238,138.93716371737816
EK202310189435,145.44835069288374
EK202310229589,137.89970559922554
EK202310238308,135.89365178324394
EK202310119072,143.07251802753794
EK202310106928,127.81944673747714
EK202310248344,141.5106998668093
EK202310171179,157.83446658375726
EK202310247349,143.55589258307901
EK202310246070,132.25483556917905
EK202310003686,143.5875811828048
EK202310113178,140.12345977341906
EK202310228096,153.0210231815806
EK202310186013,123.90319600442587
EK202310106951,145.7573453322042
EK202310177362,157.43362583668952
EK202310158884,128.24147104011882
EK202310138608,153.2122873091293
EK202310143128,164.09625290838662
EK202310247561,143.2399459244443
EK202310204978,137.3837567126119
EK202310105695,135.1292389634308
EK202310108077,126.4841077492749
EK202310222072,133.29838805642967
EK202310140241,132.55329441715065
EK202310175319,145.13143823224593
EK202310122035,140.6046007360048
EK202310106538,148.63345242990738
EK202310178197,147.22530958067756
EK202310169222,144.32933509225506
EK202310216866,141.15337322140542
EK202310189689,144.61473933238645
EK202310228733,125.11401742333562
EK202310201271,135.0028603763009
EK202310119633,140.77723162783255
EK202310138720,137.491228824896
EK202310108018,139.91116648231284
EK202310222345,131.11271181480728
EK202310210971,140.15774534932433
EK202310239519,146.19625046235163
EK202310111361,145.4804758400963
EK202310115072,138.88042052166395
EK202310152934,166.19356964448525
EK202310201912,159.53827445306786
EK202310213140,144.35149065064095
EK202310123466,149.6138576457852
EK202310212463,135.7591775301966
EK202310237675,161.3819164116248
EK202310161926,147.60193685715257
EK202310145150,132.88953624037302
EK202310185746,132.31261795035198
EK202310177566,144.18651418657382
EK202310244477,147.92873696513078
EK202310206745,166.0108468250276
EK202310174696,143.28384331562555
EK202310218448,142.71591245095095
EK202310131105,150.69573131547452
EK202310202457,131.4600277625004
EK202310107914,144.67333508309684
EK202310177630,127.9646579731126
EK202310167548,148.7014585084964
EK202310153531,134.4327667672389
EK202310119481,170.94347327760073
EK202310233113,131.10649301004472
EK202310200729,147.2925665174655
EK202310107842,148.6616708959907
EK202310145572,156.52128632575972
EK202310141270,144.12041262070576
EK202310180294,147.70226984315786
EK202310211781,139.85341425346869
EK202310130166,149.7545179066074
EK202310168426,152.70569241842304
EK202310238553,138.34793371439994
EK202310216542,151.5860153850569
EK202310188002,139.0575498365624
EK202310210328,137.90034760903885
EK202310125237,131.97936506650333
EK202310248501,131.58991012366522
EK202310178221,151.5293730845204
EK202310108029,146.1522173461406
EK202310111887,145.55860738343753
EK202310185328,145.1028479731513
EK202310104024,159.10757536463055
EK202310136271,138.89345458223343
EK202310204759,172.35635735623998
EK202310223434,135.3319594257026
EK202310195383,153.1900138786464
EK202310140709,131.38257310087465
EK202310195890,157.78985814013643
EK202310208311,153.96641548734692
EK202310154808,116.72265849405609
EK202310125908,125.35707744447123
EK202310128381,141.79287133580155
EK202310126417,138.64863680481122
EK202310155257,137.05516323779997
EK202310180115,154.64740983628266
EK202310134943,142.57895234607838
EK202310146571,141.16166725515765
EK202310151982,146.3455412729107
EK202310185006,142.2477403715783
EK202310141525,144.01411321917848
EK202310122362,156.38693217275286
EK202310131463,141.31351921103777
EK202310112675,135.09542750950962
EK202310214395,151.2009387775036
EK202310117362,135.1747442385122
EK202310195147,140.22272799662213
EK202310221205,145.03133035684468
EK202310108309,137.02705058888264
EK202310117176,136.79459325143597
EK202310197367,170.7213078642805
EK202310167645,163.32144622389134
EK202310216871,155.97889853086897
EK202310246466,129.0273101061974
EK202310174197,134.20967853221694
EK202310133708,163.22828548269993
EK202310214726,148.81415613916127
EK202310235715,134.850531262375
EK202310144146,136.155435623072
EK202310232336,145.71619031145016
EK202310126787,137.8770950875003
EK202310147504,136.34664988034575
EK202310205381,135.64836279619615
EK202310121997,134.78399997771086
EK202310212329,133.18157842918748
EK202310112068,158.04054374912724
EK202310136784,133.6210136318424
EK202310120002,128.47069254136488
EK202310226231,139.4423356727372
EK202310167029,150.78780816758567
EK202310232991,141.87649384291228
EK202310141646,159.91901697728056
EK202310217163,149.0279827473892
EK202310147198,150.4503901924259
EK202310228365,132.6308527774883
EK202310194716,150.24501679288375
EK202310199844,140.26776483597467
EK202310168777,137.31488930996292
EK202310192183,133.80127601518237
EK202310109241,156.82421169219734
EK202310222596,143.18525451097014
EK202310126978,143.5458964663654
EK202310152604,132.30755545550463
EK202310122324,128.385475055539
EK202310112196,141.99319731692302
EK202310145565,156.23694835027726
EK202310207537,138.143318244002
EK202310198691,173.21537949716839
EK202310193152,169.5645167435075
EK202310131752,149.89966587301433
EK202310201904,166.36161103527039
EK202310244465,134.964077405897
EK202310233714,149.0895200726125
EK202310153449,137.97391701180408
EK202310217520,133.1995748032517
EK202310113415,135.05922183322247
EK202310172532,149.06471257027692
EK202310211969,134.9934096169246
EK202310199232,136.19825807617457
EK202310218608,142.4774197519795
EK202310122448,133.21427209948496
EK202310184841,141.74215356417486
EK202310130240,164.93911623929867
EK202310210575,128.5209959888947
EK202310175143,140.0078727421073
EK202310121434,136.71309535374
EK202310172273,132.9545189303026
EK202310175483,149.46581941058673
EK202310197679,147.68135686654384
EK202310155037,129.19080536643787
EK202310171911,161.5675893198732
EK202310191161,124.83573528612052
EK202310244157,142.92918583442034
EK202310189824,150.6958072959158
EK202310149560,147.56152680016478
EK202310179284,129.04176904863672
EK202310203064,150.68215739992178
EK202310185974,134.09840632099318
EK202310225562,147.40429191824703
EK202310153740,133.0646719131428
EK202310225206,147.05777484250441
EK202310193780,127.2053833946883
EK202310198553,144.49958161995198
EK202310174477,153.5814564066219
EK202310200421,135.28122057789696
EK202310119138,145.0301373002289
EK202320005816,141.59831281391777
EK202310175740,137.24741182617092
EK202310116505,142.9597860430146
EK202310198911,139.1074710292323
EK202310127697,133.00877020898236
EK202310212650,153.83481482204303
EK202310150100,121.93417154105165
EK202310167937,157.63140100557234
EK202310221941,134.94682669971004
EK202310117495,133.71867173846437
EK202310143529,144.64020581462273
EK202310166968,136.6814869930178
EK202310129968,159.18125559629232
EK202310194131,136.75533208270187
EK202310186960,161.56034316382446
EK202310128028,141.2265650788916
EK202310105027,153.89128743793327
EK202310222774,134.8186890501861
EK202310244918,127.11124557791707
EK202310210086,157.16665225938075
EK202310179813,140.99428453848492
EK202310187059,163.64045418718896
EK202310195516,138.10183619829505
EK202310132170,133.81455510047033
EK202310183880,163.59784079874615
EK202310248278,137.52441782040486
EK202310221792,142.5159514008186
EK202310166778,147.15904071671076
EK202310148365,146.8429731132224
EK202310205442,137.25636441773827
EK202310201815,142.93673685886196
EK202310201915,156.5549581901735
EK202310183293,168.76787398481721
EK202310104337,140.1015520442977
EK202310120714,138.75253398683452
EK202310132745,142.25218359140123
EK202310241556,147.97186727234185
EK202310145559,145.76510861810863
EK202310140527,131.3471244707964
EK202310105180,135.81726327249567
EK202310115505,131.42519492804522
EK202310232969,150.0638320953863
EK202310168606,124.80982826374317
EK202310117990,135.51636563289668
EK202310143898,135.46722854353055
EK202310111999,142.81396271671557
EK202310133045,128.34168628956334
EK202310142041,136.68562522430463
EK202310216099,131.6415338629713
EK202310138895,137.216827317109
EK202310147820,153.4394979375928
EK202310113918,141.41666964285608
EK202310226640,132.08741826932248
EK202310169991,156.91342336931416
EK202310195941,147.04997207677403
EK202310213195,146.22723762408842
EK202310161969,142.47368854936994
EK202310208345,156.30692520050746
EK202310180754,146.3074599043199
EK202310110267,141.47224056004092
EK202310194583,154.80288604052004
EK202320007655,145.50038763161282
EK202310142157,133.35928879688697
EK202310112664,132.38763768467047
EK202310136957,168.02244586917018
EK202310215766,139.2214927324571
EK202310167175,160.47701223359624
EK202310004831,138.30747590068944
EK202310159889,151.82577210251984
EK202310125472,136.45985739282062
EK202310166020,148.9909407609463
EK202310240418,132.69674202342202
EK202310156003,141.93194435699854
EK202310188199,141.20565893834473
EK202310213973,152.77136293350924
EK202310233649,140.6249442916555
EK202310124811,143.14707360374325
EK202310216543,143.17544073090292
EK202310121207,124.00521208288238
EK202310132104,144.87023664250265
EK202310138805,151.94628182767536
EK202310234030,133.322994630485
EK202310172808,131.99674093857124
EK202310122536,134.97361640254985
EK202310189381,139.1482425251293
EK202310242706,150.1335451667888
EK202310239058,130.04285515484085
EK202310192990,150.30351796487398
EK202310202471,153.4768902968395
EK202310222312,162.43319932511818
EK202310202945,154.12256842465828
EK202310199092,147.85707201555044
EK202310128375,150.27109487188105
EK202310107473,134.0953200834255
EK202310170279,148.69941625121623
EK202310149133,143.91188654121115
EK202310199648,167.54042160514163
EK202320006719,159.92449685701212
EK202310234669,139.9110688339918
EK202310149973,146.42516413761987
EK202310154407,136.4734866380002
EK202310192562,152.4174184306776
EK202310158354,139.92649503146097
EK202310202377,130.6197049968287
EK202310225193,136.08853659596483
EK202310117896,143.982040122463
EK202310122973,133.43070798958894
EK202310163485,152.34891043210288
EK202310146561,132.39276204548605
EK202310248571,152.790114507957
EK202310145328,159.00863649063461
EK202310229897,134.78181963220067
EK202310225899,135.36019413365665
EK202310154673,146.80664883118146
EK202310242080,143.336974511591
EK202310234618,140.5971163526955
EK202310229514,132.43203818604465
EK202310199205,149.68973991894066
EK202310189908,153.922559049918
EK202310227654,146.37695697567156
EK202310108175,131.06295918776155
EK202310165456,130.58096497529138
EK202310204739,147.28211756239534
EK202310124368,133.21284461045292
EK202310221567,134.76497164586328
EK202310111364,125.20997571376014
EK202310166449,142.0091277201748
EK202310104016,148.7581109136443
EK202310109663,138.8330077349684
EK202310233976,151.1302939823049
EK202310116602,139.04688910565164
EK202310206707,165.3557648063027
EK202310125360,133.3909692911693
EK202310141090,149.9686442998442
EK202310187733,147.10562355475062
EK202310146874,134.91131235871762
EK202310199999,129.26067977101042
EK202310133984,149.12878594949004
EK202310239052,143.59310088411337
EK202310116872,136.61059385755692
EK202310170227,155.41579422867608
EK202320007825,155.1904467926778
EK202310247712,144.17138360320993
EK202310133557,146.35989560856598
EK202310122565,134.15623570862266
EK202310164010,141.8711726059284
EK202310176533,158.91118064489058
EK202310222265,131.459301707886
EK202310164867,143.66181985866112
EK202310163156,136.7635562283846
EK202310183272,146.6075319132852
EK202310127914,137.7200250991088
EK202310245446,129.42355823442813
EK202310207443,144.7738095696009
EK202310197727,160.49676975452041
EK202310172576,152.91615698274717
EK202310004885,130.69012196848934
EK202310233895,151.2951875243142
EK202310210570,170.95449411030833
EK202310199572,156.42157474504074
EK202310168376,177.6981023130295
EK202310196031,139.39491726346733
EK202310208454,144.27881147210476
EK202310218454,146.41656517046746
EK202310194926,134.14877937961674
EK202310150716,160.51358821333713
EK202310169424,157.1083909945542
EK202310141489,159.72270414914402
EK202310198731,174.53317448446364
EK202310224708,145.8522183672099
EK202310220317,152.8771443813551
EK202310158723,162.34123040375644
EK202310226439,139.889227056054
EK202310155952,145.955273050946
EK202310235925,141.244276727042
EK202310149483,153.35140724827085
EK202310182940,138.02358026635014
EK202310233127,161.15070717211805
EK202310198223,169.31585661610893
EK202310206595,132.60703000520982
EK202310162953,148.59281981480544
EK202310124622,144.83070184954832
EK202310199000,137.25334285364826
EK202310225515,142.17456373732838
EK202310200414,146.4039700417063
EK202310163151,145.5291321401882
EK202310147583,127.7839877828309
EK202310175959,148.4266183171604
EK202310156571,163.49792241517946
EK202310159464,134.24469504198575
EK202310133803,147.39945849966742
EK202310143242,153.58476604599142
EK202320007862,144.0791089597445
EK202310137674,135.21634940877036
EK202310158748,140.70759677962866
EK202310134807,153.57883048231525
EK202310232180,130.77289432975758
EK202310115545,154.60472859305347
EK202310106800,148.34711823603146
EK202310164487,145.20834825184937
EK202310189669,154.22037819831363
EK202310183633,130.28969368340796
EK202310160528,144.63609280607076
EK202310157424,138.00313917638462
EK202310175169,144.27834107296948
EK202310230775,132.48806179699235
EK202310176300,136.87628592691436
EK202310154141,134.2452654652474
EK202310121636,146.9025409322034
EK202310117991,132.14642815255453
EK202310114748,144.92195826405953
EK202310182305,150.76549509993237
EK202310183422,164.58256655110426
EK202310196576,150.60049279068815
EK202310212365,138.90230412711804
EK202310157851,143.90699335109096
EK202310143833,146.1561323866137
EK202310162493,150.23410402323273
EK202310200657,152.4280480920485
EK202310164870,142.22409238791232
EK202310139418,150.7488823260559
EK202310114290,145.0538126216403
EK202310206834,138.96683110858203
EK202310235641,146.2458455477544
EK202310179682,147.86739163641082
EK202310209582,135.34919093841228
EK202310225738,146.47968778494845
EK202310108381,132.05720613951328
EK202310125569,132.59793755498453
EK202310218417,133.49925630301465
EK202310228389,157.99180779195473
EK202310145963,146.5435248961762
EK202310109134,130.23478404161918
EK202310177470,139.092883690642
EK202310162374,135.75630400114048
EK202310195949,128.70716874499257
EK202310122797,160.31465977209245
EK202310140758,123.51969784808658
EK202310232602,143.58276213966695
EK202310200151,141.67272314369063
EK202310166863,128.6528322700815
EK202310237243,131.29125008287855
EK202310120027,144.77204903194908
EK202310132524,152.63817862463458
EK202310204016,137.56227758657278
EK202310189020,148.43996700034683
EK202310202009,146.77060703622672
EK202310139108,167.0308836941113
EK202310181804,143.3447495405217
EK202310205040,146.0013596069097
EK202310141451,133.59161628236893
EK202310164866,147.16908371008358
EK202310245490,136.1002405354912
EK202310181489,141.99807119634224
EK202310147345,137.75477395016173
EK202310148300,132.50435632576108
EK202320006124,166.56909891120023
EK202310196622,137.53423869449182
EK202310182658,153.5141240764325
EK202310227451,155.32428999242384
EK202310209633,133.71565483655525
EK202310180045,144.0074241132315
EK202310240543,119.07042098150173
EK202310115142,154.76028717989473
EK202310247768,136.24866189454855
EK202320005662,143.97093110778957
EK202310182225,157.14511795401773
EK202310187393,136.94753157994774
EK202310111676,137.14763167884067
EK202310234672,153.31626344271717
EK202310217174,164.67979342032433
EK202310169712,150.67970249112264
EK202310141144,148.77992394056236
EK202310204110,137.32020308912695
EK202310217308,136.0448342281204
EK202310117170,145.22626129919095
EK202310129087,151.91468626422858
EK202310221591,143.0685373457602
EK202310209271,131.43730667344335
EK202310219363,132.83806102371528
EK202310004090,137.50244535168522
EK202310211544,127.92637815419475
EK202310224956,148.85623883965278
EK202310141398,133.64912390074247
EK202310148915,151.10379651644126
EK202310170219,125.1959578397426
EK202310191982,153.15437733491348
EK202310223575,128.7524191796125
EK202310104511,130.30696580656655
EK202310152387,151.09738838153177
EK202310218082,150.96356238167346
EK202310217177,148.50489215515682
EK202310248357,136.85635942956438
EK202310129896,140.49095446610636
EK202310152480,133.52003368987738
EK202310239767,145.89365114604195
EK202310160883,143.77029772958667
EK202310140193,140.56317615177048
EK202310207625,144.56382855655139
EK202310165482,153.34464179506526
EK202310158005,139.90022127282035
EK202310185420,126.41676837070118
EK202310187990,155.03779499463505
EK202310138441,155.36800499510247
EK202310147390,132.8741700214819
EK202310158825,137.20779520501512
EK202310183745,145.34777137423225
EK202310148680,147.9349997469276
EK202310129708,154.3201645982491
EK202310190440,135.77899588692412
EK202310157144,166.68031438495774
EK202310113257,137.01431301148017
EK202310141541,137.85911024290374
EK202310190438,135.7020420318879
EK202310243356,143.60125534285086
EK202310183196,153.72304015354612
EK202310196369,145.36039202987783
EK202310144897,121.53409656110207
EK202310144635,139.74985589163623
EK202310237276,127.45689291299752
EK202310196220,151.34975738277808
EK202310202228,141.27525729066514
EK202310123488,125.75448067907216
EK202310105805,144.48951959824925
EK202310142565,164.5859596108852
EK202310218967,135.8608454708572
EK202310120796,143.84818520738227
EK202310231531,127.32876024450728
EK202310199801,147.6357015336438
EK202310134790,134.1858643011693
EK202310203666,149.01275913679007
EK202310226666,139.9564916168187
EK202310232447,132.37295020418657
EK202310135897,144.8020811829167
EK202310168701,142.60864022328133
EK202310237343,139.6868291176843
EK202310154466,160.57273166650018
EK202310136457,145.65622968590225
EK202310121974,140.84667800520577
EK202310134631,137.4284368070366
EK202310213018,132.86374319840013
EK202310194001,136.06275368993954
EK202310136650,170.75151034078266
EK202310111505,151.11058271108496
EK202310209080,149.1064610825825
EK202310152444,145.87736695575578
EK202310121350,138.47926203396213
EK202310240365,148.41131142143487
EK202310159007,153.4446742360356
EK202310127159,140.44061387200324
EK202310226609,122.39966058836801
EK202310161102,175.6843048543606
EK202310103730,141.15203177551933
EK202310111243,152.07556184641894
EK202310156130,134.0975060753481
EK202310178873,127.44525546695172
EK202310176169,145.51073475922695
EK202320005724,173.48420978926958
EK202310150195,144.79588732204482
EK202320005792,156.07739769660432
EK202310117762,139.31802456728275
EK202310234499,143.49672162007246
EK202310176172,155.73395927575777
EK202320007254,140.5836876111615
EK202310128419,163.39054029048143
EK202310117754,142.29068109074018
EK202310222410,136.35165130076098
EK202310132750,128.2028511115865
EK202310195145,139.24262785386549
EK202310221266,135.9805970721366
EK202310156961,151.70694051153387
EK202310105175,151.93576093981858
EK202310167584,144.74965400933266
EK202310119050,142.2519746055858
EK202310127062,144.63427350374957
EK202310192052,126.69131298958992
EK202310118002,141.23084713198676
EK202310108997,131.21442987261446
EK202310160289,142.19951647444054
EK202310245922,136.5798774284268
EK202310116464,131.13859845838243
EK202310192195,137.80259719825617
EK202310237707,128.21397819754708
EK202310145422,144.99269478857505
EK202310245683,139.19595555870103
EK202310121291,124.31707089169956
EK202310209309,159.09332493607832
EK202310104450,150.62218963776928
EK202310123660,126.21017266854255
EK202310186410,141.47651774757696
EK202310151555,158.59272030963007
EK202310104952,144.7029067538521
EK202310115719,128.44115892742929
EK202310181542,135.67268192741483
EK202310150013,168.1187375655018
EK202310205849,151.56304337658804
EK202310196534,139.51697857617043
EK202310131464,140.13838160583586
EK202310210210,132.30820045331419
EK202310104249,149.59953621289384
EK202310207772,141.1373504071728
EK202310134829,135.89523725130024
EK202310179456,123.85261469865918
EK202310113484,129.1112272161936
EK202310182484,156.2678551295185
EK202310120445,135.38307210065707
EK202310213478,132.99020363032872
EK202310130129,150.4113509643275
EK202310197510,145.55002228770235
EK202310192959,144.9413086930281
EK202310203760,141.46447634365637
EK202310240021,161.06643645941313
EK202310160111,143.30666218733126
EK202310202544,151.5561622095169
EK202310195908,137.65965635283024
EK202310220917,136.0568337728003
EK202310146833,133.62362463281474
EK202310108791,134.98532568806755
EK202310225259,140.24492101291702
EK202310197958,176.6766637854718
EK202310157062,154.38193892966038
EK202310214170,138.5081064750008
EK202310243954,143.603638458794
EK202310110033,139.80612569549768
EK202310144804,134.93437216824853
EK202310114117,140.67718332803577
EK202310165416,145.6738786893407
EK202310228479,133.55802469635617
EK202310188134,159.00627787640803
EK202320006372,145.80533837161312
EK202310111226,160.3466859463365
EK202310118404,138.96472011541198
EK202310160695,150.8598416239531
EK202310114408,150.28065199521797
EK202310182288,140.99965167986332
EK202310213633,141.97998486971073
EK202310229313,130.89235438867294
EK202310118665,137.9247830541538
EK202310233785,157.13106600709222
EK202310143238,127.75732747428381
EK202310128242,132.50246800257915
EK202310208336,141.30085485157096
EK202310216912,147.64598109627337
EK202310227300,144.18295141957145
EK202310196434,133.20760867218834
EK202310241940,158.02104627914886
EK202310140334,134.86210443768692
EK202310122524,130.50161020911787
EK202310211571,123.61416448619332
EK202310202080,149.5273492297681
EK202310155180,162.46434355920556
EK202310209752,145.6186815478751
EK202310003753,147.44091812613476
EK202310194332,159.42157189552682
EK202320005885,150.9105809500489
EK202310135026,160.98922275820152
EK202310225630,149.99080504251606
EK202310129248,148.5724651815895
EK202310118004,144.12246266545583
EK202310126344,131.06666522936274
EK202310125666,156.86146099234952
EK202310169951,133.1983786663319
EK202310159424,139.80026509601558
EK202310195617,148.15396150898118
EK202310240165,134.30298600782538
EK202310109583,149.50559269342597
EK202310127484,151.8290940482843
EK202310115422,128.47084365778187
EK202310189217,139.27645403073802
EK202310164467,132.28081918893972
EK202310160239,153.71835383851445
EK202310205148,149.44829338188936
EK202310177198,132.53177903784945
EK202310248326,135.98981001103166
EK202320007611,151.55019073695556
EK202310216806,136.01031255922192
EK202310236444,132.41678762964685
EK202310202895,154.11177279487876
EK202310189069,144.1479143278264
EK202310164095,176.29961675779612
EK202310177139,134.8998724383442
EK202310150069,148.32169306952582
EK202310217651,137.792658870288
EK202310104531,127.51653344236932
EK202310175593,126.78753012311626
EK202310128801,132.33043340401764
EK202310226079,169.60585697613718
EK202310195896,149.9786452538994
EK202310248307,135.49427353307323
EK202310213215,151.88079289514422
EK202310126761,142.7655902447058
EK202310138077,132.30709828622406
EK202310219983,135.05746746225694
EK202310155585,142.47562716014562
EK202310224738,166.2162175218078
EK202310121398,138.42151722126576
EK202310144202,134.21702497691115
EK202310171260,143.38138847965084
EK202310224405,134.1966809667134
EK202310168192,145.0686420415465
EK202310147878,149.11536296215337
EK202310190896,151.75943034292143
EK202310114382,137.38675148697754
EK202310115319,152.78120628502228
EK202310212295,132.78732420304175
EK202310145014,138.0366687656303
EK202310153112,136.85118740695722
EK202310181859,133.17704885811528
EK202310201638,138.72696556640443
EK202310217948,147.68831003406876
EK202310126418,132.27383423012665
EK202310147842,139.138719094559
EK202310213180,140.99333008074754
EK202310149555,150.4949132855916
EK202310162559,143.40296438660693
EK202310181969,149.09004026643603
EK202310239453,138.56406328383625
EK202310185897,147.59681012740919
EK202320007785,137.228495372123
EK202310181407,156.11785683371716
EK202310223290,141.50604287891542
EK202310197319,141.1754186994131
EK202310128098,149.06015648744554
EK202310131498,145.42755664989744
EK202310104275,144.94330534168142
EK202310152898,169.8940700639783
EK202310207617,139.0785851998409
EK202310165239,143.264016079951
EK202310161435,146.64168469514806
EK202310242971,153.32023423011668
EK202310111598,133.67258021572516
EK202310131958,128.22472903807682
EK202310186311,142.61198952202298
EK202310157046,139.2601741241552
EK202310115828,136.3090707284835
EK202320005888,153.21401501846356
EK202310116165,150.50690324344757
EK202310127616,152.79167197937247
EK202310190516,137.90250263042384
EK202310181145,148.3520874687244
EK202310112674,138.88166405869845
EK202310108818,147.60095712971022
EK202310137418,128.49242085334484
EK202310234306,153.89201799975302
EK202310147271,141.3636714636959
EK202310228137,136.4701546577866
EK202310208396,136.97515943910025
EK202310129360,159.2163840669199
EK202310104685,133.0993831625864
EK202310240248,154.23611678873232
EK202310111851,119.36764240681089
EK202310110232,136.60921920096806
EK202310149631,140.85844319209755
EK202310111987,141.32600965255543
EK202310149812,152.86675859706335
EK202310125394,140.79547159889046
EK202310201038,134.65042767645699
EK202310196950,131.47928712644094
EK202310130689,148.50684347090814
EK202310162831,153.58726569383734
EK202310191124,130.3008215772968
EK202310137249,137.5178182373063
EK202310221302,133.435410315031
EK202310119496,135.44756280189145
EK202310123089,130.9087693004761
EK202310201023,136.44187410472315
EK202310200056,132.38094197140845
EK202310124074,138.9709622288895
EK202310187451,171.03607052386224
EK202310178204,157.89697451401494
EK202310176034,168.1707500444953
EK202310105275,155.79161451060958
EK202310217600,151.90571868884285
EK202310145365,121.53294426638482
EK202310179864,126.40016004561755
EK202310146164,132.62014356461242
EK202310148409,152.34010007287242
EK202310160145,151.50871515929592
EK202310211569,140.7303208456673
EK202310191535,143.59623539405325
EK202310212337,144.89953559190542
EK202310186617,139.87280501165725
EK202310200499,137.3652543998906
EK202310190255,137.23730334744798
EK202310161517,167.341331859581
EK202310167751,147.1539857938961
EK202310230575,134.52323249146988
EK202310160889,131.48723008138157
EK202310236418,134.769546070828
EK202310176273,139.96439755893343
EK202310104700,144.93995407015365
EK202310107420,142.18152218790817
EK202310169267,153.47730963939492
EK202310187330,165.35333376665483
EK202310140279,133.173968004615
EK202310201773,145.31722808388793
EK202310168395,153.26256529275096
EK202310166412,128.48890970572555
EK202310175402,131.1997231905968
EK202310128581,150.79218109851197
EK202310232461,145.1029342778155
EK202310138340,148.10497326979294
EK202310175300,136.19290604948642
EK202310125041,139.4574462614583
EK202310177394,170.10860796743287
EK202310163068,150.79095165618273
EK202310128960,149.76060323721484
EK202310213859,149.14914896038493
EK202310153664,139.10561339735753
EK202310168885,134.85550955615608
EK202310211096,146.51328351964372
EK202310233212,138.3297738364464
EK202310204970,143.86983165461115
EK202310246566,142.87438903755543
EK202310181736,173.38644986256244
EK202310235583,150.73711527048073
EK202310235586,133.7332634256508
EK202310229567,136.48948136901777
EK202310237891,155.9031274957958
EK202310156320,141.93726606445858
EK202310200700,142.56286923964993
EK202310157317,129.18480272896292
EK202310165659,129.37564157536028
EK202310230462,170.0078493763671
EK202310107771,131.45823221892044
EK202310199945,132.09978520754188
EK202310239536,139.17390701465558
EK202310108719,137.12706737777862
EK202310193930,144.47551724208358
EK202310153705,147.3904302376847
EK202310230423,134.51067093401716
EK202310142088,128.6747681599082
EK202310240261,134.81889135214732
EK202310234834,127.60118090518505
EK202310175123,128.8952899215926
EK202310223459,138.25375483385872
EK202310113022,136.24850176817708
EK202310139384,124.75304245653368
EK202310127365,145.39222969361765
EK202310175890,135.34351514411247
EK202310210471,124.29189688961132
EK202310124749,126.39084083943571
EK202310107106,154.14121442041952
EK202310199447,138.251252928909
EK202310214057,141.8229791163463
EK202310158006,174.20975476265883
EK202310183095,151.7961441682325
EK202310122989,154.51506389869704
EK202310004181,131.3571479329022
EK202310221000,152.54623312159987
EK202310216704,131.9903182805879
EK202310218492,140.2386767240552
EK202310175061,143.6101932054631
EK202310144712,141.03422613948584
EK202310230385,128.58149652600142
EK202310154951,140.90198116842657
EK202310158887,152.81600431004853
EK202310132252,128.8843861929382
EK202310160262,161.16397695267955
EK202310153966,128.45237281194468
EK202310190560,142.41772461460897
EK202310124555,139.88519879886968
EK202310114555,141.20790713346173
EK202310190493,146.65244815997121
EK202310161137,142.74480981976865
EK202310224942,138.05594043803902
EK202310230466,153.8474075607803
EK202310216178,140.23204984900448
EK202310205948,133.8120726266649
EK202320006948,154.94338330391636
EK202310224873,143.6838594960762
EK202310231707,125.62226241390293
EK202310198816,144.35873579673293
EK202310239894,135.1718158048676
EK202310212434,135.9489301007236
EK202310242399,143.59486677365226
EK202310126630,155.76304993363524
EK202310212116,133.29776516929505
EK202310116735,151.2130375250616
EK202310142424,148.64114611427254
EK202310126653,137.4143856458413
EK202310130536,137.12297380554955
EK202320007559,150.03476418486815
EK202310244114,128.98030538493623
EK202310194656,136.87243575907453
EK202310228023,131.51539025748278
EK202310184412,137.6264867794459
EK202310138297,137.17812754185323
EK202310233553,149.24745402586777
EK202310222650,135.72521509081196
EK202310148133,143.90300732925036
EK202310124138,154.3504566861829
EK202310210134,134.6252837951775
EK202310203676,137.4226122782875
EK202310120898,156.5497826686152
EK202310167341,153.983267512068
EK202310180216,155.15618786942508
EK202310246916,139.34746527958535
EK202310157656,133.80725402762877
EK202310205414,136.75779210038135
EK202310152717,150.176767049778
EK202310106791,153.54748167716087
EK202310105725,136.5322734396796
EK202310104432,150.42682320583611
EK202310194299,143.58156327563995
EK202310153184,142.67194943212246
EK202310240659,153.67925765242884
EK202310219840,133.13480696195208
EK202310153949,132.2220760836339
EK202310132803,153.25535475827382
EK202310146592,149.87212019322976
EK202310172131,127.14849138255468
EK202310121613,136.36218932536815
EK202310167818,146.9156691242999
EK202310200796,151.42168247108265
EK202310116481,133.44506683691168
EK202310114639,151.664953129146
EK202310212375,127.68902448354982
EK202310235321,133.8383889249171
EK202310222322,141.8037597777958
EK202310110700,131.15035145968548
EK202310189946,150.7569648721384
EK202310162874,155.14870301540802
EK202310130785,128.17018867686028
EK202310242378,140.55199566208614
EK202310241513,132.3281743631465
EK202310160539,138.57005655395366
EK202310222342,127.36558592339367
EK202310138062,128.93463334913338
EK202310231769,133.7244037004952
EK202310158224,134.4168238974397
EK202310224139,147.64046896775218
EK202310216169,135.41022784537608
EK202310139185,134.10291583583617
EK202310110485,137.83595603997776
EK202310239046,138.9589077523387
EK202310138942,138.46399004724123
EK202310169633,133.90308224297556
EK202310109575,153.77271227859234
EK202310200090,152.02665559841353
EK202310163491,143.83031625532624
EK202310148729,139.39480348901756
EK202310140411,150.22823438198884
EK202310243532,149.61030782743282
EK202310125468,134.01758983282397
EK202310221117,145.51632561852452
EK202310232056,138.7000076554199
EK202310210091,156.61723657578992
EK202320006396,149.95793731382818
EK202310142016,122.5694491637125
EK202310235002,135.13995021687475
EK202310183074,128.096457512347
EK202310182233,145.86014807748532
EK202310225556,132.85369048115962
EK202310179915,136.2709229793717
EK202310173349,145.71034509649374
EK202310212842,145.63595549063072
EK202310197784,166.1282386797858
EK202310138785,150.21429846896967
EK202310144444,141.3731339502836
EK202310181562,134.54296585868244
EK202310248524,139.17358728794215
EK202310216425,148.15380025844274
EK202310229912,130.42285530563223
EK202310139002,133.62310388842255
EK202310120982,129.5617743187778
EK202310221837,136.6505468916686
EK202310119947,154.68547308298542
EK202310149071,148.14279886275438
EK202310185898,153.97733165478942
EK202310117197,138.33134775692687
EK202310142908,146.008689541997
EK202310185756,168.60199748723255
EK202310238913,174.003496815783
EK202310204574,153.6396034655504
EK202310113564,157.61088586820733
EK202310118542,132.07576317222694
EK202310167688,139.94730851279533
EK202310212185,140.8878983021401
EK202310117088,141.09226768646138
EK202310229808,168.3463924097009
EK202310207582,151.19028807074704
EK202310154912,135.4490203754812
EK202310181168,142.49492676801702
EK202310149374,143.12566712316047
EK202310104396,150.23898817395036
EK202310109994,134.54427338150825
EK202310170860,136.6656030530006
EK202310115815,143.32333472492402
EK202310214779,148.31216343762253
EK202310109121,137.3040945947756
EK202310134158,135.02979945997234
EK202310167627,154.70535587109555
EK202310225236,136.0969773103277
EK202310181807,138.89175860735116
EK202310247389,146.24938636920513
EK202310235579,153.78667284688032
EK202310173291,145.98319744069528
EK202310192355,137.59580593656008
EK202310142541,132.54843083321035
EK202310150510,129.98865858372952
EK202310223761,137.72770288692402
EK202310175574,129.76502074623957
EK202310238511,133.36430910107543
EK202310157509,151.92706336365893
EK202310181989,141.3326716066036
EK202310003618,138.49542983257317
EK202310179471,142.1792825885717
EK202310230763,143.77892060952925
EK202310204971,144.67746386174633
EK202310233557,123.87667724883936
EK202310145292,147.02915957467388
EK202320005880,164.22212295572132
EK202310245241,141.76039343300138
EK202310212493,134.58709813036748
EK202310193001,138.7932957785337
EK202310199238,138.29205991228991
EK202310160941,132.09932133968283
EK202310155028,128.74310013546216
EK202310130868,140.41777821551898
EK202310200440,148.4222701154404
EK202310182060,149.68485376156022
EK202310111816,138.94906029557336
EK202310146969,137.24878126338186
EK202310158404,144.50097656160185
EK202310110705,146.8682760566413
EK202310186759,140.00220208091443
EK202310157536,136.71237385530256
EK202310140019,130.33104927094263
EK202310179351,133.28079026729986
EK202310183791,152.85006243445255
EK202310206480,175.0597633555009
EK202310133811,135.31611281583602
EK202310217540,146.98826699485306
EK202310132032,135.44804098379845
EK202310139504,170.06014887361786
EK202310161554,144.68206176724172
EK202310127921,146.95375148027264
EK202310140328,133.68089412847982
EK202310179259,152.0897574095322
EK202310110275,140.05322719643286
EK202310148522,146.5226909389716
EK202310245827,122.16811014771267
EK202310104601,144.2446295365983
EK202310158718,136.51708809868725
EK202310148204,145.956411145857
EK202310152034,145.44138592644015
EK202310205880,133.18179921475718
EK202310150725,140.87462394181804
EK202310154400,159.2958076297536
EK202310120186,173.5691955544094
EK202310192712,147.13425272058888
EK202310165189,141.9426250793135
EK202310152937,165.46077350831146
EK202310234101,144.13204209658883
EK202310191564,144.40728460181566
EK202310174430,141.7583991264668
EK202310208622,155.54311111046349
EK202310233831,147.18254818809297
EK202310136566,145.29321601014357
EK202310146005,130.03521717003605
EK202310221494,143.02844792574263
EK202310239849,135.41320309617373
EK202310176728,161.94876487279828
EK202310106909,139.5141853153771
EK202310208429,141.85120843656168
EK202310174444,145.79268240263417
EK202310242098,145.37211569633786
EK202310175190,142.03287612379887
EK202310177312,140.18274874376377
EK202310229607,140.66143758149042
EK202310121574,136.09148634904926
EK202310187339,137.78499248691352
EK202310227049,149.90780286970588
EK202310135213,135.37961672259144
EK202310128318,136.32567991811277
EK202310108701,142.99957587173193
EK202310114284,140.98108678540544
EK202310108473,144.68714602613872
EK202310160235,148.03220123027174
EK202310120842,132.54634943923014
EK202310142363,145.02316470748642
EK202310163562,140.0277889215991
EK202310192991,148.43001430633763
EK202310203468,138.44987380705425
EK202310188577,139.336516681163
EK202310240344,124.26867177129819
EK202310113690,158.60370626047126
EK202310213117,153.40034306025544
EK202310222749,136.586743996948
EK202310004635,138.54863629220722
EK202310141613,148.13049576819478
EK202310108032,150.76679056447662
EK202310233880,149.04397133768953
EK202310205163,153.69110264697477
EK202310104692,133.80398848466842
EK202310237071,122.40705724982652
EK202310111732,132.35001173330295
EK202310137404,133.17842475394403
EK202310146556,137.691517781207
EK202310111180,162.90309479097908
EK202310190526,142.05393125916066
EK202310119701,149.88032889859932
EK202310182123,147.5070850814626
EK202310187615,171.42786950278258
EK202310201487,138.12915130513508
EK202310144094,129.13321706218682
EK202310116261,152.24806129855568
EK202310142783,131.68370332307268
EK202310192602,152.0722523064586
EK202310167866,151.18029229827653
EK202310145551,159.0402888739858
EK202310117731,131.28578781851553
EK202310125526,127.09945733065392
EK202310128615,127.01419853875545
EK202310180563,144.70279363820512
EK202310139532,129.99946742901966
EK202310224142,136.20374047261234
EK202310233781,156.73178442302373
EK202310157368,144.96852462784253
EK202310203603,144.67856305409452
EK202310180362,165.02103847619486
EK202310198397,142.12990802351962
EK202310124770,129.3245785172262
EK202310223755,134.7956019740702
EK202310106275,126.91717974191174
EK202310205161,136.17750168102816
EK202310139936,137.78335947246077
EK202310205611,146.5305209154701
EK202310134137,128.18737399918587
EK202310127542,155.6144098219131
EK202310193128,133.79450481100807
EK202310237157,126.9678706871925
EK202310107674,138.32689155408633
EK202310149217,139.126772531106
EK202310129309,160.95080445665775
EK202310156886,129.34487094240274
EK202310117116,141.41530350857664
EK202310225911,126.08935144565832
EK202310145676,150.06999679423464
EK202310166738,161.47004189378197
EK202310158541,126.40573562883326
EK202310106511,140.80207684334303
EK202310131343,132.74195724606332
EK202310245992,133.4126255976725
EK202310140003,134.9671385097939
EK202310174342,141.26560431719125
EK202310208385,142.89958084236457
EK202310216439,136.9419879290931
EK202310211004,142.7019913690705
EK202310106760,139.75693802291218
EK202310176087,127.20656353511588
EK202310106317,124.17238931315343
EK202310215460,127.39561423805529
EK202310201661,134.49904634653728
EK202310166937,164.7316519919906
EK202310200307,151.81818231266016
EK202310181766,177.6379009069078
EK202310214069,149.81624229926618
EK202310200177,149.66653166093894
EK202310123321,150.08869388338937
EK202310151256,144.52422408290929
EK202310171945,153.69063525430025
EK202310136311,132.66225332514796
EK202310150029,157.57316749223725
EK202310212078,133.4741754925053
EK202310210902,133.4275479253095
EK202310210594,143.2791553302442
EK202310127288,135.67022325248837
EK202310126517,141.89677643530288
EK202310161234,155.66934762835533
EK202310220266,135.3230329616093
EK202310142494,159.81090519361507
EK202310217357,142.9236184097234
EK202310132692,134.2061289790181
EK202310227115,144.83514753372683
EK202310141700,136.35557193513029
EK202310115959,134.72995726868743
EK202310230099,134.21097687659488
EK202310211438,147.62242024824442
EK202310219042,134.78056786678843
EK202310177531,149.38998765594351
EK202310233521,158.78688446579014
EK202310128329,167.51897348370937
EK202310201328,172.43823818679087
EK202310171078,144.34174300311867
EK202310138130,141.8725889748595
EK202310177993,133.23565802491973
EK202310228196,182.3139393469667
EK202310170822,138.63152400305853
EK202310184514,147.54271708602639
EK202310208895,142.64211927055175
EK202310204293,158.7244135190393
EK202310163755,140.48757485565764
EK202310112893,147.35244016895075
EK202310207633,142.84484499910533
EK202310120935,131.36611762952063
EK202310198348,145.57400190287447
EK202310216671,132.94604470987744
EK202310203558,148.10902187487207
EK202310221470,127.88648919013835
EK202310134114,135.4170484348114
EK202310161904,143.27953398830397
EK202310121193,137.15048621457095
EK202310112380,130.92669752964105
EK202310123715,140.20217142108402
EK202310182522,135.97229446230494
EK202310165246,145.70734681997243
EK202310165109,148.41860397904017
EK202310226207,146.23199175326712
EK202310189166,156.42288934211345
EK202310171824,141.59034860535658
EK202310212508,143.18240813388576
EK202310188289,145.00678918869312
EK202310161253,148.20327353332723
EK202310188025,147.36069702600457
EK202310170339,130.07354043053894
EK202310103831,134.28755471667978
EK202310214220,132.41751776830978
EK202310149031,161.8121780458752
EK202310147724,146.86950368838941
EK202310142296,153.61831819597373
EK202310176974,150.20802902158871
EK202310161334,165.18823496405122
EK202310213866,139.44097462189575
EK202310225737,142.37110648649914
EK202310156109,140.05038337475466
EK202310200303,156.27627889285628
EK202310185044,167.87126402350577
EK202320006653,161.7354215378383
EK202310111122,139.15574494333725
EK202310120782,158.8804241538397
EK202310198165,150.20032525857133
EK202310228584,128.02331944928977
EK202310205188,135.5886949869492
EK202310121258,150.98383456420387
EK202310199633,143.26041534494829
EK202310143847,129.68873101594747
EK202310135571,145.03336628875715
EK202310206110,136.82249028813024
EK202310138447,129.04679789970547
EK202310192664,143.61143310120252
EK202310187215,149.01695230110522
EK202310151514,169.84276443253
EK202310144726,160.55031701546363
EK202310207249,129.52297032131793
EK202310161306,158.28871451055113
EK202310158826,132.31073465653438
EK202310173556,163.28548467026908
EK202310125091,143.12578905398917
EK202310142377,146.02635860214505
EK202310236947,133.79007674617478
EK202310208442,135.24273681942813
EK202310118298,127.18329732071628
EK202310219483,125.34062300903638
EK202310211212,159.11824974705667
EK202310104173,144.47369670396927
EK202310201478,147.5713004952761
EK202310158280,140.46185376670135
EK202310123070,137.19290146365006
EK202310138063,144.9330357065457
EK202310164203,144.2227163672817
EK202310190017,163.15354429952973
EK202310169668,131.1477832185899
EK202310113501,155.89222096298232
EK202310235684,136.75023148715286
EK202310137261,129.15700444150545
EK202310162355,142.62598314409084
EK202310217469,154.78509763791982
EK202310161201,121.54686520572653
EK202310157515,128.56769860743375
EK202310145284,149.65917241937555
EK202310227827,134.67946291712983
EK202310209456,132.3226050828299
EK202310211698,134.21757697050663
EK202310194731,141.05935598152493
EK202310248330,137.88793102752675
EK202310106105,128.85568117687913
EK202310160743,134.63890356914993
EK202310166605,143.05432933772084
EK202310212995,136.4835008343437
EK202310233144,138.52949881719803
EK202310230980,133.98826213248807
EK202310226067,155.44986099477936
EK202310120976,118.86682829022052
EK202310128266,135.46491349627297
EK202310106331,142.60498602664376
EK202310199325,145.98060766969886
EK202310204088,149.07372982937227
EK202310174720,134.75048638270064
EK202310240940,142.94463773835406
EK202310109263,146.0668269039893
EK202310106322,131.86162744323485
EK202310135599,121.03377151218565
EK202310145520,135.2721875653806
EK202320005632,143.76681418896405
EK202310199819,147.51798156681673
EK202310172008,140.96354026871094
EK202310199276,126.98326599101078
EK202310106548,141.415228299197
EK202310217167,151.31341972636469
EK202310176173,154.5261082774452
EK202310221378,158.03919621388496
EK202310201211,168.3583846385314
EK202320007715,140.0413048273085
EK202310182662,134.74414347548012
EK202310177694,144.65906615567954
EK202310156023,135.88200621564857
EK202310111848,124.48523006862338
EK202310129647,161.90229671318232
EK202310170544,161.05448428829803
EK202310242820,145.29841860753768
EK202310194133,159.99197056829985
EK202310216029,139.99389125618129
EK202310107349,133.96846330617143
EK202310208265,144.63742472252795
EK202310229154,135.7479014330246
EK202310107089,126.15772406162688
EK202310112252,131.2464606313573
EK202310148875,147.20030774024517
EK202310119051,141.99450137527842
EK202310147588,135.14567037502576
EK202310113617,153.70728253378513
EK202310147037,142.13929343374397
EK202310238313,131.74986342949407
EK202310192918,137.09238066325562
EK202310155166,128.90387537391254
EK202310177734,154.03148291832775
EK202310125003,130.163225475286
EK202310204102,143.8598399070339
EK202310127233,150.1916623258313
EK202310154507,170.90746039103476
EK202310208352,138.92905529165702
EK202310123745,148.89322488416607
EK202310147036,150.4304105033037
EK202310110497,111.79688312213275
EK202310246320,152.71226411889452
EK202310138361,138.5016109811107
EK202310167217,137.17953725927484
EK202310229839,137.2528621369878
EK202310204873,144.29031551992597
EK202310208025,140.38733376902667
EK202310139865,153.56223721686428
EK202310238834,137.406641326023
EK202320007032,162.43956692721136
EK202310223956,129.85366593008575
EK202310205152,131.18387323009026
EK202310127859,138.29628800903458
EK202310122230,138.5103500173991
EK202310235039,130.74953994235756
EK202310172181,138.52905146112332
EK202310152472,137.78406631604403
EK202310163385,157.5708228554975
EK202310226473,128.04895934543234
EK202310196206,166.25717012481712
EK202310004942,119.53404229692029
EK202310141871,138.7747392516238
EK202310215986,136.4285355755859
EK202310211462,139.0419987637023
EK202310245537,135.7043729486628
EK202310204491,147.28117446575715
EK202310139744,156.19736679551008
EK202310138719,129.57938688298407
EK202310128437,140.51951314094373
EK202310138286,159.5530359904985
EK202310148950,145.47212546274127
EK202310225042,154.43695140701183
EK202310227372,150.66133369190663
EK202310184056,161.65675303820638
EK202310203882,131.38407792351418
EK202310108510,142.44692290176403
EK202310220594,138.35515109830533
EK202310119141,143.0318251272213
EK202310246490,141.7898173363558
EK202310143698,157.19906156101902
EK202310126746,146.35132687358586
EK202310233106,152.42264837757082
EK202310108410,148.86098199563298
EK202310186336,149.84608248031356
EK202310231142,134.88994903877594
EK202310126076,143.70691273102227
EK202310205622,141.33467715763166
EK202310220488,149.65897086779188
EK202310120527,137.52648799645678
EK202310220246,148.76117969114586
EK202310161188,143.20037422376282
EK202310155699,153.3614270028124
EK202310189021,135.18435081678368
EK202310236601,135.0870543611731
EK202310164905,139.01311162012803
EK202310128052,137.31610422199188
EK202310126712,158.12291517293312
EK202310239805,165.41000017837118
EK202310224857,140.96397412166968
EK202310173357,149.0043195494418
EK202310127584,142.4489175175771
EK202310229371,144.32776092443848
EK202310110882,138.2397964015306
EK202310160530,152.46736945581625
EK202310116477,127.99013314637546
EK202310118586,110.14136286038342
EK202310172703,134.9576259780609
EK202310136123,167.9258060736734
EK202310108114,130.34526993934634
EK202310208296,143.61043427542614
EK202310232508,144.4420485300848
EK202310220252,125.48659323686297
EK202310168728,158.52383953546
EK202310165440,172.17419202825934
EK202310214684,136.03627949029834
EK202310107697,132.58312174495498
EK202310129545,127.0815721607975
EK202310163236,146.45135787337892
EK202310236802,142.8167300326962
EK202310153242,147.03159633474334
EK202310144615,163.5908794052399
EK202310129912,121.81095670570974
EK202310197325,134.8646955189647
EK202310216540,148.71982626925313
EK202310104778,146.01271693558846
EK202310114062,151.51650367491976
EK202310205213,141.78032796723724
EK202310227892,129.95607170488145
EK202310232305,140.6170375494288
EK202310185667,155.44160963987642
EK202310212219,134.02332193284005
EK202310214315,151.0516525849005
EK202310222807,142.4741126111156
EK202310192829,164.4093165253856
EK202310246736,132.7380833035151
EK202310144859,153.7969541658982
EK202310167652,126.65238286124068
EK202310120246,144.9661836828442
EK202310182888,138.80106445973163
EK202310150758,143.69446837561756
EK202310172256,145.61863392242134
EK202310143177,145.4557750608425
EK202310197462,139.40651457593208
EK202310196459,145.4325597341562
EK202310164019,131.22784590806555
EK202310139039,148.43361135987226
EK202310134361,172.98915690153726
EK202310147025,153.85105451924713
EK202310208999,156.10803727575407
EK202310142527,126.7139054475777
EK202310193745,156.9136143157511
EK202310167641,143.59591504808765
EK202310240938,137.64438316459234
EK202310112017,111.6541613056535
EK202310240024,147.45759583106886
EK202310244708,157.40864791815014
EK202310210230,132.31879032854616
EK202310004423,143.19425390332444
EK202310221224,148.57248274654597
EK202310157667,135.38985053335864
EK202310215430,155.3721596623963
EK202310182844,148.47157664758217
EK202310236293,131.54756786705008
EK202310123092,146.6741923534742
EK202310125798,138.67907742074306
EK202310167474,157.83356123227287
EK202310124113,135.905193088839
EK202310232206,129.79608123722755
EK202310222185,134.39380771975337
EK202310149306,148.55798739348728
EK202310167817,158.08690879791996
EK202310212632,151.20271861534576
EK202310132358,133.33632939422773
EK202310145151,142.6828307802696
EK202310141011,161.22339962566366
EK202310200018,131.81668502271725
EK202310132356,160.44975596402364
EK202310149165,148.1017727359416
EK202310129607,129.69301973093891
EK202310194843,137.66769538851733
EK202310190635,143.72267889522394
EK202310207943,147.07068640456254
EK202310164644,141.19260031298901
EK202310241540,139.44573990730916
EK202310116312,130.52959009108903
EK202310162974,144.0782288206613
EK202310151341,127.36453723635425
EK202310158724,138.16733298746448
EK202310247924,141.39101944104306
EK202310119010,132.43978399167236
EK202310186778,130.91138277450736
EK202310183764,153.49875190196596
EK202310151317,135.34046547130635
EK202310110771,134.2298825864348
EK202310180616,139.1655912878962
EK202310162283,136.7081327831091
EK202310228393,130.17128239280652
EK202310003867,135.4668361782945
EK202310162011,144.74781032403476
EK202310192785,145.9886231157476
EK202310205984,145.51762477886484
EK202310191301,146.14828460053045
EK202310205696,158.71998861195297
EK202310003384,166.9090550649405
EK202310244834,135.3821859207977
EK202310204220,149.63126459526632
EK202310110856,144.74935415581405
EK202310134787,137.3531857152632
EK202320007820,143.24149708439057
EK202310179208,136.7213750419316
EK202310223932,163.72523000848292
EK202310216781,139.12431081183638
EK202310187602,126.18409629035595
EK202310179844,154.5908336632147
EK202310163357,137.53105266180435
EK202310137800,137.6425412761517
EK202310202504,152.9553515209048
EK202310152435,130.34265275607643
EK202310138850,149.8861464660378
EK202310120464,133.4898764220247
EK202310200493,148.22624567579842
EK202310243016,135.39716087152365
EK202310168573,147.87705236546662
EK202310163051,142.4111262447896
EK202310188721,155.38872313551693
EK202310187647,145.56095402231063
EK202310194460,142.8992117086675
EK202310199853,137.42593983921097
EK202310199354,135.81368476174035
EK202310156872,141.9806535788538
EK202310183296,135.48079850147562
EK202310105927,132.14058083203463
EK202310106682,139.62606552653693
EK202310127329,164.50240066733352
EK202310116459,134.48615116344783
EK202310192223,143.01107895728518
EK202310004549,140.51341908257757
EK202310108809,146.13170586894432
EK202310180902,131.03875682789783
EK202310104309,144.89709171889115
EK202320005779,184.79702953891996
EK202310145003,138.55682653435343
EK202310234434,134.94450034463145
EK202310228455,144.570086768729
EK202310196294,171.76577534288174
EK202310214611,152.24398259487035
EK202310128897,149.51973928854682
EK202310140953,144.92238707711854
EK202310153523,129.34135718526713
EK202310107262,143.35342664948553
EK202310177695,137.41344373814889
EK202310133157,142.7846153682188
EK202310243662,130.07001493475093
EK202310155394,145.6459609305173
EK202310126776,142.64911966814063
EK202310241762,131.33557874117417
EK202310141862,128.43474220671803
EK202310151835,160.90564988956407
EK202310128935,136.9394159078651
EK202310114330,135.41671792279286
EK202310166988,138.4198892804869
EK202310201794,133.4136036986794
EK202310181313,156.58464696537447
EK202310186725,143.88017467903188
EK202310146475,129.32286939888738
EK202310109755,152.57818272923987
EK202310161538,155.77039696830292
EK202310186435,137.13200499534918
EK202310193897,149.00663909682393
EK202310160769,147.7754519963643
EK202310212581,144.77853055741846
EK202310248122,135.1835837603772
EK202310235931,133.2130502659856
EK202310181771,168.93973211613934
EK202310155768,143.82582058275156
EK202310111605,147.11210979955632
EK202310127306,167.57838406077698
EK202310150190,128.87646348554998
EK202320005858,157.4587591408658
EK202310236072,150.59588926245027
EK202310225439,134.0309748403275
EK202310237893,155.03655211084106
EK202310136361,126.44307016363693
EK202310191072,146.88694263126501
EK202310181865,141.49621659636142
EK202310231592,154.75942588506018
EK202310207325,125.59389498172962
EK202310172714,146.17609242438363
EK202310224865,143.6534524068277
EK202310168576,144.467685763184
EK202310103778,146.56412989658898
EK202310217586,153.78538167628187
EK202310231160,130.74851782927922
EK202310234098,152.8205027521766
EK202310178165,147.13775828473095
EK202310135798,148.77015065925102
EK202310207159,156.76759844970908
EK202310161503,165.54867652732557
EK202310164971,143.33926760841712
EK202310227797,145.66677259926763
EK202310138476,153.60823959467558
EK202310105436,128.23372931460028
EK202310171599,136.31204198441182
EK202310155833,147.3660477850317
EK202320007748,148.88582748230257
EK202310216275,132.66432214298737
EK202310178246,149.13697266223514
EK202310233952,139.57861106310835
EK202310236351,131.75509433271333
EK202310208975,134.34517447889243
EK202310210410,140.4337246151887
EK202310179531,143.62447005191595
EK202310207618,149.5440837305902
EK202310173550,180.78917794530116
EK202310226730,140.4429049099933
EK202310129523,147.05668196778268
EK202310220746,142.4756938711013
EK202310248566,139.3152877342283
EK202310193943,162.4326899681513
EK202310119814,156.2873794476632
EK202310142248,149.0483295880736
EK202310186304,162.12224585137776
EK202310138557,168.28751101648552
EK202310245483,130.28096020058766
EK202310132300,125.95303371733253
EK202310208081,140.3432326441415
EK202310230460,164.96415877549688
EK202310140474,135.13377732402543
EK202310212083,136.25057247125486
EK202310136665,131.4231551285906
EK202310131251,142.72203970873852
EK202310232633,138.10486463103226
EK202310147477,152.62500731126164
EK202310205850,157.635826095898
EK202310202041,148.02932899673914
EK202310173763,137.88471112778328
EK202310160578,170.01359178341713
EK202310191339,140.38285731768764
EK202310212270,135.9276866522168
EK202310145728,148.59279448996514
EK202310221046,137.72888286371506
EK202310188691,142.30900335126086
EK202310171896,151.46708423563777
EK202310139766,135.51813673490298
EK202310173220,150.77660876142218
EK202310162948,141.70092225600834
EK202310105701,130.8918430710959
EK202310197311,150.7200253070965
EK202310147640,157.835303029486
EK202310183542,149.44825994059875
EK202310183535,160.25813440709328
EK202310245904,147.8202704155959
EK202310133031,138.4143588429859
EK202310188018,157.9282995198133
EK202310135860,140.513571166491
EK202310236943,136.95402078678765
EK202310156470,169.761894063709
EK202310195857,155.09583063664752
EK202310187539,144.2654523143881
EK202310004424,129.04860473655
EK202310217002,142.886801002455
EK202310179415,128.88281948017848
EK202310120456,142.07290608855604
EK202310200863,131.37010303824462
EK202310147545,143.38690387163683
EK202310230822,145.8678281528332
EK202310121215,138.57339410462922
EK202310177411,163.3054684061161
EK202310224282,137.96513588785197
EK202310140227,131.76008162742554
EK202310129737,141.37113057282173
EK202310140849,131.30666568590868
EK202310189202,162.61360505165985
EK202310104642,136.9925627394493
EK202310208010,145.56216421872983
EK202310166940,166.83844647371865
EK202310162024,148.1394504021471
EK202310199815,144.62714879917317
EK202310152439,137.90086631725777
EK202310233448,135.84604476717698
EK202310242843,144.95074579238798
EK202310201491,151.97158754582082
EK202310107632,133.63539819438992
EK202310198770,177.63614983265185
EK202310137566,137.92775790024953
EK202310142121,133.50452099425803
EK202310190572,140.418557451463
EK202310205775,149.38134873153297
EK202310220844,141.39163937339325
EK202310139338,142.29627202012531
EK202310108582,156.28102674252082
EK202310158552,134.1857387847473
EK202310184301,160.13192600499525
EK202310243616,135.70615301035843
EK202310151811,161.97429502377057
EK202310125407,131.56097117342696
EK202310139375,128.8560777534832
EK202310239439,136.22672279355263
EK202310155841,126.59133861232492
EK202310215149,143.15222576310669
EK202310107124,149.0374622212065
EK202310134118,128.80471102994522
EK202310194279,144.4107181859697
EK202310246720,138.24857631107344
EK202310162584,151.4899311791323
EK202310195982,160.6310361510241
EK202310228933,134.59007527735318
EK202310116256,150.77099484420992
EK202310114568,149.88402794362497
EK202310131206,138.82809853290638
EK202310175053,150.17427022872184
EK202310221935,149.17511768577776
EK202310185735,152.6909221186608
EK202310223371,124.64221030536898
EK202310228532,135.0998646206822
EK202310201399,149.31579090734746
EK202310225779,146.26520704121896
EK202310223354,151.7362030470055
EK202310149880,135.62767475008832
EK202310182361,144.30542382740865
EK202310245495,133.0000068033936
EK202310004203,145.78507719803122
EK202310179618,147.6808478586009
EK202320007066,153.75408631897477
EK202310114050,140.1709235129009
EK202310191315,144.0177352381805
EK202310146983,152.52810342223765
EK202310130594,152.68529270225108
EK202310242203,154.81226127293948
EK202310241138,146.71585117400903
EK202310156504,154.59052650362744
EK202310197660,168.0614604090949
EK202310140136,139.01570596497
EK202310143917,127.82176802197787
EK202310219192,130.56562457977168
EK202310134270,152.2666921087088
EK202310232270,136.627644851838
EK202310173917,138.74089680663505
EK202310173711,136.79406120708524
EK202310112756,132.99721312835018
EK202310204172,144.30478325190526
EK202310159759,143.82159011544064
EK202310186227,137.85633089748785
EK202310185665,138.41083470026152
EK202310117309,142.34504150607896
EK202310197672,142.03686111305316
EK202310153079,131.85510497248114
EK202320006035,156.73670130023635
EK202310247525,127.1133137691021
EK202310161438,125.4465106422023
EK202310218023,152.20035997912197
EK202310150064,153.3202529507603
EK202310142573,152.19344917756592
EK202310124576,132.0603655893929
EK202310219887,130.33188744719106
EK202310120184,151.69177320924314
EK202310112918,133.94152909634974
EK202310109372,174.134954957201
EK202310107015,136.24496202537867
EK202310150353,154.16009404598603
EK202310204484,133.1930357670895
EK202310146488,134.49425799048612
EK202310124804,142.83304958715888
EK202310185666,169.1750795624541
EK202310195519,137.98658630118697
EK202310160733,136.55012120823395
EK202310104544,143.82199882620992
EK202310184750,133.03588203252906
EK202310003740,122.44170473350351
EK202310226854,131.1878174222118
EK202310125742,151.15337743674996
EK202310168317,134.08272565182867
EK202310149766,150.3193430549266
EK202310190272,158.51304892494042
EK202310146274,142.68757166251925
EK202310112851,142.56201513451637
EK202310175254,151.63445183000155
EK202310163259,136.74311926310534
EK202310133880,137.52318038241253
EK202310217079,125.26176449770482
EK202310170637,144.94261511730792
EK202310194778,125.05639222236817
EK202310218095,147.978869114688
EK202310135253,143.56665711068456
EK202310197692,151.03798298325586
EK202310208639,143.51055486783326
EK202310246924,141.0703107123868
EK202310189081,156.39789415322602
EK202310186006,148.57116367176914
EK202310234924,139.081940314438
EK202310159161,156.94558071898896
EK202310118361,131.9939002330389
EK202310103934,122.4996746165021
EK202310218075,144.67785981160662
EK202310151847,157.4818683712254
EK202310227485,153.74881614904365
EK202310215170,140.99727452842842
EK202310182285,151.0250353722333
EK202320006523,165.67169980394553
EK202310226724,136.21421920144587
EK202310144268,143.14771433148738
EK202310156630,180.60729410493119
EK202310245294,148.13809220028963
EK202310223363,133.00726417650446
EK202310237800,143.60295397091517
EK202310173460,147.2907367395531
EK202310209655,146.9981746933344
EK202310119136,140.35562782138285
EK202310127314,170.65463261830465
EK202310193844,147.93863559461198
EK202310162315,142.13472806215776
EK202310218294,131.49888564734084
EK202310151071,138.9979286429216
EK202310217686,137.02054605436714
EK202310154435,160.10280604311734
EK202310191927,151.4252132608922
EK202310181837,142.79874371224176
EK202310148256,158.4450335224887
EK202310230363,140.90376954069583
EK202310156095,134.43154512674278
EK202310169939,143.22132748271022
EK202310141818,147.02674468033263
EK202310230706,145.54826991834778
EK202310138074,133.76031672134076
EK202310213136,157.7520763829746
EK202310245174,158.0117960887585
EK202310149067,150.390847474958
EK202310215609,136.55015824854124
EK202310170363,126.72636868927519
EK202310238402,145.52038166522286
EK202310117314,135.93796563307805
EK202310241750,156.9324203815904
EK202310154247,124.96916146082695
EK202310148755,147.7194449167313
EK202310150162,131.97189048260864
EK202310189110,137.68199233461672
EK202310168769,161.54038267540918
EK202310211938,141.52200104995364
EK202310176335,144.92741349799107
EK202310113812,129.53210248098014
EK202310123004,135.83102768074224
EK202310205174,143.40069564879605
EK202310168759,152.03268946584066
EK202310213442,140.89459276697644
EK202310239610,150.8158019491206
EK202310195241,125.75103338061
EK202310153703,154.13593768497702
EK202310150341,128.24799575992995
EK202310208289,137.06764823942342
EK202310111014,151.1402739565638
EK202310221055,149.63222477570076
EK202310201138,183.08275220889377
EK202310004391,136.67952186530562
EK202310155939,141.32256412877572
EK202310148376,137.7046960110028
EK202310116871,140.4570435455246
EK202310197518,132.20229449095828
EK202310119757,139.34196093774145
EK202320007473,158.5048711059716
EK202310134809,139.0820235705626
EK202310189457,159.62058301192013
EK202310185033,144.75515393683315
EK202310229340,147.20101373532827
EK202310122288,145.95186390761705
EK202310120743,138.85792333218987
EK202310242075,141.23005005269826
EK202310140597,136.50210929084855
EK202310242069,133.19964139637452
EK202310136890,151.05827680258741
EK202310209810,132.01706787433932
EK202310223071,137.50599051500146
EK202310218487,152.55800596911303
EK202310232696,155.86948177753155
EK202310209345,144.11114730756802
EK202310170813,131.95496701257198
EK202310153786,167.60628249532195
EK202310151789,138.6703250733403
EK202310151677,126.56856151810942
EK202310137204,136.15869597956217
EK202310218836,138.96718779380345
EK202310151080,136.01198649140227
EK202310164354,144.88501750497574
EK202310173775,156.4516602081635
EK202310121695,141.4136378638757
EK202310205477,148.00658185589592
EK202310157033,145.9766667155463
EK202310119370,135.33716093759838
EK202310126142,153.6541725841954
EK202310205658,144.6903350525801
EK202310186719,169.19443188710844
EK202310144182,134.88288145134865
EK202310246415,136.17839366097326
EK202310227129,164.11021936076142
EK202310156707,144.00541428269761
EK202320005770,163.15416131905948
EK202310166383,151.73493975610222
EK202310210479,130.0934696897937
EK202310179571,145.79349794704382
EK202310187791,137.46615456374894
EK202310171969,141.21276024575783
EK202310132165,158.76120100849803
EK202310124907,142.58966018247128
EK202310208889,157.31847853826275
EK202310247697,145.51287901584504
EK202310194854,138.82631216794815
EK202310225021,169.76288680326724
EK202310238477,147.05748907431416
EK202310239246,127.3494583590629
EK202310176503,142.93978248568862
EK202310176496,139.96108886224405
EK202310198306,160.61641016980843
EK202310188583,130.46368415862122
EK202310207194,149.70697805114887
EK202310219806,143.95119816748465
EK202310227819,124.01433529715463
EK202310164368,166.64197780253292
EK202310239912,150.5881635209452
EK202310198458,140.80878843458316
EK202310142902,137.31590406393366
EK202310240388,134.51700258088886
EK202310222895,134.966803249587
EK202310160875,138.43447304483425
EK202310167060,160.11379012801788
EK202310224028,169.8085517044917
EK202310151657,137.0030002203754
EK202310155117,132.09908742384718
EK202310136926,141.7353050859687
EK202310143427,173.16452177868445
EK202310172189,126.74767457019597
EK202310125542,132.3041126157581
EK202310217168,143.0366189954997
EK202310121975,124.33046562526319
EK202310182960,134.99451302568357
EK202310128220,126.40821009743544
EK202310112524,144.08949070180134
EK202310212379,135.94954178872612
EK202310207577,157.30371449312443
EK202310153262,154.33673642269903
EK202310198456,140.4156412176461
EK202310108358,134.38479291998277
EK202310160189,152.66137734623794
EK202310210891,130.16310182393377
EK202310193109,129.72685168564556
EK202310181289,140.85594147651685
EK202310131577,147.44407067040345
EK202310211895,150.32896198473918
EK202310190829,154.59753413151338
EK202310127301,149.72994066453325
EK202310116811,142.13296279192878
EK202310107250,138.44730323408692
EK202310107498,126.84371560960041
EK202310192130,147.19393429616332
EK202310132040,135.80595859277005
EK202310175120,124.73531577302843
EK202310246012,141.44907709149425
EK202320006537,166.0120820707535
EK202310129645,136.73546866885607
EK202310188742,133.5369780495899
EK202310196813,131.45865332215973
EK202310125413,147.3395967169353
EK202310166995,135.8808289989735
EK202310146585,139.70865984985682
EK202310229973,142.32513904797216
EK202310247518,141.63927685520252
EK202310198340,129.4154274620585
EK202310113811,130.78434229701614
EK202310188773,155.43761555548937
EK202310109282,142.67176040514028
EK202310240034,148.68098323362034
EK202310215437,139.52269318429765
EK202310194389,159.3578201141032
EK202310172196,128.52921619376153
EK202310165827,149.323520033483
EK202320005561,149.95641164828805
EK202310149595,145.8808283983205
EK202310168288,156.47486197521917
EK202310140892,132.84126062441513
EK202310184756,149.22867282387247
EK202310155970,153.67178746757324
EK202310219701,131.47381589178212
EK202310174732,138.6793682145572
EK202310195694,153.328633880075
EK202310213272,141.71644275536212
EK202310140437,151.44703665614773
EK202310235734,132.26424391788
EK202310130236,174.19562271529907
EK202310144191,129.89840779790578
EK202310190014,164.75031406761875
EK202310244140,141.08878616457196
EK202310179886,149.3832362692314
EK202310124185,131.48136981941582
EK202310153209,131.09679123266076
EK202310153141,140.1334813351601
EK202310203881,136.72115807491403
EK202310166214,166.32257984140082
EK202310165860,157.55533750616897
EK202310221150,133.6196424861838
EK202310212669,130.8003421364237
EK202310183646,134.5723443306757
EK202310161293,139.97143658063104
EK202310123374,149.53429862939456
EK202310167702,138.3282978388591
EK202310218991,138.04608562138273
EK202310153681,128.56725075349738
EK202310132053,144.592441667196
EK202310181558,131.68016236407394
EK202310234347,156.99376717569245
EK202310205398,132.53448216885795
EK202310236180,132.7452507691361
EK202310215127,135.04674045874157
EK202310184646,173.14125615466992
EK202310248044,137.7441561113912
EK202310232425,134.96951740967663
EK202310151757,131.7682249719464
EK202310134956,165.27187737567874
EK202310203447,133.0588985708388
EK202310125366,133.00789616151087
EK202310180083,143.44421420636468
EK202310170602,151.44851575073986
EK202310189329,134.09039728937088
EK202310152190,126.79095865697929
EK202310118845,146.1704713440884
EK202310202683,133.69294383374123
EK202310131733,151.8163691715628
EK202310151659,133.7418217086955
EK202310111223,145.95473707826613
EK202310189015,159.83409977897432
EK202310204933,128.64692135311637
EK202310220311,142.3343181728468
EK202310153186,153.3796762581547
EK202310204998,149.07861346223464
EK202310206640,134.58455464403673
EK202310148731,153.28251202421998
EK202310177950,134.3530186868121
EK202310236764,146.55772547044094
EK202310149184,127.73299373399115
EK202310243178,152.48857689943122
EK202310149329,148.55461497490813
EK202310124506,147.12071944640823
EK202310175231,147.79926091203035
EK202310117163,133.98878212120786
EK202310235121,142.7227655659298
EK202310201963,148.02183619976125
EK202310177877,136.297195710781
EK202310196442,136.11351575614805
EK202310165909,135.64155482280833
EK202310148120,157.32691310996753
EK202310165323,145.30072872903122
EK202310148717,129.9162652947616
EK202310110684,129.43930744271867
EK202310131621,158.9483515276544
EK202310155848,137.70056675164398
EK202310116241,129.71692353375292
EK202310139259,158.14462418405915
EK202310125773,141.5367563638045
EK202310233036,153.20361468960505
EK202310149022,151.83456149762713
EK202310189335,144.49542894696432
EK202310124884,134.38207391232407
EK202310120137,135.97480996873387
EK202310164298,145.81445322741357
EK202310210341,150.13866854052958
EK202310235088,143.81952230833627
EK202310187731,148.08728659591878
EK202310243618,137.16845386373743
EK202310246975,137.85991300585533
EK202310178699,178.78199728988074
EK202310208826,152.33041092584017
EK202310192931,155.40904707899955
EK202310144942,131.82668960947913
EK202310204406,139.88181547447348
EK202310228390,131.65105663410068
EK202310116598,157.88168666289377
EK202310168298,147.3718635970568
EK202310221487,155.12956368516035
EK202310129003,134.93687729928027
EK202310199518,148.11753945961271
EK202310230415,141.44098107430506
EK202310229198,128.72123961026216
EK202310191619,158.41581852446834
EK202310135624,130.39592310348482
EK202310188764,133.46445794211388
EK202310194928,143.49918993439
EK202310136019,145.96197297349173
EK202310193486,139.72351831948995
EK202310114440,142.15349629680412
EK202310233214,138.59002713379184
EK202310228766,143.22306385035847
EK202310149990,161.7477503675979
EK202310122654,136.06494007301984
EK202310221978,121.90373918793749
EK202310166235,133.43992165838452
EK202310165801,146.84289464033907
EK202310164057,136.58034695469956
EK202310168718,128.24385367243414
EK202310108201,141.42083610588608
EK202310206343,168.20952081495034
EK202310114675,134.10776817114714
EK202310188537,144.9097223904005
EK202310179087,146.46398690729254
EK202310187084,164.17938241740626
EK202310187925,132.1486874916138
EK202310170956,160.1008679917657
EK202310212887,138.28371852751692
EK202310137413,135.09759802563747
EK202310217648,137.03995625982932
EK202310174679,148.7877925338884
EK202310229265,134.56662867956265
EK202310148461,144.3028094309203
EK202310222772,136.41864161740307
EK202310113407,141.1008636497058
EK202310206546,144.08687555671278
EK202310224810,138.12202988786117
EK202310228008,135.24930907825765
EK202310165670,132.28584590053347
EK202310188801,178.57100951270118
EK202310163428,138.54831267681104
EK202310155452,135.95420226069174
EK202310188057,150.65852009515905
EK202310191879,131.95514267603497
EK202310221170,137.12294447493926
EK202310231103,134.0149815158844
EK202310242198,164.1016409480316
EK202310187526,163.92855662701774
EK202310188098,134.21975979454217
EK202310203053,150.22566113273527
EK202310215291,132.91429312059066
EK202310175087,138.58974745037708
EK202310187624,168.67352360245687
EK202310190415,139.28652034658427
EK202310123309,164.66503503908098
EK202310148164,152.10167460615813
EK202310185918,134.06403714855716
EK202310122611,132.73204996866855
EK202310174402,133.5978885837948
EK202310165680,134.473318936421
EK202310234342,154.1734628110001
EK202310196937,154.52330041382518
EK202310111601,146.07856263972337
EK202310115643,139.4063367550035
EK202310111554,134.4962585648296
EK202310128358,129.26068907299032
EK202310131862,146.6005948668198
EK202310207446,139.71906763804233
EK202310189921,149.80580306314087
EK202310129789,154.31924156905887
EK202310226523,135.13285420237665
EK202310231417,129.94036288005356
EK202320007285,169.99417908182392
EK202310217873,145.18693458635877
EK202310105042,147.6086901598518
EK202310136636,146.32079017660058
EK202310175915,153.99512676864518
EK202310003483,134.65094730692778
EK202310200419,143.0595920748382
EK202310117924,153.05242038803928
EK202310181210,144.7641985459595
EK202310202561,155.00067474239813
EK202310107499,142.41328057806916
EK202310107137,138.0315522822549
EK202310231924,144.04715197728837
EK202310144923,146.799725462169
EK202310207718,140.88865133788417
EK202310212477,139.69602630254843
EK202310107846,132.00801127585854
EK202310185004,148.56014328049199
EK202310134355,154.6439928107468
EK202310170491,140.13389164055624
EK202310234495,142.99158299963676
EK202310126339,133.74554511954204
EK202310185015,142.11017457520987
EK202310208389,139.40887451561696
EK202310165712,168.45463784738652
EK202310168161,157.00176428486907
EK202310152314,146.1138897061317
EK202310207349,130.79137679523555
EK202310195623,130.7673542580219
EK202310187039,134.846548062644
EK202310141159,148.0943681893153
EK202310209863,153.47952236786662
EK202310160465,140.36505186788824
EK202310171624,132.4145382721398
EK202310227086,149.35059372185708
EK202310177422,142.7623482291585
EK202310240033,142.25149119276506
EK202310147863,144.6662505169983
EK202310187436,144.79462145026216
EK202310210870,135.57472921172044
EK202310104543,146.71602278264302
EK202310136266,126.93928148609109
EK202310169848,142.09540653862933
EK202310134804,133.0125555299713
EK202310128125,138.26624051068984
EK202310105804,143.2149862255519
EK202310240636,138.42177355275922
EK202310128250,127.39043623831665
EK202310167986,155.46072185896327
EK202310223738,131.48522264036154
EK202310194978,149.48840637442171
EK202310174109,136.87888205541384
EK202310234407,124.95635061953948
EK202310174138,137.25814499681803
EK202310167183,141.84868852208547
EK202310111941,124.06561013417306
EK202310199956,136.1216277423053
EK202310116743,139.06922358234044
EK202310140835,155.73898100235834
EK202310179216,164.03165905140736
EK202310205539,156.99915874082956
EK202310196566,136.20219297571018
EK202310224930,143.50222440119174
EK202310120947,142.85955579869471
EK202310170902,129.1471699205113
EK202310235028,142.83278715021177
EK202310113734,147.70323049846917
EK202310204036,137.31581257546216
EK202310230642,139.0189946405079
EK202310131709,142.90673740937422
EK202310226061,135.4720192420955
EK202310175946,141.55895265876578
EK202310152205,149.63789766466945
EK202310188482,146.7308767484622
EK202310108311,128.11840641375022
EK202310191290,133.9229523980808
EK202310144489,128.30055296073948
EK202310172283,132.5276948395773
EK202310226719,146.02990096193165
EK202310159716,153.20075386612876
EK202310199594,154.0330134944389
EK202310173559,146.33523957756617
EK202310136955,146.3522922670259
EK202310116269,136.11933478858114
EK202310193704,148.306161349394
EK202320007431,163.4030367350876
EK202310132812,151.48459320288347
EK202310180739,145.57056648858585
EK202310174941,160.83206379155357
EK202310178926,149.2129214084479
EK202310194112,138.73349607081028
EK202310133210,133.6090485084617
EK202310192212,134.84223942734906
EK202310120175,133.88370864052254
EK202310139063,143.07420029386955
EK202310110816,135.22161713546092
EK202310133264,142.94492503000177
EK202310104140,141.14198909028792
EK202310162125,150.1110312484984
EK202310144954,136.24954801331236
EK202310169762,128.19743960424648
EK202310161221,155.73134810136702
EK202310216951,146.45671150708017
EK202310231726,141.71988316289094
EK202310149140,172.85787555176805
EK202310129051,148.23332575588609
EK202310134433,136.30123299851246
EK202310247557,160.36031354116548
EK202310231514,130.72106755195455
EK202310224127,140.74099942134356
EK202310126711,132.25407662911266
EK202310145914,135.4052241149775
EK202310147010,152.52751607185746
EK202310141199,148.78191602490259
EK202310163547,136.39639550499473
EK202310204148,138.26306667371176
EK202310159997,145.02442633940774
EK202310147517,142.13685278880908
EK202310120397,131.73035779050744
EK202310154029,141.60391593580235
EK202310208628,140.5248818992763
EK202310240529,144.80586061818448
EK202310119023,155.31772804399913
EK202310171849,136.62567164337932
EK202310180911,145.9815440605352
EK202310111220,137.93396084474284
EK202310155400,132.10248033558995
EK202310205379,140.71167306158762
EK202310151041,149.61894396712117
EK202310122951,139.9709641579506
EK202310196536,142.4919523891459
EK202310160766,138.44308162926882
EK202310209097,154.61293846363395
EK202310140289,127.6239589673379
EK202310133699,155.73696805644582
EK202310193965,135.0157505429804
EK202310201530,158.81242023382177
EK202310131280,134.00188199583246
EK202310225831,141.04442781277783
EK202310197460,142.5172493920745
EK202310225230,129.268799937214
EK202310158454,143.81957933310207
EK202310245266,154.95275798131402
EK202310175415,134.52626737551034
EK202310194223,148.35359005113983
EK202310199942,139.11011943782808
EK202310233835,144.04390402305347
EK202310220027,138.94741863274615
EK202310119464,153.42644119473758
EK202310179368,146.47962259134198
EK202320006345,149.36649750550703
EK202310124702,135.90871484035074
EK202310197937,133.56791320693233
EK202310159091,135.00338024199655
EK202310138888,135.00547513585815
EK202310216680,133.81490558023407
EK202310240252,131.3746652485887
EK202310175387,144.4585960744495
EK202310199869,131.23239192093337
EK202310140275,131.87530678761814
EK202310151577,132.21457516032268
EK202310130981,139.25463748689094
EK202310131764,130.6235630776433
EK202310121874,111.40664209360126
EK202310171868,130.53233040545734
EK202310140109,155.50683561823013
EK202310120574,130.37388559053707
EK202310151566,138.63425731193325
EK202310124827,157.88541677847178
EK202310120607,137.74556286676528
EK202320006257,148.46563929563257
EK202310220130,150.79028377939932
EK202310144885,154.744020820057
EK202310186525,136.65306651370747
EK202310219807,156.9822420623352
EK202310167657,137.65278762164016
EK202310123275,138.04976594219787
EK202310215234,153.05746000306544
EK202310146524,150.1934436628593
EK202310169940,143.97817572549445
EK202310243649,131.3877256987996
EK202310183687,140.9941964932828
EK202310130415,156.87219543715983
EK202310188385,145.53275235329173
EK202310158217,140.00717242300468
EK202310004449,139.22814992480951
EK202310193236,148.65972000950026
EK202310151651,136.33522360235898
EK202310106009,156.76187917029804
EK202310185711,136.9905217876176
EK202310104495,125.05483016381417
EK202310144848,155.28299749177287
EK202310180048,144.009903570066
EK202310137754,136.09920017416098
EK202310156546,162.3240736990409
EK202310137352,152.6486086065372
EK202310182441,134.15213637837203
EK202310208167,142.82783848200492
EK202310223871,141.32343487860126
EK202310172342,132.3336561897844
EK202310219366,158.04782906941483
EK202310196187,155.90310388287588
EK202310138150,136.92427870262946
EK202310172299,134.73325815998666
EK202310127364,158.5564043165922
EK202310139869,134.28337066496917
EK202310128954,136.57226543455698
EK202310146322,149.32575328841705
EK202310162849,151.3458303191358
EK202310181038,131.93456858627255
EK202310170175,149.87363547193166
EK202310112098,155.8886483433701
EK202310176673,141.10007094668092
EK202310139559,148.26216278549725
EK202310233592,147.63109275065543
EK202310224263,153.61400968660575
EK202310110134,135.81491881633045
EK202310226556,137.2922911568427
EK202310209883,145.8450719702729
EK202310231890,139.15697425792615
EK202310190968,148.83705158699556
EK202310136859,158.6899684712401
EK202310247260,133.85215949358314
EK202310172360,129.34198727219328
EK202310210416,138.15033342659115
EK202310227699,140.011922629701
EK202310213569,135.8577363368395
EK202310224874,132.8760647935245
EK202310169709,157.7714186915909
EK202310228257,144.99539078846414
EK202310141038,149.3517435450642
EK202310129192,136.92325213509056
EK202310107751,137.2612201046247
EK202310140717,140.35912599256017
EK202310228229,143.20841342749256
EK202310207072,134.54192290252792
EK202310202830,140.54960798491203
EK202310148905,154.78848484144416
EK202310127758,142.913549845517
EK202310178020,142.875036636032
EK202310193951,139.23676127816736
EK202310155292,128.66104940220094
EK202310144487,132.7456224341521
EK202310121253,145.45901844682695
EK202310148088,146.33097539969506
EK202310187124,133.37209833895386
EK202310229693,133.97765342082928
EK202310201484,146.54189580778186
EK202310129571,138.6857935039944
EK202310125950,146.0834515963789
EK202310185603,165.0810645476307
EK202310114453,151.72849653710534
EK202310117950,165.35577123040736
EK202310119043,141.2156897451431
EK202310198703,179.72492206756831
EK202310140299,134.7897589227239
EK202310135296,161.02672854135687
EK202310107227,117.75057588596688
EK202310240359,153.7286982754614
EK202310240921,131.8988022251633
EK202310128737,138.27664632970934
EK202310124258,135.90528713451675
EK202310220986,127.74841041859197
EK202310120232,152.31036579750534
EK202310164246,139.22082606337085
EK202310179029,140.0058626933988
EK202310162108,178.3289561095742
EK202310117566,132.38546974574555
EK202310232452,132.2879375766546
EK202310199397,160.8989747022345
EK202310150619,153.67421266802916
EK202310112912,136.4323031558951
EK202310196213,166.54552726360745
EK202310128306,137.43490206163452
EK202310186545,141.79793315518552
EK202310245338,141.59062447466675
EK202310126833,145.7521904601398
EK202310183324,130.32107286666619
EK202310206548,142.6757297981716
EK202310162684,141.32737759788594
EK202310158471,155.02746804707752
EK202310237583,134.77791222290034
EK202310142976,138.99069225420155
EK202310181877,160.0011645136313
EK202310193411,133.9546004981456
EK202310140403,124.83519847635887
EK202310223571,139.02511484150557
EK202310200630,144.00697098876188
EK202310219428,133.81872953048364
EK202310149680,137.54595081575238
EK202310109895,145.7827973767073
EK202310204098,153.68819865339407
EK202310177412,155.6330090059648
EK202310219692,128.774350245173
EK202310103878,146.33973440016493
EK202310193630,146.55323031569384
EK202310109504,137.32203713041127
EK202310109364,139.03473615348793
EK202310239283,143.10734415157478
EK202310104478,133.19443892258013
EK202310204048,152.81271970547562
EK202310159059,147.59166835768582
EK202310156030,151.9014167216368
EK202310245545,145.94775611586797
EK202320007416,162.8316751348738
EK202310221846,146.39348003433534
EK202310132308,152.00894052794152
EK202310197059,125.04272162153767
EK202310234332,150.37906183266145
EK202310194822,177.74341445140578
EK202310148932,133.18208850059673
EK202310128434,141.44317256897094
EK202310238922,132.34682593029206
EK202310114232,155.86309786346536
EK202310175005,150.7341087502638
EK202320007002,162.3333667745725
EK202310197439,140.03936621759442
EK202310236355,131.98321718643516
EK202310003833,136.29708312491246
EK202310204832,142.54777783378742
EK202310004506,134.57680833997836
EK202310121065,147.8732257879525
EK202310127094,179.09722050192875
EK202310213840,154.04749001268323
EK202310114333,138.24183689492475
EK202310145274,169.4450574815136
EK202310222042,134.57165234459174
EK202310213433,134.39795780466625
EK202310146144,134.20635170207888
EK202310204047,139.2670371094222
EK202310212828,144.81395496178618
EK202310138593,136.91895122164266
EK202310226806,130.5698530092469
EK202310208095,151.56284417958793
EK202310114814,136.2511176249823
EK202310186543,151.3742189337442
EK202310110336,134.48046516821393
EK202310167478,145.27873189655023
EK202310236430,132.50329718814615
EK202310217023,134.2893634435028
EK202310153953,146.08776959335
EK202310230502,137.6500749986957
EK202310247381,139.02440723722822
EK202310208704,147.03738629428798
EK202310139824,127.70941537789729
EK202310197168,136.15803131466834
EK202310128080,160.45511374624937
EK202310123269,146.8874300615783
EK202310121955,141.71851136577712
EK202310161214,147.3966695998011
EK202310133556,137.91732284394658
EK202310197481,142.85009517317172
EK202310246538,129.70352240824573
EK202310194330,149.78039782049046
EK202310178652,149.6823039284067
EK202310209776,150.58416250522237
EK202310242382,134.6863531025704
EK202310234518,144.08342024321055
EK202310217553,137.0983653454389
EK202310003369,130.2666785514103
EK202310207859,133.1236257846585
EK202310215266,136.50511516365103
EK202310191942,150.64170685346974
EK202310113737,158.7976354076621
EK202310128655,151.19830128070504
EK202310248203,133.27187983057996
EK202310170678,149.98997702255016
EK202310225376,148.6289045949793
EK202310198236,129.63639307865756
EK202310138567,142.3806219907701
EK202310148635,148.4013137084766
EK202310121362,142.04716381461205
EK202310216537,154.46672239890935
EK202310244010,131.656168461326
EK202310199391,158.77710069710147
EK202310150957,144.2195537736552
EK202310160956,154.50682230940185
EK202310234204,131.3220030466169
EK202310230587,153.87950522962453
EK202310212166,158.58167033021897
EK202310164638,142.4348128982819
EK202310157872,154.53443762487197
EK202310206238,163.63073240083185
EK202310137733,124.83127393223323
EK202310123238,131.59594884450854
EK202310201665,134.09162549976264
EK202310150077,129.35608735181026
EK202310140491,119.78265042159775
EK202310183010,152.99457388911932
EK202310168338,139.6174272553104
EK202310146731,146.64956064967456
EK202310201575,133.15949546246839
EK202310151646,129.9674137500654
EK202310110613,143.403778584893
EK202310107412,155.0566719266061
EK202310110590,122.58474608771903
EK202310127237,152.31531610919876
EK202310217513,145.86893338557897
EK202310148694,159.78475354515268
EK202310223185,135.79409310181254
EK202310172511,152.93416031675272
EK202310219014,144.67383386593175
EK202310134780,142.28136926357612
EK202310117915,130.15062345148635
EK202310153389,138.48120005343128
EK202310207296,144.45643706624605
EK202310132494,136.30559277102867
EK202310187803,137.6522823016226
EK202310233954,145.7738155452187
EK202310119049,131.5464316563811
EK202310243256,136.64573356163356
EK202310244548,128.0125633676674
EK202310240124,143.63123044314656
EK202310148734,143.78674763596442
EK202310131233,132.54252065905985
EK202310220058,137.52089330313098
EK202310217202,146.52428207014023
EK202310179774,139.00435238394886
EK202310227794,137.83260229886517
EK202310132105,132.39467735209337
EK202310177761,152.78654498780026
EK202310227840,149.64598177085554
EK202310169016,140.36724016154795
EK202320006837,166.03806746573753
EK202310108574,149.47834444570506
EK202310190548,138.21746164961533
EK202310109486,138.29943754707668
EK202310200259,154.5024652735772
EK202310162701,169.12322722215836
EK202310160336,132.12074596430543
EK202310212709,129.5877309942596
EK202310226725,134.50052025302415
EK202310158681,150.2287482416875
EK202310107964,147.65336441253112
EK202310235518,146.23688823240443
EK202310123552,151.18676205574903
EK202310201865,142.69593463016884
EK202310145317,149.9815366559369
EK202310183030,158.0652201022913
EK202310200118,147.8669117010491
EK202310114422,153.19746648538958
EK202310157848,126.85072835454991
EK202310239370,141.911970925733
EK202310131836,166.63881945113195
EK202310143421,134.22501969601586
EK202310205485,136.14549936885848
EK202310168662,153.8513432267931
EK202310154586,174.5481517004304
EK202310186744,143.12401132177234
EK202310233340,135.6477502526546
EK202310239910,129.89861637143372
EK202310245136,142.6564821614601
EK202310149851,170.46393237691018
EK202310149779,146.9950285286992
EK202310228990,140.2157907705862
EK202310242178,159.9593845775822
EK202310133873,177.1020741937679
EK202310164264,139.9397465690685
EK202310231632,138.7022419153064
EK202310144424,139.4081261615057
EK202310112760,138.54204880431675
EK202310212956,145.54051318269984
EK202310145964,141.07779439253028
EK202310126563,125.94080208765848
EK202310109694,150.35111607059454
EK202310128490,133.82953475797584
EK202310180704,168.3523002234216
EK202310126998,142.44530083404825
EK202310112115,134.70375035149243
EK202310209159,138.28501822122382
EK202310191498,137.30905001670538
EK202310216436,135.10193177780857
EK202310163197,146.41587324252004
EK202310151701,143.38359180163496
EK202310110130,132.66087411036597
EK202310226705,139.6821989027813
EK202310139340,161.16816506080932
EK202310110862,136.884362829304
EK202310127381,168.94411115572825
EK202310202546,171.61854183340753
EK202310225643,144.85699533014454
EK202310213096,139.38749194625814
EK202310235079,144.95168601011935
EK202310109108,168.95138237151923
EK202310225137,146.63505663730453
EK202310187484,147.63745105889257
EK202310244698,160.72963907011265
EK202310182643,147.13090904676415
EK202310172470,160.09776497904073
EK202310202542,126.23193250801832
EK202310240368,139.03101626271683
EK202310103843,137.85958740019294
EK202310219530,137.89224935833337
EK202310176306,166.4563901519896
EK202310239841,144.90929704926964
EK202310216087,143.36661411740792
EK202310153817,137.09621589649046
EK202310170433,133.24737091214
EK202310219831,141.68196536256977
EK202310232545,148.2935716347945
EK202310128070,158.8697377344158
EK202310160215,146.1456732478028
EK202310233605,140.94900083292148
EK202310004309,144.6126172066559
EK202310162940,145.37988714338388
EK202310229901,125.11536251918106
EK202310155025,143.72529010533012
EK202310127004,143.97338480862123
EK202310247408,141.93800600438502
EK202310202128,149.6594312106432
EK202310178091,131.63734894607342
EK202310123328,137.01691381386522
EK202310228444,131.0220918697045
EK202310156135,148.31663761223783
EK202310164582,138.39117838950807
EK202310120354,138.31879389014952
EK202310225755,151.848894917098
EK202310242750,137.023343135672
EK202310142998,147.66428821857494
EK202310224125,145.99364750439418
EK202310169891,153.6837610723866
EK202310115679,129.21148055739317
EK202310198800,173.74625155741248
EK202310105498,143.36407665803756
EK202310178156,153.77371784268456
EK202310186930,157.42503009901523
EK202310133899,143.87238929017144
EK202310156394,149.2262899418776
EK202310122250,139.26681582499012
EK202310148614,139.0946097347998
EK202310195974,153.36610082403087
EK202310140125,127.52116288676731
EK202310210027,156.18340241997632
EK202310123730,147.66798928978983
EK202310116187,134.0253645149518
EK202310159940,134.14986908969357
EK202310120469,131.7823388890593
EK202310153614,142.154067586724
EK202310233640,129.40723738213828
EK202310185515,153.20780099380866
EK202310205120,154.14533756607761
EK202310178305,152.32178061473337
EK202310184917,169.4521003033893
EK202310194354,153.9125397843295
EK202310171208,153.8089187342324
EK202310154255,166.42379673990993
EK202310245884,136.9133704040655
EK202310179361,135.61185092025573
EK202310181720,163.59330799271015
EK202310198136,151.43595039933564
EK202310123723,147.74773957444455
EK202310162489,150.80036586694885
EK202310242175,150.67626349376593
EK202310224905,144.39933557372012
EK202310248091,146.28222217775235
EK202310123593,154.3907383788585
EK202310183684,132.45555290604668
EK202310235351,144.31985021138266
EK202310169872,136.6376978781411
EK202320006484,166.55026310528683
EK202310199450,156.89769932096615
EK202310109127,139.42576168432686
EK202320007711,162.8790071258452
EK202310156432,130.90591882465654
EK202310233998,145.85357494646007
EK202310128218,134.00452106648055
EK202310121076,130.51802645258047
EK202310161013,136.51876022522887
EK202310116233,146.03489964970404
EK202310172825,139.3677931522721
EK202310126048,165.5812430428739
EK202310238467,142.57682590437366
EK202310172112,141.20419934718998
EK202310105094,148.77008709212149
EK202310228653,131.7980803402264
EK202310166974,150.9700333781508
EK202310236937,126.92554575114092
EK202310155066,137.35290905483743
EK202310110822,140.85722993239335
EK202310117204,141.77890949099725
EK202310124699,140.8915422282355
EK202310201420,141.82525452630188
EK202310193066,152.13816241576512
EK202310103851,131.00160406082802
EK202310107858,134.28233160011243
EK202310136568,150.23893860701128
EK202310108975,147.22854798022712
EK202310123028,127.62538802473264
EK202310124327,132.75792647997915
EK202310127718,162.51929700121275
EK202310155357,143.39774943401065
EK202310230360,138.0515890937084
EK202310107277,132.6766756279674
EK202310140418,153.89207273798837
EK202310205320,144.54541652372436
EK202310111068,150.48322885198036
EK202310199336,147.57829207779727
EK202310124051,144.981300445414
EK202310137534,132.3424878786525
EK202310134728,128.52837540496358
EK202310186537,138.96784436963918
EK202310212779,161.36913992786228
EK202310184455,156.21495048318002
EK202310243388,133.26228361325283
EK202310137422,132.0375622235724
EK202310241788,152.24398259487035
EK202310107922,156.9654489279393
EK202310193955,136.30144101236934
EK202310194721,139.09139407526374
EK202310146903,130.08250843253322
EK202310134637,132.3001334152087
EK202310115633,127.17344794927577
EK202310226326,137.4502224372124
EK202310191621,171.36567828543156
EK202310218537,152.4442123247005
EK202310140032,139.9805577223352
EK202310187906,162.15861600025463
EK202310160631,149.45894472005722
EK202310235165,124.91862243012721
EK202310226953,157.78129969826037
EK202310231462,134.76645168940843
EK202310131496,138.29381491928928
EK202310215576,169.55983237054699
EK202310122149,142.58491465345497
EK202310167024,135.72795376632445
EK202310201015,161.9969517600544
EK202310139845,162.69777518001928
EK202310206739,155.97334384065152
EK202310107474,125.62249103463033
EK202310212444,134.18453395302512
EK202310160242,158.66954487474305
EK202310151058,140.2434294502575
EK202310107745,139.97249814479633
EK202310180777,151.99282615320695
EK202310118200,134.52387256091004
EK202310110288,148.9273394678294
EK202310133962,170.33741311277086
EK202310209998,154.3737914676512
EK202310113961,142.45586974748446
EK202310125421,131.08790858765784
EK202310204604,134.99020318272457
EK202310120459,128.97621972142846
EK202310179318,164.69417441101825
EK202310188043,140.9431166635329
EK202310139621,148.3818013203152
EK202310223960,141.63785132246224
EK202310116277,148.2568201931011
EK202310173520,138.32761320204924
EK202310140244,129.6515218291837
EK202310172775,138.41832380286684
EK202310209021,160.6567165052782
EK202310137060,141.5649363871103
EK202310169472,146.2839293018905
EK202310220708,148.83908527151496
EK202310155346,143.76730889756627
EK202310203724,138.19696246846664
EK202310174172,133.35220070554584
EK202310127338,143.82175215104968
EK202310231177,134.6938373726513
EK202310110283,128.62103479837393
EK202310194192,159.6296969933468
EK202310179609,141.02720495230437
EK202310233542,169.2090528095087
EK202310223188,149.2506168791538
EK202310160161,138.6470891173383
EK202310142059,141.21883699539825
EK202310148973,149.16536292078527
EK202310185968,144.0844600114028
EK202310143375,143.96926598112148
EK202310223394,140.50452875608096
EK202310142935,141.76973188761016
EK202310128889,134.76633050497196
EK202310243694,138.03904524684074
EK202310168873,146.99730581675075
EK202310110255,136.53651020219036
EK202310217355,143.02908735097878
EK202310170477,126.25601209077514
EK202310126294,132.52226987733212
EK202310193447,152.3056816860222
EK202310208452,138.79797858735688
EK202310121117,131.3088487722372
EK202310188124,137.2763140611029
EK202310200744,163.31982079614843
EK202310246111,136.0941923828823
EK202310161343,168.42027875080836
EK202310174717,169.17496865562293
EK202310162592,141.6338700336616
EK202310199334,142.81951593422338
EK202310004427,154.52631529655332
EK202310128231,135.00054506868148
EK202310159198,136.30983407158215
EK202310190595,134.0932019793535
EK202310234887,144.90554175284126
EK202310230530,137.56226844019827
EK202310212245,131.07852374655053
EK202310247440,134.3532458029431
EK202310190679,150.70811867751272
EK202310215878,144.75744195925736
EK202310118270,137.39192942697989
EK202310109213,150.59496168044961
EK202320007685,161.04596883358494
EK202310125681,155.81647019923312
EK202310187523,145.59164516328175
EK202310185418,156.2364974649038
EK202310147002,142.83591623171355
EK202310171520,149.08737531713606
EK202310222521,132.36110800246826
EK202310200454,160.88549363397
EK202310121658,125.70963550539597
EK202310147902,146.42021516993947
EK202310204527,137.8737164243129
EK202310202723,135.7768024227373
EK202310149975,151.60227620487925
EK202310157163,141.04625630557177
EK202310125893,132.31963821353796
EK202310121387,135.6246847719401
EK202310151762,161.64266266473925
EK202310193998,145.56466426062553
EK202310106551,142.81114403620666
EK202310245044,134.20372494995226
EK202310207864,146.56381506569676
EK202310150519,130.8913538644353
EK202310180535,149.12841004372706
EK202310140574,159.28742158783052
EK202310152351,128.21715678155383
EK202310119381,148.75122399938914
EK202310144308,133.67082129414308
EK202310204920,140.91250527112402
EK202310169039,158.46013667191522
EK202310126992,142.80942768899612
EK202310165821,140.421211520272
EK202310218625,137.41015930631266
EK202310224581,143.4062565866878
EK202310104040,138.29009091255392
EK202310151985,150.86523262570537
EK202310151422,175.08623536533375
EK202310181497,133.536906596885
EK202310143064,155.94760595787344
EK202310115232,156.60054529692758
EK202310160598,139.9193137464535
EK202310153804,141.83346579613794
EK202310246991,137.09319142540076
EK202310205912,137.42182780859673
EK202310147949,154.7014224472933
EK202310147713,137.33282291964517
EK202310172130,128.38264933596065
EK202310193689,132.95297145661127
EK202320007377,146.79789982770146
EK202310234778,139.7438233680925
EK202310126968,143.20823755792796
EK202310168723,136.18180645624506
EK202310205210,129.76623720699376
EK202310236972,131.98438696055516
EK202310110805,139.36692568836716
EK202310110541,151.16383004803296
EK202320006784,144.38875776320185
EK202310169268,138.69039968862472
EK202310192717,147.25847960984052
EK202310134072,131.87604619364515
EK202310109817,136.59701441471373
EK202310111416,138.83731523247434
EK202310163760,137.15438278472868
EK202310206928,159.01017449976862
EK202310222806,157.80421468160316
EK202310245025,159.17254131067472
EK202310154335,135.61907766607115
EK202310122966,142.2945659930293
EK202310147154,154.8487940948437
EK202310161786,150.6715005175336
EK202310122057,143.017829146819
EK202310206279,157.06177069033095
EK202310241236,152.9576206167206
EK202310107469,133.86725081993987
EK202310236549,145.21498641090875
EK202310144138,145.0690198249014
EK202310212131,132.5948029673549
EK202310112701,145.94008886717074
EK202310163659,141.18984028360396
EK202310172713,139.21277221630433
EK202310175303,133.4686247560766
EK202310129678,133.45237360292964
EK202310204116,146.88689140183553
EK202310226565,146.35585567329835
EK202310177622,134.96060256537004
EK202310173275,141.7643125147513
EK202310108694,141.15588801410618
EK202310124863,138.9868935655813
EK202310209698,134.70880949666946
EK202310155502,140.06696575215165
EK202310160025,146.8992482505702
EK202310219991,143.4554377604732
EK202310229114,133.83079388040912
EK202310179717,144.48958937878675
EK202310112666,148.9267142268007
EK202310122607,146.59913629429857
EK202310203774,126.2816736751693
EK202310167012,129.10699389701185
EK202310177207,151.97059682431126
EK202310108755,136.44162217194992
EK202310235791,138.38696009564651
EK202310193173,164.52534927405762
EK202310226669,145.52409573505363
EK202310241591,145.99151979768195
EK202310139673,152.58637563430494
EK202310245678,142.50216180217572
EK202320005871,147.2653963247181
EK202310146553,145.5318291450967
EK202310110812,150.97682011212046
EK202310163248,177.5562697235251
EK202310198120,139.03987634684276
EK202310130383,166.47500873847378
EK202310165453,152.19937703739413
EK202310129296,130.28110857555703
EK202310114158,135.5571898759566
EK202310206093,163.5215001673756
EK202310178733,161.71789835944142
EK202310148785,135.73259615455336
EK202310182839,141.06587889081288
EK202310243137,145.0848014197659
EK202310180781,141.49277284536964
EK202310221757,171.39814347896953
EK202310247595,150.76759527063336
EK202310119239,148.32189131991976
EK202310174112,133.27315372429902
EK202310195036,147.42554159760508
EK202310139240,151.16376425897715
EK202310161228,145.96149436764023
EK202310124628,175.65598702687257
EK202310216201,132.56196533437816
EK202310171177,152.03121463310316
EK202310217298,134.53428353786273
EK202310105105,152.38208136096043
EK202310121917,116.49087447222632
EK202310175901,127.00304413196577
EK202310248632,136.5672733198587
EK202310168647,141.5216216458823
EK202310189433,154.4297394189487
EK202310219364,135.61210140002916
EK202310208149,135.61668874744956
EK202310115824,143.50345432151462
EK202310147437,150.28564738684727
EK202310131516,150.03184571251526
EK202310216229,145.9753664618503
EK202310143057,143.43003957852093
EK202310227618,136.19235662328353
EK202310105862,145.06581104639412
EK202310191429,166.41578211406426
EK202310114100,146.89149941164078
EK202310240658,134.84409275298088
EK202310221826,148.46242519138133
EK202310228005,141.1617260748816
EK202310114273,135.80850379893533
EK202310129611,148.3589354049598
EK202310106828,133.1188257240469
EK202310216849,145.34967727268645
EK202310217419,153.0620353244012
EK202310123260,127.20561255247691
EK202310189255,132.12914189041163
EK202310141612,149.21115101627777
EK202310115638,130.64001798358476
EK202310144626,154.39470791576647
EK202310128398,147.78554524359345
EK202310150599,149.5526286171642
EK202310209851,131.83274942955111
EK202310142306,139.0177710489369
EK202310151733,157.70415279429585
EK202310115665,139.24335327638735
EK202310144016,134.4161102473837
EK202310194248,149.79796178520942
EK202310221662,148.84900948035684
EK202310239754,139.2554848874849
EK202310183618,152.64011525529227
EK202310247966,127.8457516623294
EK202310144467,139.11733705549307
EK202310199980,137.09867239003512
EK202310147993,155.65127404872277
EK202310219732,144.9791443691239
EK202310201255,146.45236114295204
EK202310166834,161.90500032800898
EK202310188039,160.26975572843347
EK202310125812,136.30934780441072
EK202310149327,146.04603708359446
EK202310186774,159.49803152864308
EK202310131937,138.5355879027275
EK202310136858,147.00588429906904
EK202310194737,162.3961322080071
EK202310227116,134.00250123512404
EK202310188953,159.09660754800532
EK202310152825,172.46576123472727
EK202310233830,147.1425089161972
EK202310175569,149.21650678998745
EK202310127649,138.89346378239347
EK202310189873,162.95988554008787
EK202310164363,140.5046184435186
EK202310122930,128.9771436085475
EK202310159410,145.25072480494327
EK202310150191,127.02376107111785
EK202310174699,130.52105712050712
EK202310184344,161.79523643057394
EK202310142972,144.8834472554562
EK202310136313,146.9908485451795
EK202310159605,156.4644155816276
EK202310211606,134.6321545200223
EK202310194487,148.61366116352573
EK202310109553,140.9619394732447
EK202310121906,123.50424051995347
EK202310132283,137.60355980253468
EK202310156330,153.4996361016447
EK202310109685,143.82746916609986
EK202310166453,158.53883806428837
EK202310235141,137.38854755423168
EK202310242155,139.30633639099864
EK202310171093,135.98974587029
EK202310157094,153.52211233402707
EK202310157497,145.3209305244358
EK202310112679,137.53103460581994
EK202310201020,138.61871098642004
EK202310137760,135.33748297508268
EK202310152523,156.0295205250826
EK202310227728,132.37795908852254
EK202310194083,141.72921093518298
EK202310194984,156.6604366374295
EK202310145213,132.36935977760163
EK202310216337,136.19263936394293
EK202310189326,176.67109785229746
EK202310145361,127.42084946262297
EK202310209596,132.0293113467987
EK202310147914,157.01212222995
EK202310210977,135.55180877989812
EK202310169601,128.35475244065972
EK202310218627,135.1873469085203
EK202310222818,139.8064031202262
EK202310175529,144.60569233035125
EK202310201612,161.3291712361644
EK202310174062,147.05232466725397
EK202310223170,131.53186695402104
EK202310225186,147.1349501209886
EK202310243838,150.73512987732101
EK202310241520,138.2466539419523
EK202310166518,134.53845453849374
EK202310113920,145.31001213136193
EK202310164784,134.24165033863858
EK202310159164,144.50641874566026
EK202310149463,155.13880549446068
EK202310227499,148.8925075538424
EK202310217794,140.13893963597772
EK202310225560,144.5521960598045
EK202310147201,153.00307135042365
EK202310128156,146.7634109132313
EK202310115240,139.47856975950117
EK202310238532,130.4562104780696
EK202310183846,147.51439118157094
EK202310144731,138.27333383622036
EK202310162390,135.01554779729994
EK202310197431,134.84946368510782
EK202310105951,128.6938532700132
EK202310204990,143.12028856503883
EK202310210191,136.58894971803485
EK202310126933,132.1001063367776
EK202310202480,131.9012106174746
EK202310111923,133.21321140641834
EK202310119216,141.2072251044704
EK202310157432,151.95643136508892
EK202310177567,147.63061993715078
EK202310131552,137.57992890563153
EK202310179248,148.18615336958763
EK202310151456,158.3394363324306
EK202310168955,144.68885507716584
EK202320007813,157.21379552243837
EK202310117010,133.23997038983595
EK202310151990,151.97407459823563
EK202310125852,141.31916756379653
EK202310136345,141.15939990576783
EK202310107482,146.26223404532874
EK202310136674,144.0475057256819
EK202310162359,156.2590121097842
EK202310130813,130.42814534142693
EK202310242095,148.46951068461289
EK202310112314,141.2980605358302
EK202310234433,130.77720322074694
EK202310202458,141.5707926437697
EK202310129103,156.24659009084937
EK202310177132,155.30614857814538
EK202310242050,152.5352830761479
EK202310232456,137.7787591754639
EK202310200214,163.34181616023162
EK202310163472,165.4773457297208
EK202310185311,153.75676319555146
EK202310228179,137.69664349935536
EK202310130371,139.55211051873357
EK202310179660,143.05325383451054
EK202310190711,150.3769249872555
EK202310246542,142.52247490578358
EK202310231496,133.98945876906436
EK202310222179,138.2481569385925
EK202310132158,147.64003505437154
EK202310167423,159.09426244999057
EK202310201349,170.92620671795345
EK202310142224,133.29019733825982
EK202310179938,143.76246849146818
EK202310223135,135.15571218768682
EK202310205817,159.3644524253063
EK202310246593,146.33430674625995
EK202310176304,149.02454658102292
EK202310130059,133.78082648129785
EK202310111192,150.75829274043647
EK202310165881,140.75164834551754
EK202310127812,152.6794559406739
EK202310190156,145.07173774216898
EK202310216483,136.93864292102805
EK202310144414,138.59844040268962
EK202310132901,123.57753085796529
EK202310154231,133.6254541546178
EK202310145897,145.33994548152742
EK202310209392,141.8230481576185
EK202310178084,130.8558895033553
EK202310125343,132.7110644891945
EK202310146816,143.9551866249563
EK202310155084,143.37944094200049
EK202310168900,149.48161262118094
EK202310185047,144.23435185815381
EK202310237486,138.49072282322507
EK202310203671,170.98751322153942
EK202310135522,150.0583154921647
EK202310159093,139.52180389520072
EK202310189257,132.67746005297792
EK202310177736,143.44689993991256
EK202310105312,140.2261226419593
EK202310242607,153.68651382452404
EK202310206314,175.59108837154352
EK202310125578,134.19020829977964
EK202310217187,158.72795230162663
EK202310239344,122.72072645003378
EK202310148598,130.74634997708233
EK202310211006,146.00586820882876
EK202310141573,148.66810952755634
EK202310208369,139.02677553835508
EK202310143928,140.46084330834813
EK202310149152,145.06285502623425
EK202310150945,132.86729157725077
EK202310158400,144.17957821178018
EK202310117629,135.28180897548663
EK202310104031,153.88768037007677
EK202310110083,136.4544366530585
EK202310178368,140.40266702985906
EK202310119686,140.12761263864982
EK202310143618,165.04818512141074
EK202310120487,134.6711629113913
EK202310219395,135.02873457169244
EK202310112376,138.12143260411221
EK202310201306,139.8524628838989
EK202310228811,160.52486702955989
EK202310171144,139.27025369792582
EK202310196110,149.40101748535776
EK202310115076,139.5737606838782
EK202310106850,127.27430154297741
EK202310224133,138.7868693402102
EK202310138595,131.87680980648705
EK202310197537,136.99857453288467
EK202310190665,140.5705462192038
EK202310148759,147.8504307107095
EK202310243283,144.87400193706134
EK202310159395,156.99489598702064
EK202310114620,136.70173656928344
EK202310111786,146.38499003053226
EK202310179340,135.62173006548022
EK202310246360,141.3918683040635
EK202310165546,122.42488327576987
EK202310231626,134.7359410336167
EK202310154298,142.7200861840419
EK202310234468,133.1854752289151
EK202310216859,164.8127026116471
EK202310159904,163.7334928617652
EK202310122874,147.3039328970155
EK202310226448,135.47583199391445
EK202310109658,134.87120428282665
EK202310248327,140.7191015026829
EK202310240275,129.8950358901185
EK202310160292,128.80030289755868
EK202310130749,135.09327161865494
EK202310208708,140.30741483028044
EK202310184600,144.95073288923837
EK202310136202,133.96975503688776
EK202310118993,140.60985290492442
EK202310135570,160.81183489332983
EK202310144234,135.9323170949401
EK202310232831,140.40088179371747
EK202310190714,121.5594074089491
EK202310237590,152.7091280717781
EK202310105068,133.09261450447806
EK202310233087,128.70390721379525
EK202310174797,147.99722235582237
EK202310241325,151.3779682949569
EK202310003548,146.95987555974466
EK202310226491,143.7911144249443
EK202310111356,138.49524658807266
EK202310246019,142.4506101344262
EK202310104422,139.50642186104878
EK202310140919,130.8853557448787
EK202310247367,141.9877842587587
EK202310108141,145.63697435531486
EK202310202875,158.08296077963965
EK202310132953,128.25581863243718
EK202310163551,151.17293108151821
EK202310155719,137.86743571181722
EK202310128169,155.49280179926131
EK202310227798,134.10954178109787
EK202310112895,151.27260509283258
EK202310110637,139.5629054980858
EK202310111099,159.22310064210183
EK202310160891,141.03043439364015
EK202310174833,140.35282854417437
EK202310133014,131.76997731643232
EK202310229258,140.08059129202462
EK202310191591,141.28584329752886
EK202310190178,142.80339236833987
EK202310227882,140.87363514579627
EK202310248423,150.17344942333838
EK202310199669,164.2095295857866
EK202310178419,142.15228697006222
EK202310229489,133.55452858482906
EK202310109158,147.49204647746245
EK202310167700,145.09052043379128
EK202310183769,138.69724092552266
EK202320007189,157.549739379129
EK202310119946,142.12986939795593
EK202310171685,155.91907211160728
EK202310237171,142.92409880698682
EK202310114451,133.28318151968938
EK202310200193,146.17060484066602
EK202310211187,132.75447998866906
EK202310163649,141.14973579050286
EK202310128906,143.4619113146649
EK202310155349,159.84728039644074
EK202310226103,138.3393977411727
EK202310130867,129.471321992529
EK202310144735,136.56510583585361
EK202310131002,128.10081861915688
EK202310147837,156.6161822065136
EK202310182788,133.922373782728
EK202310130743,133.36862549103148
EK202310195554,156.36748133875278
EK202310111296,147.44962952048414
EK202310109329,146.91876760668336
EK202310003505,132.79410846334412
EK202310182130,148.3445602270562
EK202310158028,149.57887665714625
EK202310156165,148.4832046303872
EK202310210442,136.2105925025545
EK202310182184,154.0364185432118
EK202310198996,129.70453181924972
EK202310141171,136.37333423931364
EK202310223224,138.62848685805156
EK202310186527,138.66305729569405
EK202310155114,150.05522319213637
EK202310176069,159.46936032605086
EK202310129120,147.65305713035409
EK202310189707,135.99763882479172
EK202310116275,140.23768096668866
EK202310208833,146.37397545961858
EK202310197309,151.95309110930071
EK202310213895,150.09455481800998
EK202310208737,144.6458616465847
EK202310200447,128.62125119286006
EK202310152283,156.86261992264045
EK202310220449,148.50387098169648
EK202310110949,135.7352835564725
EK202310209106,149.6172725118633
EK202310223835,142.81585843267433
EK202310230881,146.76242409626389
EK202310122186,148.65667610700544
EK202310170304,153.6380770890551
EK202310193993,154.9466461839201
EK202310141761,151.30856580030243
EK202310127568,135.71452064279993
EK202310128895,144.11594431243256
EK202310228433,133.61938114938206
EK202310118632,136.6089772437433
EK202310104226,139.57694934560547
EK202310164491,158.11306541792675
EK202310216438,138.01602986542858
EK202310214077,159.0513986716872
EK202310247400,167.15461013206877
EK202310174422,148.95657786941229
EK202310122877,132.85848205511806
EK202310128301,155.47692497584364
EK202310121029,139.92899004966932
EK202310156904,133.11970958388255
EK202310228463,149.33781440590764
EK202310197399,137.78005748124394
EK202310210314,134.0130351993833
EK202310114247,139.6268525449472
EK202320005931,161.96777941386168
EK202310129928,147.43187165441574
EK202310213491,138.9740730860904
EK202310117524,160.28566140710436
EK202310118755,138.2897622657235
EK202310184404,133.89743786757472
EK202310227256,114.82517718234266
EK202310179166,130.16483345688422
EK202310136432,141.59036481350162
EK202310176274,139.22295316328783
EK202310151297,144.60950611755678
EK202310125109,136.39939552817947
EK202310116780,134.11709212326406
EK202310135569,131.54430371580935
EK202310134565,135.2323843308846
EK202310186448,144.07499245024275
EK202310178115,132.49758014449313
EK202310113148,157.25971307631593
EK202310228489,129.24822913109833
EK202310179723,140.71589204384674
EK202310157269,155.59851384400727
EK202310199275,134.6540001301171
EK202310233646,149.0021297445053
EK202310154900,141.9682147541473
EK202310140705,137.3491267098384
EK202310148303,136.30117653063394
EK202310216595,143.04244237230054
EK202310109916,134.61159834906132
EK202310115675,136.69683136173882
EK202310155830,135.00184482572297
EK202310218005,140.47914712182308
EK202310141563,149.60320870452983
EK202310228213,168.09869525434476
EK202310212791,137.76679780092866
EK202310194782,156.99087141358476
EK202310231645,133.2099544811562
EK202310241926,150.4797694338281
EK202310210213,130.1383625092142
EK202310134817,132.46493254378436
EK202310133386,143.90372754386414
EK202310142531,146.50867446408216
EK202310187663,156.95709908711876
EK202310117777,131.27397313164877
EK202310158245,138.34553619571759
EK202310195137,138.63922098350287
EK202310142488,155.75665778766327
EK202310187991,145.49854839443896
EK202310150662,141.88482183083514
EK202310217688,136.5023189169636
EK202310179171,139.50111217054973
EK202310127405,156.4336820819396
EK202310135392,151.08228106454064
EK202310171859,131.37484664642582
EK202310105858,133.2033196817386
EK202310158319,161.5088429904924
EK202310230414,142.44605681356637
EK202310118707,146.8725949090485
EK202310128139,147.74669578739577
EK202310186693,156.90408130367078
EK202310179495,157.3526000729475
EK202310199992,134.06864209671156
EK202310107900,139.00722367715528
EK202310139759,132.64483776948447
EK202310109278,141.41892374864742
EK202310126409,126.61901966084119
EK202310207784,135.9537642225752
EK202310236292,137.75191080109101
EK202310154556,133.5263276819471
EK202310134873,141.10854024546282
EK202310132640,142.15900507226226
EK202310228961,131.43661003028288
EK202310185810,148.14443027528353
EK202310149986,141.73764104314333
EK202310131518,139.5004891521977
EK202310121880,140.64805309904304
EK202310191180,160.96511594132804
EK202310177003,153.4172701712832
EK202310215011,162.4576886645833
EK202310146470,134.6294253392794
EK202310200272,146.00993487623927
EK202310172780,136.74884190398495
EK202310225929,140.97518190476347
EK202310145639,139.63900935805688
EK202310246707,142.83282650677967
EK202310196529,125.58176508439325
EK202310232839,135.70142611912038
EK202310140369,143.04990110870818
EK202310141325,152.26962211278823
EK202310151532,169.4580206746135
EK202310217721,135.8111728468945
EK202310189960,161.75641548022526
EK202310132726,135.24158268072205
EK202310182587,147.62194219932658
EK202310216789,150.9483512350401
EK202310187849,152.92169399505485
EK202310234305,136.3092718302316
EK202310142640,135.99698478884198
EK202310211367,143.21992450985425
EK202310237820,138.18297848508274
EK202310128311,137.95889551674202
EK202310234908,137.61369936633713
EK202310104928,148.50002771185245
EK202310124402,132.2884095639197
EK202310170954,132.05603380917194
EK202310238908,147.73423891175426
EK202310138176,133.96241665317106
EK202310150598,158.20013515974577
EK202310108952,152.80840607018953
EK202310147721,133.31941965223066
EK202310164148,147.83738364778728
EK202310164879,137.396256174573
EK202310170715,150.22234334912423
EK202310169418,133.41587093057828
EK202310133466,140.24581305379348
EK202310133903,133.41171278055478
EK202310204671,150.06358290567698
EK202310156209,143.06097186025443
EK202310243873,140.9043758294409
EK202310134929,141.11947844886086
EK202310216695,134.8082929406019
EK202310158237,135.8633093288648
EK202310194292,140.5788357185411
EK202310103856,167.6306560784741
EK202310126627,166.95988731346725
EK202310121161,127.63954110542682
EK202310191392,147.8311355771104
EK202310245531,126.670656787599
EK202310126763,142.2240592489001
EK202310161498,151.9684696848334
EK202310112456,155.51353447439507
EK202310191483,137.83115153755
EK202310140746,136.73588961939734
EK202310175247,138.0894334916594
EK202310112978,142.70585051175087
EK202310115781,135.05230951419932
EK202310150028,131.8289827675266
EK202310204581,149.40931600493107
EK202310137480,141.03304327512575
EK202310191514,135.955979970321
EK202310201678,148.14756172362732
EK202310117265,133.25957971169643
EK202310112369,131.36725241949955
EK202310208647,157.28997597044753
EK202310142602,133.64450833398905
EK202310113073,145.46768477825026
EK202310149092,129.67507407868237
EK202310162989,132.2103071192088
EK202320006610,143.3844295943363
EK202310177443,134.13829846289485
EK202310104850,118.7826277066937
EK202310126368,131.09319078236047
EK202310248204,139.75932922158563
EK202310190956,139.51729738707343
EK202310110980,131.9296339418882
EK202310154273,148.34111911483285
EK202310242223,154.26749206958726
EK202310117698,134.30122237669735
EK202310195417,160.4563807702548
EK202310145942,126.25240113178546
EK202310152887,163.6065723386593
EK202310169297,153.99383741128852
EK202310221863,132.31323774197796
EK202310199131,144.42561814971418
EK202310185529,142.18653108277806
EK202310113311,132.5121873421716
EK202310209762,142.74763797661592
EK202310164806,132.48706146268546
EK202310134642,132.2052682122372
EK202310146968,151.7428050600878
EK202310107027,141.31194184372373
EK202310226716,142.94172102194202
EK202310243795,144.2137950414158
EK202310138740,137.18281779914565
EK202310144607,131.2123668109664
EK202310244471,141.3574078089133
EK202310159052,159.42061788868625
EK202310123055,136.81242089654293
EK202310113885,142.92095549709583
EK202310199531,138.2050958868272
EK202310236118,130.839658101268
EK202310137888,138.46171211025174
EK202310215531,147.13104684012123
EK202310185054,143.4673413808225
EK202310129573,141.64835025200162
EK202310163633,147.66690433434687
EK202310202282,149.76642341540148
EK202310143694,136.01742161473584
EK202320006080,163.60987626767655
EK202310232132,140.8935013694555
EK202310138363,153.96640709496813
EK202310193434,142.9374635218302
EK202310175511,139.91469896897505
EK202310133748,129.31923793659868
EK202310106718,138.6752613329228
EK202310188899,150.53600382691062
EK202310232574,145.90735489068848
EK202310212172,140.25997295521807
EK202310190446,132.9470148119275
EK202310113384,130.24127890309654
EK202310181368,162.60449435935521
EK202310003999,125.69598672467095
EK202310141115,150.45869781142378
EK202310109981,146.60294957822447
EK202310166769,135.30450131022457
EK202310138115,127.943997795554
EK202310128203,163.73662163443583
EK202310206649,138.06371346523088
EK202310110780,148.54158404723844
EK202310240635,133.65230046312914
EK202310190614,154.31374121056558
EK202310129881,161.73455248699358
EK202310127835,132.52889112955626
EK202310121093,121.92001660002354
EK202310150408,125.56023052794521
EK202310164894,144.78277810830926
EK202310109584,132.06177412682473
EK202310173464,144.44226374423877
EK202310204837,147.3317143114634
EK202310152348,167.87326191709062
EK202310164097,140.1648869645954
EK202310127163,142.23803510810913
EK202310244695,155.12417969756837
EK202310229812,150.98205056490323
EK202310134538,133.17286517336348
EK202310210536,150.1268665679683
EK202310140667,149.9677192995602
EK202310141775,138.99851440427904
EK202310214180,137.51309459492572
EK202310164023,141.3832869597164
EK202310173588,135.1782977006868
EK202310170905,128.10034337672764
EK202310114396,149.24206506648082
EK202310183841,140.73978238355872
EK202310201453,146.0087945543013
EK202310113439,144.3729829270366
EK202310238212,134.88409943908306
EK202310127261,150.49047918653773
EK202310238188,137.49911827479906
EK202310206294,155.17990580622828
EK202310144833,146.05663247862432
EK202310211732,127.42708518549333
EK202310224752,164.96160190559374
EK202310193699,157.70329390492427
EK202310143520,152.09533644624074
EK202310115211,135.39632028242198
EK202310164360,149.55963451078009
EK202310117381,140.04945071707232
EK202310229483,143.4902014217078
EK202310188649,147.52486695532826
EK202310200724,146.028790251511
EK202310144431,172.62735560401305
EK202310133572,143.48067875117565
EK202310208802,131.23539455398776
EK202310248659,134.06845408247375
EK202310131585,138.84199995107363
EK202310233777,175.16583837095817
EK202310129212,131.9839000702492
EK202310155799,147.4992815265391
EK202310229572,141.88554282375117
EK202310128875,130.75835535392596
EK202310148223,159.02533130317025
EK202310142900,161.22373167971418
EK202310183384,148.74877401303291
EK202310111421,138.65536791827293
EK202310212086,139.65362501088632
EK202310239476,126.90037371739419
EK202310131957,150.72870495199794
EK202310204264,167.30127151286206
EK202310178704,149.46530111369754
EK202310227864,129.20123995990122
EK202310169538,124.17540817761126
EK202310173784,182.61536414703792
EK202310216416,153.33311764185171
EK202310196443,155.0932540000566
EK202310214690,146.6691595936287
EK202310224533,138.23972413715856
EK202310171089,149.85027433145552
EK202310213256,151.9094209504622
EK202310136488,140.63108557414566
EK202310199625,139.06758917804322
EK202310171589,144.26860854323434
EK202310226351,136.2213235046448
EK202310106984,148.90196895586683
EK202310212070,134.8718968320366
EK202310183076,159.52365614785003
EK202310232081,136.80364228873842
EK202310126981,138.36718771841709
EK202310154523,155.2413851217849
EK202310184085,136.5970450905784
EK202310170300,152.8823927426035
EK202310218531,154.63233220951327
EK202310206452,164.468922717894
EK202310004184,136.9031662346748
EK202310177618,134.63167054571016
EK202310222352,131.70375605203498
EK202310106506,132.453100024298
EK202310186819,145.3570063738406
EK202310140723,126.68239774609545
EK202310238611,140.42900461084236
EK202310120555,131.5399424614193
EK202310147094,136.23431151504377
EK202310155462,148.08836798974062
EK202310105723,141.18889138901986
EK202310136398,141.69246326732974
EK202310233819,150.03408993866768
EK202310133289,139.60402472451463
EK202310230003,131.8044932157476
EK202310144991,158.46560612685983
EK202310172964,151.659258333273
EK202310238178,150.2282901888814
EK202310126938,160.50181466215383
EK202310231506,126.36574832245829
EK202310190088,145.85239489769265
EK202310172578,151.1676983479535
EK202310153732,140.7651051893046
EK202310179604,137.73760551553457
EK202310129682,129.82643519783088
EK202310143507,140.2461393913157
EK202310155560,145.73398544712373
EK202310127202,165.51352492174638
EK202310143252,141.16291058453885
EK202310217653,131.74480059171302
EK202310173062,160.59405481815102
EK202310105294,138.7575175773329
EK202310117821,130.21550169661103
EK202310215199,133.5992558938359
EK202310241483,139.84141716600547
EK202310174150,149.98415513860257
EK202310219893,151.42804853290835
EK202310219552,135.7443882889866
EK202310136028,131.07796431183573
EK202310225636,135.05031459117336
EK202310150738,147.54211082394454
EK202310176837,129.88283166284748
EK202310172368,137.245880754575
EK202310184904,151.8865359057157
EK202310191265,150.93411600769608
EK202310144201,134.22672037556822
EK202310139926,139.3981151982778
EK202310133343,157.07685703852073
EK202310193942,133.02495467234036
EK202310181626,152.37842793627343
EK202310138065,134.10451398630025
EK202310175111,135.86043563640408
EK202310242001,135.0938707830893
EK202310160431,135.42488663093945
EK202310169578,144.891933530174
EK202310137385,141.68414945210634
EK202310136468,146.77983195215478
EK202310158374,151.3943891745627
EK202310108318,136.43548602700562
EK202310122270,131.37122809390473
EK202310144491,164.07750275876882
EK202310123031,137.03378427320465
EK202310155418,141.33938148716436
EK202320006341,155.10869818659043
EK202310110341,136.448745847635
EK202310103961,154.71126242944365
EK202310003695,163.37253144873335
EK202310200040,134.12003914481554
EK202310119278,162.75159537953573
EK202310174626,159.29007421361968
EK202310153937,139.17994445821978
EK202310189548,170.65000088521236
EK202310149005,157.8633085025741
EK202310184006,147.72465082657098
EK202310129614,150.0287286727002
EK202310178276,151.83868623789886
EK202310124293,137.26535867492572
EK202310199434,138.45162300918344
EK202310111178,153.86221025237293
EK202310143329,160.82598246457928
EK202310229141,133.74653138850385
EK202310225446,137.19725394547592
EK202310133140,162.5770181992668
EK202310204388,138.28223107426544
EK202310127528,133.12605097682786
EK202310175944,150.32130297278567
EK202310205185,160.11275249156765
EK202310220142,148.0337276511447
EK202310188984,135.88215328327598
EK202310117484,175.1599663566801
EK202310222387,141.68565346078577
EK202310238376,137.51664702568982
EK202310190275,163.0003963458793
EK202310127517,136.1879455655128
EK202310148647,147.17346971179984
EK202310144619,142.50005740115196
EK202310172144,138.53035976242612
EK202310105902,138.63858960732446
EK202310169293,140.69339241583478
EK202310231168,137.38505209680437
EK202310147200,149.61193599222216
EK202310193258,146.234536132252
EK202310134686,157.98593657945563
EK202310184958,151.84173719242796
EK202310172029,160.53453010357654
EK202310199176,142.88373319380727
EK202310232628,130.47082545723478
EK202310230800,139.78810786703258
EK202310169188,156.67874340298977
EK202310143652,150.90798295843072
EK202310210776,142.09625326363118
EK202310243268,131.51660513429064
EK202310219929,144.9475712131202
EK202320006873,142.9798917121875
EK202310142750,161.22040447440727
EK202310105033,149.98127558899947
EK202310171957,140.32982997969998
EK202310167819,143.859731292033
EK202310224575,139.1683565637658
EK202310218984,130.15157295218742
EK202310148378,170.6984693666118
EK202310124296,128.88604712889796
EK202310153505,129.24815457419388
EK202310202475,167.04111468521222
EK202310105768,144.82644282714907
EK202310155150,153.29484897535076
EK202310131403,143.49661334197725
EK202310236965,131.72700964830307
EK202310128158,155.09768839351034
EK202310244898,133.74258052552514
EK202310168438,166.9668335485343
EK202310191063,137.60755083775942
EK202310247883,154.17802076909723
EK202310144879,133.12044285932745
EK202310248004,174.15173612624773
EK202310129311,169.3743408644656
EK202310159341,140.92594939379464
EK202310186599,132.04159651033578
EK202310003714,154.62428312877825
EK202310141937,150.6632948201711
EK202310141516,147.5515429312699
EK202310211399,121.05375553656167
EK202310133332,146.93146717915926
EK202310245637,141.09949939709225
EK202310195191,129.4181520238475
EK202310120028,145.66135790317284
EK202310238137,135.1737213763244
EK202310155822,142.13632356790563
EK202310178814,162.21244327901562
EK202310117251,145.63329580679803
EK202310134938,169.28494750041156
EK202310209690,140.55000955620568
EK202310203758,145.3297059600175
EK202310115669,143.54918453332232
EK202310104134,135.25702753354432
EK202310145861,124.37197735865152
EK202310150671,131.00339712844277
EK202310240589,130.70055238694414
EK202310212301,132.9370278742747
EK202310142614,152.99109068385206
EK202310141457,140.21743688873434
EK202310245972,146.14469126943763
EK202310150051,174.22119878802457
EK202310170670,144.33608560048
EK202310211033,139.72571885298387
EK202310206028,152.5771797004455
EK202310116009,141.34842346649327
EK202310119459,158.00791740855337
EK202310205201,140.25624853890466
EK202320005999,153.40325486207288
EK202310137068,147.24954557150647
EK202310125205,139.1558133262778
EK202310111843,123.3405301101311
EK202310155744,152.54917507868248
EK202310189271,162.34015371330264
EK202310200042,141.59074098798013
EK202310234396,131.71421584959066
EK202310203600,139.36857683085842
EK202310206171,144.27142461952266
EK202310206072,141.7772107309074
EK202310163819,154.46533911095366
EK202310241837,147.23702686975722
EK202310122958,128.75659821989922
EK202310143934,166.8485660625033
EK202310108166,152.35891442557354
EK202310157169,164.6872765905113
EK202310152923,153.40893955017754
EK202310194312,137.9493532591332
EK202310176406,141.8504107671946
EK202310150358,152.783505151715
EK202310219917,132.89007627837216
EK202310196050,133.56523992884297
EK202310199317,150.93454321318686
EK202310214061,145.27359834106758
EK202310122593,134.55750359144022
EK202310244955,139.66667841852313
EK202310156822,149.53562994312924
EK202310207476,139.75441324470742
EK202310158934,145.88584755561044
EK202310201930,148.13596431757253
EK202310119122,141.692129087585
EK202310196169,161.02019697141012
EK202310201449,146.58671224793034
EK202310130630,136.1035278505239
EK202310216667,153.5070542323779
EK202310109941,117.87860437904546
EK202310200400,141.19892293881776
EK202310137456,145.3352603312705
EK202310196853,138.20845205258536
EK202310215704,146.57123766962536
EK202310135405,139.4746042171368
EK202310169616,126.16083795721579
EK202310216148,134.96479906932672
EK202310243354,138.93752701490936
EK202310228967,137.1888261043038
EK202310243234,147.26608954516868
EK202310192532,166.51717131763726
EK202310214813,143.71117573643826
EK202310104914,145.46804372839563
EK202310153816,145.45959424029147
EK202310202614,140.31666493892862
EK202310210862,147.5163091455749
EK202310170135,149.83776581579207
EK202310188088,141.24303247762532
EK202310221249,141.09004210698893
EK202310232182,135.4264665835336
EK202310185589,131.03584451406869
EK202310220140,144.9689118180989
EK202310151225,141.9909266200766
EK202310120905,154.5842276306187
EK202310125281,139.95272777647062
EK202310129594,133.51497861336043
EK202310131652,145.70466493734355
EK202310178780,143.5409480555477
EK202310199546,150.77400291099298
EK202310184333,136.33523574131496
EK202310129518,141.06133130698305
EK202310125847,149.74903704356538
EK202310146303,154.42631433059617
EK202310175806,137.80497507735095
EK202310220347,153.84936776423766
EK202310225734,143.0082380056185
EK202310240284,135.14410665190377
EK202310114155,149.64028136104895
EK202310208667,135.32155268287343
EK202310247128,165.21162339809547
EK202310218283,136.13581464041425
EK202310227443,138.38905523497945
EK202310157358,147.86677861685436
EK202310205155,149.53681725370953
EK202310189640,144.22097599195118
EK202310219047,127.98573318779732
EK202310155307,128.7783773932132
EK202310190346,142.082044145799
EK202310186825,156.44032287460877
EK202310203583,154.47966942721152
EK202310122872,127.88656521980329
EK202310223579,142.65375977081104
EK202310134595,164.08015751031368
EK202310199315,131.01403315521307
EK202310197280,135.84248452346446
EK202310105445,151.89416203553753
EK202310170127,130.77299306818887
EK202310124087,132.46740951104698
EK202310186812,146.20911847705864
EK202310175470,153.08345583708996
EK202310178249,153.05968518423515
EK202310246428,128.67146934994392
EK202310206906,143.72015239593827
EK202320007523,172.04138183761083
EK202310106696,110.4578546693949
EK202310139497,170.4341815480125
EK202310135104,131.88795844836494
EK202310165444,150.64296446344744
EK202310150670,159.48157891471178
EK202310141326,145.30061720277394
EK202310206479,127.56520336469033
EK202310182003,151.90405644412155
EK202310240148,163.7253702094187
EK202310246934,159.23320337354696
EK202310157908,150.78969823617382
EK202310233790,133.41911867943145
EK202310227231,151.04357423213222
EK202310104197,135.16767481873455
EK202310003919,133.83270421068667
EK202310134161,126.32597083903941
EK202310132637,135.7116945871817
EK202310112692,135.0261283662516
EK202310004804,132.89754425940757
EK202310188449,153.08254475529685
EK202310161514,147.3284786683041
EK202310121257,134.2986389793368
EK202310165460,173.78130740226442
EK202310246582,137.36929403345422
EK202310182549,148.71400855967042
EK202310153021,151.9120124446941
EK202310155857,140.19187153689023
EK202310112710,145.89577311555547
EK202310193527,145.12464463224183
EK202310210851,132.3833268928494
EK202310166991,143.0209073542198
EK202310153617,143.39494156693928
EK202310162029,150.5103596258751
EK202310150898,140.91943508814313
EK202310119566,140.01308407440874
EK202310172046,161.3719401945086
EK202310113364,144.78338420031585
EK202310104697,162.81487557219992
EK202310110438,132.93765368700747
EK202310139792,134.86140818615112
EK202310108044,133.47012451641962
EK202310191154,151.50190596220017
EK202310162199,135.49517602046046
EK202310159050,137.2644534764998
EK202310127404,155.81687305797212
EK202310216583,142.5667197036257
EK202310233658,154.89709137819742
EK202310141492,137.61637978878804
EK202310203883,131.22350571175443
EK202310219043,165.54659262726645
EK202310145653,134.79498736047537
EK202310228503,137.76869238922546
EK202310179347,130.3060157805302
EK202310132009,145.37325407413533
EK202310212361,133.13497864717698
EK202310124879,132.9763968576453
EK202320006785,168.4927839883791
EK202310245990,133.82489442406415
EK202310177823,164.76146301675448
EK202310229376,143.17256051889493
EK202310181146,143.37335912948822
EK202310201989,127.50975696756443
EK202310192148,143.29307140465872
EK202310185865,131.88668974056017
EK202310149322,142.6779324729561
EK202310154759,148.30955836181158
EK202310142366,142.8316255953012
EK202310225136,145.63369438565988
EK202310140657,138.8357888444206
EK202310181056,146.84337935750415
EK202310147652,152.64633510226653
EK202310195069,136.28010623425615
EK202310186330,149.77666166059998
EK202310170880,136.20715024608154
EK202310104902,141.50570539288213
EK202310137021,153.28855814826846
EK202310112219,148.6569347867897
EK202310114567,140.90596640014348
EK202310174050,147.51971305827325
EK202310146459,144.4129666760538
EK202310125401,129.30505887901677
EK202310232042,136.76381926714663
EK202310137842,133.2796529376638
EK202310235166,127.24648313094741
EK202310123303,132.61087075863043
EK202310204672,147.38790151799168
EK202310147206,154.01515619394635
EK202310165103,174.05013425905162
EK202310246536,149.29767972546702
EK202310204665,138.07128045859892
EK202310139971,164.45921908273922
EK202310230726,133.6208783908742
EK202310217044,132.8644034543652
EK202310175720,143.74312403571568
EK202310208548,123.6868894905102
EK202310213825,141.85218027676734
EK202310196825,135.15264243043737
EK202310117004,138.4893797817271
EK202310164666,148.84442882205613
EK202310195792,148.11652348727924
EK202310195121,139.742804064483
EK202310188217,148.13057250485554
EK202310178996,130.4231286512419
EK202310107580,151.30955234673368
EK202310163974,155.48645868671227
EK202310237799,132.06901147516385
EK202310232053,139.04928108879537
EK202310178319,155.74571006708734
EK202310126202,134.27334638252339
EK202310227911,145.26388927731995
EK202310109084,130.95257330947757
EK202310143067,137.87408411444778
EK202310206930,148.73196758181328
EK202310201884,139.526873817639
EK202310130641,136.55572654532492
EK202310157121,170.74197310581394
EK202310220877,131.8236740067298
EK202310149540,147.8647597178377
EK202310169600,133.51257186753867
EK202310163175,155.52261769424265
EK202310106277,136.02026797909318
EK202310209667,133.1553522344609
EK202310119877,123.4129344246245
EK202310204499,137.9451692634079
EK202310190780,154.0342748673603
EK202310115565,147.34851560574262
EK202310195056,138.82154518508204
EK202310111373,170.07635132683328
EK202310161299,143.65446592221474
EK202310245424,134.48441666073305
EK202310246906,124.97257708124422
EK202310120316,150.30743849273804
EK202310144965,148.0854996340449
EK202310211133,140.9732867753615
EK202310167406,152.4565153807633
EK202310162901,160.42134931984722
EK202310107075,131.85210948669788
EK202310140916,150.0385291460299
EK202310143120,151.2601072757694
EK202310114506,131.1824190789333
EK202310175480,156.48829101198015
EK202310118790,134.2096148980738
EK202310169280,136.72890169087626
EK202310129297,152.39938332315586
EK202310198282,135.2881745006393
EK202310240512,139.6421996219362
EK202310192236,137.5225915198184
EK202310177577,134.33841794046782
EK202310161068,155.15911889384097
EK202310111934,125.12529780902602
EK202310155260,135.5257769499688
EK202310124483,138.54644257807007
EK202310155315,144.8043382287394
EK202310123325,134.33827575825654
EK202310149045,153.99547820154444
EK202310222163,133.26541269917465
EK202310108935,140.55002178319663
EK202310188397,144.0801229974693
EK202310110895,155.6066748862837
EK202310146042,137.17117120305758
EK202310116291,129.6851126188097
EK202310214128,157.51040543659906
EK202310122572,134.21816457496436
EK202310246206,136.30887691422197
EK202310190227,149.6217886000883
EK202310137442,148.17163183427576
EK202310240613,141.6310051351508
EK202310171036,145.0130219997926
EK202310165619,171.62288422640702
EK202310135508,167.0755283313506
EK202310203859,131.09369163362726
EK202310208937,135.49126862265197
EK202310190964,140.07705184062922
EK202310157232,149.77537807844828
EK202310233329,137.03297476745288
EK202310004857,131.38932862875637
EK202310114112,152.77345992631803
EK202310231381,137.83054254328238
EK202310183273,148.17763221810006
EK202310198133,133.27716685249555
EK202310243118,140.19293006471463
EK202310179772,158.64950369943517
EK202310177045,134.700651378411
EK202310129608,140.01803981653632
EK202310146699,131.1694133306684
EK202310118550,148.68366143532228
EK202310236716,128.9036478064684
EK202310225924,147.4144105943188
EK202310137908,121.94562308955076
EK202310136472,150.97992393368344
EK202310227498,152.3312901403679
EK202310197540,141.68418645870372
EK202310177606,141.7427573353156
EK202310233230,134.59792387011942
EK202310129471,155.08867520852618
EK202310240950,134.3902357454628
EK202320007590,160.0713120391679
EK202310163887,147.7367934872587
EK202320007425,161.68798670728793
EK202310127560,161.06177062966864
EK202310155824,138.53342935278522
EK202310187346,144.3703576881839
EK202310200413,138.96239709060572
EK202310185717,150.6855757580158
EK202310217975,131.5405800584189
EK202310216468,143.44549455216304
EK202310201451,143.20567892975356
EK202310187386,138.5056365529606
EK202310113263,139.27172252271342
EK202310129498,136.1267705586548
EK202310168744,141.7047980972776
EK202310142626,153.99613231550168
EK202310190880,149.66964131367675
EK202310131573,141.60646964098453
EK202310220638,134.36995962551615
EK202310207069,152.25909044678667
EK202310116824,135.31718690235633
EK202310231727,146.14516143683133
EK202310184770,153.70995174034366
EK202310197350,158.94039908097812
EK202310147966,152.4970789875178
EK202310160556,147.5534306920671
EK202310242942,127.51831306738316
EK202310207659,156.0675465746521
EK202310189516,134.6334415297349
EK202310214218,143.3121892187593
EK202310105070,145.06833184996995
EK202310218843,144.75709341019888
EK202310163176,163.92026218866818
EK202310109656,135.11321384858337
EK202310004202,131.77036018870646
EK202310203545,150.3430632097049
EK202310153518,137.2556184613662
EK202310119723,138.7472736296035
EK202310122303,145.16634605102905
EK202310113636,155.496853614912
EK202310216948,131.86111058593536
EK202310154167,133.7829437224592
EK202310122355,140.13153526339286
EK202310150417,126.06370865734117
EK202310218226,144.1694780680196
EK202310191370,133.6252621969204
EK202310146010,142.5900006942441
EK202310242320,145.9159040812216
EK202310182162,154.89625035370617
EK202310129315,143.46198908089497
EK202310106705,151.00074414846023
EK202310240258,130.97220750997204
EK202310241039,166.86197080942637
EK202310204816,137.92088221391933
EK202310142491,140.15763078020203
EK202310200125,157.03454587205263
EK202310111662,144.90454280940088
EK202310141792,149.93087669696462
EK202310242215,159.4189439669666
EK202310227322,148.39051599908746
EK202310206010,138.4601813087394
EK202310220576,130.69453171770684
EK202310169744,155.69616025928528
EK202310236130,164.35621573819313
EK202310117603,135.6493759148276
EK202310164018,135.5915638719413
EK202310173758,151.6689197743283
EK202310169263,144.46653384944125
EK202310220742,145.8518540471576
EK202310234928,166.01342899364002
EK202310133036,131.97030731368918
EK202310134185,148.68113091271832
EK202310185530,146.71098337634936
EK202310218330,139.75512961957327
EK202310220164,136.11922160371938
EK202310136625,134.1097675522715
EK202310190327,143.00292132396896
EK202310156810,128.95922032584383
EK202310235883,151.86655564767975
EK202310135135,157.3816159656909
EK202310232747,131.64774996612687
EK202310146074,146.5818616210387
EK202310170263,154.86805068323073
EK202310117439,133.9586509797435
EK202310155695,137.54811911442013
EK202310180749,136.27978100861563
EK202310165733,160.5706001628367
EK202310122820,136.57274481196575
EK202310132148,152.85304096627465
EK202310174037,142.7837515052374
EK202310116351,141.12168673675424
EK202320007454,163.5290164150015
EK202310126404,141.5484381535694
EK202310179147,130.908114719047
EK202310119107,146.51277562531166
EK202310232208,125.58781506937622
EK202310146308,149.54289694598938
EK202310221836,153.88980824845544
EK202310241730,141.38686951338553
EK202310126972,144.14258899682434
EK202310190112,149.6293485171581
EK202310189550,168.6477432313009
EK202310167601,158.29695913105206
EK202310129178,154.87106307216447
EK202310208362,143.1144798710731
EK202310108633,127.77476891633033
EK202310119330,129.039521769013
EK202310241595,131.68240711135584
EK202310133580,147.67059444718865
EK202310184140,140.28992262531085
EK202310243629,147.77324788546602
EK202310240837,131.53928117609516
EK202310133514,163.72199734597402
EK202310248438,141.87030265760714
EK202310144323,137.40093171238232
EK202310199263,164.9346896745542
EK202310170561,138.7129275298136
EK202320006441,158.64447857099321
EK202310156158,148.3723583753777
EK202310160966,132.07902628369305
EK202310170924,144.54501793827137
EK202310166196,151.4347863831926
EK202310180519,142.9706708554017
EK202310163021,132.91275075963853
EK202310217277,136.0555411389452
EK202310182542,144.99385341898295
EK202310187706,147.6765739031914
EK202310177424,139.437661973552
EK202310116469,131.07332196394233
EK202310126864,143.80880366741405
EK202310171044,140.73577208069642
EK202310159422,146.6452399925042
EK202310126564,156.19729324989228
EK202310136978,139.12063275531546
EK202310227254,152.87655330819643
EK202310241407,138.15305727725405
EK202310151596,163.00381745544544
EK202310143155,127.98427166151656
EK202310003368,153.28727308838006
EK202310225579,148.80141258422688
EK202310142662,128.21569056005325
EK202310124623,168.60240531529504
EK202310117099,138.6014265489085
EK202310209488,145.22238977556134
EK202310218949,152.85695394776045
EK202310163688,137.45987375769928
EK202310233616,148.52291641715271
EK202310181063,146.9117603674252
EK202310122017,152.94976615919904
EK202310232279,129.3597209213086
EK202310188255,151.84859911105326
EK202310222087,126.56106000309835
EK202310235863,140.65182080889718
EK202310142201,155.89897354438122
EK202310142028,135.18989345006156
EK202310105750,127.48795538290156
EK202310192986,153.03883339184063
EK202310183238,152.05666541079597
EK202310184211,140.7931128910314
EK202310114501,135.94591384107648
EK202310183815,138.79998483862536
EK202310239065,138.87350700802068
EK202310203010,145.90127113835908
EK202310119934,133.67511143620436
EK202310245690,136.9064475596557
EK202310228481,135.39158033565198
EK202310115026,140.8185587422704
EK202310227715,128.45793470439477
EK202310147211,150.98438488496922
EK202310112774,151.17125603358932
EK202310213753,144.51793095533148
EK202310115799,142.31283396365
EK202310158491,157.09464401203942
EK202310224855,133.53184573636838
EK202310175378,135.29275398512786
EK202310120852,134.12356387865987
EK202310115724,135.67397010351382
EK202310188278,146.44551793111978
EK202310218258,141.14233854922094
EK202310187357,138.74251172768177
EK202310170314,132.76418475672494
EK202310219875,144.93776175729377
EK202310198138,141.4231659299582
EK202310238879,153.8232935210513
EK202310179039,142.11421211205592
EK202310221294,128.18704714552808
EK202310181636,139.04878070177165
EK202310180030,135.33016643371909
EK202310188261,146.4664513662623
EK202310109627,141.6591320242272
EK202310218359,150.37783936723392
EK202310221160,126.78781768191648
EK202310210517,135.89656169221715
EK202310231490,124.27194439899539
EK202310142904,159.43926724852193
EK202310228183,133.48321102872697
EK202310190608,144.296185726646
EK202310229652,143.84581620328868
EK202310201677,137.54338293002007
EK202310161948,154.33103273980763
EK202310164852,140.86168211009004
EK202310130019,137.99466686296742
EK202310137201,142.54384740336323
EK202310199958,140.94032161881475
EK202310168651,164.22962497950905
EK202310163750,138.3035498869881
EK202310164255,165.8544482149907
EK202310112200,143.2710455179945
EK202310226582,136.01982535856874
EK202310150983,143.29720002334577
EK202310117868,143.2062824823914
EK202310104519,137.33307591108056
EK202310112900,139.98144910667608
EK202310175950,157.77610597839296
EK202310132832,152.76870427078396
EK202310177022,140.84827031255097
EK202310224847,155.2165934088072
EK202310220893,132.44246181123694
EK202310140282,147.12682428399313
EK202310140130,156.9487792360364
EK202310111884,136.16070181937167
EK202310169119,137.8184879367492
EK202310114003,148.46873806604276
EK202310204840,147.0081754953734
EK202310227423,157.87272587244516
EK202310243266,144.0644309774242
EK202310224568,139.14569603398647
EK202310129159,148.31842374777895
EK202310216851,146.37554669495984
EK202310173637,141.25041751857356
EK202310137694,140.31401662677524
EK202310224949,147.44485902106075
EK202310182755,168.92316070889842
EK202310121872,150.83380700754378
EK202310199590,146.772280063442
EK202310237216,136.17113851544715
EK202310152666,146.12765195287028
EK202310119202,158.74044949745326
EK202310154055,144.36294392288954
EK202310131194,126.34885795283256
EK202310205515,132.50116293996214
EK202310226482,130.98965374633423
EK202310131717,151.19543000065514
EK202310116461,136.9694029258882
EK202310209370,143.58003410079925
EK202310112844,136.03125033437053
EK202310148195,144.60828013875647
EK202310205500,125.04751558320581
EK202310180785,170.39342081663548
EK202310114659,144.76062335290192
EK202310206704,145.0414401483796
EK202310194100,133.56152551892905
EK202310192316,135.04954027133158
EK202310227158,150.7749620193735
EK202310210960,133.501554987265
EK202310201569,145.37597089426504
EK202310208440,152.69883608217685
EK202310159738,155.28295264892103
EK202310167571,175.76574160639737
EK202310133506,150.95143518147364
EK202310206074,158.67610320170803
EK202310189737,150.89741231462267
EK202310168575,152.17894136349489
EK202310159786,138.2199430278824
EK202310241528,142.0372357235742
EK202310135551,157.81008599723125
EK202310154421,160.91019904917016
EK202310229939,146.89827129439385
EK202310199977,135.45914157300575
EK202310212346,139.59397568057125
EK202310240842,133.26874618454409
EK202310188648,141.11058064450734
EK202310204867,147.30761540460924
EK202310221803,131.59475519208024
EK202310216991,133.17330290208878
EK202310234267,146.87568508439048
EK202310164050,142.17553856758565
EK202310160606,129.4215903034534
EK202310163801,149.43440148071764
EK202310202607,152.10734759820866
EK202310211679,138.68983110009333
EK202310161289,130.5928608610626
EK202310216723,146.20380433729304
EK202310241675,135.90778770778337
EK202310227693,154.54270003479354
EK202310153006,134.91171618334408
EK202310152517,134.0407254680872
EK202310119296,162.1980718017327
EK202310135167,145.324241792806
EK202310129365,152.19708366841974
EK202310224938,137.27732585623326
EK202310246031,128.68294829007579
EK202310227934,149.57791090043506
EK202310155888,142.0942118913252
EK202310112003,152.53497528076696
EK202310110042,139.06204937612992
EK202310202481,132.77126837448785
EK202310119852,151.41042517101428
EK202310191910,155.60743380731225
EK202310208404,136.55922886624222
EK202310175620,128.4621432236555
EK202310162522,154.08745857609824
EK202310141148,133.1341340463073
EK202310173552,130.54692687879333
EK202310235762,134.59101790688283
EK202310170630,136.29579176603966
EK202310215013,158.37205481167223
EK202310233350,128.65093195996064
EK202310189297,176.23191514376637
EK202310201145,161.81619886186223
EK202310128701,128.37343484370723
EK202310135409,143.71722988973482
EK202310117705,138.41215450914933
EK202310122677,124.11877136579389
EK202310193307,150.02697911620206
EK202310150126,156.60733775943908
EK202310203066,149.4216280991609
EK202310243263,157.50456439199112
EK202310147744,139.64771161858525
EK202310115839,134.17578431839874
EK202310120766,157.53001606347235
EK202310141591,151.52949931763163
EK202310171912,135.5411686189892
EK202310105341,136.4962418229218
EK202320005577,158.46650807765747
EK202310168922,142.77834146717547
EK202310241884,136.0405617706597
EK202310231171,132.76314515537427
EK202310160293,142.6011513155974
EK202310177237,131.94008614444854
EK202310003836,138.41012928068687
EK202310159624,148.8339793154924
EK202310201626,133.5427258324509
EK202310109032,148.75096460244737
EK202310139930,150.8768056675772
EK202310004116,130.59462165524232
EK202310186841,140.12155093777858
EK202310118029,149.31265341170794
EK202310239323,140.65423335110916
EK202310204171,121.96662145886496
EK202310190000,148.5658684936033
EK202310220235,134.45743049454083
EK202310200517,138.87430044722387
EK202310124822,145.49720492071594
EK202310206677,138.66730318468453
EK202310173092,131.24124697408936
EK202310140031,139.6609534651916
EK202310118392,149.08548912311187
EK202310241116,140.36033395143838
EK202310162167,127.47529158197958
EK202310165764,132.21028975382507
EK202310109757,138.72304328831538
EK202310166993,135.3585032921513
EK202310178462,161.37532024273574
EK202310236406,126.35866744799695
EK202310168692,139.575528909446
EK202310221373,148.47992538388212
EK202310144973,130.43493650333951
EK202310125785,132.805122108092
EK202310187049,135.62292763541097
EK202310216907,136.71624667583947
EK202310129517,149.27307813602152
EK202310195530,123.32625122193592
EK202310177392,173.17103991543334
EK202310224171,156.84252832761885
EK202310195298,133.33334891409416
EK202310196360,135.06655011892306
EK202310197685,135.82039139551932
EK202310127212,139.29222647882085
EK202310194711,140.54476975835055
EK202310134995,153.40760001547162
EK202310215322,132.6558204723173
EK202310129156,149.39696069090857
EK202310194573,158.74506570869582
EK202310107850,147.49205196637203
EK202310224151,135.78957460106955
EK202310236621,132.20962251183389
EK202310240110,146.41052158110895
EK202310151137,173.62572265806506
EK202310245976,134.8231389045845
EK202310201981,143.52693202275384
EK202310128852,146.4217450656149
EK202310105479,133.79633119998562
EK202310134237,134.67902138756975
EK202310186135,139.17671384831246
EK202310126691,139.97901462274214
EK202310230960,137.55328957709767
EK202310167746,147.261826234648
EK202310220451,148.40192906733077
EK202310187367,125.54822719134552
EK202310211918,142.54431005484403
EK202310218758,137.58336098359874
EK202310170030,154.04544511016886
EK202310182773,137.36237551616742
EK202310132214,153.0341207694158
EK202310004044,148.28810743191173
EK202310210481,135.03428214087245
EK202310233818,150.45402430565886
EK202310134772,135.3969759231055
EK202310190788,143.4210908317798
EK202310245891,153.16548970132186
EK202310152473,141.09880911961048
EK202310173468,128.36786587718044
EK202310134860,137.8745889373913
EK202310219927,139.42915765793956
EK202310242547,131.28971322928913
EK202310190542,154.19174250234232
EK202310248304,138.88962447861567
EK202310234323,148.8630935093411
EK202310116774,150.09389636341714
EK202310162192,132.77746919967905
EK202310200226,133.20968337223232
EK202310223298,129.48082120322456
EK202310131109,147.61953088254876
EK202310170422,135.68512340967817
EK202310247958,133.29863081217988
EK202310150344,136.93631756879816
EK202310186547,159.95242526441075
EK202310159511,143.12878413954195
EK202310107832,121.63680637546037
EK202310157429,140.0453836069413
EK202310206031,131.29576071364772
EK202310153162,163.99199817152825
EK202310246453,131.2490489663444
EK202310169465,129.406484646912
EK202310127917,144.1428330928676
EK202310230060,133.75703110167618
EK202310115986,136.2975197378744
EK202310231341,134.3205946998851
EK202310207431,143.39675716018667
EK202310115427,140.2301381421443
EK202310148216,156.64860515956107
EK202310236465,131.90831802598512
EK202310214889,148.7636351206676
EK202310183344,140.98552234935735
EK202310115563,145.74864826236626
EK202310204127,143.95119318142346
EK202310148558,160.16067545215031
EK202310239253,139.91507539455367
EK202310223421,156.0081747410228
EK202310164157,138.7196420122862
EK202310191038,132.3941402786148
EK202310206653,141.04648093439414
EK202310189587,137.4953999859582
EK202320007832,148.67054486751795
EK202310107195,141.177615363791
EK202310154834,161.22527027867724
EK202310225399,137.1372078834371
EK202310200244,126.250427355354
EK202310181369,149.24177280592428
EK202310238327,144.74462453401244
EK202310119929,151.17993979304998
EK202310199445,156.39550709098447
EK202310167881,139.9158916138244
EK202310134304,135.30728700974177
EK202310206774,160.87324806171333
EK202310217924,147.9352795370891
EK202310114025,137.06179816849533
EK202310153648,139.11368670888945
EK202310168223,155.0071822940037
EK202310217182,150.33622198430942
EK202310228108,147.8926900461087
EK202310106503,132.5054876686303
EK202310132704,140.47714245456945
EK202310146469,135.85089522622297
EK202310190547,148.34706451983678
EK202310131045,137.79522332415104
EK202310120149,144.65649626837495
EK202310188786,152.44555396673476
EK202310164309,160.8997905315739
EK202310141856,128.43908461766893
EK202310174571,155.12442965754514
EK202310191248,145.96502319467913
EK202310228497,133.97986204228516
EK202310248650,139.324380263542
EK202310003518,137.00176253212658
EK202310184477,137.83081831746637
EK202310177306,136.113095085719
EK202310124268,128.02454083109473
EK202310207962,161.07386701569968
EK202310187364,145.057866707345
EK202310188630,172.95353106202498
EK202310183825,173.61535853172924
EK202310228647,136.1378115076893
EK202310242814,133.93832195732958
EK202310190403,140.94594285857687
EK202310152077,142.7769156233243
EK202310127706,132.3555750801655
EK202310142346,144.46989040674646
EK202310140834,152.72089629593174
EK202310124143,132.97336022334846
EK202310158418,158.45360881362822
EK202310104315,148.3596973814451
EK202310186057,122.99110247264855
EK202310175318,145.14115841034626
EK202310170196,133.62088030006663
EK202310222979,145.81184725078293
EK202310179579,139.19306559219214
EK202310131268,137.65488906818052
EK202310232636,135.29371754019593
EK202310240941,139.442381946607
EK202310162473,135.17128417179524
EK202310214960,144.3564133956919
EK202310158148,152.85356902536708
EK202310240646,161.11035863002826
EK202310190660,147.52776643464136
EK202310137900,142.31005452007858
EK202310105369,132.24901347411517
EK202310182640,134.30350406079174
EK202310222831,148.07270865123587
EK202310158111,147.71804049969873
EK202310137268,135.41846214022942
EK202310172836,149.5171634203758
EK202310130602,129.66751459339153
EK202310116478,127.57900030426248
EK202310176354,144.79242639378796
EK202310136605,134.78708394532168
EK202310120400,155.42217795459075
EK202310138807,142.77369737338296
EK202310158128,151.68553436771805
EK202320007743,153.1375183844286
EK202310240290,147.9913990395013
EK202310176995,156.53723798514372
EK202310178489,158.2154192481432
EK202310125320,134.4800298163427
EK202310158248,152.28578007491896
EK202310115199,140.9927444587964
EK202310214342,144.32324210326357
EK202310164698,129.30527858270844
EK202310181281,155.1234368425479
EK202310105605,136.9927428265276
EK202310117153,140.41717881236582
EK202310169108,152.60274221563893
EK202310135565,141.60728313267768
EK202310176476,139.19393436462295
EK202310245673,145.96812280490528
EK202310200545,127.71761300686828
EK202310147448,161.89279967785419
EK202310195084,125.99214010513684
EK202310228420,143.9130516803041
EK202310136789,123.52042744441171
EK202310141614,156.70081113647305
EK202310151545,171.6338868521054
EK202310183497,147.67662953266176
EK202320005693,163.5760340530111
EK202310160617,169.68242443296143
EK202310207236,129.73974282808223
EK202310123254,132.2147539589969
EK202310131721,135.79332164337706
EK202310129551,142.6205924757417
EK202310125982,133.84672913540157
EK202310129231,133.15958633031738
EK202310237005,124.44824319006862
EK202310138431,153.99622737094091
EK202310107167,134.2642124800343
EK202310180405,131.11524984214813
EK202310185138,140.89714687239385
EK202310207362,140.28999456835083
EK202310188914,150.09847235352163
EK202310157622,137.33158220611588
EK202310209933,133.43963696126704
EK202310191168,146.26879616511496
EK202310168227,132.40210801885155
EK202310211342,138.2917918100241
EK202310166980,145.13698053919956
EK202310206475,145.64194220738906
EK202310186567,137.13312688881823
EK202310227651,133.1975480949802
EK202310157161,156.13706015732777
EK202310171211,158.26939969349132
EK202310132575,129.21618583391904
EK202310135453,143.93602707542678
EK202310219005,150.41561840741807
EK202310186299,138.92443674724927
EK202310122783,160.6886220700035
EK202310112879,139.6092942048542
EK202310236548,130.2100134792493
EK202310156862,161.442270329793
EK202310158283,153.80955361541274
EK202310220175,139.9915551381819
EK202310205692,139.84265972895113
EK202310104703,137.4071543237937
EK202310201863,124.33856613618435
EK202310175191,133.57249754341103
EK202310143809,133.37974548988686
EK202310228164,141.83783853090202
EK202310227395,144.30256071007156
EK202310170797,147.49248278156782
EK202310147520,165.51595922573546
EK202310241613,140.1722439401175
EK202310135976,131.15654794569747
EK202310248616,131.53028758953988
EK202310246754,124.06778697076685
EK202310197862,148.3641148785974
EK202310177128,143.0075345387592
EK202310232113,137.41812087161935
EK202310141746,145.8273309171504
EK202310168387,150.24916611777792
EK202310245345,153.6160442404237
EK202310209506,131.6306242023509
EK202310180792,162.66210466798236
EK202310230504,145.31382053163162
EK202310207171,161.04805416994043
EK202310123678,134.2915448032833
EK202310116185,137.18584117443567
EK202310237515,134.13399496295972
EK202310168029,158.50746617912247
EK202310226787,153.53076561813975
EK202310171773,137.50139876421468
EK202310213797,145.87347360149022
EK202310210449,137.3713034498466
EK202310200138,140.87098612152963
EK202310124561,138.31239769784386
EK202310104095,138.8788522392361
EK202310173838,127.41323980005818
EK202310188790,151.59123615146865
EK202320006026,141.89932838398482
EK202310175964,148.63074741231347
EK202310246749,137.07043841420958
EK202310211166,132.42521905019197
EK202310130296,150.01653105511966
EK202310133656,132.56269766564085
EK202310162528,152.27118986033642
EK202310232172,127.49088538034714
EK202310126678,139.34048890295384
EK202310175006,140.52178769403386
EK202310195947,144.52440128892707
EK202310175965,149.44182420242797
EK202310194000,136.23138626069115
EK202310109642,133.01140305037768
EK202310234602,140.07783568700614
EK202310216505,143.24600455382148
EK202310182057,155.4152385090821
EK202310205348,154.410477377641
EK202310231919,132.10604585320527
EK202310143248,131.4326614881817
EK202310170516,147.1462624750656
EK202310228644,131.11775512146104
EK202310162365,159.4908391450633
EK202310221959,135.8018445929117
EK202310135830,130.87760423082116
EK202310132773,125.40204486224798
EK202310116452,148.43852908593837
EK202310125827,142.65852757699227
EK202310153615,138.35779471637454
EK202310104234,137.82458386025309
EK202310171291,135.4145687854335
EK202310143530,151.85071091305247
EK202310199377,141.0317929952851
EK202310148675,132.27911231328832
EK202310136051,142.8499383092351
EK202310108210,137.29757158389216
EK202310199466,134.82233283825843
EK202310227747,155.32864087421552
EK202310247834,136.35329526018387
EK202310241529,134.05334777125015
EK202310112144,148.25880972798063
EK202310182993,149.1805447365361
EK202310189245,148.1991893985308
EK202310160406,143.22973444241987
EK202310200045,130.6183558985708
EK202310220419,151.05211477134122
EK202310139976,137.60712565104208
EK202310004037,128.67820326898507
EK202310151229,148.35850073155942
EK202310124255,120.94359890134885
EK202310112236,147.48544466044848
EK202310169836,129.03521372698205
EK202310206379,158.41364447444562
EK202310237044,129.9808911038947
EK202310156899,173.1340491990379
EK202310135286,138.20286849963335
EK202310233848,138.52712513579542
EK202310243867,139.21667844473365
EK202310193719,149.93617856478267
EK202310115856,128.1751288061075
EK202310152769,136.01481374425938
EK202310208931,144.10670502839938
EK202310166273,133.445965153483
EK202310174146,159.95077117272908
EK202310216893,136.48859617125603
EK202310200816,144.28424037288522
EK202310117687,144.37607870430833
EK202310109308,125.98831602325622
EK202310130253,159.93294317870945
EK202310129353,154.63717293150387
EK202310232695,136.07838700908076
EK202310168934,146.64165136597288
EK202320006147,169.16339420123694
EK202310131865,167.74663829164467
EK202310154389,164.73586817889495
EK202310144452,137.4201352408349
EK202310109772,133.43960545369612
EK202310142187,164.11525436665795
EK202310220392,137.06314739425295
EK202310185327,135.8262423404703
EK202310147396,141.45951999380586
EK202310207907,120.05926625569904
EK202310137274,134.96974012109987
EK202310192264,151.76109100450387
EK202310217353,137.35804000593618
EK202310169024,141.1258444735958
EK202310168820,141.68066730588373
EK202310156728,131.25867271843987
EK202310172897,154.15661850001544
EK202310141606,140.50990253969468
EK202310209150,163.04960016833203
EK202310242727,137.9102143008419
EK202310172918,126.1684051054043
EK202310238608,139.44082900585903
EK202310118817,138.20066677890532
EK202310209232,136.34255858601088
EK202310246528,151.25147594268583
EK202310225110,159.44631031058404
EK202310196139,154.83679779899418
EK202310183805,132.9780231937274
EK202310109611,137.9207227172718
EK202310165156,138.9252593889717
EK202310169977,154.5032058144143
EK202320005840,177.18860359265778
EK202310164548,160.21102587382515
EK202310200636,147.49483532339812
EK202310175371,147.35332830502324
EK202310149850,154.67463346016726
EK202310192563,148.29284898735452
EK202310150786,145.51675601639417
EK202310232852,140.63798807950053
EK202310129104,153.5108326248346
EK202310222400,138.01505974627932
EK202310238847,133.19326649556186
EK202310215409,133.739803370926
EK202310132626,147.17057339631242
EK202310209457,136.271619276243
EK202310191648,152.24153006321544
EK202310211924,137.40771614452066
EK202310123972,168.1558446730826
EK202320006941,150.62193550860601
EK202310172894,147.31471763603352
EK202310201352,145.35554586408946
EK202310246908,129.48317642574463
EK202310159957,148.9703178775531
EK202310208067,147.77381742203227
EK202310132399,154.83586847569865
EK202310154363,138.34449121171872
EK202310190672,130.3869488674942
EK202310191938,147.19127732893432
EK202310190279,147.13395435621186
EK202310205127,159.87277224342066
EK202310202799,133.27748712072977
EK202310169811,156.39171253195
EK202310131611,156.66814119775785
EK202310124021,141.4702397592934
EK202310105652,132.40340401215119
EK202310133772,132.77409021133587
EK202310222132,136.58531390873935
EK202310187623,144.99271000982606
EK202310138088,128.28059656201674
EK202310203335,139.62810958744055
EK202310139562,165.6837556940337
EK202310239042,144.72839309226802
EK202310231151,135.5147439799313
EK202310142022,143.59400635340654
EK202310227265,135.18899902496142
EK202310122491,145.10543312937202
EK202310246498,133.06237366387876
EK202310237745,150.28594524810546
EK202310230083,145.49731771128072
EK202310239818,138.84291089771435
EK202310109374,139.31184910602045
EK202310188938,145.2892911537634
EK202310239985,142.61450858333086
EK202310190536,139.88472429184247
EK202310108454,142.5410231451636
EK202310185187,139.16597508909507
EK202310214929,146.53388589952763
EK202310163742,146.7686810637602
EK202310133341,136.62386203852293
EK202310123932,136.1964755421266
EK202310224048,139.1288260796118
EK202310194734,132.34464337033347
EK202310233579,134.9438425260118
EK202310111120,144.9309426641154
EK202310202005,130.48717884837004
EK202310170430,138.5310042989787
EK202310215966,149.51561187830754
EK202310142957,155.1371731102198
EK202310238877,131.06876033534886
EK202310197380,153.86029034502215
EK202310242798,143.30361051176234
EK202310118054,149.98627009634225
EK202310171995,137.89948981280017
EK202310156378,143.3332961604898
EK202310209380,144.7067490280714
EK202320005988,163.54901077360384
EK202310132771,142.7250416811573
EK202310196985,178.732092577714
EK202310209813,146.50359728618852
EK202310156025,148.4726326140314
EK202310119261,143.55763065480514
EK202310200800,150.92313774214668
EK202310113114,132.89440627693224
EK202310176337,169.8076693376661
EK202310116221,135.887446190636
EK202310185787,148.08722737190146
EK202310161101,171.84463219285203
EK202310109179,126.70483405918147
EK202310211864,124.8315514426919
EK202310233086,139.71819602106748
EK202310203086,142.55333347120947
EK202310209153,131.23770431133048
EK202320006944,153.0030408556364
EK202310124624,153.10867918528024
EK202310160066,162.98351844716706
EK202310212610,149.56327028587216
EK202310176922,145.82600837363523
EK202310221476,165.33842676517864
EK202310178896,139.42859809987243
EK202310242101,137.13274272601245
EK202310208004,140.36070534978919
EK202310217499,138.26456227937877
EK202310133817,134.77306473235112
EK202310169528,133.99599780696713
EK202310239561,159.06686975360844
EK202310158179,138.4609727270096
EK202310145688,140.81722043696988
EK202310242791,137.8614769533387
EK202310152257,142.83594900614375
EK202310137070,140.3354380608259
EK202310146130,133.09297409245337
EK202310204201,150.85350628115225
EK202310155505,133.67434164883056
EK202310154019,146.2513321372853
EK202310233453,153.52458872187464
EK202310217804,142.74897653157421
EK202310172949,152.3896201022484
EK202310188635,153.94396214972937
EK202310117443,131.12338175601425
EK202310160841,135.15818747677565
EK202310125406,140.99552172678398
EK202310182154,151.70647680532815
EK202310118807,139.31078088368875
EK202310159569,160.17416869955218
EK202310185202,168.38562137963933
EK202310240184,135.474392999207
EK202310180957,166.21701198815694
EK202310208211,145.3060613799851
EK202310152382,141.7358967590222
EK202310174048,140.0405724280588
EK202310150319,153.52323803582217
EK202310152702,143.5108106630165
EK202310170820,132.11434480490996
EK202320007378,148.91690405609253
EK202310131773,140.63289630122387
EK202310185301,151.73419669672194
EK202310175383,154.18025560691768
EK202310170884,131.5929986830648
EK202310178300,154.2924564294803
EK202310246617,149.91173486947542
EK202310238047,131.50345963705703
EK202310208163,175.92898506838492
EK202310124260,132.35035808774805
EK202310128456,144.98100216145718
EK202310212256,129.08025612558683
EK202310234312,142.50092598675647
EK202310104195,136.30541196349904
EK202310148897,167.45521467661214
EK202310158080,137.3241353914911
EK202310219877,142.83432903766888
EK202310165158,135.77360746952354
EK202310109254,146.04901496768048
EK202310185727,140.16337152826955
EK202310143277,146.9394444687196
EK202310194994,165.1658860328245
EK202310243012,162.02493940492795
EK202310134903,135.21390914112004
EK202310231333,140.64432842091847
EK202310156732,168.30660098429001
EK202310216366,143.76579019224351
EK202310220643,140.93800043590267
EK202310165968,128.3013622847498
EK202310246411,131.9950752370285
EK202310155750,148.51686226156363
EK202310190049,150.56792424516837
EK202310004189,160.2798406989275
EK202310184691,169.7252447925628
EK202310111760,145.67341604281822
EK202310176428,138.89362637528654
EK202310152951,146.80626057062057
EK202310104263,150.68181194148997
EK202310103997,145.2877101192271
EK202310229279,140.7845902679224
EK202310157826,142.93831018594594
EK202310142511,141.83098554783913
EK202310232992,144.3079360818904
EK202320007132,171.64856686353096
EK202310180745,127.4320606508681
EK202310225853,147.47944947481133
EK202310198235,136.9410330114454
EK202310196329,149.49516201721895
EK202310223113,141.62814084996617
EK202310166045,158.78385729462377
EK202310174983,134.82160232764184
EK202310197554,163.5534578025343
EK202310215823,143.76746697482028
EK202310122372,152.21672538133092
EK202310157463,141.19252722365206
EK202310175294,143.19287171621232
EK202310004183,130.320487743029
EK202310111002,135.3543107274357
EK202310132507,163.71298186975505
EK202310226239,132.24767434783593
EK202310160993,127.38354788955571
EK202310177494,148.12139546556
EK202310247179,158.5022896315415
EK202310159413,156.6145266789479
EK202310205675,134.2612793189174
EK202310204805,152.86874870859802
EK202310104970,138.9750290384267
EK202310143326,148.95028178638725
EK202310104508,150.8676058563283
EK202310109138,138.27657202080118
EK202310155067,130.60488908267482
EK202310180368,163.58746765702443
EK202310174283,158.43501603868432
EK202310164563,159.95309968345393
EK202310248605,148.36462219893642
EK202310144814,152.9535203911474
EK202310151103,143.9168706101595
EK202310137749,126.76659218631507
EK202310244871,146.00944541197904
EK202310231958,137.11964113489378
EK202320006420,158.88395369776367
EK202310180132,119.40027674809747
EK202310208818,139.70341980356147
EK202310242680,144.81537730129867
EK202310124810,170.80639106212698
EK202310179535,138.60407248615007
EK202310180039,134.9810105619258
EK202310142068,149.2960796147813
EK202310241810,144.96855430106413
EK202310142213,150.30848484897498
EK202310205835,139.81037767217373
EK202310176395,132.75403019309135
EK202310108817,151.58322004922934
EK202310144432,126.61229054124884
EK202310164208,143.17817617030192
EK202310125282,132.95050390830414
EK202310110364,135.80533964440556
EK202310147767,141.0557879793461
EK202310175310,149.97607498257585
EK202310169612,120.51374195918025
EK202310177089,135.6994999447114
EK202310164613,136.38777402088817
EK202310214491,150.5993352717328
EK202310159145,164.40704548109883
EK202310148143,156.2864186839255
EK202310130196,164.30739129713223
EK202310140526,136.76082007187557
EK202310220135,140.12690159357646
EK202310116422,134.2538364971209
EK202310121781,128.64317476220864
EK202310108897,148.369893486988
EK202310110908,152.4766017555078
EK202310219796,134.6724859755517
EK202310109152,155.82008328334916
EK202310217807,138.90904472680666
EK202310115494,132.11034243045816
EK202310221948,138.55602837495775
EK202320006012,158.98196451982622
EK202310119926,137.8498991356776
EK202310212680,123.4572404593654
EK202310004522,149.56726853233272
EK202310200665,162.27743406354116
EK202310159142,134.76148663554466
EK202310217394,146.39643968943494
EK202310247390,167.62336539838867
EK202310153429,133.95739256355301
EK202310133009,155.57393927175536
EK202310183153,164.26262255495914
EK202310223238,144.43501094641763
EK202310189167,159.1411893375579
EK202310167404,151.76234883465804
EK202310123436,149.8879354746926
EK202310201161,158.8841363262202
EK202310202874,136.78056275858725
EK202310205144,144.3684582410158
EK202310211825,133.13548660278428
EK202310119888,132.04384006737746
EK202310187594,148.97364241751887
EK202310127146,160.77792369534413
EK202310115361,149.0925243163726
EK202310122062,140.01394852621036
EK202310161120,173.22183778982773
EK202310119640,155.83095055372996
EK202310196025,156.83130793880116
EK202310239045,125.49846430158206
EK202310197374,155.48681902693696
EK202310201644,143.69162669082186
EK202310239463,127.3338278962222
EK202310234006,146.15141272210607
EK202310209744,143.0740205492991
EK202310138496,165.94059520423704
EK202310159749,173.66628414602488
EK202310199933,136.02735427879375
EK202310121772,152.4179796803266
EK202310150984,138.39613527028212
EK202310245852,127.71689877220409
EK202310129919,151.17287051134585
EK202310203657,151.09910212147153
EK202320007279,162.2870538213172
EK202310213923,141.0059275763471
EK202310004091,129.96763518420252
EK202310142372,158.79192100183917
EK202320007651,143.03924020104327
EK202310188243,168.74330642123186
EK202310162087,152.15623580391792
EK202310124791,149.6529090384268
EK202310111667,135.1403926162739
EK202310105642,128.84899439580175
EK202310196224,146.80172958518457
EK202310159474,131.69002726786067
EK202310137962,129.03854043845303
EK202310194276,149.19649254769888
EK202310155765,148.09422776584415
EK202310222240,128.31331143846987
EK202310175830,151.87183239022832
EK202310115286,158.0186749422137
EK202310179252,135.07401594354755
EK202310216929,155.30893474278506
EK202310158567,135.7424888935403
EK202310124273,137.8850383121915
EK202310162224,155.72750550224643
EK202310165570,179.00248332728364
EK202310151292,128.15976935362514
EK202310123293,132.6419059026553
EK202310151984,141.1527206564779
EK202310133891,153.60739591252755
EK202310108554,137.67965240362972
EK202310108056,151.40144721907546
EK202310208276,142.75289085730813
EK202310106720,132.77294632016074
EK202310164462,135.18434732243298
EK202310153370,153.92075388940646
EK202310156354,142.30924817355285
EK202310120895,137.9281380546989
EK202310204021,147.1517758835777
EK202310144453,165.11348416612924
EK202310187876,149.41984363708994
EK202310234386,134.65020841974805
EK202310223302,132.998205827205
EK202310198885,132.8702264671383
EK202310133774,152.24779008722263
EK202310216355,145.27458012479664
EK202310170923,133.99628926976314
EK202310190308,145.69750008400842
EK202310116974,154.1460976845147
EK202310147600,151.8753887250283
EK202310134725,159.2986706824206
EK202310205939,122.06850456958156
EK202310166068,137.27682958466644
EK202310228965,139.46488093739262
EK202310106007,137.55850587833888
EK202310192113,162.7964634515195
EK202310168030,139.14012850140998
EK202310119751,155.0442045462879
EK202310196784,140.99717911261183
EK202310147073,152.16982894340617
EK202310215585,147.9853597540392
EK202310176737,136.09627013647594
EK202310191426,153.17542057419473
EK202310234686,140.6054558500289
EK202310173981,137.6483691824927
EK202310238285,146.3515192752287
EK202310004398,139.07598907870815
EK202310227760,146.80374140061036
EK202310228813,132.17703746207783
EK202310108999,150.01598308116246
EK202310170661,149.09991561303576
EK202310107069,131.25792425069992
EK202310107605,156.02593253686382
EK202310149427,163.33492320327989
EK202310235767,135.89647362413606
EK202310146513,144.3865952042481
EK202310134095,137.94531498873002
EK202310212824,158.85712820997983
EK202310187784,167.92085712037237
EK202310220588,140.51463160535104
EK202310171664,129.4010064439185
EK202310213580,141.7022583273718
EK202310117169,127.95284394233255
EK202310225689,131.30567070199282
EK202310228834,135.61503608190932
EK202310199085,150.14912394323633
EK202310115337,141.0097138460187
EK202310222451,142.88495506608817
EK202310120450,135.15902922765338
EK202310196902,151.25713774381117
EK202310213448,145.21202994438505
EK202310194551,147.35051740423333
EK202310210607,146.43821359240064
EK202310240625,139.40010822969072
EK202310232826,145.80182245860277
EK202310115580,143.36784674843204
EK202310230496,131.91155041447016
EK202310153896,150.72639412198996
EK202310167421,158.117836100267
EK202310185386,143.9503822330315
EK202310226162,148.26799256764986
EK202320006296,154.60857476502443
EK202310122211,134.03916018780217
EK202310120410,144.06617226935597
EK202310135887,131.35308579536243
EK202310123262,144.4783827464242
EK202310116308,135.80944720191331
EK202310141964,139.15359966525975
EK202310114738,137.5494572799379
EK202320007799,144.26346124956228
EK202310135945,150.64428595054696
EK202310152049,144.77344699371105
EK202310159468,142.75129900692863
EK202310137922,137.9478473550201
EK202310137799,141.7828063041455
EK202310185003,155.581363868094
EK202310183141,134.89334624621134
EK202310179706,142.27208594394358
EK202310226300,132.39198316074163
EK202310209408,148.87345996640636
EK202310224094,135.10999514460573
EK202310155840,131.36595570584038
EK202310153392,154.26983819916097
EK202310119916,151.30212466368357
EK202310189485,135.26337805847294
EK202310153973,159.0830096122344
EK202310143859,147.04349941345643
EK202310209322,157.03394485172748
EK202310219928,144.63486803755853
EK202310177843,145.30103892230136
EK202310235521,148.4271881385286
EK202310227218,137.87346116737476
EK202310120634,126.9797345402667
EK202310237236,122.43188471090514
EK202310174275,165.36270422246
EK202310207517,141.13746181835967
EK202310197066,136.43249192656495
EK202310235418,136.93742462784442
EK202310229043,135.7328498602062
EK202310232518,139.48733417969493
EK202310127726,137.5989155262236
EK202310216259,157.93068852073486
EK202310132033,134.14864453232062
EK202310204271,152.98283577465207
EK202310194461,153.93390561266986
EK202310202541,146.97872064484258
EK202310201397,150.43335961057477
EK202310169275,132.8321212445014
EK202310115278,138.55789599765876
EK202310157300,157.43899590007064
EK202310111329,140.3554264266876
EK202310132731,160.58862497689893
EK202310107770,142.11425668022633
EK202310131063,153.18029920474888
EK202310212722,136.97803763962546
EK202310172610,151.16527284349348
EK202310243791,133.6031499527133
EK202310219499,131.0629937399313
EK202310131588,146.62664921893418
EK202310217120,145.13397807231937
EK202310172169,148.40682949342738
EK202310133205,137.2445375413099
EK202310190824,160.53637825408853
EK202310119229,144.71167576973642
EK202310172059,144.3497307564453
EK202320006521,154.91262070421922
EK202310221989,151.1021424516091
EK202310178785,162.0996801444937
EK202310183830,134.89013971523747
EK202310168297,153.57200115768197
EK202310127675,124.89891611454846
EK202310172854,135.94713017640092
EK202310176515,149.43831275187875
EK202310154731,141.364396150785
EK202310213784,160.98273107170908
EK202310150574,150.0769313154408
EK202310130454,148.96169676547262
EK202310131489,147.67755886720022
EK202310174498,141.33941346452553
EK202310103853,143.96148185957728
EK202320007395,157.013811124092
EK202310182375,152.12930777104415
EK202310146376,152.2941642593953
EK202310236179,125.89426170927764
EK202310149241,146.18679410914345
EK202310135136,132.72757317487162
EK202310140867,147.28028830570352
EK202310223502,140.3712908242472
EK202310243943,141.7899688053606
EK202310174164,151.2680065177839
EK202310158044,145.86756771500967
EK202310148103,135.91804017109092
EK202310156336,150.9436869086754
EK202310190263,155.70611294633636
EK202310176162,154.1007687712275
EK202310129272,146.1202528026407
EK202310199173,138.69966968721488
EK202310150794,148.1218500822675
EK202310207717,151.2945752979302
EK202310109712,140.0477935060328
EK202310142567,152.33369374213683
EK202310117141,144.58900142620195
EK202310204093,131.50419872282066
EK202310241706,149.68604482957977
EK202310183611,176.16354327410346
EK202310233211,147.1609072916985
EK202320005748,146.26626593785022
EK202310124159,134.24015747050555
EK202310138315,127.10905190121395
EK202310193796,159.0244710500891
EK202310218166,167.12148850350098
EK202310229779,146.93094764772258
EK202310131658,149.98161864149034
EK202310229978,127.42604469863554
EK202310171658,129.9453221328137
EK202310121521,124.471541267021
EK202310190841,150.97449658257412
EK202310104228,142.46674461555097
EK202310113040,143.74339233836756
EK202310131735,151.54152631871753
EK202310170151,149.27344859661738
EK202310124366,122.91674318587748
EK202310149451,142.52560450906302
EK202310206552,128.74726525503164
EK202310129905,140.5137777129621
EK202310227850,137.2564228547182
EK202310235398,142.17465357311974
EK202310218108,129.94512639577982
EK202310157681,123.250812481627
EK202310214538,141.07290999868857
EK202310201752,157.1323956437258
EK202310105353,153.16423605668763
EK202310106768,128.58253016310633
EK202310200116,160.98453854259864
EK202310127715,130.81420989092192
EK202310105124,144.83734897988353
EK202310198102,141.348640520015
EK202310106141,144.29100685417748
EK202310165059,139.1781410941119
EK202310163969,149.23804129700295
EK202310163911,163.79521952993352
EK202310160055,148.44912455081726
EK202310126497,134.1849082916957
EK202310189545,151.90091697596245
EK202310187535,144.254196902256
EK202310224997,130.48778532143373
EK202310147587,131.3228433055761
EK202310130969,140.18319475933075
EK202310157178,159.35333857011076
EK202310150244,135.01348508733625
EK202310114255,153.70922975188205
EK202310214855,148.54812606148462
EK202310158832,160.08096603507175
EK202310143631,140.91544463834168
EK202310206903,147.08517012154118
EK202310213965,145.49638921233657
EK202310140974,150.7886147500443
EK202310243752,148.52247512763734
EK202310230647,161.49755019399242
EK202310110490,129.86273524742654
EK202310168466,135.17093146426078
EK202310138755,159.84961857573686
EK202310169502,133.00843689241617
EK202310203430,167.12225819850468
EK202310163679,139.80675841060622
EK202310157628,132.16829965261365
EK202310224841,134.5372336017018
EK202310153096,166.50215936246678
EK202310116043,131.59104830688275
EK202310201955,133.23111467326393
EK202310240755,139.57160186590605
EK202310215391,155.53281030265288
EK202310120508,131.169383743612
EK202310166816,142.7938300362964
EK202310197615,166.84706820461201
EK202310149113,153.44214818015857
EK202310187571,145.96279053990696
EK202310234394,130.95701833019336
EK202310204787,133.67208200064965
EK202310170562,159.35300888312298
EK202310158575,146.56775109609575
EK202310200164,151.7983558908162
EK202310167493,133.5608929232081
EK202310181034,146.81003320619305
EK202310167070,133.0613651751193
EK202310221166,127.54482405543554
EK202310157175,135.30521136688444
EK202310148464,143.10894524275167
EK202310143208,135.01723429216938
EK202310139027,123.71281679513561
EK202310224872,132.38028779769795
EK202310173761,146.43044457054535
EK202310234649,137.27928406721114
EK202310134946,160.91068529499248
EK202310132145,145.11879971455875
EK202310124351,133.30582143679877
EK202310240711,143.67337120378056
EK202310228181,134.88827214652267
EK202310152792,136.8668101924935
EK202310218480,150.21981232095425
EK202310233680,169.6401616058467
EK202310226082,140.3667083680956
EK202310166293,157.45956496050852
EK202310178413,167.46103706991724
EK202310192848,153.64413467404472
EK202310169316,143.75579464238703
EK202320006913,155.92318965445753
EK202310108324,130.3934862591808
EK202310209693,142.30376914937003
EK202310108004,148.91418152649752
EK202310198846,159.80629210078664
EK202310219677,137.4785216128617
EK202310164857,140.19141125038269
EK202310147656,148.90877599590078
EK202310145013,135.36819311593098
EK202310147368,155.13957630970052
EK202310170036,132.40464324486757
EK202310120376,128.17145109678395
EK202310150683,133.8139163922964
EK202310240238,153.50779214457515
EK202310217185,172.40772021039217
EK202310164586,143.9706776074503
EK202310198428,137.91077513730735
EK202310233407,137.52506134150516
EK202310163412,134.7813886705259
EK202310151118,145.09245361918775
EK202310206940,164.3989140025438
EK202310229350,127.64529810643702
EK202310118968,135.25587672224657
EK202320006106,166.89772156448603
EK202310201360,131.63682245504555
EK202310214617,145.31109515013236
EK202310230798,132.7110644891945
EK202310131993,128.91918838768206
EK202310165856,167.15389612952723
EK202310208421,133.74002470288903
EK202310140732,144.42485720721277
EK202310134224,140.77347881973472
EK202310108759,137.21973755957902
EK202310115586,143.3082854056256
EK202310166328,131.501411553673
EK202310104171,150.61211911886605
EK202310218466,130.68268664418162
EK202310186769,144.24533640995364
EK202310231774,139.47198284100455
EK202310130856,125.39923264809175
EK202310199243,169.06646178170416
EK202310178583,153.7204975644957
EK202310231077,135.65003559977978
EK202310232984,138.36848685962735
EK202310204584,142.73971649290328
EK202310210808,142.65209425595702
EK202310243853,133.34121086271645
EK202310114871,138.14660503748246
EK202310220680,148.69536911622214
EK202310225716,134.18771502238212
EK202310171582,150.9092517155945
EK202310153093,147.04641089238672
EK202310170911,141.27800719527588
EK202310165452,169.9223744452283
EK202310235729,135.62548385150512
EK202310175158,137.11609852187948
EK202310161650,167.57056010851042
EK202310179057,148.56433491776139
EK202310173343,146.3403428047746
EK202310188221,138.27962327939724
EK202310207572,149.60780345499893
EK202310126999,148.7120927366544
EK202310121103,152.5772399178113
EK202310186391,146.98648349842054
EK202310210239,133.62959835396103
EK202310195085,148.9423228138015
EK202310160300,125.81034221667782
EK202310199891,140.36103549036557
EK202310163707,138.81579951142967
EK202310196523,151.71501424843368
EK202310234859,133.33486645314105
EK202310231803,133.12074948781913
EK202310136798,123.90109456959831
EK202310244538,141.2176101687196
EK202310004017,139.21105098118147
EK202320006492,154.3918373533041
EK202310185950,145.26387121065392
EK202310130639,135.20098659535878
EK202320005689,144.51367887172162
EK202320006687,151.14656498438495
EK202310167248,130.62250549669676
EK202310134731,134.1485811341202
EK202310179818,132.5268125985338
EK202310147913,149.19472848413113
EK202310153980,141.3949496019743
EK202310117979,139.9594648964832
EK202310149501,142.59829627652928
EK202310236960,138.1878211171867
EK202310181994,142.1161782817761
EK202310170364,128.50964988618057
EK202310173530,149.71633060190095
EK202310111439,126.80885462473614
EK202310222093,133.65903789355943
EK202310144055,138.37375336710676
EK202310214164,136.00167073592007
EK202310177168,150.48613405358773
EK202310233756,140.05806286688258
EK202310154451,146.3884681407546
EK202310193603,140.55130231045237
EK202310210012,124.558001080883
EK202310109490,137.08840099549283
EK202310161365,153.39493064124812
EK202310153596,145.3125156490106
EK202310171021,158.88071100565168
EK202310135046,152.14819773723946
EK202310105468,119.69520245119794
EK202310180678,142.1922772059508
EK202310123763,132.89173670980523
EK202310137466,146.6426257583044
EK202310138581,154.1663666881429
EK202310221347,143.28819806700577
EK202310175567,140.8474983201193
EK202310136752,146.79303230036246
EK202310129734,146.67565259768907
EK202310120365,142.54034331919806
EK202310127797,139.14979713724705
EK202310183416,141.15472523401934
EK202310239153,158.51014338449644
EK202310222246,150.4116658859959
EK202310144082,135.4307647718755
EK202310226435,134.596938264226
EK202310110236,146.31494470764324
EK202310172009,138.2216294119139
EK202310152432,162.51520214190955
EK202310219667,142.1771952783367
EK202310202548,152.70849898212958
EK202310179444,135.0358760154359
EK202310110933,140.45875073435548
EK202310112714,147.2882099141305
EK202310129776,164.45808697515645
EK202310184025,150.43396054928016
EK202310199495,143.40809396242287
EK202310120853,146.3850532620036
EK202310110965,134.9527630980977
EK202310125670,133.69917982676196
EK202310129995,157.68346637406387
EK202310228248,136.99689796237524
EK202310128534,129.91848123345756
EK202310183479,149.88897073283235
EK202310159882,148.74977554967836
EK202310224442,134.63496497542098
EK202310119875,149.69610001404305
EK202310165118,143.15820511756885
EK202310003461,135.1958987047778
EK202310127902,126.58405368509462
EK202310241227,144.36661565377085
EK202310177075,128.8635406310155
EK202310195321,148.851687661326
EK202310109724,172.13756910637983
EK202310224884,134.43272259541823
EK202310246986,137.26809887413017
EK202310180027,142.9144307584548
EK202310143531,138.32364627261413
EK202310180604,128.11886432502706
EK202310241988,150.64411792645134
EK202310109076,152.68069641760954
EK202310117902,132.77363345251734
EK202310215898,139.16460498724496
EK202310134539,131.92677922122138
EK202310239440,134.90096902708552
EK202310230665,135.57556685382173
EK202310172063,151.7784539676893
EK202310126450,131.37198075230805
EK202310229116,140.5222438580615
EK202310178898,159.82330823907793
EK202310111721,152.5847010647801
EK202310170101,158.6519876128671
EK202310158581,138.1131245284544
EK202310157015,161.85673503757621
EK202310229038,141.76045159058393
EK202310222680,137.50293403054027
EK202310111285,146.06945869822226
EK202310222575,154.79470707798828
EK202310156621,174.7554502438721
EK202310199481,140.40203198827547
EK202310204046,152.59150960987657
EK202310219609,131.48757856834266
EK202310222642,135.2514454348768
EK202310199140,135.6270310654155
EK202310200730,141.2590718879676
EK202310139007,134.35721987769756
EK202310126900,134.31495972666866
EK202310228039,144.75515861442787
EK202310177276,146.9754220690783
EK202310233570,132.9420851274959
EK202310237169,145.356468351444
EK202310238023,156.1138622387884
EK202310127838,131.4619993418129
EK202310232618,140.50215319795484
EK202310114863,135.80968637671413
EK202310196485,143.42793127856956
EK202310128223,133.88671243843115
EK202310121663,137.406641326023
EK202310111075,148.06547784369835
EK202310131404,130.07984959756888
EK202310104361,141.36026309808852
EK202310188771,143.2781701843707
EK202310166069,158.15700519773137
EK202310225476,125.24710993720258
EK202310118945,120.16927621514486
EK202310203625,140.61945199156915
EK202310245898,143.77153351607856
EK202310197749,134.45278073823937
EK202310185073,139.48371472400945
EK202310114565,142.4489185855379
EK202310151446,160.5419735722309
EK202310206021,142.71812022839944
EK202310179791,150.2013379044565
EK202310205394,132.97560276778054
EK202310166488,164.3372124767389
EK202310106840,130.54875337185402
EK202310115082,141.93043656493737
EK202310173564,141.71839997867428
EK202310205877,161.73410029521042
EK202310152051,145.89347924138937
EK202310144703,139.83363534459528
EK202310130259,166.27731857525703
EK202310177228,142.35598513658925
EK202310218957,130.66242409875184
EK202310142498,154.61219754358413
EK202310119549,133.45976519346723
EK202310233725,134.44753121113706
EK202310233810,146.3437109154608
EK202310210342,145.76855264208243
EK202310142303,155.1193973661992
EK202310227362,137.2818160824342
EK202310212631,140.8911674760607
EK202310148066,143.3943052936873
EK202310115133,143.92088283769618
EK202310145502,132.1932660269199
EK202310151385,167.56904764432156
EK202310245859,132.82170640594194
EK202310222753,141.77522620842896
EK202310170556,151.62381919332793
EK202310186591,122.96548992746241
EK202310141795,156.54738601213717
EK202310129475,144.2277937533386
EK202310117335,133.7731464275442
EK202310219091,145.02059713524253
EK202310224742,125.46972214778853
EK202310153827,168.6474747875638
EK202310159244,141.15268135902403
EK202310218618,141.1006583609363
EK202310229622,129.35203740905547
EK202310212905,131.41614743484652
EK202310190075,132.65781714832661
EK202310190265,160.47976504150213
EK202310168559,125.86991918549717
EK202310215223,138.67656573942068
EK202310231305,131.90991796893846
EK202310220211,133.23964682031894
EK202310183222,139.82657427631347
EK202310141182,134.99446224759757
EK202310227695,133.34374236149034
EK202310233303,131.4181785054253
EK202310108658,133.9115361288235
EK202310157889,148.72090255151718
EK202310176473,145.92847425446072
EK202310235635,134.10954178109787
EK202310127390,151.46793236507935
EK202310137562,150.04386631110003
EK202310104205,144.34796892648833
EK202310174206,125.56750234979432
EK202310212816,161.32557169569375
EK202310147436,138.92847757887012
EK202310180611,146.76220435234183
EK202310210354,148.07132132062623
EK202310189663,135.02160199329714
EK202310119259,139.72932897553562
EK202310235125,135.74543672001698
EK202310246750,136.08564911613732
EK202310218896,150.2800908311311
EK202310203786,133.76987384637934
EK202310180913,130.08052736896002
EK202310124372,135.1551538154767
EK202310165379,145.78592804371115
EK202310180954,166.12511409986416
EK202310145852,138.58216323650953
EK202310236766,140.92470977898336
EK202310134276,156.04810995789074
EK202310121348,138.01303534655833
EK202310141601,150.1986253498744
EK202310128602,134.86166623906396
EK202310110423,128.69140483518365
EK202310145558,149.41553678199756
EK202310155126,142.09392266847215
EK202310148031,153.98198871332468
EK202310174648,137.99414487837643
EK202310107125,156.4334759827205
EK202310206336,172.35400775605356
EK202310244639,133.0685930537402
EK202310225703,120.4630550581351
EK202310246590,160.2467649085801
EK202310162037,136.4395248941479
EK202310214389,153.45064121336955
EK202310186078,144.13000710972509
EK202310237892,131.32379560111468
EK202310139019,139.3436957973221
EK202310144411,139.45490510044203
EK202310121887,141.33203570197904
EK202310182472,137.35359010159286
EK202310110577,130.41337156897026
EK202310217458,144.66014008514432
EK202310206751,153.6876274744773
EK202310135834,138.87944844117598
EK202310129936,147.98058751145234
EK202310193629,151.56872914046113
EK202310109058,133.89492911428363
EK202310229608,138.25375483385872
EK202310201686,149.2077943898369
EK202310206823,135.06285342614328
EK202310109660,128.3984113484625
EK202310202418,154.52500863368036
EK202310140335,132.2907448785296
EK202310198168,136.6601530063628
EK202310117989,144.5588724755989
EK202310110082,139.11061087326598
EK202310227199,133.44051887182783
EK202310219307,163.25059360311337
EK202310236825,136.029419617367
EK202310114629,143.51550155903752
EK202310180370,159.4170360130542
EK202310145206,151.17545563021568
EK202310108111,139.87739593353697
EK202310226175,142.50277598948915
EK202310227223,162.7425397837961
EK202310199795,142.78066329657526
EK202310228694,133.57267401575706
EK202310217385,137.39064317834953
EK202310104812,133.0829611485511
EK202310216111,134.52509844502947
EK202310176703,152.75022027820972
EK202310240602,132.11575483037387
EK202310103728,141.20792021786502
EK202310220868,121.94049931541909
EK202310114579,141.53865329544485
EK202310165033,149.50358786002576
EK202310150030,143.3797404538169
EK202310201296,164.92028649648617
EK202310105195,145.36475082468849
EK202310213553,130.75920233653602
EK202310162788,151.0536541165318
EK202310216325,138.866911695174
EK202310144613,148.90240450023234
EK202310226580,138.11895886088502
EK202310229109,132.52781110795414
EK202310124954,177.57429361027144
EK202310205954,141.1617924326184
EK202310179712,130.00670061435267
EK202310193847,144.6181590037889
EK202310175822,134.30897078959723
EK202310116359,127.45275717568697
EK202320006662,167.12206487119923
EK202310111520,139.42703849080362
EK202310213288,140.19096201748604
EK202310191137,159.0978125946029
EK202310132404,137.08745093964455
EK202310201570,164.90181124030758
EK202310203322,131.57647192369487
EK202310143258,152.82054651853917
EK202310241669,142.24900546625128
EK202310190261,160.24344274838526
EK202310145096,127.39430075795401
EK202310231686,142.07030969290085
EK202310163789,145.94728454568713
EK202310196402,154.01795855707957
EK202310230132,138.7394540484998
EK202310155673,135.0820291168239
EK202310210437,134.671369012198
EK202310107353,142.41267071691328
EK202310219475,140.56003421026264
EK202310232408,124.0380006809695
EK202310152774,109.93839302830322
EK202310200770,150.86131215832535
EK202310185372,155.45777980348547
EK202310119209,144.51072798782488
EK202310131238,138.07499631175995
EK202310162969,133.326454026441
EK202310127182,148.47553867684024
EK202310245830,107.79147775915588
EK202310205893,140.60274668277367
EK202310104756,132.29446862698532
EK202310153892,146.94077132893582
EK202310244027,149.17798810723883
EK202310163145,147.96083774040162
EK202310165966,141.5758678591969
EK202310185338,163.38145465064494
EK202310004564,132.57752507621012
EK202310246545,125.44083849044345
EK202310243927,157.15483574558056
EK202310171098,139.99925564769327
EK202310226637,132.94786677380276
EK202310240501,137.29136915370998
EK202310213124,139.37633720623876
EK202310185369,148.56970613891224
EK202310184650,164.50915438522566
EK202310191710,131.73887838390937
EK202310186505,142.67355652140876
EK202310246315,150.82228079954288
EK202310128179,142.4353836936861
EK202310218717,139.76182518441664
EK202310140183,137.7081489488294
EK202310218416,137.60978300509476
EK202310104512,149.29196564748045
EK202310148024,144.9837737091503
EK202310211056,137.1064185611095
EK202310212788,144.35999193871595
EK202310151708,155.26477965447882
EK202310192193,135.84330236508572
EK202310147119,161.90124115548144
EK202310134171,162.6092114712551
EK202310120405,144.86568355665062
EK202310197432,132.64659660764664
EK202310116473,137.07326320255856
EK202310148941,137.8875432065824
EK202310225424,149.30199087307193
EK202310160249,160.61875983437915
EK202310177564,132.6789782917143
EK202310147712,131.23367873477
EK202310130033,137.69538904332336
EK202310161738,147.22062279147227
EK202310225844,137.40632738717088
EK202310200581,168.04319888978424
EK202310155845,139.43881094291768
EK202310121666,131.56437938094774
EK202310124396,134.94350225356888
EK202310234458,133.61375949809027
EK202310122157,134.07444979905702
EK202310122028,158.45384220290978
EK202310178168,143.34076800524585
EK202320006120,162.296455118244
EK202310104089,143.89978198224676
EK202310130047,127.28399159104093
EK202310233902,134.0980470353153
EK202310145593,140.69852528795548
EK202310145435,134.2370021275996
EK202310121638,151.79381095800787
EK202310175711,136.7207208129682
EK202310178650,131.88385458904068
EK202310209932,125.78859752499012
EK202310150842,141.97470836816606
EK202310176075,121.0434349864643
EK202310225913,151.60167381063647
EK202310223616,131.33151614336714
EK202310177498,138.36728116762384
EK202310210293,131.66728385247166
EK202310243077,135.79716646878174
EK202310120981,133.3030574901197
EK202310161599,142.24650491456092
EK202310199852,145.3695075869328
EK202310152182,146.3351149266601
EK202310201657,148.56867735498352
EK202310108940,148.9831206936087
EK202310167429,149.59670279904842
EK202310245926,148.6240310598581
EK202310152784,143.98619265908764
EK202310124342,131.30773241877193
EK202310161267,141.95347416878303
EK202310145118,129.85636990615365
EK202310124701,134.72528194499674
EK202310144618,147.58702017897792
EK202310233384,138.3849362110546
EK202310207039,159.3296041158285
EK202310190234,139.00128940929022
EK202310198686,144.69104253099167
EK202310120341,153.29031055122394
EK202310247847,142.57210627011108
EK202310003450,160.44506859486
EK202310134573,139.3080202615048
EK202310116321,127.80802245019908
EK202310202729,139.32397770033316
EK202310225102,158.01504792812295
EK202320007842,152.48187875982129
EK202310185093,145.49647409821017
EK202310147662,148.24705222357676
EK202310202843,141.4232941237425
EK202310233390,134.3774343517033
EK202310136750,138.83583594576422
EK202310132231,132.5753083762628
EK202310229820,132.14961442529938
EK202310198900,133.41557395384362
EK202310112722,135.6797601676048
EK202310124481,139.6089172766906
EK202310168703,136.79411946448766
EK202310215506,140.81476925165512
EK202310227298,131.96104231099739
EK202310162425,151.45363879574379
EK202310147420,128.02985483876876
EK202310230006,147.06080082049283
EK202310107551,161.55869648316423
EK202310245496,133.72454450197216
EK202310121500,136.14878999434984
EK202310137045,133.51507111733204
EK202310004368,136.17292855814532
EK202310124048,135.37189078902222
EK202310123230,139.4842787814635
EK202310003475,135.3282678553022
EK202310129436,138.4384285307546
EK202310202223,153.66238593055508
EK202310135682,150.99612118508892
EK202310113775,161.07599140920047
EK202310143850,143.1326182326616
EK202310199362,149.93934979005329
EK202310206686,139.99205883729954
EK202310134277,141.97159614554604
EK202310244824,131.01761732328677
EK202310127241,148.498088252999
EK202310153015,148.38645571565772
EK202310183863,139.07288571375068
EK202310194062,133.23837608253965
EK202310137570,153.71075453925826
EK202310105406,148.09254652397135
EK202310211726,138.3710462401523
EK202310140163,155.29224378723174
EK202310151370,133.07012354628856
EK202310183307,141.31215556626952
EK202310209242,131.98235818224262
EK202310201596,146.45150142178647
EK202310148319,155.71339438103692
EK202310212091,133.08233121009124
EK202310231030,150.89712480854698
EK202310111993,144.2537495044071
EK202310156211,157.0951175360963
EK202310104592,140.12479179538104
EK202310133538,150.55355606454148
EK202310143489,124.27098678361214
EK202310108608,150.46109436005602
EK202310209410,153.05003308752313
EK202310196298,172.02505713411182
EK202310200348,137.69410488833384
EK202310130825,128.97581381523463
EK202310211388,154.09212242144616
EK202310151265,131.6436956065103
EK202310161779,155.25509964241581
EK202310117949,149.2718986544386
EK202310204507,160.03669655067856
EK202310104001,135.69881512751002
EK202310217266,141.24136702742334
EK202310210738,135.5344535006063
EK202310179516,132.76072447383726
EK202310185260,156.0873433072064
EK202310117134,138.43020641980547
EK202310218620,135.16151976682588
EK202310118920,143.67407074044928
EK202310174953,154.06460249545512
EK202310235880,171.83267344492722
EK202310246765,142.96958706619867
EK202310151192,139.38791442207932
EK202310218327,134.72426907957484
EK202310184977,152.6667142131272
EK202310106156,141.16938998295313
EK202310174601,135.19776146706513
EK202310242933,135.9096074871955
EK202320006248,164.9122430787101
EK202310155266,142.10592531111953
EK202310118205,146.08824876854618
EK202320007868,142.05298428730222
EK202310122476,135.71060414165245
EK202310246704,135.23694354538569
EK202310154390,138.1782716039718
EK202310208154,140.24021631184502
EK202310130903,144.23544004321317
EK202310244992,145.00397380007144
EK202310141315,138.2875935509061
EK202310119220,143.0244603126258
EK202310245411,139.97404164067478
EK202310122328,140.7859104377906
EK202310145979,128.79348824846898
EK202310137109,137.04941308183956
EK202310107808,140.3021690031028
EK202310237598,143.55338760441907
EK202310150637,146.226661480092
EK202310115093,135.82300381199107
EK202310121973,146.84842910079985
EK202310201313,131.9256802774096
EK202310171481,158.59924796218414
EK202310151406,160.94244544972895
EK202310201141,163.01753456417842
EK202310179223,132.45735493027078
EK202310195934,167.06296788816766
EK202310142396,155.41152283588787
EK202310161167,155.92416419314048
EK202310166581,152.61234722637656
EK202310247520,151.1053241243517
EK202310113867,139.67787106268898
EK202310124498,136.51677965108752
EK202310156133,140.2638255579407
EK202310199597,151.1689126164326
EK202310161135,161.6892435738604
EK202310215679,138.03691620288242
EK202310238774,133.14615495438727
EK202310196868,139.25828506260513
EK202310112295,159.7700494322632
EK202310235239,153.4926123970911
EK202310127731,140.34560063295658
EK202310230868,148.44778233741252
EK202310217903,149.5896289375264
EK202310172613,138.51315682179134
EK202310129229,148.37609303238528
EK202310190368,169.8692668198165
EK202310162297,136.43287228383457
EK202310222739,131.54408992352666
EK202310161749,130.1517315205739
EK202310155297,145.6991331863625
EK202310108502,156.49450416430813
EK202310130801,152.6995597862185
EK202310231593,128.94951629121405
EK202310125919,145.66706193000965
EK202310209411,136.16855849321738
EK202310179339,125.48499101031231
EK202310187200,154.79667783800312
EK202310146890,151.1526255071013
EK202310166979,143.6539574212134
EK202310237165,150.14225281569713
EK202310152579,146.31691265393235
EK202310003917,150.30524895530192
EK202310235269,156.04352754836762
EK202310108468,147.39576660272
EK202310143968,144.69946578729534
EK202310160042,126.83622587158956
EK202310203662,146.18979843464308
EK202310151437,156.1704165566109
EK202310144465,139.42759192647608
EK202310190402,150.05340462715958
EK202310134264,130.6693490133243
EK202310234082,150.57689799755732
EK202310210958,132.36879947990954
EK202310139701,131.4012380143528
EK202310143670,170.3779919477735
EK202310144634,139.94687866319737
EK202310141663,159.98775290534533
EK202310137665,140.75507397903883
EK202310205722,136.94811590982397
EK202310151909,153.9701151205565
EK202310221195,132.60441221637927
EK202310137582,143.29479693999002
EK202310194278,124.36209347939098
EK202310128272,138.34276048377916
EK202310106468,146.11218153956605
EK202310144004,133.3080340905207
EK202310128173,154.4526325484461
EK202310111420,135.54695964276766
EK202310120296,134.50284868992154
EK202310200950,159.16583854814132
EK202310175501,139.62719048897623
EK202310120331,147.03790170154414
EK202310228878,170.35484437892998
EK202310182513,160.20949947657985
EK202310146179,129.66457786369017
EK202310122722,138.6734519321542
EK202310105824,149.4118547976888
EK202310153125,165.73824174655022
EK202310245447,146.4225539137203
EK202310119032,139.52912536735937
EK202310121833,135.5556476509675
EK202310241687,140.32154569727416
EK202310239324,139.25851153761843
EK202310164441,134.31637378151788
EK202310140020,165.72153935881315
EK202310130010,144.7571917547966
EK202310121272,143.9276583958162
EK202310155947,138.45159216736158
EK202310235396,145.57416093373126
EK202310142223,159.9807831118105
EK202310112225,147.3484546711006
EK202310169440,149.74194081079062
EK202310136706,145.58236237870474
EK202310216973,130.46863564581855
EK202310226784,145.9872805287904
EK202310221041,135.50744166262427
EK202310231770,142.58014712344593
EK202310145329,152.8106333526083
EK202310134603,142.02918263923712
EK202310186803,143.75631569776388
EK202310004747,126.3044724156323
EK202310140470,137.30629862209193
EK202310195581,130.9764094693879
EK202310150690,144.42385830222938
EK202310107903,134.80372488408665
EK202310192146,136.0966943729795
EK202310148551,177.85252771581796
EK202310106261,138.62664698590538
EK202310146170,116.58579475518953
EK202310136162,143.07070675318968
EK202310113122,147.81527158157908
EK202310163718,135.1747160792108
EK202310183205,155.76978934927956
EK202310200858,172.1200762587153
EK202310196929,167.4687204928304
EK202310171438,167.68884354007847
EK202310174765,143.99090820249285
EK202310124046,141.22250140963496
EK202310152264,149.5736618711913
EK202310213792,164.84997325659316
EK202310165171,166.89606767532834
EK202310162758,143.38936929377977
EK202310143468,142.7567937114245
EK202310180043,127.11701257872994
EK202310147871,154.12047212154397
EK202310164549,135.90783179466968
EK202310201642,140.67008188648816
EK202310109113,143.46400972440594
EK202310174688,141.37757408006564
EK202310248259,143.14665055218018
EK202310185782,139.80543548978522
EK202310110936,134.54189446231774
EK202310117421,140.6887775624819
EK202310142478,123.8153588131787
EK202310141930,147.49051949201427
EK202310243981,134.58720453426577
EK202310172266,133.3181545445007
EK202310228140,134.81343712925042
EK202310176614,144.69010304188473
EK202310233607,167.74001211081486
EK202310106233,127.33838422944736
EK202310162621,167.65470976323874
EK202310190940,151.37280126774536
EK202310219344,167.62742173415646
EK202310154188,156.82841209224904
EK202310219915,134.66653294957726
EK202310166730,147.79151486709807
EK202310117725,132.37139905341834
EK202310166726,143.69229863480518
EK202310163657,167.04166249654125
EK202310228898,136.7341322422346
EK202310184184,135.18747718849767
EK202310125372,132.1203010661795
EK202310119495,129.46589221655165
EK202310117082,128.15892338127574
EK202310146291,138.81270934145593
EK202310241466,138.8320669722812
EK202310150849,146.24312599840337
EK202310202757,151.20691501218053
EK202310182560,138.71109939287837
EK202310112973,130.5466845754148
EK202310213514,129.8725449057869
EK202310221393,159.60737435289917
EK202310158310,147.84654721535284
EK202310140347,133.11026236136294
EK202310175551,141.26356709109453
EK202310180868,138.2550148952766
EK202320006868,161.83899565488113
EK202310248257,145.36615046581943
EK202310180309,144.009171254472
EK202310229558,139.98738348928845
EK202310115971,136.24759467615988
EK202310160935,132.95456752502508
EK202310157633,145.86097745814791
EK202310146143,133.38212507914952
EK202310186183,154.5856872157892
EK202310211422,144.6439930871672
EK202310161977,169.29138572328333
EK202320006500,166.56611882344654
EK202310150314,150.3169140217355
EK202310110846,141.25143782347533
EK202310203222,139.16181280319066
EK202310129532,137.84777027783701
EK202310129904,151.91624877621013
EK202310186467,156.65318851355138
EK202310147117,154.10901707288804
EK202310116424,145.8364255618408
EK202310149442,140.9413472962044
EK202310104505,145.96242807307414
EK202310121773,147.829981947845
EK202310127109,146.1070743416124
EK202310201894,156.28710317566228
EK202310188361,151.489751489075
EK202310193295,161.55494049110226
EK202310177870,137.88576516254025
EK202310113628,151.03918190218204
EK202310139300,151.23061760315662
EK202310142961,152.74506665957455
EK202310105639,132.7568125152699
EK202310200187,135.6315585816288
EK202310235386,145.67369278779398
EK202310201587,160.10576088798376
EK202310139029,136.33979233725475
EK202310170332,150.43933528497493
EK202310104539,141.89241574290065
EK202310221009,154.58417968920025
EK202310111917,144.87406403096077
EK202310155020,147.4403940203604
EK202310209995,137.27882978775887
EK202310201277,142.16415246271276
EK202310142737,150.7048286065364
EK202310226601,138.6268113047832
EK202310248195,142.16801889328065
EK202310181017,149.9710559671698
EK202310141427,147.6287200811656
EK202310231407,136.2186736479417
EK202310137086,144.9393027394254
EK202310125507,135.75002145483592
EK202310122987,122.77666675125222
EK202310200912,140.01917531176045
EK202310104251,142.7066959986645
EK202310195674,159.47805027876024
EK202310223438,138.668153627103
EK202310153194,166.61490994613322
EK202310213990,151.26766959936745
EK202310162781,135.9062655269503
EK202310187211,160.4838967552623
EK202310176227,146.6883514458262
EK202310234676,140.29305493506882
EK202310125148,139.27242522500316
EK202310177679,144.9197748268737
EK202310120787,152.51011376518628
EK202310145311,136.64680147916036
EK202310122627,143.26754220801425
EK202310201377,144.95577642571402
EK202310212640,152.47599872212618
EK202310123690,123.41742731651428
EK202310111428,151.39679100075153
EK202310231233,134.56747562665785
EK202310205587,145.22667960516316
EK202310126571,143.78300443939392
EK202310145090,143.18037296425197
EK202320006877,157.80354769884926
EK202310172065,133.75220630321138
EK202310198983,131.87526523562786
EK202310169546,127.33438456284428
EK202310111317,136.1071855667639
EK202310119424,134.8091196987414
EK202310135345,161.697350051372
EK202310118372,133.6961852542763
EK202310170295,144.86743923042678
EK202310190557,144.41238754953784
EK202310200195,128.66862937424054
EK202310131868,163.2198356638943
EK202310158562,153.25699585861943
EK202310150891,128.06867360675798
EK202310151386,165.3600215664228
EK202310243101,133.5934455288728
EK202310146970,136.63786706403627
EK202310194638,148.2277401487144
EK202310142085,132.92437538937682
EK202310155341,140.64878884428666
EK202310226663,140.37810398957942
EK202310183726,163.64090237385705
EK202310189308,166.22785794084933
EK202310198713,179.87540572325784
EK202310202117,155.48978034742316
EK202310163684,136.77813263055316
EK202310111102,144.8913737950564
EK202310127044,131.09241981289097
EK202310118453,152.78519327499785
EK202310128214,134.45327786497205
EK202310135042,170.78127288558161
EK202310126915,137.85053391574775
EK202310147166,156.28080253743974
EK202310233052,137.08969521690756
EK202310141703,131.55493047193187
EK202310164168,150.30699827994874
EK202310156751,149.41603504645303
EK202310146541,138.67815642103892
EK202310184817,168.44066958975344
EK202310195187,155.13122054221407
EK202310168677,148.29962312636818
EK202310188486,145.79955191565918
EK202310224018,166.56211375722324
EK202310172986,144.91319666866917
EK202310161060,156.6019473146917
EK202310178666,139.4418091543715
EK202310166665,132.30946311924967
EK202310141091,160.41525025753228
EK202310191127,140.73822617408564
EK202310189382,144.83984971497847
EK202310172890,147.71741972127657
EK202310171361,133.61066681483948
EK202310186346,144.3253331914532
EK202310189932,138.05419045513642
EK202310189293,178.27085196632677
EK202310171610,146.44568526296808
EK202310239231,141.10720902420783
EK202310201004,128.07218298481936
EK202310178301,157.19540748147534
EK202310246066,137.33480925196363
EK202310243993,154.33773199323593
EK202310240850,143.2995552758954
EK202310115127,144.09497270003402
EK202310232199,139.88404266719598
EK202310217063,132.14105514176808
EK202310115674,132.30598533670204
EK202310110226,139.1480288405483
EK202310181037,169.26919551145946
EK202310004136,147.6790020053599
EK202310159843,153.1221648576907
EK202310126952,125.51064598559633
EK202310230766,135.89446744077492
EK202310110797,140.83869514520197
EK202310231475,130.2203286884163
EK202310135719,149.32480590584294
EK202310145051,135.91388768753492
EK202310113543,154.42348598017293
EK202310159237,142.1349902070452
EK202310238856,129.90519343812957
EK202310121123,134.32876946017467
EK202310192625,147.37656939877874
EK202310170391,134.67008958047404
EK202310141783,150.12533078466086
EK202310117317,136.49620736277484
EK202310159443,126.93035898432723
EK202310224692,167.80062384922616
EK202310129133,144.1250134623341
EK202310118922,151.38345355176517
EK202310187333,134.51971898099512
EK202310149791,144.14652968595038
EK202310231752,146.46575623978393
EK202310130461,144.35188374720065
EK202310151790,136.06134586499917
EK202310156693,134.6859052029803
EK202310138274,169.6672579571259
EK202310217407,148.6252829686845
EK202310115388,134.30436440571714
EK202310145689,144.45770586096944
EK202310104824,137.24836139792393
EK202310247570,136.09261942279664
EK202310197035,130.87719765064605
EK202310230114,142.5181502271714
EK202310105854,139.75402746645727
EK202310187457,146.73722943253264
EK202310192506,135.63014694871117
EK202310140455,135.04194965411492
EK202310226538,130.9394376663105
EK202310175408,140.1296334805684
EK202310132765,133.4801646672973
EK202310193721,149.6734651311906
EK202310151285,154.41871123178814
EK202310178760,163.18667393496273
EK202310149663,136.37903083703148
EK202310219711,127.33534248087884
EK202310217272,157.86337865166092
EK202310238355,141.16121233118855
EK202310188659,145.76583968274417
EK202310205449,128.0134907584854
EK202310233265,162.3023260393181
EK202310109651,136.3569359646451
EK202310226933,136.68980842694225
EK202310159603,134.54914033349323
EK202310105868,136.67170868830192
EK202310171812,146.64831821648374
EK202310176259,157.5708085936682
EK202310122912,170.20091091838927
EK202310184013,172.01426013809473
EK202310179868,143.59922060955196
EK202310176252,162.84857649090947
EK202310239466,139.90908233187943
EK202310228949,135.48581638453211
EK202310169903,156.19337463732046
EK202310209528,146.77761642461942
EK202310213123,151.76974813676782
EK202310173452,98.71497484601156
EK202310230252,136.39257861354858
EK202310106835,125.81945507113618
EK202320007700,155.36449767238975
EK202310198359,134.1066097173363
EK202310180758,146.85979168851225
EK202310227440,132.47898130626584
EK202310239839,144.04374811889465
EK202310145401,134.61439471902693
EK202310131446,136.5367972710819
EK202310121079,135.37635463162715
EK202310159312,173.5386866808937
EK202310167080,143.4198807873197
EK202310110131,135.28781356190385
EK202310173862,134.04587417353886
EK202310184021,163.34826639301582
EK202310223793,149.8608164727656
EK202310190740,145.37714311621042
EK202310165164,144.88547626315813
EK202310136762,136.26559340557657
EK202310187434,145.5212531199918
EK202310212919,142.98055722293765
EK202310147933,146.6127879515332
EK202310217428,146.00785119506028
EK202310163195,133.29159432953296
EK202310144020,130.2101109982253
EK202310226546,135.0956099970167
EK202310172034,134.48787533607396
EK202310113666,151.96886166304952
EK202310189588,134.0500676805472
EK202310107725,135.22038854471634
EK202310195274,133.1308282887709
EK202310180008,127.80848086313532
EK202310164031,132.9090940353013
EK202310229645,142.51401181158087
EK202310125934,140.8960207899976
EK202310218196,137.53424143027837
EK202310119725,151.07616830349363
EK202310133573,135.6260599535322
EK202310219254,165.54198283044147
EK202310105775,151.24586777293877
EK202310163730,147.3400307691013
EK202310119408,157.0608933947971
EK202310134331,148.17611152948533
EK202310138761,156.7022842769629
EK202310126020,131.17852579160962
EK202310128964,145.25865681970373
EK202310225868,149.99430891846703
EK202310217967,126.37783114882902
EK202310222323,148.85875526051905
EK202310206855,139.00047329743012
EK202310152085,159.33480567289857
EK202310004023,151.72316841844736
EK202310211193,149.34984552334342
EK202310189925,141.15966743865093
EK202310152235,148.25398725165584
EK202310189056,152.88120824197668
EK202310242595,131.81578106454612
EK202310140195,138.5913275889598
EK202310181500,143.10647699797312
EK202310171216,140.6757608627854
EK202310209110,143.62793478255634
EK202310246479,132.17514910041973
EK202310194938,149.73298284214582
EK202310224895,135.87418724608122
EK202310195509,141.38586093076407
EK202310173849,122.50662632932003
EK202310116837,147.71779672306312
EK202310105574,142.05950894432843
EK202310196041,163.37579191587122
EK202310122385,149.90590118698026
EK202310193454,144.99294124133613
EK202310124125,145.8363154418515
EK202310180862,128.8628350125573
EK202310234723,147.07118192261032
EK202310126036,133.49152782215273
EK202310171137,155.99890930184813
EK202310233393,130.73060746780584
EK202310132926,136.5758465045418
EK202310160365,146.15777470436345
EK202310211274,143.53071946506572
EK202310225058,167.06013552441635
EK202310194840,146.1351027692077
EK202310216072,129.52464542021926
EK202310224888,152.5688270288658
EK202310003930,142.0720549436996
EK202310187789,167.00087584373512
EK202310237317,127.68029360831471
EK202310188643,145.79257488161062
EK202310163618,170.64123301700286
EK202310216984,151.0209966021787
EK202310243216,138.15412310977652
EK202310111010,132.3707643105538
EK202310140852,132.92168858949574
EK202310114085,134.77156718954842
EK202310123385,144.0100801295562
EK202310222159,133.09607335265517
EK202310203038,151.3760369713946
EK202320005703,167.0284103427108
EK202320006527,146.52845177343698
EK202310234277,142.5951886951541
EK202310135781,147.56994387268116
EK202310157465,146.5812769180382
EK202310178744,153.38757820763945
EK202310238253,164.78853741601986
EK202310122583,132.58933829926968
EK202310214372,145.3337538114257
EK202310174457,143.94581981755928
EK202310167149,137.3416064887863
EK202310228958,133.0739159377559
EK202310157246,150.95556984633703
EK202310148323,154.69408452733148
EK202310174823,156.90583943607314
EK202310165142,141.25612592843262
EK202310207746,137.53415931396827
EK202310245090,131.45109071801778
EK202310181612,145.95299890554037
EK202310217652,124.40584513880972
EK202310161957,142.98352702694748
EK202310116818,138.4938076503483
EK202310180631,140.83128871022853
EK202310158422,154.7358764067934
EK202310195969,159.69613710599856
EK202310226142,137.04266287939515
EK202310199652,169.62374924817436
EK202310150930,149.4575640617717
EK202310148331,149.37360083450258
EK202310189171,146.9046197789798
EK202310194950,155.83685438247073
EK202310242729,144.862586577221
EK202310221050,137.20651166786539
EK202310105169,143.87155497534206
EK202310231810,134.00285341384452
EK202310201600,166.12452178371387
EK202310173892,134.9967854773281
EK202310103909,168.17526487157878
EK202310207543,142.00514290561728
EK202310217532,132.16158886852224
EK202310131408,122.56196608765721
EK202310216303,140.18345163973194
EK202310207214,143.52493143366704
EK202310237069,140.3191173921494
EK202310130210,157.78688853862946
EK202310148179,158.11026506252767
EK202310230098,130.73453362620063
EK202310106540,133.70063919060078
EK202310247875,132.41906690360088
EK202310131197,157.74020280668685
EK202310213017,148.6649259391741
EK202310226797,141.2245812840061
EK202310124853,130.8810447218763
EK202310219648,131.3816115275832
EK202310242013,147.7816466327984
EK202310190443,133.54981914487612
EK202310142718,134.0822499583424
EK202310173178,144.14181837225064
EK202310125534,138.67873811688884
EK202310122118,133.89405454792632
EK202310151782,150.46442849053145
EK202310142165,139.65392126950374
EK202310120956,141.1870530354256
EK202310158163,136.82308883456014
EK202310110021,135.35073969843918
EK202310196057,154.79366100849273
EK202310199008,145.31030507040916
EK202310003987,148.5482206148889
EK202310240352,150.0076194139509
EK202310165694,136.95310192641946
EK202310232204,145.02881098055164
EK202310125243,139.22507757845483
EK202310171212,144.87460028578838
EK202310165904,141.76149512203625
EK202310156703,136.85056024911856
EK202310161254,138.26223058230937
EK202310141589,137.41441486236317
EK202310139870,157.95100676258062
EK202310003550,149.25658428358062
EK202310004721,135.35656794500812
EK202310237716,141.61496292536884
EK202310162213,143.34784152933227
EK202310231470,135.61473274389581
EK202310165710,153.7364188814759
EK202310219597,124.24918792363398
EK202310177018,146.74211718408526
EK202310113173,135.24253548292393
EK202310161177,145.37760300982418
EK202310105482,126.9622679874566
EK202310178942,149.573103457186
EK202310105694,147.0599742649433
EK202310120998,151.80041386685178
EK202310216864,160.47589350085647
EK202310198211,140.04602777881672
EK202310118620,154.17424835039668
EK202310221238,129.5509116243425
EK202310161217,147.52720866032809
EK202310218766,136.63288365543445
EK202310128213,131.27839893747642
EK202310137523,165.21787812574578
EK202310210262,131.08790858765784
EK202310155407,132.72893456295392
EK202310156355,155.61887017327203
EK202310171504,151.92732373856873
EK202310205541,134.15334762433363
EK202310165351,135.89613748434252
EK202310247442,145.32478142478172
EK202310131239,129.76052972400842
EK202310169672,141.8210434465492
EK202310118977,136.32520516018764
EK202310235793,131.3287238553684
EK202310200392,150.3431688183488
EK202310164965,136.2815966761635
EK202310171249,151.88682254297123
EK202310106318,139.25475226857063
EK202310237266,140.0049173165364
EK202310147471,137.06250284008212
EK202310194031,129.6233451543021
EK202310192307,142.83360553956936
EK202310181117,127.72088326384475
EK202310116526,154.58162563997652
EK202310194824,157.91564520119283
EK202310162842,147.7768483337756
EK202310181349,111.8150388373103
EK202310164261,149.4791586762674
EK202310131101,151.759231530991
EK202310151625,135.5346264641793
EK202310141286,153.7209339555633
EK202310241249,152.25736977368635
EK202310212872,140.39752943360915
EK202310226815,133.27534838586197
EK202310141152,141.3812663954304
EK202310235794,140.7743321793207
EK202310229993,135.66629840461138
EK202310147668,153.34734037783238
EK202310164475,151.24353776888012
EK202310110039,140.57069664440897
EK202310187421,132.76256236398856
EK202310215044,154.07260314625398
EK202310105965,150.51430116232146
EK202310120150,143.2057380378971
EK202310201212,163.05466471771075
EK202310127536,135.055560353441
EK202310165403,132.84972165270653
EK202310135385,146.52156430758473
EK202310159428,145.9378148177594
EK202310214834,146.21115783396635
EK202310130931,149.78522642078204
EK202310206054,165.44114284807236
EK202310112744,135.74702587210635
EK202310242341,147.4866077693575
EK202310159100,139.75733330801086
EK202310186817,125.20853531854777
EK202310187749,142.1559494365149
EK202310246213,149.65073189295595
EK202310202813,145.43159595103648
EK202310119983,131.7396342550694
EK202310241219,156.30920067854194
EK202310195435,167.22446960988887
EK202310199454,151.8455731594475
EK202310194920,152.50542724128167
EK202310151167,130.41618229474756
EK202310204930,150.6031389216767
EK202310210621,140.3015023552369
EK202310234981,140.6558522986876
EK202310218747,149.30930416236808
EK202310125674,132.33774250173013
EK202310004025,152.44750015309967
EK202310131481,148.66261785696162
EK202310162994,144.26700906342876
EK202310232677,135.592969577727
EK202310004278,140.84371149695986
EK202310108810,149.38718214652815
EK202310225683,140.74873802297168
EK202310115846,138.57940156721932
EK202310003668,153.3242432717707
EK202310153044,152.24376629965528
EK202310206782,162.6651671097206
EK202310198360,148.48687470665053
EK202310103708,139.0749285992791
EK202310138116,129.93770854742732
EK202310160576,146.30117343464357
EK202310183081,146.90440349555496
EK202310105137,136.7599124581399
EK202310170115,150.24239554058283
EK202310116604,145.31260107962646
EK202310236944,135.1404112545466
EK202310175444,159.99447933860168
EK202310150908,149.5204315002149
EK202310204946,141.2076719763733
EK202310139272,133.70147430555787
EK202310173841,148.06397995041962
EK202310241566,139.30030790386755
EK202310140944,153.80044223933663
EK202310166702,130.9163732047739
EK202310172479,144.6482055952254
EK202310209418,132.5541479624543
EK202310165364,150.1582681384868
EK202310170685,147.53595240283863
EK202310137383,134.9516911535923
EK202310208374,137.33357812300824
EK202310124992,158.3507047431663
EK202310227242,158.30115586322785
EK202310200684,141.06456193946525
EK202310137981,131.0625591794566
EK202310183855,153.3323511091971
EK202310120432,146.4804852937102
EK202310128607,136.7369210131397
EK202310146775,144.64026521272794
EK202310175473,143.8062515992517
EK202310194578,161.4477997297557
EK202310199456,124.06496409046355
EK202310114576,146.07725063322948
EK202310232002,158.1123254799312
EK202310133113,151.50228557004678
EK202310177757,162.39570651199452
EK202310106035,137.57486763832074
EK202310161565,160.02961321322041
EK202310110506,143.46344089496844
EK202310206193,143.97312231457647
EK202310134593,170.3260658313782
EK202310157521,145.23459591223283
EK202310142924,151.72908715074973
EK202310237263,148.69419756291114
EK202310170297,169.3928952358511
EK202310106326,143.51684405593798
EK202310128380,135.3429296247612
EK202310222238,135.0308590278873
EK202310194876,145.6973062554604
EK202310228783,157.51590818232663
EK202310186905,166.03369729357638
EK202310116223,139.59633433209183
EK202310124674,136.6042853110175
EK202310164997,145.66069551720688
EK202310164834,136.3557382483069
EK202310207829,131.29178782239384
EK202310156532,174.53627529673213
EK202310129196,130.46078026484173
EK202310119383,171.0466006398356
EK202310246942,147.17160845214357
EK202310108008,130.61493743868687
EK202310209225,146.32663775818844
EK202310191622,174.02807169101771
EK202310207087,150.82435152991792
EK202310152145,157.648896420019
EK202310130483,154.43916239076333
EK202310218772,140.7316169372953
EK202310202740,160.58987833436765
EK202310189738,139.1072111589914
EK202310150713,156.8192195986036
EK202310235780,139.9593900083312
EK202310245036,152.67117219584426
EK202310003439,128.65772020376366
EK202310231070,129.29131969060478
EK202320006731,163.52359683298607
EK202310244442,158.21727989853113
EK202310132886,132.68071417867554
EK202310147295,169.3517641554418
EK202310133587,173.25046269370708
EK202310186397,149.47399806816483
EK202310123728,148.84284680846244
EK202310232420,137.76902559441223
EK202310233200,143.25464065127778
EK202310187145,148.4232065982527
EK202310238519,124.84882394216042
EK202310122640,155.62586328048616
EK202310114892,143.66708646839786
EK202310172340,135.98342354152373
EK202310109402,149.8710766501684
EK202310229865,130.48738103739362
EK202310202666,151.80154217617545
EK202310106916,138.60664837551076
EK202320005781,183.8445345392207
EK202310127666,132.42664721719984
EK202310224319,129.90519343812957
EK202310164602,150.02093140563758
EK202310118941,140.0182996774234
EK202310234012,144.04921649397025
EK202310199233,136.73255692015073
EK202310214877,136.43385109608582
EK202310179245,143.82881677945042
EK202310160250,146.62007017069965
EK202310219316,134.02086934912282
EK202310175330,138.7407492676155
EK202310156975,150.68054160452436
EK202310115055,145.59885876922087
EK202310112754,139.89266664331942
EK202310175770,151.86530152952108
EK202310218114,138.817740101009
EK202310135889,133.94736614830416
EK202310245028,147.4434189076235
EK202310104852,153.3122350991116
EK202310216044,142.5028658549512
EK202310230940,131.39996206511802
EK202310198398,154.65917212010697
EK202310152619,166.28536597692036
EK202310168477,142.3392843557417
EK202310236502,132.43793873815596
EK202310112037,143.06407926312397
EK202310159871,146.32443277029884
EK202310213645,133.68449157045043
EK202310120040,133.9537628037817
EK202310183203,146.57866342269233
EK202310109200,134.61112578037617
EK202310132933,135.44728416377438
EK202310137560,131.22219873363915
EK202310177041,139.20858663233867
EK202310137910,135.15485595285054
EK202310104847,126.13538500773151
EK202310200423,139.81713060731377
EK202310187271,141.6178687880099
EK202310213803,157.25299709570376
EK202310246954,133.02522646523957
EK202310118188,142.85128979266557
EK202310134413,163.82750961833585
EK202310232546,144.6029346125058
EK202310158497,160.89172461290156
EK202320007533,146.71957498761267
EK202310174045,161.70564567155824
EK202310232493,146.82843563868806
EK202310121025,141.04900756558504
EK202310203256,155.96970871626053
EK202310142445,168.24595193458185
EK202310184247,159.5132309557537
EK202310192611,136.17902686305098
EK202310119937,162.179764869431
EK202310231831,148.32313276982745
EK202310208214,155.89590750810544
EK202310237790,138.46817976486412
EK202310187705,131.50084718380248
EK202310209139,144.99021109064464
EK202310170634,142.34915557344382
EK202310146481,142.9652904815707
EK202310198380,152.56418455751307
EK202310226702,131.55357163487494
EK202310222936,135.89629649381462
EK202310197081,137.6616419478118
EK202310116985,137.41432231293132
EK202310223669,135.05506057049007
EK202310204735,153.33236376493272
EK202310184616,138.2247398247755
EK202310148138,146.07111534437036
EK202310134199,156.08381892555786
EK202310149246,142.72382465507206
EK202310237457,148.26344950462348
EK202310160240,160.01085903285517
EK202310177402,163.09424762759375
EK202310231985,144.982277934587
EK202310171409,138.27605430503186
EK202310176316,141.5019690523378
EK202310164869,141.86652297505444
EK202310134160,135.33559629927953
EK202310213361,147.34268598911805
EK202310204421,146.13668060247144
EK202310209884,148.93119056410643
EK202310136308,139.76567462117237
EK202310242777,143.04804794477562
EK202310193657,146.03117659805466
EK202310188052,153.8219679510605
EK202310147057,138.24770290234332
EK202310153768,138.4167170534366
EK202310144579,135.9178060156865
EK202310198362,154.29058301981664
EK202310105880,176.48680227830843
EK202310171799,135.83572359892182
EK202310120109,136.95171172613476
EK202310216065,131.09208294699542
EK202310170495,160.98265272740855
EK202310125667,172.1839886451882
EK202310105906,139.6194572271387
EK202310003424,146.03823128212125
EK202310195264,136.84863032805578
EK202310130646,123.90249513788942
EK202310115346,146.8605352231873
EK202310106003,136.9527473954131
EK202310193189,159.0940663197696
EK202310120005,131.36686052213574
EK202310225659,144.1833976860651
EK202310187329,170.46742236309922
EK202310234854,143.95002933860548
EK202310245195,140.85485866124748
EK202310245177,129.3070546069755
EK202310229481,143.69199655222656
EK202310218683,142.51581307585133
EK202310232957,146.15993173361633
EK202310244525,135.64991620114955
EK202310238364,143.6138836278627
EK202310233731,139.36215409762036
EK202310114718,149.35497353347884
EK202310152186,175.49290890903785
EK202310217521,130.48592469439515
EK202310183796,156.0034912977681
EK202310218461,128.48468720244406
EK202310113523,154.7570818129928
EK202310149413,170.59822813928588
EK202310115324,142.1817411924648
EK202310104367,148.90843416821093
EK202310124772,130.3953168314931
EK202310195448,146.37978865226984
EK202310211731,126.75635155731322
EK202310162193,130.9837596109893
EK202310187308,148.39530762539357
EK202310129859,142.5820038228998
EK202310170962,155.3714686418036
EK202310235749,136.29639491215917
EK202320007870,172.2439263264982
EK202310154838,166.94387745440977
EK202310206242,151.6553887018784
EK202310209717,137.07746361566447
EK202310247573,141.16664853972688
EK202310113989,129.88961623878632
EK202310152196,147.44118003585808
EK202310183083,142.3305559113777
EK202310234475,138.33953539297522
EK202310234459,139.2848032755446
EK202310106650,163.28631284179104
EK202310117634,135.6511550590686
EK202310128279,133.45087146717378
EK202310158721,144.7896345426457
EK202310234607,142.08639205792468
EK202310149804,144.09406491410687
EK202310242352,139.91802810944083
EK202310126148,152.21442493146742
EK202310165882,133.9632956809395
EK202310137378,161.27372613472775
EK202310112801,143.81724839017502
EK202310119995,133.33496948604656
EK202310123123,136.8973871934735
EK202310190387,151.9050882795897
EK202310226519,137.53265617506233
EK202310129375,131.70416855555806
EK202310245192,145.7759915503317
EK202310215168,142.05561979560287
EK202310137434,136.17362803389975
EK202310194720,131.8844044975798
EK202310201666,156.18146566471165
EK202310193830,161.31124103611995
EK202310178910,147.55017121888423
EK202310110446,141.5427751511572
EK202310166237,133.01093337483283
EK202310180109,151.2262812387973
EK202310146375,152.2550244070132
EK202310227332,130.99448246382937
EK202310241765,137.5137525422648
EK202310229368,126.58951889837248
EK202310135373,134.3049404671538
EK202310169663,154.40700284787445
EK202310236365,131.1584505284623
EK202310182601,134.87001282573593
EK202310144591,135.89973490483024
EK202310203065,152.24680779923958
EK202310185758,141.4598671753277
EK202310105204,140.5992425824967
EK202310150175,137.7496816494112
EK202310172599,138.64748330004954
EK202310145266,156.37775372509637
EK202310004647,153.55994990667332
EK202310242466,152.44440814582794
EK202310167834,148.29426637094136
EK202310225932,129.28479309689652
EK202310132329,131.14192461766262
EK202310123888,153.61063303120596
EK202310208707,163.0689043383343
EK202310201294,157.3158525682726
EK202310233641,134.97789454238503
EK202310140113,141.38940330399265
EK202310218544,146.8445318496212
EK202310219472,134.8560760190227
EK202310143848,143.7393059700497
EK202310134434,137.8960293742788
EK202310236630,136.83324766787342
EK202310198379,140.41028034768306
EK202310222797,134.12739402667296
EK202310248842,133.80621076386407
EK202310132974,131.10491128013567
EK202310235130,139.03019036107452
EK202310238228,140.69015261257738
EK202310226782,141.75721241905052
EK202310210339,134.22974060848443
EK202310189790,136.84809504160543
EK202310187315,163.3623051956826
EK202310171801,131.60497946797616
EK202310123573,132.21799345273337
EK202310172773,138.98961812795886
EK202310139716,149.68796571840792
EK202310110431,135.3987674704939
EK202310189055,142.6021978850522
EK202310124983,144.7464485426645
EK202310190155,141.77500846713392
EK202310238929,156.6309264960711
EK202310180436,146.26550988149842
EK202310230021,147.7948879161564
EK202310181912,141.64855969527812
EK202310178377,146.35704758760485
EK202310145374,122.19775555748504
EK202310126596,128.4032896875689
EK202310225731,132.35334049827532
EK202310138678,159.52991500514224
EK202310172372,137.14382799550725
EK202310116119,134.8965350253715
EK202310167609,153.97463278478241
EK202310244078,147.93718252651786
EK202310217427,135.90617678508215
EK202310182904,136.96188199364087
EK202310208329,163.10839716291628
EK202310189009,151.13699383180435
EK202310114945,142.97903624727968
EK202310139882,139.5658928530098
EK202310206869,149.9465425568071
EK202310192874,146.8316480536396
EK202310216134,141.97346904999017
EK202310203212,135.88298834217787
EK202310156888,148.8984925065273
EK202310182240,143.18747867464498
EK202310141092,166.25093769558458
EK202310124359,131.1882895466181
EK202310152947,133.19780456981835
EK202310114595,143.85861223724638
EK202310146656,126.44600638815449
EK202310223051,140.038658258879
EK202310134381,130.1993192622288
EK202310208234,143.1505219957803
EK202310169332,156.28893967682427
EK202310103907,151.02518693236092
EK202310143678,158.31111859784465
EK202310114762,132.31723649515456
EK202310120679,137.96501628613714
EK202310153376,149.5309353646986
EK202310207113,144.23539404593785
EK202310229661,128.39181796160324
EK202310219333,159.51801883002662
EK202310131040,133.7525824808167
EK202310120192,134.4614092713385
EK202310114032,134.4452188397986
EK202310178367,148.96388960614712
EK202310195835,156.33140578093705
EK202310154385,135.63793005317766
EK202310215393,154.04854487831702
EK202310107773,133.95820563624216
EK202310164250,147.7985000449391
EK202310158284,153.87737174210795
EK202310181120,148.8323755818937
EK202320007585,142.68859738672285
EK202310182248,155.29009421873886
EK202310178445,151.70322747654615
EK202310151607,145.46788073841475
EK202310114270,128.5175144676681
EK202310237697,131.20063942608
EK202310141166,134.26401180950765
EK202310153773,141.680922848954
EK202310129425,146.3197562483415
EK202310114483,138.38115923877965
EK202310235872,135.51870267632472
EK202310140448,135.1388333461396
EK202310140940,157.27389344707805
EK202310173832,132.31974599899408
EK202310131844,150.03500753747915
EK202310236956,129.1264363861555
EK202310166354,153.7523530493037
EK202310122182,144.22003528566225
EK202310212213,141.02262522942937
EK202310165400,156.34549736535573
EK202310148714,138.28045972017676
EK202310126880,139.30335036763373
EK202310191702,135.5428992689991
EK202310161903,140.96084659342617
EK202310223034,134.70005420652595
EK202310188051,165.70814750825863
EK202310205595,141.10853555255778
EK202310171306,146.11283977904137
EK202310246135,135.5811364791349
EK202310210097,157.967077895196
EK202310191192,149.86335671003798
EK202310216619,147.85850953492164
EK202310153794,163.06648390666692
EK202310122914,171.52466714798797
EK202310122058,145.6147825678098
EK202310138004,125.59988967468233
EK202310221367,168.46959034209922
EK202310158770,140.2790505412605
EK202310145695,142.38351625870385
EK202310125582,125.44932315134713
EK202310136243,134.43946380400024
EK202310194117,123.60609306176386
EK202310107078,141.35570446081428
EK202310190139,142.17254358790163
EK202310156770,155.66294724454696
EK202310178929,143.0724035406983
EK202310164953,144.82376154160227
EK202310118034,147.9348232233231
EK202310227978,130.08296364799673
EK202310144597,132.68292880231448
EK202310176112,164.92860258859125
EK202310162357,139.3795333545231
EK202310176897,148.4469580841809
EK202310134145,135.4686822801571
EK202310129907,132.97049753937878
EK202310229306,146.38647579314213
EK202310198497,123.87090060459198
EK202310163561,140.68393469768006
EK202310221369,149.29828351331787
EK202310176645,138.89252476734936
EK202310157146,163.1454808797462
EK202310120273,164.49126811365352
EK202310192592,128.60454407024363
EK202310169221,154.1381906602179
EK202310191453,143.88773533985298
EK202310131848,143.85768203396697
EK202310127626,141.77358896852274
EK202310213244,145.79700180367186
EK202310137030,139.3609030002049
EK202310146412,130.24123682393386
EK202310173918,167.3278022638091
EK202310161898,174.78445790238558
EK202310106892,143.63712055780414
EK202310110349,139.3064884482723
EK202310209540,127.36878117917098
EK202310191336,138.96861415215986
EK202310114498,133.94660540385655
EK202310181006,169.4955260798411
EK202310212668,137.39848871675355
EK202310158230,154.68729849937264
EK202310004318,127.66603206398366
EK202310247144,141.90305234398903
EK202310107710,143.88704982336168
EK202310228147,141.32966407775646
EK202310143106,147.64261608894554
EK202310167345,134.9563617881521
EK202310208077,134.76048671232752
EK202320006983,154.21284636381665
EK202310243790,143.41700501033117
EK202310126443,127.81451008536422
EK202310245699,136.20504070997924
EK202310194114,136.79147448457863
EK202310195998,160.28537007445897
EK202310198935,135.29315924479815
EK202310164465,146.38676104435422
EK202310181559,138.08523642490422
EK202310194595,162.1780544969825
EK202310158381,143.16560049337662
EK202310155757,135.27086666900558
EK202310180220,160.94282021346925
EK202310179540,148.70381214375976
EK202310161312,152.31876013655403
EK202310185555,142.02841701965957
EK202310186696,136.89576106991206
EK202310161004,146.93661963234004
EK202310124318,124.85555066150253
EK202310162537,158.08225053267293
EK202310246753,133.68115466155342
EK202310225958,126.96577827252206
EK202310186853,153.02355671261247
EK202310171921,160.37263066996016
EK202310114970,134.23650219503222
EK202310215111,155.63466793554474
EK202310211062,156.43492694455915
EK202310189772,172.22554679617886
EK202310136766,141.7875116668124
EK202310126300,135.46503542240546
EK202310221810,141.00229699115914
EK202310204369,136.65486808724012
EK202310169470,154.17352041560747
EK202310189339,151.90011542574362
EK202310190063,152.6797457951319
EK202310220996,121.6958240205003
EK202310164885,146.0366763178222
EK202310191557,148.17427752422833
EK202310210576,136.81069475939432
EK202320006385,146.7154459720701
EK202310192386,138.14090781563254
EK202310129301,144.46646227497644
EK202310212266,136.84675924258337
EK202310248678,136.67506573454352
EK202310121007,147.80184853373254
EK202310158409,148.49496904207487
EK202310230262,157.7279848006724
EK202310105099,151.6191042142957
EK202310225197,131.2921170230023
EK202310141113,144.3342053638046
EK202310112350,137.3544730621785
EK202310220805,135.82949839082863
EK202310220038,131.97328037844517
EK202310153113,160.89442318561024
EK202320006647,161.5104259082468
EK202310145953,157.21384648927844
EK202310209351,137.77012402202922
EK202310202126,141.45584285283894
EK202310191102,144.60015809277292
EK202310127097,155.97482481472125
EK202310126540,134.2095330676981
EK202310202419,152.13795161966257
EK202310116857,136.4364391234276
EK202320006346,151.39442940416492
EK202310216539,144.93960859343542
EK202310224958,143.3535287577182
EK202310222877,153.7310943277749
EK202310104924,156.3747413335034
EK202310230930,141.5450643480327
EK202310176678,150.13954523074563
EK202310144934,130.65169120834568
EK202310148649,145.2975674451703
EK202310168500,158.9477934541875
EK202310150427,136.99777602023227
EK202310205648,140.45760899390478
EK202310159787,130.7419858279579
EK202310131529,145.3638500271415
EK202310173679,137.56058236796022
EK202310216340,135.74821266927265
EK202310113807,156.35659933671013
EK202310189797,138.4369464739552
EK202310172848,131.22913351962995
EK202320007206,147.74635190126781
EK202310183124,145.84846196563208
EK202310202871,145.94781029515048
EK202310195901,148.6367149226929
EK202310108242,137.3168918676723
EK202310209662,134.60977021487574
EK202310186506,145.82787255716255
EK202310241427,138.5872268510627
EK202310104646,159.20500160486023
EK202310110500,150.57186766279986
EK202310140229,123.62177437604069
EK202310197951,131.5114154680802
EK202310204251,128.89583172350868
EK202310218413,141.5707457641571
EK202310111117,161.65092499201901
EK202310153521,146.4472071823055
EK202310163012,155.1962993606355
EK202310238189,165.68667995389936
EK202310139597,141.93195267490447
EK202310239588,150.4408304476373
EK202310197135,148.56130984452872
EK202310105473,146.60177661574255
EK202310142438,159.77664379974084
EK202310238026,148.41806110112373
EK202310194838,150.24738529679766
EK202310218361,147.62631305560126
EK202310192741,148.35354603299712
EK202310193265,146.41957943700285
EK202310216986,133.41451062972376
EK202310230537,147.08864533291066
EK202310119794,145.60304638051358
EK202310170043,132.11562658962143
EK202310108833,135.62104043056453
EK202310161240,161.36722332996308
EK202310234010,145.76170084453193
EK202310109182,133.9770921759053
EK202310230972,130.5257365233347
EK202310149335,140.6876883206495
EK202310107970,147.2493055855028
EK202310149458,147.72983085822815
EK202310144815,130.3235442383917
EK202310155738,145.32205210581574
EK202310204043,141.81241771557077
EK202310150762,133.88645663710213
EK202310177738,139.10658095929185
EK202310156587,138.54929024089492
EK202310157016,151.11829512077475
EK202310206235,150.58569222618408
EK202310220646,135.14485162740345
EK202310173733,151.35342701738944
EK202310245161,156.37483609067766
EK202310246615,147.66827476666631
EK202310107283,152.71198437065442
EK202310172948,138.74823533425393
EK202310223104,138.67335541282483
EK202310137920,134.05401948792243
EK202310237485,139.61606044634073
EK202310185339,139.68333671700015
EK202310150373,136.945625673223
EK202310181031,137.10929048581636
EK202310246036,141.72815993116052
EK202310211321,130.23378685589014
EK202310166021,148.1225531655755
EK202310104995,137.36682840636024
EK202310154804,137.85112837131405
EK202310207957,140.03043211890713
EK202310115976,139.02307694168766
EK202310146527,151.3317785424409
EK202310241764,149.91971409680698
EK202310242749,146.88824624599792
EK202310174079,143.72330890032043
EK202310246052,134.3706136794933
EK202310224322,135.53641871433436
EK202310136529,119.97805080804802
EK202320005962,160.6583604102899
EK202310220450,135.2419471192804
EK202310212212,140.2534953954473
EK202310153182,150.1042716629995
EK202310105480,129.43346959002497
EK202310125339,133.76527370986776
EK202310237988,153.2003127476339
EK202310159218,140.49766524915367
EK202310178861,139.14829644024982
EK202310146447,138.53741421535568
EK202310242533,129.96632286479124
EK202310239148,147.8125177912084
EK202310206069,158.0493874337423
EK202310209438,142.38747320685243
EK202310203458,141.02464949730282
EK202310139769,136.01417667801377
EK202310192295,147.65223948743682
EK202310213849,153.80048155968979
EK202310117386,136.70913516128425
EK202310148126,148.6904179729785
EK202310141622,150.6612505653058
EK202310203974,160.13770824798243
EK202310124862,142.17146330573058
EK202310238082,148.82036319438672
EK202310131352,134.48983652091528
EK202310123750,155.55401855924188
EK202310165127,125.34478652782337
EK202310166390,167.42176147212416
EK202310245131,142.73060559535077
EK202310191228,157.5038604066765
EK202310218338,130.3255265922825
EK202310229880,133.3225064772456
EK202310139618,156.18733650751588
EK202310166418,125.12387510150687
EK202310114847,148.2812214564247
EK202310129128,136.0186408183405
EK202310129085,134.0099149426464
EK202310208641,160.65179939336772
EK202310241385,161.76748481099716
EK202310231427,149.30737639011667
EK202310183819,146.4848176837388
EK202310103894,153.2984770136762
EK202310115562,148.12161656917127
EK202310153110,154.67903819368505
EK202310107637,136.5021607921948
EK202310003429,148.9285554623397
EK202310141699,147.05993948270836
EK202310200793,130.42907056076862
EK202310107984,152.135084677391
EK202310113752,155.7720935379049
EK202310136157,131.60949697852615
EK202310207954,145.14562267208396
EK202310135579,145.15175264152776
EK202310166104,147.07375016314978
EK202310127366,157.15716403511962
EK202310121696,137.4928837136888
EK202310138993,146.84570868317414
EK202310207033,141.4235057862413
EK202310122660,136.1895903858739
EK202310132081,158.278302532552
EK202310198420,135.91045461084008
EK202310144336,134.30283675386804
EK202310238656,157.59557596163108
EK202310230161,138.9154733239075
EK202310202206,152.48112479236968
EK202310213571,138.2389547309277
EK202310203092,151.4664550546731
EK202310194418,167.5341478051906
EK202310128430,152.19105747562563
EK202310225153,152.3883611618913
EK202310160344,131.2228763043004
EK202310130554,123.03808701356562
EK202310165569,168.91368901743198
EK202310199349,137.56936898342474
EK202310129160,174.96911062340456
EK202310169725,156.0296206036643
EK202310160348,144.06614860220924
EK202310126901,131.37426103831743
EK202310199923,143.12252031125726
EK202310214691,139.91025047301346
EK202310202989,164.11456576232754
EK202310117244,144.19416897121238
EK202310162223,134.96281204830706
EK202310178451,156.16471413156833
EK202310233563,134.56234961509494
EK202310109378,169.00751662602084
EK202310177478,145.24882098278476
EK202310109053,129.64335016938304
EK202310125187,141.95009969094045
EK202320005814,148.37322707286694
EK202310211630,135.89484155867575
EK202310156552,162.24706622685994
EK202310148023,159.44543117535102
EK202310166593,155.3687222647165
EK202310215548,146.82038791486607
EK202310111952,132.67787363596094
EK202310187710,135.22268196012948
EK202310157541,148.2172647126719
EK202310171275,143.87549368962436
EK202310113025,132.930114415477
EK202310197258,161.40294317546113
EK202310112846,142.26251912686095
EK202310127206,137.03676514200026
EK202310115243,132.97117722814346
EK202310124158,139.03585938601196
EK202310145344,148.56666484722285
EK202310115574,143.07836749116944
EK202310157721,153.87813432711476
EK202310122313,133.5641881220765
EK202310139139,161.74984762505375
EK202310225769,136.56946605059335
EK202310238365,124.43577433112482
EK202310237637,138.94360039172736
EK202310109616,149.81557101690788
EK202310133259,137.26637754374102
EK202310228157,143.70469406959268
EK202310198466,152.83475688394958
EK202310106809,146.56891165155548
EK202310165950,143.56613206464002
EK202310128641,140.57850925842868
EK202310148916,142.25677269245804
EK202310114147,145.76604524215472
EK202310232304,133.65567272689563
EK202310188415,128.31848810356846
EK202310232540,147.03185690933424
EK202310207576,141.30429171113008
EK202310231963,136.0984318864002
EK202310229805,145.06971326957895
EK202310161625,137.57510065124342
EK202310223364,141.42073911614858
EK202310145207,166.6733164291651
EK202310154942,147.3620903286951
EK202310177414,157.38519437243963
EK202310151135,145.70650930860697
EK202320005867,143.56630341981088
EK202310199483,142.8522629806645
EK202310193069,142.7807891926217
EK202310231001,125.74223872354764
EK202310153397,135.70156847036375
EK202320006411,147.6089757093185
EK202310178129,135.44837027385486
EK202310158178,146.08611347070317
EK202320006728,159.64453373307316
EK202310168603,151.7049630267845
EK202310188957,139.29781276246297
EK202310134962,158.05997912817108
EK202320006232,162.2038793922901
EK202310216197,148.0660310859101
EK202310205473,136.11070553358857
EK202310177138,137.13112856691555
EK202310003578,140.9790896937479
EK202310125915,147.49934521210494
EK202310163847,141.08801843276873
EK202310175723,138.68190756686107
EK202310167304,137.23941521097325
EK202310231580,130.69454532335578
EK202310224672,129.8770402379886
EK202310231849,164.07607756239796
EK202310118283,135.61561092969217
EK202310108021,140.06075374444606
EK202310244191,153.01549456681036
EK202310176446,145.36046359149864
EK202310153144,155.02304975623102
EK202310192762,153.07924117166544
EK202310155944,136.85304834690913
EK202310122042,141.44474017695646
EK202310139279,131.50734048913688
EK202310124333,126.41115736316809
EK202310222309,137.64913196095696
EK202310237489,140.65749890344364
EK202310225285,150.48191719740922
EK202310205925,144.97536544451296
EK202310146849,129.80101766972203
EK202310155584,142.30818766448436
EK202310127840,139.80986213288455
EK202310159012,134.36601211795082
EK202310171367,142.90898502676495
EK202310179659,145.28679473226921
EK202310147533,141.05324224884924
EK202310134101,131.3345058591125
EK202310167244,147.38427109940287
EK202310134522,139.6642220723771
EK202310188890,154.90878258844972
EK202310152081,168.85299175621049
EK202310168749,146.39283744272652
EK202310185345,141.979792531169
EK202310212863,142.8559558462088
EK202310104615,139.7858054389121
EK202310188714,137.05301586622636
EK202310148084,149.99640802241194
EK202310211875,137.11551399467217
EK202310134441,160.63677045607858
EK202310187368,155.69711943930483
EK202310142139,135.6430866457087
EK202310216736,156.61319245917377
EK202310148523,134.40459521137598
EK202310177638,143.12550335859422
EK202310191439,142.35082349076606
EK202310184957,160.4409578201363
EK202310229730,134.44306201875705
EK202310171653,145.92725762891595
EK202310119614,147.22592646460032
EK202310193277,139.1548195285976
EK202310221106,136.58333569671635
EK202310196517,141.7365996500627
EK202310186815,137.1232569421401
EK202310118791,140.3390543495657
EK202310236202,144.02876273172524
EK202310121642,146.87040459740007
EK202310228637,137.0095893961733
EK202310171042,154.523332722731
EK202310218012,133.66518014028952
EK202310238955,133.4444968436982
EK202310169993,148.74014359495175
EK202310227859,131.63967271782585
EK202310175628,142.50248035859963
EK202310225536,128.07071340311697
EK202310194964,148.5263675759443
EK202310170946,125.34256547560551
EK202310201972,136.55482984133533
EK202310204049,136.72844352554003
EK202310238497,144.61570445549197
EK202310231256,135.227159961128
EK202310231579,129.63062668302646
EK202310174311,137.03520248984407
EK202310192651,127.45747777397627
EK202310114496,140.83316586549938
EK202310230770,126.5011367599435
EK202310242388,145.88504959481082
EK202310114424,142.56561798477952
EK202310166798,162.303119418179
EK202310246359,132.34430445663247
EK202310165038,142.4888512529337
EK202310197955,136.4497617640889
EK202310121307,168.49388774882257
EK202310151932,151.26159016809538
EK202310242488,141.05540386780837
EK202310105346,149.03469522596666
EK202310133118,141.07219862778612
EK202310125218,132.28123809238326
EK202310104440,143.84675096412664
EK202310238581,147.29826021043016
EK202310128830,135.3313643430836
EK202310111289,133.48621189714777
EK202310218154,132.93614301840776
EK202310184481,156.64551016411207
EK202310151857,142.98534318733672
EK202310107393,144.72183126744102
EK202310150289,147.69347955740508
EK202310113235,155.13097613203774
EK202310154628,161.0406142863216
EK202310183234,135.68274616811377
EK202310193060,132.9368519605037
EK202310142940,134.6074101994881
EK202310177291,141.6323981215825
EK202310214941,139.1598324170264
EK202310123810,144.7192669428899
EK202310234861,136.01017774058815
EK202310166088,152.35508745892503
EK202310175230,120.60115348324565
EK202310173351,151.83727620225787
EK202310246599,140.1271470553188
EK202310121468,137.73660379761452
EK202310115870,130.6109235257728
EK202310122689,149.40463162885317
EK202310104457,141.42224852676821
EK202310239958,145.67529438015256
EK202310108834,125.04170454379185
EK202310242150,143.01358864602554
EK202310127460,142.1593007138538
EK202310150161,132.75268426775693
EK202310220593,139.812661581807
EK202310208892,149.9616861563424
EK202310116640,150.1170623298507
EK202310228102,130.3687787894527
EK202310178599,148.0312701619593
EK202310211615,132.504301032346
EK202310208762,150.92458585672915
EK202310118517,145.310236846591
EK202310187114,147.38845004261515
EK202310119172,153.0549067582889
EK202310131645,147.41335832213937
EK202310106254,141.701377100681
EK202310132336,126.46348488432724
EK202310226404,145.92517049605897
EK202310196510,146.60509282991202
EK202310116508,143.54984895257599
EK202310188534,151.73710819273734
EK202310177793,136.6384915227835
EK202310206591,138.95947591192711
EK202310192097,146.52858876604168
EK202310119525,144.9938209013648
EK202310168918,143.89426273492867
EK202310004052,153.45634893910676
EK202310155004,124.09900580655356
EK202310113224,134.98151105726467
EK202310168827,141.44392252534533
EK202310151452,139.26050097786157
EK202310233171,139.50676858585797
EK202310189316,131.56106489275143
EK202310165015,138.68742830481642
EK202310191520,131.16920695668654
EK202310154021,146.1463049348281
EK202310142035,144.01639784014506
EK202310136677,142.40393270834966
EK202310193692,146.17968755075216
EK202310217638,129.32629631167043
EK202310152626,151.07331991303965
EK202310130527,146.97673510032575
EK202310219621,128.05088834565538
EK202310117231,137.16248751049
EK202310184541,148.96636590522473
EK202310123337,146.41713619850552
EK202310004825,158.77435233262216
EK202310004105,133.98959189649645
EK202310222141,134.23536373317353
EK202310223687,130.418635332618
EK202310004753,131.18346387581707
EK202310138231,133.03447552626668
EK202310230297,149.6867831382926
EK202310123109,134.60737557542515
EK202310118394,138.4527357652134
EK202310236285,136.96123632629048
EK202310142984,140.77458170792482
EK202310228922,137.72881242392722
EK202310180656,158.48659044719548
EK202310198343,139.54285448389862
EK202310213613,140.77380087084993
EK202310143759,141.7213420413048
EK202310243098,137.0207033395909
EK202310140826,159.77561993164616
EK202310219432,128.57029359357097
EK202310235984,134.24454244934114
EK202310112132,152.9337197581165
EK202310207139,171.17627591574157
EK202310123515,134.98033679724077
EK202310147539,136.02658427762734
EK202310201614,148.48542541229824
EK202310242651,140.32085272714673
EK202310116831,142.04202848177246
EK202310142528,155.9077582784501
EK202310158275,126.62952214378731
EK202310119240,145.02807531399975
EK202310189798,138.44078673570243
EK202310140182,131.3675737873365
EK202310104020,132.26764759797337
EK202310144562,163.47462062581138
EK202310211897,132.56863855337076
EK202310209649,152.69762541468918
EK202310224584,141.8410614707792
EK202310149915,169.26948607918717
EK202310205659,133.95540530019602
EK202310150345,147.77027061281638
EK202310228952,128.43831350102664
EK202310126648,137.97334840207313
EK202310243579,131.12294384775015
EK202310164006,146.5660591936647
EK202310108668,133.0004356746564
EK202310137775,135.6753232377743
EK202310233150,126.6580205603085
EK202310152386,139.4537342824826
EK202310166882,137.0900368734784
EK202310231895,143.35647890803895
EK202310170539,153.42065640628599
EK202310115226,132.40413083131244
EK202310214376,151.78097889166085
EK202310137712,131.42861754891706
EK202310186209,141.66580738478225
EK202310205015,143.2636049939541
EK202310106040,132.10067361212612
EK202310170557,149.839995869041
EK202310201318,144.9496492511224
EK202310230025,135.1642043731467
EK202310112264,137.56711753387796
EK202310187559,159.94840601715023
EK202310126729,140.75533046430468
EK202310208910,144.62585145432982
EK202310131942,135.469900465574
EK202310154020,141.31426176988893
EK202310245865,142.3527375737866
EK202310192165,145.70333301135793
EK202310172699,137.27633849399666
EK202310157236,159.49879461820618
EK202310131791,146.73058951473936
EK202310200367,149.04724638193696
EK202310152638,142.0238961924162
EK202310229854,139.77289110784216
EK202310176423,151.27856795591015
EK202310229737,137.335743705761
EK202310203806,136.1233208205369
EK202310115409,131.5373515704151
EK202310118234,138.64636330413933
EK202310140636,160.4733295584998
EK202310240942,143.78903190818335
EK202310197687,155.26893602039073
EK202310124485,147.70820244106974
EK202310144257,145.1490541069313
EK202310218871,144.00283684001613
EK202310210772,130.30806514635876
EK202310195971,155.88687180936148
EK202310135577,142.16186426510376
EK202310203323,144.85471650984144
EK202310128855,119.63496896541501
EK202310209533,146.3588296500409
EK202310174860,163.9306296862205
EK202310132988,136.36459882170607
EK202310210555,129.7366081040187
EK202310229724,140.26584986276725
EK202310159406,162.0352417461148
EK202310206212,134.79733133091764
EK202310105258,143.8796611693663
EK202310197230,167.84362773850447
EK202310146776,131.88407677410177
EK202310171620,129.49210906401237
EK202310241357,142.97141335455368
EK202310138908,130.25185575344312
EK202310144141,163.86468339951028
EK202310183530,155.29239331727493
EK202310241996,136.19137473095148
EK202310143198,136.48607675754062
EK202310240754,143.31583803889913
EK202310120793,155.13727305754944
EK202310152995,153.09200716156053
EK202310168076,143.38153977718673
EK202310194434,149.59593626529195
EK202310231667,144.13808353608016
EK202310117230,141.00384517719323
EK202310188291,141.99393673435273
EK202310149424,162.46849133964946
EK202310128832,144.6635687213626
EK202310196168,165.8333221909417
EK202310197883,149.13209003637252
EK202310138276,163.4825604444373
EK202310170757,129.5509116243425
EK202310191340,138.81389450817392
EK202310145811,147.84344712693698
EK202310227194,138.14390334438676
EK202310111485,136.00385591004752
EK202310157083,170.10254640293823
EK202310171852,146.5147976735203
EK202310207366,131.03037786826073
EK202310145654,140.84092962828237
EK202310108850,137.63911280941443
EK202310231758,143.7689921474415
EK202310144301,142.19905243979483
EK202310201304,145.52540697539843
EK202310178159,134.6672483932551
EK202310239482,150.25779204277416
EK202310144262,142.21144643989587
EK202310143929,134.78074648891183
EK202310235952,127.16419338880867
EK202310183241,152.7314580544086
EK202310189101,169.6248257418824
EK202310171584,135.16292264574022
EK202310131328,134.9260220443837
EK202310226641,138.673406283287
EK202310166552,140.97176922810377
EK202310196910,145.37365839361843
EK202310166692,133.35867696168515
EK202310184651,168.9795096881848
EK202310194347,135.7113089477638
EK202310208716,142.49751432297697
EK202310187760,157.38243775964142
EK202310243524,153.320370013862
EK202310155787,132.51192114981598
EK202310114204,155.68011061529566
EK202310160396,153.13936976963862
EK202310172512,168.54730149513315
EK202310157332,138.17764204631504
EK202310209704,132.152119728201
EK202310154943,148.85353285943145
EK202310189036,148.3175029310305
EK202310133173,135.22555306212618
EK202310130199,166.86689719100394
EK202310182622,147.00373694917656
EK202310167778,157.6065271432674
EK202310163301,139.50725194017582
EK202310184220,127.98032976248149
EK202310172679,151.41357819051552
EK202310171532,140.69257703347202
EK202310200942,138.96143632041745
EK202310141847,148.3430396278093
EK202310122343,144.6497065066419
EK202310174760,143.60856110650957
EK202310225953,135.2475375204915
EK202310159867,147.51717361956295
EK202310174529,138.08969511433233
EK202310239197,134.12530443557603
EK202310142275,140.63927221278996
EK202310235069,144.46170654171686
EK202310173910,142.45389385315178
EK202310155908,152.44054676334108
EK202310221001,134.93459233580512
EK202310113086,141.20793818341187
EK202310200755,153.37827610872273
EK202310152545,148.90103231602302
EK202310185434,158.11454058342431
EK202310110043,144.0375679539578
EK202310116474,142.71248144632105
EK202310203902,142.6947233053677
EK202310157771,156.74887517514642
EK202310209652,153.09237781985226
EK202310115313,135.41698091170386
EK202310149967,146.95560926156216
EK202310226488,131.02533761020362
EK202310004820,139.62870771086185
EK202310240136,144.48682582598983
EK202310201496,153.88688992845914
EK202310224644,140.951599516506
EK202310168634,131.84342367475725
EK202310120438,139.6544116795828
EK202310104992,134.3114035317392
EK202310152772,141.0829629552873
EK202310189045,134.27713880725997
EK202310180854,146.47533472330883
EK202310162939,154.78050179030518
EK202310202787,158.4655253117138
EK202310132425,132.86207521492034
EK202310106638,139.75795152192575
EK202310130488,153.1063344132627
EK202310216320,154.93940547257046
EK202310174034,151.15044746766003
EK202310167069,145.30814323271943
EK202310119791,150.1674348966655
EK202310191561,147.9617651688555
EK202310141924,155.57279972237845
EK202310155116,139.88383548227839
EK202310194530,148.89654574275454
EK202310148342,154.91742570588116
EK202310115218,134.6882324692623
EK202310208496,131.7509209460375
EK202310242665,142.4413836063407
EK202310247657,150.7458029364137
EK202310228469,135.10353081794713
EK202310233886,157.87535868901935
EK202310169400,159.0380809994327
EK202310161344,157.248271412529
EK202310236712,127.32469145013468
EK202310118866,148.32391197022065
EK202310221584,144.08947643586504
EK202310107825,141.9892255010093
EK202310110196,142.30053296893675
EK202310159979,142.81972213175172
EK202310195875,143.60594453219943
EK202310163166,152.8906246002306
EK202310206462,148.56382706132317
EK202310109481,135.70026096631568
EK202310245477,128.49462472437904
EK202310129738,166.4249711520673
EK202320005730,158.79290948623617
EK202310104244,154.60158770163093
EK202310227658,130.94017709519943
EK202310227290,164.03987026296483
EK202310201250,138.097344926141
EK202310170654,141.9917900330696
EK202310225211,149.8210173693359
EK202310181404,134.12672365950908
EK202310175856,144.51833640220403
EK202310167250,144.8618699976564
EK202310225198,132.81031765625013
EK202310247108,140.0419005697239
EK202310228244,138.2171692401033
EK202310206266,143.3787043140945
EK202310215876,131.83069005540835
EK202310130596,135.5041783997284
EK202310224249,130.58329135696408
EK202310154491,137.92135014896922
EK202310233669,147.6618175388244
EK202310111293,142.99727858884862
EK202310120077,132.9101694354316
EK202310190354,146.75326752630156
EK202310180848,140.7755537483155
EK202310206991,140.5056921404973
EK202310127954,135.5341843825048
EK202310125079,135.5866859809056
EK202310211424,142.90035876279745
EK202310134279,131.37700727165657
EK202310206851,132.88039126801522
EK202310164397,154.59960143880474
EK202310235148,140.30366506444736
EK202310190060,176.8934881001573
EK202310240587,134.3380034972899
EK202310234152,133.9160175107577
EK202310161209,170.95449411030833
EK202310187254,133.22903826045587
EK202310219785,144.88167197543342
EK202310160063,141.75072423406434
EK202310225782,156.26398563068304
EK202310166126,134.03549159805826
EK202310104397,140.5698790727641
EK202310195068,132.73712645159054
EK202310148964,150.3224785945275
EK202310105544,134.05364634895676
EK202310190157,135.75469364927716
EK202310177029,129.5854743567948
EK202310134822,162.42539971525053
EK202310188505,146.44472355483236
EK202310131430,153.12685401385284
EK202310197663,144.5054553804403
EK202310150719,154.15313212714244
EK202310004834,138.10595910621637
EK202310200921,136.5384266304428
EK202320005684,147.34494431119302
EK202310179009,122.58337836184913
EK202310248177,143.8456244365777
EK202310132766,138.2141541415334
EK202310237026,139.19385296414345
EK202310193021,129.61668589118273
EK202310190757,138.49754960126302
EK202310173200,129.57721976864067
EK202310219771,145.81822150301286
EK202310109597,144.42331789311464
EK202310206771,143.72764036295004
EK202310127671,155.6759346766913
EK202310167676,132.9129958335761
EK202310232944,131.77237915784383
EK202310168061,152.10667959652903
EK202310105714,139.90616054134037
EK202310147632,161.1822060850892
EK202310244606,143.37911985488594
EK202310118560,140.32028684625737
EK202310194271,132.37111208376433
EK202310142720,173.96784258188293
EK202310166900,165.08132688214374
EK202310164794,150.89503303006148
EK202310115042,145.1394354003987
EK202310174373,131.585275638345
EK202310214507,158.05752461769188
EK202310223225,140.9183970490147
EK202310107151,138.1747652141717
EK202310189175,160.66146294953126
EK202310161808,132.27103486496202
EK202310121994,143.85066370100802
EK202310219449,144.7657352957377
EK202310136206,132.78908367628324
EK202310111739,148.53720403671755
EK202310229388,146.6617728486977
EK202310224978,137.263729304993
EK202310149730,127.07526193929513
EK202310163504,138.3272879926236
EK202310156148,134.07673826129945
EK202310150249,130.23448774519179
EK202310224329,141.8340537278301
EK202310147011,150.51682385058766
EK202310192326,137.744114366947
EK202310245006,144.66163012004526
EK202310224053,135.76146836482658
EK202310228581,131.15665840822606
EK202310113047,138.19483065201308
EK202310149808,149.31726217955068
EK202310175027,129.36731110988663
EK202310234758,134.84790970129964
EK202310175412,146.00750812950398
EK202310132176,154.99256665769056
EK202310205739,145.92837930777205
EK202310153994,126.13075050389448
EK202310200714,144.05478997503468
EK202310247869,139.76190124192857
EK202310186589,144.6535440486405
EK202310145135,140.71791377870645
EK202310193164,156.80259490043582
EK202310222960,133.67423334660177
EK202310116552,144.05428840465342
EK202310123971,169.46667040438206
EK202310113406,159.78603545424772
EK202310234777,142.76624215447248
EK202310109531,143.6204245697899
EK202310186502,149.72193320825056
EK202310190436,138.82662429804054
EK202310198804,167.93814780029652
EK202310188371,150.2961389030981
EK202310189870,171.16668197796477
EK202310179411,147.20242841838115
EK202310233363,133.11712071014125
EK202310104971,135.69617775609223
EK202310191357,131.67202907115592
EK202310172762,139.62088346723516
EK202310199936,137.65370145305351
EK202310153452,138.11038246538354
EK202310160325,146.50660738133266
EK202310240026,127.31594783817249
EK202310134117,126.99821127357893
EK202310214971,133.7103329332161
EK202310210492,135.10448240826113
EK202310200943,149.3929433606231
EK202310233114,138.9530574387348
EK202310209755,133.6777387264732
EK202310114040,139.7379014339325
EK202310231262,131.18603555562223
EK202310196982,151.03995438723905
EK202310168935,148.9133893586398
EK202310209663,133.59693596816658
EK202310171963,164.9836803267973
EK202310128429,150.06220339922584
EK202310243988,134.81336571143868
EK202310131432,136.7969884054936
EK202310170157,159.65977165738323
EK202310135062,162.08155345949064
EK202310180073,159.86892547914664
EK202310154392,166.2183542066179
EK202310211600,136.0878483839047
EK202310221370,144.6545205082953
EK202310135902,134.57762536890885
EK202310248071,144.89533481267753
EK202310140056,143.1519914448615
EK202310113087,153.7335646443593
EK202310140280,154.96005638491883
EK202310231029,141.83684554990646
EK202310003876,133.70420274274613
EK202310110872,148.26040290427167
EK202310110803,146.27223982250075
EK202310234005,140.34478717706884
EK202310195582,134.3982020909317
EK202310216699,133.76662583848636
EK202310161870,154.1748711921603
EK202310207634,150.25911685577853
EK202310154729,130.7380952458928
EK202310119219,142.9312047773182
EK202310216260,139.6789825243349
EK202310241741,141.73454789747763
EK202310127099,134.3078350303633
EK202310142543,153.96172758051335
EK202310159437,142.02273806324155
EK202310139226,132.81018437330675
EK202310145866,134.53058643816752
EK202310240067,145.3699605327549
EK202310242685,131.53759930023904
EK202310158289,141.3774616270359
EK202310145943,144.79999751168995
EK202310196762,152.12409700851074
EK202310141743,170.9584338066109
EK202310222881,133.9725831614466
EK202310170624,121.19500724929915
EK202310139072,142.60616965698756
EK202310168507,138.2695513197112
EK202310141768,159.19632887977804
EK202310111130,131.46013488107678
EK202310217027,148.12002608904655
EK202310224945,154.76200998860372
EK202310188108,149.22073723928267
EK202310200577,167.58756336127524
EK202310152955,155.2066447471005
EK202310184966,151.4279218336048
EK202310133181,134.03952705746175
EK202310209985,135.56548275048604
EK202310195572,134.35768247631762
EK202310199966,129.0869203922702
EK202310109052,142.7214463608855
EK202310173422,148.00840804599238
EK202310216493,146.462674243505
EK202310234480,137.45763388513765
EK202310239882,142.14729054836417
EK202310151506,172.60583031330603
EK202310231481,138.7643623902244
EK202310173660,131.35587924782757
EK202310124885,135.33911521631455
EK202310226112,139.24680631345345
EK202310169770,163.6493626193033
EK202310112146,148.91265404105096
EK202310126447,135.70720651121565
EK202310197865,152.34390180891583
EK202310144993,141.13949441728892
EK202320007830,140.98917523021203
EK202310134803,143.2367237027241
EK202310247257,148.9801512464575
EK202310189213,161.23458396651597
EK202310163523,140.74039450088995
EK202310177884,137.4962077138827
EK202310168374,142.63083632509944
EK202310181460,137.28181284181395
EK202310164324,133.20308622582235
EK202320006373,161.27991454978695
EK202310240516,161.74255785839006
EK202310106433,147.69201769743168
EK202310104794,127.53146804959661
EK202310179826,145.13850297376163
EK202310220482,130.89597284216188
EK202310144501,170.3661582476069
EK202310236116,150.39913110132812
EK202310143566,131.24493700491152
EK202310244286,142.34271217947793
EK202310117364,135.28642594607678
EK202310182812,147.47571039010532
EK202310165290,158.61145732230398
EK202310175655,140.01788739120042
EK202310191765,137.1858163667238
EK202310175575,130.46674040862774
EK202310190556,138.48359291695556
EK202310109849,123.24258019946528
EK202310125361,141.5902234450523
EK202310117657,128.73746648666878
EK202310166741,146.6189061907731
EK202310152997,139.30419706173265
EK202310197388,141.6350736606134
EK202310131984,143.94130483476948
EK202310219422,130.2147951880593
EK202310121522,130.22199578875862
EK202310175245,147.21008390838713
EK202310195205,158.39574443638136
EK202310108650,132.8568810250514
EK202310181782,135.6513679755003
EK202310115038,149.9821002752252
EK202310158797,127.51427364397057
EK202310170666,153.0402389942316
EK202310168966,125.04732567898753
EK202310214825,174.55688603907387
EK202310120494,131.97175343873033
EK202310220603,144.0648919452021
EK202310225685,137.45922759047045
EK202310223164,131.95137141761765
EK202310162099,133.0760219090755
EK202310181378,152.06946781451674
EK202310206274,152.1070411446369
EK202310245110,121.81800812004465
EK202310149953,159.7287072450597
EK202310200512,138.35497724630923
EK202310195166,127.28354733814365
EK202310181696,146.24755778218582
EK202310246293,122.62269670578029
EK202310112958,136.95956096283626
EK202310144239,138.0327398235562
EK202310112531,126.71205248720157
EK202310215394,151.43378568621975
EK202310214916,140.23724723287097
EK202310135655,141.66574774873462
EK202310234936,130.74276337633233
EK202310216594,150.03669259999046
EK202310221025,133.95605011634171
EK202310111609,143.86597175336354
EK202310213129,146.0177467061795
EK202310117137,137.11908498878506
EK202310239490,131.73499670372203
EK202310157671,144.3015211864082
EK202310188165,140.09696932256816
EK202310134859,130.97396103691236
EK202310183908,171.84169659951976
EK202310147406,150.63150623573256
EK202310175129,132.50824680114115
EK202310164780,149.37755790950038
EK202310227743,132.64013474715284
EK202310120706,154.94632278172705
EK202310118366,140.60385325755874
EK202310106692,150.5415542135803
EK202310190791,148.80532598389743
EK202310208607,152.76515080334227
EK202310170692,149.74995585680853
EK202310225887,140.85004291552565
EK202310182352,135.07419567146107
EK202310185880,135.35559000979057
EK202310178297,155.9764349301819
EK202310195149,139.4748395095742
EK202310231610,143.49267688544214
EK202310137276,123.94742605964404
EK202310184484,161.0735731962092
EK202310121199,139.2168270957946
EK202310125536,135.485229011242
EK202310213706,143.7602976291313
EK202310135204,154.1141498468677
EK202310247699,141.37991367577797
EK202310217787,138.39164363350085
EK202310182191,152.3303710398889
EK202310198529,158.3650177858261
EK202310220299,139.5770081034874
EK202310188677,134.24799667915804
EK202310232253,138.18042390904512
EK202310164691,150.4701463596696
EK202310103832,132.51690989362547
EK202310149722,141.60553927016588
EK202310198859,147.9623653947461
EK202310234749,139.10381131288258
EK202310104566,150.62620482287463
EK202310211383,145.48532298008826
EK202310170287,131.18925308324734
EK202310150824,153.6077681086227
EK202310171304,132.9501900621654
EK202310193205,165.76017458076086
EK202320006114,160.32927843284511
EK202310135524,129.66965318732534
EK202310192025,141.0102922555756
EK202310170020,147.20450782924866
EK202310198095,158.6003424377813
EK202310105801,149.41312728862394
EK202310177479,148.37997246130652
EK202310108455,140.33764272179826
EK202310165998,130.53780213043947
EK202310122714,138.65347178508077
EK202310164202,138.0783058892457
EK202310226026,133.5593924936578
EK202310223682,155.7171633399104
EK202310116148,136.99448937389144
EK202310210129,149.7596360995186
EK202310242087,150.7408429895592
EK202310116328,145.1988222100469
EK202310217261,153.50808255863342
EK202310106484,147.47452051352886
EK202310157473,138.2162891723227
EK202310198511,131.7802291924724
EK202310217751,133.8285283397833
EK202310168432,159.8871648211611
EK202310151251,147.63058726460085
EK202310120767,138.6180150176193
EK202310127801,138.36777006407502
EK202310118354,133.96304337872752
EK202310209195,140.78101083791756
EK202310172035,144.0531421615533
EK202310114626,153.9650456661793
EK202310144629,143.42891054910837
EK202310185061,146.89065866564027
EK202310174592,137.4460920148837
EK202310164708,176.1146128391962
EK202310149304,148.37723950484366
EK202310170289,138.2957954415489
EK202310213861,151.9396624460055
EK202310126098,131.7396342550694
EK202310133915,144.87550970207008
EK202310148594,121.29410554315531
EK202310116687,142.08358310541027
EK202310171866,135.70906691229564
EK202310147735,136.81245919174023
EK202310105679,167.84633160687264
EK202310248635,134.35444326447418
EK202310139369,143.97875254107103
EK202310105974,150.81070889847715
EK202310104978,141.31329835959204
EK202310174467,139.5911143515435
EK202310124199,139.5962235574183
EK202310135676,135.44896062127967
EK202310146763,130.45327885413013
EK202310205937,129.6454890592521
EK202310135445,160.92697759215
EK202310109193,128.78072563151994
EK202310161169,153.17846014402485
EK202310204092,140.861922526223
EK202310202680,136.94430742747983
EK202310172794,141.8148939048614
EK202310217791,134.89659564920163
EK202310158468,164.38742151335765
EK202310149937,144.02639443893932
EK202310166789,140.7787893460844
EK202310159167,142.2903061324968
EK202310125029,139.1250704750502
EK202310203531,144.17312046990796
EK202310181665,124.53210126000091
EK202310142148,153.10696839581126
EK202310166843,157.78033345950448
EK202310161022,134.27803278467297
EK202310118997,146.61545374631845
EK202310239449,137.69134583398855
EK202310210440,143.19749321937576
EK202310205614,136.52807072094745
EK202310179227,134.46041388738595
EK202310143023,130.47316147785799
EK202310178605,150.18039271965017
EK202310151926,157.62012327517368
EK202310205156,173.19763856276313
EK202310227477,159.40955835575048
EK202310118582,144.94848499074388
EK202310145669,157.87154220083497
EK202310181578,157.68158042174957
EK202310193806,152.8338771495264
EK202310233863,150.68843429595591
EK202310111982,130.7651820987654
EK202310228092,152.01029866768073
EK202310117791,127.0459570763227
EK202310174095,154.60726678931906
EK202310199167,138.2784510918275
EK202310147864,144.79557084979362
EK202310136545,136.3524431440733
EK202310004781,130.4906233438939
EK202310110648,133.278969763749
EK202310187608,130.7987901768136
EK202310212121,132.7375157801912
EK202310200654,140.16771518261606
EK202310110670,128.80673939561186
EK202310148332,149.32762759995873
EK202310198602,135.29544391087614
EK202310162570,151.60292611469492
EK202310105840,146.19452147142405
EK202310216931,157.7039543965485
EK202310152841,169.38134633221017
EK202310107705,152.20112193939295
EK202310178316,147.3246580776803
EK202310147750,125.75839681556148
EK202310110434,133.49995641593938
EK202310219134,130.8969700944402
EK202310207502,134.6059198560634
EK202310137524,149.57365408831214
EK202310237806,129.7101928499835
EK202310248546,138.72040193676543
EK202310246510,153.49941796965703
EK202310215312,145.95586963265671
EK202310135935,125.95005058387294
EK202310246337,131.17444742499447
EK202310133292,138.0199694218798
EK202310208105,136.24656773808482
EK202310221927,155.78556784883196
EK202310185220,144.25250255970283
EK202310195012,152.81534934139623
EK202310220382,133.72949248457041
EK202310228071,132.41083065077896
EK202310139303,158.90130436791566
EK202310146446,138.71154612500862
EK202310113629,155.1942755526403
EK202310121125,133.79847346606638
EK202310179172,151.92826006795676
EK202310135030,163.18979874841233
EK202310154871,148.57545805799617
EK202310104446,140.53610201693667
EK202310112990,141.07816283561152
EK202310189753,150.04424852317797
EK202310239147,130.04613362891698
EK202310170148,159.75322260655693
EK202310227849,156.19383479511666
EK202310206204,144.85793762971394
EK202310160122,135.98549104144803
EK202310131964,140.04955837563307
EK202310111949,135.55924562325325
EK202310122396,117.02130586158881
EK202310187780,142.45827107704014
EK202310205438,141.5258748604146
EK202310153038,170.30361844843256
EK202310152163,156.61285148575345
EK202310192310,129.81450409425815
EK202310174795,151.4898143519404
EK202310193009,149.6793938756345
EK202310150434,144.9326149773247
EK202310118338,133.12215135418487
EK202310197441,154.3571983034623
EK202310142091,157.96162866958267
EK202310117239,135.24404419290065
EK202310179745,147.1672210226113
EK202310219687,136.8094533967615
EK202310176027,145.3305261860213
EK202310104893,133.05842607119857
EK202310227192,144.9583288950341
EK202310146856,153.58786468904637
EK202310107173,131.013459940081
EK202310211813,136.38234559345113
EK202310188253,140.26382708560192
EK202310233335,131.34045703820627
EK202310217329,148.32983236733432
EK202310155219,135.34843448109285
EK202310157321,150.50123542879388
EK202310153713,139.97723358095396
EK202310120830,158.44461636454741
EK202310229321,143.397304890401
EK202310130365,151.38165605187714
EK202310202308,153.55598622648395
EK202310203388,161.9933753194688
EK202310185835,139.01399721938097
EK202310188805,184.08075840568412
EK202310159594,151.49771482154904
EK202310147573,134.5538158828828
EK202310190109,149.86565022970993
EK202310180140,148.24276731642448
EK202310149775,149.17679684940924
EK202310238274,149.52982269740195
EK202310242923,133.77900361374853
EK202310107321,126.40204224270272
EK202310204141,132.6658358754136
EK202310219133,140.0484092703884
EK202310139067,170.5857884519745
EK202310140520,136.68232333258254
EK202310248527,138.59274170730197
EK202310003682,130.26428511337042
EK202310162432,151.57347414743154
EK202310179950,165.34642134202772
EK202310240868,134.82490090587646
EK202310116267,143.2916918198757
EK202310221765,129.66060025155485
EK202310173563,142.72873818133704
EK202310143455,114.3937550963215
EK202310207343,146.3460271492634
EK202310217689,128.90050277693055
EK202310146102,131.32968698929488
EK202310168973,130.8356683229126
EK202310222519,125.97035395150829
EK202310129680,145.28017568570823
EK202310178200,149.50175775675984
EK202310170870,138.87465231393645
EK202310126872,157.7701533297955
EK202310148891,170.04469494262477
EK202310173852,134.84985804377155
EK202310125523,134.24693780931833
EK202310159491,149.4196672308067
EK202310157366,136.97243222503917
EK202310178992,145.04986851300717
EK202310143866,142.2298240815154
EK202310152326,142.83389600801178
EK202310202864,149.16939277102173
EK202310218888,139.9798333000651
EK202310209358,129.68087839209065
EK202310227775,144.3273852233088
EK202310186270,154.14842989720262
EK202310203414,150.73931201081896
EK202310225866,141.469182935717
EK202310234055,137.58528836522368
EK202310129825,175.69498022394325
EK202310209772,146.5324000122628
EK202310182146,161.47656397196465
EK202310180456,146.009208845842
EK202310182353,146.10881844621997
EK202310199926,124.94435168476805
EK202310226078,135.09878037160215
EK202310212125,135.315282797601
EK202310149668,153.45274324174486
EK202310234903,138.50133276879924
EK202310205875,137.85324628676383
EK202310157799,147.72763670775652
EK202310211749,132.27291353491532
EK202310224314,148.84723970214998
EK202310124274,132.40571602725024
EK202310127800,148.61252068020147
EK202310238415,140.13863666371353
EK202310229891,145.3253943396086
EK202310145946,140.1682897802639
EK202310181109,149.85768697828408
EK202310147129,153.07232471156684
EK202310178177,162.03514589907624
EK202310113395,149.74595327030627
EK202310217919,146.20944160713827
EK202310154751,146.35042765365162
EK202310130965,156.39796515546527
EK202310190874,147.8977243627065
EK202310195521,143.72111865488532
EK202310201613,148.44436812675133
EK202310214697,151.3562266646274
EK202310191560,154.9864746010395
EK202310121406,145.8773287091897
EK202310114089,135.65231008043173
EK202310159340,133.7594508466638
EK202310113700,152.8325379541082
EK202310126654,128.514833575204
EK202310144476,138.0721354476751
EK202310131321,135.70796296196863
EK202310187814,133.74157308808543
EK202310220881,134.06753314537428
EK202310189638,159.78137964697788
EK202310178407,149.37264014075814
EK202310180651,157.4157061847005
EK202310239749,123.58054804672668
EK202310171046,135.24630898851845
EK202310164907,135.50151452664295
EK202310147112,157.5820511968508
EK202310181779,147.14336890727952
EK202310177716,160.41802174546294
EK202310211440,140.8828831436005
EK202310205701,157.85777014334863
EK202310116151,112.37126292297799
EK202310183859,171.122310436199
EK202310135998,151.77729066441833
EK202310201975,140.85000596523903
EK202310170925,132.84559077024107
EK202310104593,134.61796207129757
EK202310110432,136.81559855672475
EK202310129862,133.65797954350532
EK202310189525,152.80758095097391
EK202310111229,149.02234469206795
EK202310188865,140.24848356396788
EK202310146283,136.55198102650132
EK202310178823,162.389099304423
EK202310147049,147.72871129614165
EK202310221900,139.29924099200707
EK202310182664,156.4147309516698
EK202310115895,130.46694409541985
EK202310137882,132.03426722894602
EK202310142987,156.83127904346833
EK202310230693,139.50924610055492
EK202310105910,130.8696313328415
EK202310176888,135.78384683439774
EK202310179407,145.87008390874513
EK202310113511,138.774977915457
EK202310226410,136.64334520026006
EK202310194828,166.19833152460868
EK202310209526,150.75160451808665
EK202310232266,133.18639775539148
EK202310190901,144.2952931800852
EK202310120320,144.5010263235766
EK202310109391,146.08912855486255
EK202310126276,139.05047105505827
EK202310223714,130.18850438432207
EK202310211517,164.14466096651523
EK202310110636,123.47889283770216
EK202310235623,123.24936460374263
EK202310186004,155.91439223574474
EK202310004261,137.21477416227503
EK202310193375,153.72161293309705
EK202310218449,127.93914694539285
EK202310179058,142.88826648119323
EK202310133795,129.42682151154634
EK202310164408,139.14375318620907
EK202310159492,149.7543581399745
EK202310214283,141.15954351831624
EK202310133551,154.96519899277905
EK202310190061,159.48117111318768
EK202320007557,159.74351474482654
EK202310114241,134.75940742460782
EK202310203894,157.47096306350127
EK202310186487,138.32046746943175
EK202310004631,139.21054831905226
EK202310172845,142.19998715984238
EK202310124858,135.2907618893534
EK202320006937,145.64820357020332
EK202310164626,150.65427709400032
EK202310109948,142.01350217137997
EK202310112053,134.69920016927776
EK202310184712,137.0706220051154
EK202310122821,146.28780499362995
EK202310179754,148.79286050322344
EK202310230071,149.07376644558985
EK202310169385,153.202184349923
EK202310205297,136.61253327442833
EK202310176789,134.4066136330302
EK202310234641,132.88408928632404
EK202310216672,150.13487225827612
EK202310218187,151.7545553352112
EK202310163653,129.80374975602805
EK202310173938,137.57095589553037
EK202310144779,132.73867942534304
EK202310105452,131.64732843783858
EK202310203289,134.45721863323186
EK202310244916,144.04969109519257
EK202310212913,148.57109548051966
EK202310195593,154.78202689541996
EK202310109392,146.5234518181273
EK202310239794,157.0385211475742
EK202310156466,154.4748030245864
EK202310234091,139.94627365427704
EK202310202246,153.545988313869
EK202310208070,138.25606835587448
EK202310199529,144.40831340381172
EK202310191597,142.27297156146503
EK202310232873,153.7386880668621
EK202310245305,149.25190668168284
EK202310196018,159.30840678611122
EK202310205608,135.90725710662883
EK202310211776,133.1967262000061
EK202310219819,146.61684764227442
EK202310152910,175.27517603811532
EK202310244549,141.01292679988808
EK202310123421,151.07705203477886
EK202310205600,143.77818261140948
EK202310219535,131.14668183396418
EK202310247105,133.2499675234394
EK202310223625,146.64710727278958
EK202310135177,150.806339513448
EK202310167858,135.51775551271422
EK202310193232,131.7537307687708
EK202310144624,131.40149704751536
EK202310132627,138.17886006571462
EK202310213967,158.13669915585425
EK202310236061,128.18872687111173
EK202310177659,183.1917142828204
EK202310145236,147.6590521078394
EK202310118399,130.91432554213017
EK202310215365,141.3404990876966
EK202320006049,144.64545855432146
EK202310185900,128.58629419139288
EK202310133957,160.37053381618253
EK202310234170,130.09412315632653
EK202310126261,134.79816535631983
EK202310118103,175.95947931496553
EK202310118678,145.08659192349347
EK202310113678,153.94729422207783
EK202310111849,147.544905379015
EK202310218593,136.3718374057577
EK202310145457,122.56688172068078
EK202310174907,154.7861448010315
EK202310004460,141.76000231385646
EK202310194109,134.40707715961562
EK202310108378,131.6282437039768
EK202310200664,139.7457541020019
EK202310167993,133.48946740033043
EK202310157089,170.2011409704756
EK202310210287,142.13145826696223
EK202310148250,140.96242567905642
EK202310207303,149.71818153455888
EK202310206507,150.68723003872657
EK202310243704,139.1776167088912
EK202310179019,127.16560533489226
EK202310243866,162.41966689101884
EK202310137648,143.16163203039733
EK202310173887,144.08962887198172
EK202310235491,152.86479825875688
EK202310212645,143.56428404132788
EK202310190281,156.2803229367049
EK202310220934,133.48737998297798
EK202310230719,139.82812165415965
EK202310201074,132.17763657059808
EK202310178051,141.34989515766935
EK202310181204,143.2626612130156
EK202310135829,146.85176577078025
EK202310170445,136.24609972579842
EK202310238141,138.73200788545512
EK202310135822,133.4483678429645
EK202310227546,136.94806573361492
EK202310140976,152.24218932236568
EK202310246668,154.05591845289942
EK202310105632,135.71977552077846
EK202310109270,146.825131085852
EK202310131782,146.06976892775725
EK202310233567,149.64278961504482
EK202310161598,153.10387750385814
EK202310110724,144.28699540707547
EK202310229148,150.9418575126328
EK202310159146,141.42403205907158
EK202310195696,149.1002247578396
EK202310117218,139.60989062514165
EK202310205895,161.90155735069308
EK202310194401,147.4673355536906
EK202310126710,155.7195863234814
EK202310152278,139.97257831620266
EK202310190916,152.98094921515553
EK202310110549,127.49095335648411
EK202310177514,151.3402847536338
EK202310175686,152.49283473397335
EK202310223432,144.52362076497914
EK202310244466,148.15394829052977
EK202310134231,141.69412055223634
EK202310236274,148.9037016328042
EK202310195863,155.8413119852169
EK202310241144,152.52506611737678
EK202310202269,136.13465181760054
EK202310231316,142.38884263610018
EK202310211605,134.78606749622003
EK202310200954,155.96988156783618
EK202310224489,135.18447381085164
EK202310165476,139.01781724765422
EK202310204173,133.9032674813157
EK202310178369,143.6844858374061
EK202310170774,125.35328729767956
EK202310205764,138.71085264343108
EK202310236659,151.70318548539458
EK202310170743,134.57724120142956
EK202310136793,142.9242845967624
EK202310187675,151.06346080257285
EK202310156962,134.7439671543948
EK202310216942,161.91785539230327
EK202310168321,145.66889743370268
EK202310243793,134.73244758066872
EK202310235437,145.78851949002436
EK202310118510,154.4312509417764
EK202310139337,157.06322097924553
EK202310120961,148.54734886265115
EK202310214076,143.20214648765366
EK202310241228,152.530856121357
EK202310212101,138.0538247168495
EK202310199696,170.49677929632946
EK202310163542,150.32096177803507
EK202310232836,137.92989168983266
EK202310189334,147.00193463091628
EK202310239101,140.56127742611577
EK202310156523,143.74289988481598
EK202310201002,159.89603313271044
EK202310003364,145.35230844363943
EK202310179389,148.55527806619352
EK202310163130,136.70259876753562
EK202310232481,123.06148039730387
EK202310186459,137.3919505951799
EK202310164481,133.1063293049674
EK202310169941,155.03654928908693
EK202310131128,156.3490364534876
EK202310228174,129.59175486494397
EK202310173249,147.0109332209871
EK202310202077,141.48527149227485
EK202310225477,149.7645323678965
EK202310247572,142.46677868049952
EK202310181799,146.0378076815631
EK202310119740,151.64837611623832
EK202310131395,133.9163314734094
EK202310224529,135.60902271704015
EK202310156156,145.32785270145882
EK202310200552,175.84275870060225
EK202310169146,146.53374184280312
EK202310143038,134.1420882364416
EK202310170406,128.45931706941758
EK202310200533,168.08434807532677
EK202310119387,134.78503309282112
EK202310202355,129.88677145812434
EK202310225013,128.94453103355738
EK202310214250,154.55655303647794
EK202310210556,133.34855838789844
EK202310201139,166.57659900395757
EK202310130429,156.7836549480688
EK202310224863,148.36755813382726
EK202310153482,131.11313765660165
EK202310241062,140.70634780060018
EK202310164485,139.0612319056925
EK202310245636,131.33735122670353
EK202310157534,141.5159054848821
EK202310229118,127.71563269690577
EK202310171426,138.73268517768705
EK202310210127,144.88463390722177
EK202310111733,142.6986884097231
EK202310141203,137.62240118302066
EK202310232387,144.16270410660374
EK202310188639,140.7653694403978
EK202310190835,153.57698760299954
EK202310201801,146.3302174482904
EK202310175974,150.18272210943482
EK202310187326,142.66775052271635
EK202310212155,131.25817818380045
EK202310151022,152.05440013826268
EK202310211125,138.0796318417024
EK202310219268,131.2181269429093
EK202310110245,134.37722951297684
EK202310238069,137.44332679516688
EK202310199559,138.85835289557167
EK202310167739,133.15957375724219
EK202310142979,131.73116836248573
EK202310191202,136.6637098447651
EK202310144654,166.70452563449143
EK202310224039,138.55488091691944
EK202310150921,134.9938011853259
EK202320006004,158.79290948623617
EK202310108116,129.44084630254247
EK202310226608,136.62435230833518
EK202310237947,143.5545883578184
EK202310245724,150.695492956289
EK202310216589,131.8517567959441
EK202310242883,135.37290213730068
EK202310192702,151.02845145185628
EK202310168445,124.56300684113452
EK202310205542,147.4145853270149
EK202310150929,150.17911712168674
EK202310173039,132.91223572202122
EK202310139742,129.918993515721
EK202310138564,142.94067328285183
EK202310145764,132.50221311832115
EK202310148134,148.0093611271882
EK202310180451,136.71308334225918
EK202310149802,137.59463634742366
EK202310247608,162.19159102589077
EK202310130999,135.65088162219737
EK202310141610,150.5955346682602
EK202310224015,151.56699524183938
EK202310229698,140.9977069245179
EK202310197753,148.75131960954215
EK202310152255,138.70004761982722
EK202310133838,168.73968735694152
EK202310192249,174.5864670649628
EK202310195834,165.4053338753522
EK202310186510,147.1849388754441
EK202310177054,139.3191207866156
EK202310107524,155.89805416838206
EK202310128174,148.2407599272189
EK202310187413,145.26343080163622
EK202310234580,142.93571539939413
EK202310104409,153.94127731405325
EK202310125276,134.00614801342388
EK202310113893,140.03977266802372
EK202310179353,148.03234687992992
EK202310240438,136.3784233529471
EK202310229420,151.6396743643785
EK202310116112,129.3783978162911
EK202310117942,134.64744698017753
EK202310163339,131.8109036945527
EK202310166509,133.18095400326075
EK202310185556,138.5214225590429
EK202310227524,141.5352986719593
EK202310109010,175.60856159626013
EK202310183425,123.20865789776987
EK202310191714,161.59153706190492
EK202310155039,136.2283829914635
EK202310169140,150.68706514402078
EK202310177573,134.9562787538616
EK202310170318,139.01568478071013
EK202310207697,137.26782924318428
EK202310199740,159.98612322067797
EK202310149864,157.59471858534386
EK202310150264,141.3355519322611
EK202310189933,132.94253672691647
EK202310218127,150.40385190853962
EK202310108083,138.43635462113474
EK202310154872,155.51323647291332
EK202310160785,145.28184460910813
EK202310206282,145.88356920564925
EK202310124253,133.43635227194125
EK202310196633,143.50276159816624
EK202310105966,134.77029876619918
EK202310141033,155.20224552066045
EK202310197213,135.3339250400081
EK202310206024,129.21617125839373
EK202310113110,134.84891766894626
EK202310114366,137.9484968591458
EK202310133810,152.12509709555246
EK202310135192,154.64346737377744
EK202310233334,133.81042217266014
EK202310148079,142.29055794821136
EK202310109276,145.22695398630188
EK202310124568,139.4645249762564
EK202310162273,136.48466103886128
EK202310126242,130.80623191141197
EK202310106288,141.90079531871012
EK202310190761,151.71658560474967
EK202310003653,134.83872547725545
EK202310111116,136.9898781236605
EK202310193002,148.90432921929082
EK202310107463,132.99302103646994
EK202310237608,152.47181325954756
EK202310213418,126.18175932284903
EK202310204153,154.22559330371618
EK202310104707,144.28130979927099
EK202310238820,128.9251648077642
EK202310141697,153.5195948435905
EK202310178269,153.8527360133626
EK202310229367,142.6824632630448
EK202310172017,168.94544554594276
EK202310223139,135.03354978031862
EK202310125096,134.12396013599235
EK202310143070,155.7238233771361
EK202310234470,131.72170418003958
EK202310131911,133.92812928260187
EK202310176053,157.02606728585528
EK202310158201,146.53935709689273
EK202310113896,151.8902888216463
EK202310217246,136.59594017301262
EK202310202878,154.29234742827668
EK202310179418,164.88652262825192
EK202310106198,140.28717103171553
EK202310130287,146.57910021239206
EK202310203618,130.53176354556425
EK202310144069,140.450905461656
EK202310225997,168.07836013990644
EK202310137087,135.41103710671743
EK202310114093,154.74656326422732
EK202310125025,131.21744307713874
EK202310169960,144.1360645435637
EK202310211027,145.58498103812232
EK202310156374,154.36346129036343
EK202310184239,138.26113616731456
EK202310193887,151.97408503958152
EK202310169120,143.00813162895173
EK202310214116,175.37875912338615
EK202310004097,133.10654378258337
EK202310156682,135.6634718951765
EK202310154604,154.95044914194628
EK202310218245,139.59672134463915
EK202310224853,127.27199842382674
EK202310164480,140.0104959028272
EK202310130017,141.21148078054992
EK202310142314,139.25150513460198
EK202310104271,152.1417988563693
EK202310245758,140.502484500172
EK202310229784,142.22812152714573
EK202310110502,139.7892440753626
EK202310121032,163.0686880089572
EK202310233632,149.38412754904883
EK202310126266,130.77268628733742
EK202310109825,129.905142635041
EK202320007054,154.8534824459335
EK202310166953,153.16658223165643
EK202310227160,146.62889351788306
EK202310215524,158.62537701122073
EK202310221415,150.1920140293111
EK202310224669,132.41593130182196
EK202310182834,155.81939695325318
EK202310155348,139.21455955980176
EK202310186571,156.1480642812323
EK202310130542,134.22201893517916
EK202310108675,129.5125005017681
EK202310147107,154.2837221025534
EK202310175270,135.5268195055432
EK202310223760,131.61385962999807
EK202310124746,131.30351957661304
EK202310170040,161.35382188411123
EK202310004065,135.2899314898877
EK202310221363,133.09586876141807
EK202310209500,134.7272101585494
EK202310178304,154.25790829296946
EK202310133005,151.8891825738519
EK202310120850,134.86060223630702
EK202310213264,142.5503773002943
EK202310149096,149.48326951515938
EK202310177683,132.4696119997441
EK202310242597,132.06166983016206
EK202310177919,150.86054451441018
EK202310134733,141.2550835422551
EK202310181823,138.95937312992433
EK202310136672,147.49128430582232
EK202310151585,149.43340032840328
EK202310117995,141.22145091695037
EK202320007252,165.949336716099
EK202310231786,130.95732775493028
EK202310241673,133.1994601580766
EK202310161732,161.46563855113266
EK202310161656,174.66878012078544
EK202310212063,125.13526160370841
EK202310217895,151.4795529480099
EK202310138774,139.01015841477334
EK202310126590,144.62813718106497
EK202310123141,134.87994060470757
EK202310224982,134.39914011308122
EK202310206262,154.02966913456038
EK202310139370,135.85819819134096
EK202310224820,137.32937254788726
EK202310130273,151.2978876116512
EK202310133523,137.48527938347772
EK202310239621,137.59142516217284
EK202310190678,139.12858280567048
EK202310125061,133.8473290469571
EK202310234940,138.50120975110144
EK202310178076,136.53743226632903
EK202310153610,149.9680691453157
EK202310179234,163.37643037215284
EK202310159634,136.34871587751985
EK202310186548,142.71928500918892
EK202310135839,166.00026831598848
EK202310136969,155.11517569115279
EK202310145737,160.7297498048356
EK202310164062,150.39135440928914
EK202310237524,129.59088148768473
EK202310225600,127.80736438681578
EK202310130766,149.2117639256183
EK202310198060,125.09875642395778
EK202310202900,158.2427692655776
EK202310180295,142.11967591945222
EK202310161819,137.66153250299473
EK202310182490,153.71657432471815
EK202310151915,151.0937512865775
EK202310114135,147.24276367047517
EK202310155620,128.39409142356772
EK202310156539,159.06190818760896
EK202310164137,153.2074172180703
EK202310172602,154.54306601699244
EK202310161051,156.8051900951426
EK202310225217,162.66010007000168
EK202310220749,135.6670759226592
EK202310135024,157.30413538577506
EK202310236167,130.8008507746493
EK202310106428,138.35624483369207
EK202310191224,145.32144567396463
EK202310126171,151.96953388808498
EK202310152423,145.89149474844808
EK202310168273,144.81105315183086
EK202310129168,151.5261707545311
EK202310176927,148.99208909099175
EK202310172428,167.34527942222869
EK202310181185,155.84289319310957
EK202310004161,143.06991060254157
EK202310221234,129.91882240554565
EK202310161711,151.79933849422883
EK202310240221,142.0778651036004
EK202310222828,142.90326030206435
EK202310210279,131.374509640053
EK202310170097,144.15269572363536
EK202310188723,153.6927191227768
EK202310166478,162.95817230581238
EK202310221027,161.91925558941327
EK202310114979,151.12439329260266
EK202310242042,138.17174534365094
EK202310140021,143.24021875478704
EK202310130000,151.22591162280168
EK202310186640,147.28371860462096
EK202310004760,128.8482730284801
EK202310122844,158.99629692698417
EK202310153842,132.9768709580842
EK202310177802,138.3673946985446
EK202310004581,138.94728861933035
EK202310246710,144.94357463739024
EK202310113952,143.96822585786416
EK202310151035,142.6283665008505
EK202310216428,135.0949094923242
EK202310144070,165.21145436881562
EK202310169605,130.45240573889765
EK202310159620,133.61460524232538
EK202310105550,147.85315971406357
EK202310240970,150.03950735333788
EK202310182151,142.14836862326132
EK202310231587,152.0836914864265
EK202310118075,135.01076561651536
EK202310133019,136.06876412474975
EK202310206992,143.78435357335852
EK202310220008,147.16953538447729
EK202310234156,124.41685394238743
EK202310162641,165.63287807060712
EK202310142907,142.77231927407436
EK202310154115,139.2953063147899
EK202310130815,132.50970393687726
EK202310150846,131.93514373680546
EK202320007669,158.31348295162746
EK202310227486,145.83655748926486
EK202320007572,148.19808302658552
EK202310137639,136.76360421683205
EK202310103836,138.13241298377636
EK202310202037,162.996517617673
EK202310223420,138.80744937766028
EK202310185672,144.48959270773736
EK202310229956,144.29196748564615
EK202310183246,146.37375435701802
EK202310138498,152.67007310939698
EK202310191631,139.4393733392017
EK202310197089,141.01154032488296
EK202310133822,123.83796776735137
EK202310245494,141.07105294460783
EK202310207684,134.5259167702814
EK202310170631,135.98930379709688
EK202310230054,131.1057422812814
EK202310229119,145.62331831694826
EK202310162261,137.06493986944622
EK202310134206,155.8651280006281
EK202310126114,126.94821435516099
EK202310202130,138.98248668175262
EK202310201610,142.80045336818145
EK202310140475,132.4673004315441
EK202310134356,141.19395493670203
EK202320007186,165.37225491267628
EK202310120790,134.41443284821744
EK202310245157,151.27740689570862
EK202310208016,135.4867139995499
EK202310174476,134.94231296864763
EK202310188403,145.32321580574245
EK202310142082,139.35137724878362
EK202310126792,129.41607186254333
EK202310182973,138.77945919420722
EK202310236318,135.00508895431975
EK202310191185,141.35380630511412
EK202310135600,137.10849359293726
EK202310212912,153.8555912895176
EK202310109044,147.20927639319078
EK202310220665,139.26630362266758
EK202310209857,141.77340931809704
EK202310136210,136.29343551021557
EK202310241948,156.56169756339384
EK202310147383,136.21755956369336
EK202310119158,142.67341412903224
EK202310225656,140.15618009706213
EK202310115771,138.7716135743486
EK202310115861,134.39116582461276
EK202310156104,149.21367591073877
EK202310168339,132.08229638755515
EK202310186770,133.6595570050062
EK202310227679,139.6433175556994
EK202310198604,144.2924989568176
EK202310126896,155.91086728454027
EK202310119992,130.8087744826006
EK202310194849,137.84859131786334
EK202310224912,142.2850982261356
EK202310163124,140.79620224654136
EK202310181144,157.30406544692997
EK202310147897,140.87242074855118
EK202310177921,150.76365845626748
EK202310199607,149.16687917226236
EK202310172680,137.227609038922
EK202310129543,147.27204133154328
EK202310161704,155.91293223739513
EK202310193784,134.80769088437188
EK202310243291,142.01739674189673
EK202310208991,143.73227275333232
EK202310140086,133.3079059952132
EK202310136481,127.95778930931546
EK202310178220,149.3714900707334
EK202310210109,156.28961877367936
EK202310128687,139.70110330747323
EK202310213632,150.85053874870061
EK202310215453,165.7218957113109
EK202310235764,136.94762703325517
EK202310216758,152.6070521385563
EK202310163056,158.89973718582544
EK202310125899,141.1576138829985
EK202310180181,150.3962382496489
EK202310224630,144.71249099510425
EK202310118929,150.7403981762007
EK202310178808,159.59675294149008
EK202310234570,136.67178878385607
EK202310127428,142.57536895590403
EK202310213472,142.64162127542122
EK202310192759,142.8615156849845
EK202310210638,135.78161607047073
EK202310104955,134.2926611925492
EK202310124793,119.92107035731298
EK202310154265,137.4651448726471
EK202310136853,134.19963908954688
EK202310160020,130.212731523718
EK202310129715,163.36467410463007
EK202310208844,148.51622773364912
EK202310165769,147.5326121215482
EK202310119276,162.0455099178552
EK202310155853,131.44341799732362
EK202310148019,137.9548519828447
EK202310158588,154.2729643588965
EK202320005915,156.31327444099185
EK202310139760,134.45842889623427
EK202310235740,142.87320653344088
EK202310163003,153.0061358029547
EK202310166151,141.23801598377446
EK202310205151,141.28561666076357
EK202310163809,137.96339639204308
EK202310195046,138.86198459906043
EK202310190606,140.3794022953891
EK202310201185,174.7714735610524
EK202310244204,140.74491740904944
EK202310221873,134.32796410406493
EK202310213079,137.0369343761942
EK202310167878,142.79815068290074
EK202310108748,146.241177587772
EK202310231105,132.9182836757795
EK202310162450,132.99731379579976
EK202310106681,142.15981520736807
EK202310175585,143.94180538704856
EK202310216131,131.30438134469782
EK202310247112,134.61470672008943
EK202310133778,140.03945627069876
EK202310226737,157.96705677885686
EK202310149352,157.20587108497077
EK202310125918,141.40767854736026
EK202310163682,144.36418926818166
EK202310189571,160.5130499075954
EK202310128706,135.7211234996029
EK202310227554,151.5177758353201
EK202310149106,148.23406887855967
EK202310200290,145.40827719683176
EK202310192844,142.61188487839522
EK202310229985,132.17106122756476
EK202310196907,137.33715603624162
EK202310148131,153.33151647739422
EK202310223289,137.53123466572254
EK202310169529,128.3300577127521
EK202310169806,157.95789505979394
EK202310212585,153.38697665865328
EK202310196857,158.0996415354681
EK202310190419,134.46036103379498
EK202310219008,135.3121117332726
EK202310142486,138.24119970828468
EK202310192709,156.08411356685107
EK202310182822,129.89777659287688
EK202310136899,141.9780753126853
EK202310115463,133.69300852829116
EK202310146582,143.4678743944535
EK202310132422,147.92947819782023
EK202310112592,139.09909168951003
EK202310226203,143.25311698889507
EK202310121586,147.34502497203115
EK202310181107,154.97548540420212
EK202310213474,139.40479048532328
EK202310138830,153.62668948549393
EK202310168849,132.72190310597344
EK202310229317,135.5367549481396
EK202310204390,130.89705661272347
EK202310192992,145.47425739494113
EK202310152280,151.76957795223402
EK202310155151,163.2957018660441
EK202310174087,136.98749798912132
EK202310212165,133.3430814746322
EK202310152752,139.67114878380494
EK202310168592,135.42450158001594
EK202310191895,146.44137681324273
EK202310200059,131.35037656014555
EK202310243745,128.79887702899742
EK202310158852,148.05603071110366
EK202310157579,151.77151335610873
EK202310225059,142.07231285240303
EK202310183337,137.33890578788464
EK202310198264,133.30352776561114
EK202310114412,136.277166141674
EK202310227155,134.83708631980534
EK202310234975,150.80977976600087
EK202310197349,142.71615832520234
EK202310208018,145.03068220517855
EK202310200505,133.42898028791345
EK202310115897,132.61833832502575
EK202310202707,156.2219017933221
EK202310207442,151.5426274541421
EK202310185479,144.71800233565503
EK202310237037,163.31767819467942
EK202310136200,139.58569191871726
EK202310154113,136.40544426228584
EK202310114492,132.7110644891945
EK202310176297,159.45803351770624
EK202310107640,125.71866329926767
EK202310209670,133.54237970062763
EK202310105256,148.96208997052582
EK202310108117,140.397226251946
EK202310214550,138.88073767380328
EK202310175559,151.5473199202948
EK202310148239,131.57789344445018
EK202310181548,135.03335225295086
EK202310216342,144.5937854445459
EK202310160035,132.28936868236423
EK202310168843,138.6062327625143
EK202310131732,144.51012853527112
EK202310209477,158.10183535022128
EK202310237971,151.04335329157414
EK202310129891,160.62650767801463
EK202310171726,138.0019891084264
EK202310229665,128.37941155866446
EK202310204967,150.5681199423779
EK202310174899,129.78198020959732
EK202310116238,147.0615874047629
EK202310114560,140.40953447351012
EK202310238506,141.16346639695576
EK202310234905,136.5536923558832
EK202310229020,132.5651590867585
EK202320006240,157.73226895118896
EK202310142292,153.96736887566522
EK202310150080,167.74021999735356
EK202310159478,141.42224494259756
EK202310158699,149.39034318493378
EK202310245027,159.43751561023583
EK202310152722,137.29319210418632
EK202310233081,132.31969862140826
EK202310246556,136.85973428561158
EK202310105650,129.82054991814076
EK202310190838,141.4768936481402
EK202310218394,153.30161202720228
EK202310118154,136.23600607836906
EK202310131520,150.84836606520074
EK202310139487,142.62068822613267
EK202310146562,139.01633828813902
EK202310205269,150.15304846588774
EK202310139486,155.6982503721791
EK202310106738,141.27405877471935
EK202310196849,127.8392041677503
EK202310181949,151.56193071538138
EK202310201469,139.87732574467083
EK202310163916,144.42318879311816
EK202310221312,169.5114910820852
EK202310138582,157.0089824210183
EK202310135507,156.71485607344525
EK202310179372,130.41560947534225
EK202310004219,142.0531448201167
EK202310158089,139.19120310247996
EK202310150765,140.57312880191296
EK202310191391,136.86080294639885
EK202310112611,149.2881069307171
EK202310107389,145.3861972562704
EK202310233851,145.52548028861537
EK202310151219,148.83482954522285
EK202310232601,136.31734034885216
EK202310202073,148.24252053975079
EK202310225289,136.8714730145588
EK202310166576,137.4359590362245
EK202310224067,138.00646895942447
EK202310136837,141.0607939205766
EK202310177674,136.01879435450243
EK202310246493,153.87751690072463
EK202310183092,150.97786230562272
EK202310109401,148.90521045056815
EK202310145629,134.63503258204207
EK202310130973,126.20960706991474
EK202310208348,136.82998679545653
EK202310184342,145.51534175982624
EK202320007150,145.92027860785436
EK202310237789,138.3596385475775
EK202310114883,134.07633865582008
EK202310205366,147.87660490680628
EK202310124191,139.14149784413198
EK202310155262,136.34603410818897
EK202310220998,144.60461320261797
EK202310220544,127.77432288057018
EK202310143757,143.4572313104563
EK202310106423,152.12020105911384
EK202310221380,125.69677485992015
EK202310126488,132.58812928844807
EK202310161364,132.1850181325405
EK202310239501,137.52060299583124
EK202310164868,148.82968687186505
EK202310203126,145.00932995713544
EK202310137546,143.40910138643616
EK202310121376,150.539663587529
EK202310105109,137.563550717581
EK202310205221,154.44869795609213
EK202310188382,169.12419343628508
EK202310241423,158.76159411504955
EK202310167391,136.3590084608399
EK202310228119,148.21616706780839
EK202310207564,153.73548982061246
EK202310141877,126.61535865556246
EK202310244134,136.53581864642595
EK202310148484,144.4655242928627
EK202310213947,138.24177060407166
EK202310189815,140.60836773103424
EK202310196971,170.14449054679463
EK202310170035,135.64241413566052
EK202310118616,144.20818615616855
EK202310202991,167.9680833935213
EK202310193605,143.27913795946336
EK202310142332,167.35436093639734
EK202310107201,144.7008825082046
EK202310196602,146.7372937066054
EK202310112787,153.62577957308724
EK202310237416,127.45275717568697
EK202310234910,141.9283829749845
EK202310190727,143.51316895421235
EK202310114532,158.72838837374994
EK202310202380,132.77143938600105
EK202310196667,125.92415432915256
EK202310118771,136.0163021264686
EK202310112695,143.9066145287588
EK202310196403,126.88246121131634
EK202310214197,154.17952302816568
EK202310204797,141.4492074847528
EK202310107958,145.4089945592012
EK202310130013,144.59978592885622
EK202310135758,130.23965402672283
EK202310193054,127.38063586629534
EK202310148141,134.01195967412121
EK202310166034,161.31318504928424
EK202310158033,150.64533118230977
EK202310150288,157.48649483865577
EK202310113821,132.20753334707678
EK202310179440,162.50688257002176
EK202310217819,138.68737394658245
EK202310162109,156.54925986252948
EK202310200554,180.93745949730683
EK202310115242,134.59857658685817
EK202310154839,148.76813722934187
EK202310208688,148.12030809187505
EK202310191490,134.51429276274797
EK202310137318,131.9516282678962
EK202310142738,172.57247625985084
EK202310180609,124.03604763392093
EK202310158752,148.4875436399691
EK202310181525,146.21206336019662
EK202310236876,140.66330553147515
EK202310151933,139.92682964451902
EK202310203259,160.7214887396967
EK202310158609,149.2557747260918
EK202310142468,143.7496756618483
EK202310178475,148.95721571434623
EK202310113000,148.2654182641061
EK202310112010,140.14602940827646
EK202310141067,149.85984296890712
EK202310228986,131.33149704173584
EK202310123898,147.25567447153836
EK202310247624,140.23073959359306
EK202310110313,143.441497251944
EK202310148786,147.05773154145322
EK202310200971,130.47718730223258
EK202310202596,152.67899655506113
EK202310196164,148.59069754425
EK202310106209,132.91291736125106
EK202310177374,152.8956892612075
EK202310179062,151.38109905829114
EK202310222889,129.3772383144044
EK202310144590,134.7487235026579
EK202310136010,137.63681921139946
EK202310157710,139.66515970021948
EK202310168920,132.08973249607718
EK202310194908,141.10299010760153
EK202310245967,131.66830164468664
EK202310210453,139.43447192274297
EK202310223279,136.69456286004305
EK202310146923,129.0527676403957
EK202310231717,139.47082622902468
EK202310133833,138.33563585467675
EK202310108447,123.4016951633367
EK202310156614,171.86090198361094
EK202310124987,146.42801478111247
EK202310215881,129.3970924324035
EK202310161152,164.4388196455887
EK202310224348,135.19907804338365
EK202310242122,144.05733720755225
EK202310173831,140.29953830698994
EK202310122353,137.52113852381308
EK202310238723,145.46802981440698
EK202310232778,151.3723775143468
EK202310198262,142.679813412122
EK202310206795,134.37599307150433
EK202310105061,149.87086481373845
EK202310147550,146.79299420140887
EK202310169793,145.07755670802806
EK202310174721,132.29942532522887
EK202310197557,161.43352900134803
EK202320007058,155.49101128261805
EK202310201254,134.01576434531887
EK202310243393,143.5627762668368
EK202310225384,138.30995791829992
EK202310004551,137.86281493778313
EK202310187388,142.44530893883453
EK202310221213,138.03974174718056
EK202310206186,137.30709798052493
EK202310118966,147.90872014675872
EK202310126228,134.13838987049013
EK202310143806,146.5949943697882
EK202310134776,127.93811308790609
EK202310222461,133.63817758925404
EK202310125996,137.43984797755007
EK202310219494,121.86767174167588
EK202310110685,128.3163106869352
EK202310222225,133.5608588515565
EK202310191983,173.58229915073954
EK202310144685,157.65933529717663
EK202310179138,131.73226615807727
EK202310179457,127.52302072051184
EK202310217372,160.08960191523227
EK202310158103,170.59698236024914
EK202310167022,135.45845012444707
EK202310148101,139.53901058972977
EK202310174010,140.51752777361298
EK202310247906,172.48176059677476
EK202310146964,145.29911153297354
EK202310195616,143.70697477807224
EK202310187966,144.3963181313934
EK202310172204,132.42198968469705
EK202310201348,141.54985812688327
EK202310125866,140.58797549511635
EK202310107865,136.34769119163855
EK202310116596,145.2860911971256
EK202310247975,164.18907886251063
EK202310118528,144.786416904789
EK202310148683,141.8049293512712
EK202310158367,160.25768771537062
EK202310126019,129.95237835334396
EK202310163868,129.95354965653954
EK202310125121,132.7431092949905
EK202310152576,146.467568725917
EK202310170352,122.42136152661409
EK202310233529,139.47659554789905
EK202310186906,154.20561263636128
EK202310144083,169.46305952669732
EK202310184975,145.40096505560214
EK202310178056,147.72593355366035
EK202310188978,152.20369499565265
EK202310217567,136.70918675089092
EK202310184281,173.45138557583317
EK202310140673,146.37579013010614
EK202310228899,134.3288405603398
EK202310196162,129.26584164076814
EK202310135089,157.27185990085292
EK202310115752,133.99520623553454
EK202310214385,155.25031428246487
EK202310232516,140.84418735065668
EK202310220873,141.40731763754994
EK202310172989,147.14129454960337
EK202310240149,140.7992926424129
EK202310212616,143.6009146342913
EK202310187474,157.63752386094373
EK202310156838,153.39581498841196
EK202310183007,159.73824632396048
EK202310227341,173.28396175841158
EK202310110343,151.6166324107906
EK202310198412,159.08557516596224
EK202310150894,136.9882988492706
EK202310181422,141.69087450790303
EK202310198432,138.1938882031882
EK202310187779,149.55841323621075
EK202310159706,152.8757203093801
EK202310127815,149.58075445332284
EK202310242438,151.12972461169247
EK202310145323,144.56045501210684
EK202310130401,151.42815674849496
EK202310116797,134.01514445152213
EK202310123002,135.88957617285905
EK202310152154,158.84080477137863
EK202310117372,144.5338104151633
EK202310116670,129.44138738505475
EK202310237203,135.09497453029397
EK202310162551,152.51835096077548
EK202310113370,134.26187720859383
EK202310228900,136.78206698462174
EK202310175209,152.70726052288921
EK202310236343,142.40153889194312
EK202310236383,135.69388705050596
EK202310131357,133.0316856329352
EK202310159166,134.07234362785877
EK202310170247,153.8206754981092
EK202310222379,149.5491182363311
EK202310154909,152.5846890984354
EK202310146442,137.1277119238239
EK202310003774,135.30342980558802
EK202310112911,136.88411331255568
EK202310227351,149.67342987331025
EK202310209062,141.49093262819446
EK202310238802,129.40011412313254
EK202310210919,137.31575586499292
EK202310232835,136.62152718210072
EK202310117128,136.64323420832338
EK202310219225,148.73486973494425
EK202310174933,161.03376915015028
EK202310204676,164.68188451511568
EK202310107148,150.28176466736497
EK202310181371,167.6780525681271
EK202310146220,139.21438903751016
EK202310224369,137.9485510013886
EK202310114927,136.3130158315531
EK202310177552,132.66527787066778
EK202310221588,158.94315127917895
EK202310107465,138.4584314997026
EK202310135932,133.11371717056147
EK202310110876,151.3699242739633
EK202310237021,136.34728824701986
EK202310109014,139.35150770279222
EK202310140401,138.57370579674304
EK202310137294,131.45129827500526
EK202310163064,149.22272525427914
EK202310147482,164.94644420001418
EK202310127284,161.8021784313983
EK202310201694,157.79782070212602
EK202310198350,140.68037333726429
EK202310208750,146.4497668069756
EK202310004741,135.33090234285675
EK202310164975,139.57593608465453
EK202310219480,132.58901431500726
EK202310213044,139.22447887452932
EK202310225710,138.17239799955698
EK202310174791,144.2548353373413
EK202310110800,139.45403948125735
EK202310208627,154.34058984599642
EK202310191043,142.36450108087496
EK202310154022,131.8628363529848
EK202310224070,136.9644668455702
EK202310119217,138.53649685581075
EK202310166221,141.08503814541731
EK202310135615,128.17724616276266
EK202310184260,143.2814988944875
EK202310123132,152.28060116333737
EK202310234461,144.5666021159696
EK202310167872,148.94742886859348
EK202310174913,157.77301954012304
EK202310199190,130.607691154756
EK202310207044,135.83172537309116
EK202310121394,135.3217157946497
EK202310191133,147.19464776224737
EK202310222955,132.93340757822676
EK202310193537,133.03340757694122
EK202310131922,138.55585196587927
EK202310241321,154.8785448890741
EK202310223125,144.75935260750575
EK202310177034,142.8645968345598
EK202310189208,149.34535193666758
EK202320006578,167.34876015562276
EK202310204325,154.756756463403
EK202310104387,148.39244546571706
EK202310188941,172.98892008385462
EK202310163981,130.0481430616328
EK202310222266,138.56738079258724
EK202310108713,142.4107625162496
EK202310201346,147.23201086078382
EK202310218638,127.10260766111384
EK202310161345,148.79862345301615
EK202310241526,132.34451605584968
EK202310199356,133.70526731858712
EK202310134515,133.79992484145447
EK202310004519,126.35203250808254
EK202310135276,154.47563386086472
EK202310219279,132.27462515042245
EK202310136740,131.02931767605358
EK202310200952,163.0666112379537
EK202310110068,134.08989185081856
EK202310157132,157.19173238607186
EK202310149621,144.68637174154514
EK202310138788,157.12320226574727
EK202310224324,135.14262637346863
EK202310239811,137.4903836440529
EK202310201046,142.7553670187386
EK202310165503,139.08936276838088
EK202310238259,155.82319989087588
EK202310165302,137.34535135719187
EK202310191144,146.03047600656745
EK202310185640,140.65213370426443
EK202310120926,132.96301245331168
EK202310197879,141.60478060066572
EK202310196320,154.3560519541311
EK202310220563,138.4253876021536
EK202310221699,155.83645673528827
EK202310229519,153.3149295882328
EK202310108573,150.6829914913806
EK202310184582,145.71814646749752
EK202310211294,144.50646797200162
EK202310195625,142.4252934977566
EK202310139587,167.00522084879924
EK202310118764,129.13124622217242
EK202310110542,148.66486825224888
EK202310173704,158.69337174688891
EK202310136262,133.67682187644067
EK202310237271,130.05838177899375
EK202310205898,139.58672323947252
EK202310245831,108.56764351587735
EK202310193909,138.4803107214529
EK202310204263,138.2246261774012
EK202310105876,131.41492307025715
EK202310192947,142.46586892430983
EK202310183403,144.58277402322906
EK202310133788,147.36355072487646
EK202310222018,135.8106166983929
EK202310129042,141.76166413162252
EK202310227808,132.46427801860378
EK202310218437,156.1552614084475
EK202310237736,132.2138826634889
EK202310141333,139.12474241178538
EK202310156395,142.2608837922923
EK202310004469,138.5589018966122
EK202310114436,136.25608825526223
EK202310118411,131.97067748012913
EK202310163568,147.97849687958234
EK202310183481,154.5303561803015
EK202310124719,153.01989839228432
EK202320006725,148.9419538879776
EK202310166370,159.52429070682197
EK202310133824,146.88703040635343
EK202310210325,135.72818632134056
EK202310144287,136.21310132241888
EK202310130686,151.01585101108748
EK202310177102,130.2069878772729
EK202310168931,129.5454228252803
EK202310235183,136.86748789776573
EK202310228458,168.45655923429237
EK202310207703,152.85768800903205
EK202310203188,163.36983764404954
EK202310111430,119.43747764094901
EK202310244894,138.61438055567498
EK202310113983,136.41847012363698
EK202310202824,160.2264262314535
EK202310138446,128.35322753087084
EK202310176444,138.74587670497323
EK202310126844,136.1793560407298
EK202310226840,156.9072198836205
EK202310109459,134.5046991695899
EK202310118743,148.0130532396574
EK202310129553,139.3605829884677
EK202310199845,164.85701553382364
EK202310228563,135.64289669146268
EK202310218219,146.07728922109783
EK202310197921,149.99993690248368
EK202310233068,136.382712849288
EK202310159242,155.25251725610278
EK202310198622,150.5071856056222
EK202310203352,141.52198586667717
EK202310164418,142.7081297940595
EK202310119871,154.65942289314114
EK202310207409,147.35332830502324
EK202310109177,152.61191356088537
EK202310165988,148.30894226995443
EK202310199785,143.0235380447661
EK202310196659,174.07828165203574
EK202310169272,138.55994706746128
EK202310197425,134.17051954911477
EK202310175738,137.18421819633735
EK202310135941,136.51612995264182
EK202310139904,138.23517684312736
EK202310194855,132.59676356900667
EK202310221332,129.37941589707202
EK202310126755,145.0859428271345
EK202310220018,148.82843365889082
EK202310134041,146.87263572981985
EK202310210951,145.16315928372586
EK202310122540,130.9194874288481
EK202310205978,136.89435144010173
EK202310159579,144.46864724066972
EK202310118408,136.26488134269184
EK202310115221,133.88578660688594
EK202310120155,147.81325511164516
EK202310163240,147.25224321186715
EK202310147464,144.63869708778637
EK202310248306,138.94719220843635
EK202310152592,135.66330697588074
EK202310192478,136.2395352690781
EK202310126785,128.5160883798209
EK202310110706,136.92445901125734
EK202310182765,153.38240880046962
EK202310248138,138.8160940768121
EK202310186154,126.50518088798809
EK202310181675,175.74828600439008
EK202310217987,140.9811766673925
EK202310179130,132.77678337035195
EK202310135992,137.88675656368846
EK202310221623,137.614277896482
EK202310113128,150.26596301864885
EK202310210010,129.78966953859322
EK202310163945,161.56696524386737
EK202310239487,138.11215881957747
EK202310238588,142.96613933990702
EK202310146898,137.4722023110384
EK202310147158,149.24425125016867
EK202310187097,137.65304110261502
EK202310195731,139.7832045905029
EK202310105999,145.42133766192373
EK202310200746,150.33101100938845
EK202310129579,139.15036518535578
EK202310197982,159.10174630745493
EK202310183465,131.9513412528971
EK202310105248,131.5425354973522
EK202310142138,130.81187039849743
EK202310171408,142.06304677219092
EK202310131832,146.0902356468582
EK202310211971,132.08697388596516
EK202310240690,140.41718784669754
EK202310003608,130.9665690667203
EK202310145836,139.0458572138102
EK202310171399,141.52763628887826
EK202310137705,137.87597293487542
EK202310136000,160.40102036978482
EK202310133882,130.4287015851079
EK202310141636,159.3052975299309
EK202310147290,140.96915739966352
EK202310241487,139.22183595088924
EK202310137723,134.7802564097847
EK202310140855,141.5552193864056
EK202310177098,153.18607050048286
EK202320006676,166.9742563960328
EK202310112514,146.60275987922589
EK202310141677,143.94494856126911
EK202310175682,158.3512496519967
EK202310236633,132.6706371813067
EK202310196176,130.38870593120473
EK202310156999,133.79188582792725
EK202310213305,139.35120790694114
EK202310200333,152.0045919793878
EK202310196550,132.57172311169302
EK202310226257,132.78536010335029
EK202310210514,131.4170444063887
EK202310185954,134.37764705596342
EK202310239737,148.13253277455604
EK202310231636,139.28738864170776
EK202310167744,137.61006151144383
EK202310227786,140.49859279863722
EK202310234832,145.13034601698467
EK202310126608,142.3662792931077
EK202310231942,140.97327045425004
EK202310107679,150.80508220006777
EK202310154939,150.68908567138402
EK202310191434,134.21928024010282
EK202310143462,134.53549565375934
EK202310228890,136.5853203495181
EK202310181791,124.99054846122952
EK202310147122,155.29041333215648
EK202310114485,131.25446854460665
EK202310104634,142.25504880097048
EK202310183103,142.3891279203596
EK202310003449,137.55612543945344
EK202310220154,125.84255300347048
EK202310215919,135.24066646715465
EK202310183173,136.5984676309527
EK202310136581,139.66034038509375
EK202310135891,158.20433323808894
EK202310234960,137.14987818490934
EK202310213672,137.02466810733978
EK202310160012,144.6409809565733
EK202310112248,136.05050729489707
EK202310136825,144.17854157022185
EK202310243733,134.24352021807616
EK202310235540,136.84565954262862
EK202310241172,129.89417736481755
EK202310189939,127.93210337132616
EK202310115473,131.89482261827592
EK202310188980,174.51235791505871
EK202310248520,141.327438249062
EK202320006015,158.2461762782894
EK202310156531,138.30730634097395
EK202310146465,142.6290338140349
EK202310104718,151.41203181837284
EK202310208272,145.11174169784124
EK202310170862,138.5015574675808
EK202310235381,152.35245571296366
EK202310171376,137.8902386405908
EK202310167650,137.2007892452823
EK202310160990,155.95113544940108
EK202310195882,138.30561551378403
EK202310190552,140.06543025141275
EK202310120695,132.48693812863587
EK202310177689,141.3842410176296
EK202310116634,132.61616392698022
EK202310110519,133.79386579910312
EK202310125017,157.41288747963486
EK202310182959,130.73846400766007
EK202310181811,150.9925994981917
EK202310214725,153.29372655312704
EK202310212263,136.61971353945583
EK202310122692,156.84498975258907
EK202310215131,138.62312887658996
EK202310202575,149.15789615989962
EK202310167856,130.53425260064108
EK202310196698,147.16047149289304
EK202310226483,137.6687458551219
EK202310162014,160.12352079158157
EK202310125942,147.29340352218438
EK202310106367,134.82159861793082
EK202310229140,139.60926809818625
EK202310207884,146.03480991258454
EK202310152869,159.9575654565976
EK202310178619,155.49629968033454
EK202310211976,137.99719338283197
EK202310229203,131.80537411387934
EK202310192119,166.73712223261617
EK202310202715,137.2903553248038
EK202320007183,162.06252254073956
EK202310218337,133.96616561318456
EK202310146967,134.84197271068416
EK202310184808,156.47956858304096
EK202310190764,137.33965711725887
EK202310156823,145.27716694155936
EK202310199791,144.73740702331094
EK202310128548,134.7025838033034
EK202310156699,130.78194640309178
EK202310191011,158.99251718100214
EK202310192556,131.82993204832823
EK202310201947,141.611080827438
EK202310180835,132.5043350475542
EK202310218514,137.14681361330068
EK202310235403,144.7232131274728
EK202310222338,155.2400877958136
EK202310129625,133.98504810591368
EK202320005601,147.0291956176273
EK202310167199,153.67562135467912
EK202310216271,166.71258391575333
EK202310186219,157.57841967289278
EK202310200112,147.36645730581952
EK202310240709,141.08411902010238
EK202310140388,138.89661911641605
EK202310167460,143.50932634812258
EK202310207710,156.6646341606454
EK202310136954,136.72446326309156
EK202310238009,167.30692581070446
EK202310241135,148.32684457714197
EK202310118669,131.94326505400895
EK202310177676,131.9094974276662
EK202310110622,138.55377168991424
EK202310106125,156.0930786873461
EK202310137730,133.84571768846848
EK202310169952,147.88485845301102
EK202310201586,144.66545707483175
EK202310199082,155.22266983066652
EK202310110230,134.97747197880443
EK202310169093,157.53342772123736
EK202310151384,169.22796896385776
EK202310118353,127.80692264839304
EK202310217860,137.87692999620845
EK202310155832,142.09647605613645
EK202310192043,151.37434649679207
EK202310227031,138.21717491201053
EK202310181504,146.20813452172422
EK202310123944,140.60580981286384
EK202310155457,138.60570442887868
EK202310121127,158.29076168942854
EK202310004367,151.83425402524168
EK202310113745,141.28364604062227
EK202310121643,144.72722299172358
EK202310126640,138.99078108706897
EK202310203242,152.98421685920238
EK202310144892,136.53575051925316
EK202310108440,148.167046294751
EK202310169807,155.46396815707544
EK202310247122,139.69611765959883
EK202310129519,156.47265596564972
EK202310235954,145.270703679554
EK202310122880,147.17504968984653
EK202310231944,136.84660231082935
EK202310244881,143.40292700264814
EK202310124312,136.6439330459071
EK202310193201,166.8993607366114
EK202310229571,134.38245708389536
EK202310157769,140.23930657021907
EK202310109164,125.17548401937064
EK202310188000,161.1965011211511
EK202310109289,132.50736769497175
EK202310157844,137.41751165072873
EK202310237961,158.74362340487207
EK202310138503,162.8672155952228
EK202310155205,129.95037701917533
EK202310199658,167.4158406676135
EK202310168116,146.54237845905521
EK202310236349,135.4796085148643
EK202310003984,149.78000472290898
EK202310227800,148.34885163498268
EK202310238162,138.92575032681447
EK202310207863,138.51087568026114
EK202310104629,140.6174197092079
EK202310199877,143.63432244269825
EK202310242313,144.53128433847266
EK202310180497,143.8881659178838
EK202310205863,145.35654485290954
EK202310198959,152.65555673767022
EK202310150579,149.295615495672
EK202310142769,162.36769104201355
EK202310198383,139.9419408125501
EK202310114099,139.46812379829083
EK202310189094,156.67544121868764
EK202310128005,139.92521613450756
EK202310210639,136.8299770949102
EK202310247606,163.6145410094851
EK202310161724,129.80338709568824
EK202310141881,125.45211841461857
EK202310131694,138.6735220800808
EK202310204730,142.78229717061427
EK202310171972,135.214434772031
EK202310208602,138.11182241549238
EK202310154432,131.97245126345692
EK202310122263,121.42741077178071
EK202310192830,149.8788630850813
EK202310211505,155.10014322628993
EK202310247017,157.26336196376997
EK202310106742,148.92090820478634
EK202310160358,146.5809380471907
EK202310241263,153.20395839870852
EK202310109888,150.50031313714302
EK202310119208,137.08761364662547
EK202310138383,124.1887725216066
EK202310195693,148.04776317811698
EK202310150042,146.2412027894312
EK202310233867,164.36359347170927
EK202310151155,134.51080059748358
EK202310152450,140.201856358188
EK202310216227,144.17101329078463
EK202310119674,147.10177221038066
EK202310151394,156.79206793554312
EK202310198198,138.12528528594925
EK202310231585,133.44127989368354
EK202310220310,168.0280563648019
EK202310133553,130.32519236270767
EK202310119758,137.0649860688237
EK202310154895,169.08640957034447
EK202310166029,150.7042562303451
EK202310209935,140.5065712009967
EK202310106150,150.2803647114928
EK202310220446,140.22902667027873
EK202310138946,159.00083429694917
EK202310136698,134.00549444984372
EK202310237887,134.16943819429642
EK202310133476,152.17960544756906
EK202310219601,134.72989959046504
EK202310171218,152.35551601042675
EK202310235182,136.25046219992933
EK202310132648,126.69522654326327
EK202310244452,132.76343065795686
EK202310138113,133.714122842439
EK202310187317,132.14970301934525
EK202310179142,132.69009321182835
EK202310165891,136.92164709244665
EK202310177495,143.97231747816198
EK202310150032,162.79110070455485
EK202310133680,134.58628449168194
EK202310133975,164.58938200645298
EK202310203779,128.6319947767449
EK202320007546,142.2482735044917
EK202310191528,135.63970080962892
EK202310129147,153.28334797031548
EK202310181778,135.29789817821677
EK202310230476,163.16509085287234
EK202310110448,133.40083981290078
EK202310107980,138.97639378658593
EK202310150018,156.81314311721158
EK202310222076,132.81233970086063
EK202310178437,143.7288958967053
EK202310206209,134.04873349135693
EK202310211038,141.50736213773314
EK202310130172,168.89292570775285
EK202310166466,160.37177186377065
EK202310183473,127.50089726941304
EK202310196150,148.403592311161
EK202310157693,136.58389717818275
EK202310104605,142.68297086104846
EK202310235306,150.96586045792523
EK202310107563,151.05433701392604
EK202310163320,131.09722705580387
EK202310136756,134.19141805253773
EK202310211564,129.2979385141475
EK202310232534,131.66105192485685
EK202310132550,134.32915962421094
EK202310160312,152.58754923797704
EK202310234805,139.08473975721003
EK202310185938,130.44025398941673
EK202310144699,160.71104569103133
EK202310191954,163.00296260309568
EK202310146126,137.20432432475388
EK202320006284,161.78915489354154
EK202310185460,152.75109500898577
EK202310191567,163.18633252110573
EK202310222307,147.77690091500145
EK202310105032,142.18955653931104
EK202310230256,135.61528787816982
EK202310220456,145.72183981293924
EK202310125059,144.55443564985242
EK202320006649,175.506012466244
EK202310170919,140.81296231117932
EK202310244926,143.0109409484757
EK202310123389,146.8023719430229
EK202310122848,135.66310452254794
EK202310211774,129.25548525586152
EK202310197231,132.45659808601098
EK202310138568,135.6048528034019
EK202310198554,130.5648763018891
EK202310121478,142.6221794267138
EK202310236719,132.94780049385054
EK202310168801,150.16743895436622
EK202310224443,142.26546842283017
EK202310206512,144.82845105952617
EK202310220836,154.5208001547167
EK202310247269,137.31915386137783
EK202310131994,130.09730269427897
EK202310134008,123.76018937687945
EK202310157322,141.90579437972707
EK202310143414,156.09533423794545
EK202310173429,143.53732444957637
EK202310217512,138.20789065265032
EK202310166684,140.97549205759918
EK202310203358,138.8971342680683
EK202310135525,156.49336764616714
EK202310190632,152.18420413045462
EK202310109605,149.157530699591
EK202310209788,133.0901872180741
EK202310184706,148.84860195222834
EK202320006994,150.61538205207418
EK202310184357,135.42692327291036
EK202320007190,142.79429893662638
EK202310105990,137.5395147015467
EK202310168348,128.5770115652002
EK202310138422,132.86804309097622
EK202310136152,144.67902419984316
EK202310126424,131.5637306533068
EK202310147111,158.8004344207859
EK202310231544,133.80184382166874
EK202310149122,143.72105572937008
EK202310212352,133.31411935991608
EK202310178385,146.81316331873302
EK202310224803,166.9027295402399
EK202310004063,156.91684916966355
EK202310206156,145.37513183883294
EK202310157699,124.49324935885801
EK202310154414,163.303957547098
EK202310149221,127.52805484015298
EK202310171384,154.60526133413987
EK202310153408,137.44026219506415
EK202310109654,139.12910465841415
EK202310158683,137.7926599615607
EK202310206976,145.46208306454756
EK202310186788,132.10349850667112
EK202310187515,142.7430954354856
EK202310153792,157.2588479194201
EK202310144321,135.34779542565406
EK202310222822,146.20145307877004
EK202310152281,163.5355670973527
EK202310003851,166.0945203696883
EK202310205656,160.35805101982587
EK202310239556,132.74911326720644
EK202310145427,153.01227039397037
EK202310107329,130.82883735223535
EK202310135305,151.4231294172657
EK202310225618,144.45838557925757
EK202310212945,140.12687324230447
EK202310244567,148.48393269353704
EK202310188392,121.7878866141197
EK202310188450,153.08791717987424
EK202310119188,136.7381983884469
EK202310156387,145.394385796176
EK202310154237,135.82644496238453
EK202310232890,144.02003893253956
EK202310219207,131.56560226549678
EK202310247057,134.7853149234121
EK202310229305,139.94339482437394
EK202310128710,133.36333216439527
EK202310179533,143.0227010337842
EK202310115467,121.93059426556863
EK202310237723,133.828647601115
EK202310197376,161.84306734232783
EK202310135350,149.79723111877368
EK202310135038,165.13919787441984
EK202310190843,153.67039955323358
EK202310148220,150.87586722315288
EK202310193335,168.44960182761986
EK202310201565,145.77488338349255
EK202310108505,135.87027980873975
EK202310236715,143.5810247636298
EK202310149792,146.81825568014872
EK202310193733,150.81983843387857
EK202310248391,139.94811354141976
EK202310134202,154.8419365083385
EK202310174938,164.8011042015598
EK202310104253,138.66801563171057
EK202310178227,151.8571013774547
EK202310200622,142.55322070616276
EK202310162938,137.40360664662265
EK202310136715,137.64807530876422
EK202310219551,146.06945483088592
EK202310213720,150.6127972881574
EK202310197334,164.43166468867912
EK202310162409,153.1512634183084
EK202310176758,129.74122432678848
EK202310106155,138.60562866242728
EK202310178600,159.2149446761401
EK202310181111,135.2039048477156
EK202310237737,126.6893330532927
EK202310135634,130.53630724867008
EK202310222019,149.82235303068177
EK202310211690,132.2073835012089
EK202310223930,141.4941150945105
EK202310159564,135.80988821801463
EK202310123361,151.3481845374381
EK202310154711,162.88064804830816
EK202310196284,169.9818892069686
EK202310142525,154.03139618523548
EK202310185635,150.78066203195567
EK202310163743,140.893969305451
EK202310176119,162.10112946332058
EK202310243732,145.83825511023844
EK202310153106,156.1435327225983
EK202310105266,146.4528442774121
EK202310192211,137.53870507118287
EK202310109959,132.76457044245524
EK202310124347,129.44156523699095
EK202310215657,132.84087669096894
EK202310181609,139.791023822731
EK202310166089,157.42496185838266
EK202310180562,145.29388498565433
EK202310220766,141.19825181682097
EK202310208527,137.5371959938653
EK202310197946,133.64524578088424
EK202310165805,127.86678006819943
EK202310184781,145.20867157469277
EK202310212044,165.30252499780343
EK202310182865,136.22144729665388
EK202310187564,146.21364331003352
EK202310187093,157.8287159000951
EK202310243295,138.66289088478663
EK202310156858,146.71733508460065
EK202310123996,167.15523256271737
EK202310120097,132.4082903914592
EK202310135094,164.49765492407738
EK202310189874,137.13503054163365
EK202310210390,139.6332202023257
EK202310108372,137.18012025653837
EK202310217559,144.79989585841446
EK202310136995,147.80728663630111
EK202310119918,141.83356590974924
EK202310108102,128.1259581207189
EK202310205335,137.11354431261705
EK202310192571,143.79692399184702
EK202310122214,146.09909616246694
EK202310111079,148.66611315994203
EK202310143134,146.95542917526188
EK202310244019,134.01614307738188
EK202310238237,136.56986919097739
EK202310136960,140.10389588782982
EK202310140905,149.74394619571865
EK202310207571,147.90738520346952
EK202310185887,158.72228159086924
EK202310179874,150.34931431223637
EK202310228155,134.6560973874632
EK202320006551,158.16920332847505
EK202310198810,175.75525381977283
EK202310197956,133.10431198061005
EK202310109446,157.5064739876703
EK202310145921,146.58564693860703
EK202310127078,148.3423619655496
EK202310106661,131.5792670755331
EK202310107868,137.63612974293343
EK202310137756,125.2491460431239
EK202310112214,146.63233604879392
EK202310223082,147.4031507916726
EK202310180270,148.42274900628755
EK202310164239,150.53504627735697
EK202310126360,132.68602632836235
EK202320007775,151.72167225554927
EK202310212210,134.34397883878134
EK202310154670,147.39900789103683
EK202310225780,139.31256325951415
EK202310159250,146.55065170829343
EK202310189634,155.7331048405827
EK202310140814,139.3354246622522
EK202310127508,164.52178926545994
EK202310218677,132.43126775668892
EK202310128068,136.79342503214053
EK202310113414,139.39671578545423
EK202310127227,145.47823022142728
EK202310119514,139.489698929418
EK202310228944,128.02039994142922
EK202310109272,139.70960144749878
EK202310181673,159.340426133613
EK202310213638,134.35032081032227
EK202310244798,141.011604054688
EK202310204831,141.91625993195314
EK202310208541,132.56411082067484
EK202310226684,151.6366665093507
EK202310106021,129.41668455125568
EK202310186790,145.77240991901684
EK202310134623,133.66258074046374
EK202310004353,150.4351036285812
EK202310120823,128.98016314604183
EK202310193351,132.28218286083748
EK202310129759,145.03847931666945
EK202310211069,150.90190683304326
EK202310145710,127.56204593058895
EK202310129442,149.5672905860117
EK202310157511,125.51257672877765
EK202310210155,142.4911130741927
EK202310240481,126.48351013089105
EK202310182044,152.68654702117038
EK202310180996,158.51253409315626
EK202310130678,138.73722316943594
EK202310003775,123.58578877584212
EK202310155552,141.0491200023123
EK202310111202,137.00009502172108
EK202310108361,140.26987382061003
EK202310224126,140.62874092404644
EK202310115508,126.09373891371061
EK202310225464,128.37273706132453
EK202310198925,129.8644000505627
EK202310143314,153.20820296258117
EK202310231386,141.74192512220375
EK202310120970,129.91187695923466
EK202310179304,134.84178747991237
EK202310222188,135.4158780565811
EK202310173726,148.91265404105096
EK202310151318,140.18920480108628
EK202310139619,151.2608269022278
EK202310175938,162.74874173258857
EK202310178847,138.90104913512965
EK202310191627,146.79942017046105
EK202310180100,133.27350314469874
EK202310237846,138.26504755464956
EK202310136435,137.06631214963258
EK202310104391,136.71949694755043
EK202310182074,141.8845559090273
EK202310197546,167.2159985943299
EK202310237183,148.8453471003384
EK202310113688,156.71657354520607
EK202310168496,134.4499979205057
EK202310140650,136.17908069778895
EK202310202579,148.39288315935025
EK202310173337,141.1006584535583
EK202310148159,143.37994671532417
EK202310177447,145.20969354001568
EK202310172439,171.91926815901672
EK202310193776,145.57293667024615
EK202310126160,129.50319349410046
EK202310129091,144.49684642175887
EK202310180011,134.51227644026008
EK202310219524,172.07258789950006
EK202310188997,136.9677355660154
EK202310183044,150.5067877482855
EK202310192813,141.24558649676243
EK202310148696,148.32239925158663
EK202310197244,160.51690066700155
EK202310243949,133.30010183196126
EK202310223004,164.99876223407284
EK202310159964,146.5511300858979
EK202310226266,143.11285173972183
EK202310227381,149.2858651100665
EK202310143706,155.2779611646549
EK202310156505,149.2418017744936
EK202310146977,148.03471863122786
EK202310207164,154.82108367282996
EK202310115033,143.34331716710113
EK202310197774,163.3896599031102
EK202310183602,162.2789642539264
EK202310163574,136.87294860521416
EK202310139474,156.36694221404596
EK202310139787,134.76885490012262
EK202310151771,138.7962457842866
EK202310141474,150.34879339298317
EK202310201682,144.57221627685576
EK202310235051,147.45106210075517
EK202310197036,137.75521500059426
EK202310208162,128.40553716913294
EK202310192736,150.09252768267967
EK202310239207,131.83202131101197
EK202310213359,131.90780979066923
EK202310165987,139.4038179181234
EK202310144351,136.0162192957908
EK202310192377,154.82692779064507
EK202310178661,151.48633170370204
EK202310133799,129.00545142021974
EK202310167137,145.5040696199433
EK202310196182,166.2179411548787
EK202310239217,131.46930719156364
EK202310163146,145.80525948845263
EK202310139455,149.67740525492673
EK202310164544,131.2209332929991
EK202310105037,145.9514243474363
EK202310168936,149.92936676607678
EK202310182321,133.24853336399573
EK202310223204,134.4768962658704
EK202310124648,138.07782683542797
EK202310133402,125.03709456639787
EK202310189249,139.15772644356605
EK202310211896,133.96670978329024
EK202310153695,141.004176263413
EK202310197047,150.65567519225672
EK202310115358,143.68775912249322
EK202310178231,149.88523963204494
EK202310140750,173.20555697333756
EK202310196690,136.318944079715
EK202310180158,134.48759818499335
EK202310118819,152.96226118589504
EK202310129172,110.85766157059342
EK202310160427,155.8473298976094
EK202310217514,153.3346591036891
EK202310228544,134.9873185218621
EK202310129411,143.4361725499023
EK202310120076,134.00045459578573
EK202310147682,146.645285555298
EK202310119579,145.93446709023897
EK202310231294,135.24824965885443
EK202310205896,134.28818941333756
EK202310168792,151.85425183351782
EK202310194600,134.22144725921027
EK202310231773,134.35298451743535
EK202310197094,136.46960096062574
EK202310159125,140.46116231915943
EK202310145220,140.29239700224508
EK202310109432,146.84719220758893
EK202310154128,131.1095118259198
EK202310226955,134.20218056471862
EK202310232457,137.02267197388798
EK202310196244,145.99355693680374
EK202310246079,150.55164413315055
EK202310168088,147.48972379906613
EK202310128614,133.14071189958347
EK202310156766,153.61105116318964
EK202310208139,141.01289645995422
EK202310167951,151.72913850701113
EK202310140914,139.8764833090535
EK202310123858,139.967093776743
EK202310246678,161.6144794175457
EK202310231310,142.60346591900606
EK202310145596,153.6637770081234
EK202310227515,143.8543191609043
EK202310124946,137.3790168358398
EK202310146823,129.7417459226307
EK202310135586,139.91301340414165
EK202310201307,137.6541866189491
EK202310182403,158.46011970583504
EK202310215443,131.26868142069608
EK202310126298,134.99366810631003
EK202310189734,142.4643897104838
EK202310150496,151.82079556391818
EK202310201647,137.7825115874231
EK202310236856,140.11389812235745
EK202310141840,149.57453591055716
EK202310129012,146.916126996791
EK202310191859,135.0817215279213
EK202310128135,132.47532217435423
EK202310140784,143.2629387712152
EK202310106371,139.3059365201819
EK202310189118,145.43954516757825
EK202310185786,137.4602633619646
EK202310177437,145.86726688672073
EK202310183495,137.3494633261802
EK202310183166,147.98304452105288
EK202310121858,132.56843433229426
EK202310128877,130.0310903299336
EK202310155995,150.27900639100903
EK202310158905,142.27230221852037
EK202310197700,136.85446392265223
EK202310135362,142.4773195646007
EK202310238208,151.34982183677022
EK202310225984,141.40518407344996
EK202310196965,170.73332252595503
EK202310244512,160.23905783657364
EK202310113816,138.51679058897503
EK202310141423,145.31306360994228
EK202310226411,134.02145119322478
EK202310217081,152.1893081953125
EK202310161000,147.3391813685495
EK202310141027,172.47325832482755
EK202310231746,139.25524268414668
EK202310209069,141.85327880687086
EK202310142345,161.25890871260975
EK202310117104,142.76174635257485
EK202310108603,143.28273666313285
EK202310196141,148.61557813666442
EK202310192522,152.6860952075933
EK202310144266,141.38428299689514
EK202310203451,158.20974911788585
EK202310161877,164.26503603342715
EK202310155543,147.48325351252754
EK202310123638,157.66371638626512
EK202310145309,143.12609407855751
EK202310138293,135.57101580503348
EK202310227474,132.1384596211379
EK202310227560,128.19798239346014
EK202310152889,166.41568946121254
EK202310107200,142.42377055182013
EK202310205243,131.15714274281603
EK202310203128,150.70232561855403
EK202310176303,152.8381681749217
EK202310236159,125.60733636583329
EK202310146226,149.68644009023237
EK202310114477,132.01230270424247
EK202310193701,156.64652078438115
EK202310132862,130.2736385455661
EK202310146635,134.56924500842834
EK202310118476,149.83224390460114
EK202310207776,138.705040381962
EK202310165877,142.70789383229874
EK202320006410,146.65442175618486
EK202310111513,150.64489550456787
EK202310143909,150.83552807089924
EK202310132541,129.6182311350116
EK202310209469,151.01344897710362
EK202310103777,136.74810797190824
EK202310138311,153.97014577216498
EK202310155715,146.95902456927377
EK202310161111,164.23735373474153
EK202310231380,127.32358787624267
EK202310129520,132.33898713074413
EK202310234907,145.00889971305966
EK202310107216,111.46324146565263
EK202310106843,135.7391854997572
EK202310204308,160.42952435825217
EK202310214592,167.88559331046972
EK202310116839,148.23675800918787
EK202310180647,127.0096781187331
EK202310142824,145.36013339057462
EK202310196639,144.92972302688935
EK202310231947,133.49891210820658
EK202310135996,153.94660842932856
EK202310225970,133.87611968056137
EK202310232921,140.92525115255577
EK202310229671,137.58014463802647
EK202310143117,125.55926274307967
EK202310235001,134.15066363284186
EK202310223296,143.7924889817863
EK202310166180,153.73938005997846
EK202310144778,133.96330510109166
EK202310140206,149.45006400329538
EK202310146221,133.63932417166924
EK202310191931,139.42908350737795
EK202310139195,132.74007911176355
EK202310110326,123.54096777846112
EK202310198683,136.09926145834206
EK202310108642,136.60493851023307
EK202310147919,149.40501456724917
EK202310120403,144.11967975651223
EK202310148663,143.1619240147675
EK202310194369,145.60532283160796
EK202310188744,148.8784889059991
EK202310197143,140.6707174224727
EK202310188007,159.85007224391947
EK202310230690,136.8094533967615
EK202310109322,140.0176719629814
EK202310122503,140.19755821513004
EK202310208466,143.25683047746293
EK202310169759,141.944114017036
EK202310004770,139.8439149088818
EK202310197055,134.91623370451947
EK202310190099,146.93781444676847
EK202310238226,136.07651474502512
EK202310166147,150.3355643987966
EK202320006000,162.7052838642597
EK202310214036,147.1217358423991
EK202310004510,143.81816403384673
EK202310144131,134.46123023893162
EK202310182006,165.09990179966636
EK202310115418,129.0673081764185
EK202310203399,161.7474453343264
EK202310219700,152.104285518248
EK202310141585,137.84585623373746
EK202310236911,131.5534306579264
EK202310153553,144.08223732125222
EK202310152777,152.91249394145595
EK202310216006,140.9861302721074
EK202310159334,151.1631829030371
EK202310200189,136.6238804292238
EK202310176376,140.67901936313177
EK202310177091,147.63555484464626
EK202310135092,169.42268558633944
EK202310152730,149.95550272275133
EK202310194718,147.44537032081024
EK202310174761,157.26406594747078
EK202310187516,159.17162822441054
EK202310225948,143.04154325473547
EK202310159500,139.42319534538757
EK202320005628,151.6736143662146
EK202310150262,173.75259569822956
EK202310197555,159.5859791690072
EK202310224652,143.33849614351917
EK202310239239,129.6881756351477
EK202310222699,131.6609688020441
EK202310115560,160.3054715919345
EK202310179277,124.75193115798595
EK202310202696,161.9076951249185
EK202310154234,131.13661054170413
EK202310113254,132.53552662520661
EK202310139630,151.39423341755804
EK202310202764,154.86519542896315
EK202310121640,140.82213101841643
EK202310142534,138.91096275438588
EK202310239215,143.74625570159125
EK202310244715,136.04149228592917
EK202310185779,129.12839431386928
EK202310221201,135.50393789003246
EK202310206833,137.41660529955223
EK202310171904,157.180470168591
EK202310178044,156.22491213799472
EK202310168114,157.18817764499227
EK202310138587,133.64336706401056
EK202310173356,143.67592498711596
EK202310197110,139.71012653380208
EK202310242357,139.41283167409424
EK202310208746,128.66503918278516
EK202310217847,133.15552782606923
EK202310199265,132.96383016852735
EK202310182895,136.04608714618348
EK202310107553,146.86364484479793
EK202310107608,133.1775601542219
EK202320005608,167.26903420259407
EK202310199563,138.6878988195117
EK202310141002,145.76487744984445
EK202310187238,143.72381228886047
EK202310187741,155.75122089681844
EK202310189994,134.7288974530404
EK202310147256,132.17703664428063
EK202310118527,149.15152522385662
EK202310229103,138.46343170373035
EK202310135696,124.49422519409643
EK202310165074,140.1046156389992
EK202310205649,136.35359536279458
EK202310174231,136.2992295922184
EK202310181105,148.96262456142344
EK202310173608,149.36735327342822
EK202310147350,137.23499877283487
EK202310145408,126.92604363979605
EK202310163214,138.4010165233938
EK202310141179,155.0395944856565
EK202310235877,138.96602475106994
EK202310168519,157.59363567450526
EK202310111852,158.96374201605462
EK202310120721,131.25181425352898
EK202310239396,145.59781043372232
EK202310125811,161.57645805290446
EK202310122414,159.5915718103681
EK202310109063,138.72613576201488
EK202310136944,136.06222027060562
EK202310112504,135.64357230229453
EK202310187424,140.19764270125833
EK202310107467,130.48540176852
EK202310170488,144.33993280129636
EK202310221856,127.70818878230169
EK202310146245,135.64799076379398
EK202310211446,142.88572504466052
EK202310234464,137.4961414186156
EK202310216823,141.3476803234312
EK202310158691,139.04376554306225
EK202310130435,115.46214612798089
EK202310173064,141.89644928668122
EK202310159177,141.10818366749012
EK202310164312,131.95970917347816
EK202310190628,142.8814923344213
EK202310108846,139.10652167985216
EK202310180445,166.32654620739825
EK202310131205,161.66457024102118
EK202310164126,138.0417281941082
EK202310107936,144.84445859652118
EK202310243521,131.79960167309912
EK202310208141,134.6616858357803
EK202310190781,136.07853221679923
EK202310172000,135.82369009897232
EK202310190053,148.34393592612753
EK202310233066,123.94616811200464
EK202310131018,119.53479773631445
EK202310149945,156.92640027558997
EK202310205501,130.88443102388985
EK202310248483,129.41841401044215
EK202310129538,138.04068634686223
EK202310167469,156.18692802947524
EK202310106330,136.63498636238194
EK202310225391,146.08883411323865
EK202310125703,150.15564578741964
EK202310208418,136.30075810226728
EK202310147781,137.33039977605486
EK202310164598,141.6063367721403
EK202310214120,167.26340060886875
EK202310118444,140.74972831290285
EK202310145109,139.22150994426954
EK202310150661,154.0892593407725
EK202310134650,133.652315585243
EK202310170695,170.85165968781462
EK202310171347,149.55633667184875
EK202310118507,132.39175118759954
EK202310135088,164.25173595252878
EK202310169570,138.26941017172894
EK202310198285,149.99084580608744
EK202310244339,138.11198790817303
EK202310218458,145.7575711129026
EK202310167361,151.3871550350453
EK202320006358,149.60024219953294
EK202310155685,139.65212658284767
EK202310193521,143.92370227825072
EK202310178456,147.16543384496782
EK202310120435,130.95145724414058
EK202310229594,135.81007913265083
EK202310204793,139.99106448810343
EK202310128806,144.55204472253527
EK202310145561,137.0062936819065
EK202310218298,128.9961748089939
EK202310185508,145.95783193290737
EK202310169152,154.34108740486917
EK202310119338,124.28267895272712
EK202310172073,154.3650365547117
EK202310164403,162.25266706180133
EK202310228535,131.9120806398243
EK202310233245,131.7198854364088
EK202310247155,148.09923627341948
EK202310184707,147.26104181585671
EK202310244628,137.9366435605713
EK202310184991,132.66526323393964
EK202310200030,139.72143529341318
EK202310131926,134.76101159829238
EK202310183294,173.9794487221705
EK202310156979,135.29475872751883
EK202310196008,151.00303734699278
EK202310124917,144.50494590910762
EK202310182478,134.6351698968121
EK202310206853,149.00835902666455
EK202310131555,138.33417069156292
EK202310134282,151.79563429971932
EK202310120141,159.0967953247197
EK202310246441,138.63564237480105
EK202310195921,141.20819241924235
EK202310214428,133.85159730038893
EK202310124519,139.62694086393125
EK202310153352,152.61299826468783
EK202310155554,145.73623342671564
EK202310193684,127.43903015335495
EK202310225319,134.50217950520945
EK202310148621,135.55306789101687
EK202310237907,138.90927565853923
EK202310202805,134.3250625448378
EK202310161990,157.8274788959626
EK202310200477,127.48556148137723
EK202310114915,142.4776561199714
EK202310242909,141.95354932945264
EK202310142330,146.57041454358622
EK202310221377,133.02259123227697
EK202310137957,134.24824660326888
EK202310151180,140.34415251160183
EK202310182686,126.78166342496378
EK202310244166,139.71012797485702
EK202310242349,136.8347910213533
EK202310121472,133.71573320845167
EK202310192151,156.54121458701698
EK202310112554,133.55046612334755
EK202310225810,139.77329513719505
EK202310235008,128.9839873329637
EK202310217946,151.04415629883917
EK202310197822,153.90584436616896
EK202310003944,146.7196773321946
EK202310135754,130.81799581990145
EK202310235898,127.14406595525938
EK202310171140,129.9567301596771
EK202310145149,165.47923880016742
EK202310202195,139.22385503081605
EK202310220091,135.12415911438418
EK202310232376,140.23711180355875
EK202310189509,142.55539872873004
EK202310113709,150.94016524855198
EK202310119993,132.30561021374555
EK202310223647,154.23022155507928
EK202310227478,141.7996493207571
EK202310174661,137.12871975604259
EK202310165728,158.54297285433992
EK202310182436,170.21933297796497
EK202310181591,125.19813037669735
EK202310233458,135.4491106927881
EK202310138708,138.94095064753878
EK202310107419,132.41416034133533
EK202310242771,136.2197425793514
EK202310110825,123.30186956751807
EK202310148516,145.91388578072304
EK202310169259,157.37664070947596
EK202310139428,146.78353309236886
EK202320005946,159.39697338665908
EK202310212395,135.36163411267498
EK202310211186,137.58156026861977
EK202310124150,132.87383248046328
EK202310172970,145.11650477797284
EK202310212383,139.69886122085845
EK202310152532,124.45738175223183
EK202310174856,135.5395402695359
EK202310150761,133.6574751499715
EK202310192707,163.5119295957871
EK202320006514,157.7437689743379
EK202310230857,134.45029293951515
EK202310209642,148.0308804606109
EK202310244831,143.1293742553042
EK202310004958,140.56627574784636
EK202310222994,160.9242433179241
EK202310122972,144.1506466346216
EK202310240517,155.51045858492537
EK202310154489,146.01515481023188
EK202310149568,156.03364479634723
EK202310173750,140.60744113746847
EK202310127136,146.80965769049018
EK202310162460,135.1052114800704
EK202310237884,150.03643124665658
EK202310128591,136.50037339103315
EK202310167782,157.2053975609139
EK202310173162,145.40754283332163
EK202310176040,168.12448445496202
EK202310180187,133.1707457556295
EK202310205385,137.40739129855436
EK202310189417,145.31122253775013
EK202310110265,131.0016796969133
EK202310175081,157.69973660870806
EK202310241247,151.79455475307597
EK202310210940,131.09000206522518
EK202310239869,143.2023579374313
EK202310208022,132.20505006096934
EK202310186683,130.05966993547125
EK202310244974,146.1147425915605
EK202310196503,135.37055477812913
EK202310147774,156.7322192933145
EK202310194263,157.02411801388442
EK202310188228,149.46679399970793
EK202310164624,139.01785296530022
EK202310153042,151.00138408193305
EK202310157883,149.48475560042195
EK202310110532,138.22897471871883
EK202310166599,149.59175817942165
EK202310153767,155.08114861754444
EK202310126138,131.27825393851344
EK202310121044,150.16306821371077
EK202310133142,145.33667889389375
EK202310128385,127.3513420169459
EK202310175042,131.30078648947747
EK202310189448,155.49202669117452
EK202310190050,156.46300509890773
EK202310172092,145.77278285958872
EK202310207334,133.60452401951304
EK202310182559,132.60541105449252
EK202310137090,156.49129553728056
EK202310190532,139.0737480219422
EK202310236425,135.32984905416234
EK202310203185,127.39110715776302
EK202310168314,132.41009814146594
EK202310151263,170.4074449166096
EK202310108095,136.83225204718246
EK202310232838,145.39819183255398
EK202310135295,149.8232895067044
EK202310163910,143.18058520273297
EK202310194553,149.5128065629855
EK202310174190,139.59397568057125
EK202310231328,135.02001478884168
EK202310147991,153.55494129808844
EK202310161571,163.88563169284598
EK202310240598,135.79481037185923
EK202310236106,129.66905644128965
EK202310109500,142.37244873409335
EK202320005589,155.6529291158464
EK202310143413,147.76569644961555
EK202310153498,151.40670126437624
EK202310181818,144.0290517319849
EK202310137951,133.38139815625092
EK202310158889,148.41176607777544
EK202310147118,154.5068716934754
EK202310153978,163.17843290547484
EK202310107126,143.14210150665318
EK202310145858,141.97441081211858
EK202310220104,146.05326642846723
EK202310112400,129.1317627688523
EK202310236894,154.56824860982852
EK202310217550,136.697310720761
EK202310236693,133.6238322771283
EK202310217785,124.71727054971767
EK202310235143,146.97905053557892
EK202310182831,144.2145767863729
EK202310117677,147.85667255812876
EK202310207224,143.07272995983303
EK202310217694,149.113247795155
EK202310144000,143.1268443443406
EK202310165837,158.41834166986152
EK202310211421,142.52035894222925
EK202310004270,150.2278481483883
EK202310189309,153.0820641551042
EK202310127417,135.10616414835272
EK202310197347,167.88173031177797
EK202310209401,158.0765656241964
EK202310180542,136.4755948402721
EK202310162786,131.48295208750264
EK202310223059,145.29729256660121
EK202310147692,139.41862486356897
EK202310244440,157.60141994979614
EK202310180779,131.27832502691038
EK202310189325,134.46576697881338
EK202310110924,140.53515614810468
EK202310157687,137.93365727418012
EK202310154799,144.0335932608831
EK202310169628,130.7063606431493
EK202310169107,154.33607273146382
EK202310105506,144.6295555029016
EK202310154969,131.62029465394335
EK202310122511,129.25409410710404
EK202310156453,164.33284963117035
EK202310246928,129.17904753699105
EK202310203362,153.39085736761007
EK202310138843,146.3521435900159
EK202310157857,151.09155301868634
EK202310236705,140.56837940070199
EK202310236064,127.89946283087065
EK202310190655,140.2587069157517
EK202310232773,161.2720079560767
EK202310209352,127.98166604326536
EK202310196574,140.09070449904905
EK202310153431,136.14742069050206
EK202310213738,155.74756431920406
EK202310159195,169.44559834425925
EK202310192497,134.30511030798277
EK202310179803,135.64202148590346
EK202310122219,141.75872429791707
EK202310121778,159.0584330102742
EK202310240799,138.20866790704244
EK202310186388,145.16311673330742
EK202310227442,137.46601764673812
EK202310236831,136.1366259816751
EK202310146534,137.0336549712423
EK202310108548,139.12122528885226
EK202310127039,139.19779601619769
EK202310239867,147.9135004821854
EK202310140091,160.21324792177072
EK202320007345,146.08326708089882
EK202310181587,142.49473139286178
EK202310183586,167.43165345640415
EK202310161537,160.99680745258976
EK202310221929,138.86430361127623
EK202310115533,129.00674123971496
EK202310245422,131.6172262340613
EK202310134303,131.35073404190277
EK202310206878,135.71332769799062
EK202310143077,131.7283300448719
EK202310187766,149.50510808637225
EK202310233861,151.42900310630694
EK202310145715,136.64777919384275
EK202310186238,131.2263696710807
EK202310168663,139.36555637390614
EK202310230983,134.8647792893021
EK202310139816,138.29316441343443
EK202310206473,135.9426952076071
EK202310153829,142.52690409187724
EK202310182371,154.12064835172515
EK202310173647,128.73641650266316
EK202310114150,135.18055881137994
EK202310242508,137.87694995968823
EK202310203427,160.9842881112154
EK202310132984,131.28443883395767
EK202310117793,126.27567367184773
EK202310138841,144.01454698532646
EK202310139058,149.8556857808783
EK202310164995,145.19864986034622
EK202310202198,158.34292320991926
EK202310160037,142.8531236775432
EK202310138091,143.1609735508543
EK202310183753,142.86266548527067
EK202310211184,150.71991042289758
EK202310187233,147.13764466420955
EK202310225971,126.46923262423397
EK202310155927,134.8652596484077
EK202310123628,138.67618042074994
EK202310183593,171.16314574242762
EK202310196797,133.14562182697492
EK202310129620,138.53560098559115
EK202310157287,146.65095474908273
EK202310181152,139.1288493745778
EK202310203161,169.26583165367688
EK202310247889,132.81039682689976
EK202310205874,141.55477965690216
EK202310175828,148.3100689775754
EK202310141292,151.32797770895772
EK202310127480,136.9421275544799
EK202310112716,149.87185617943834
EK202310200229,140.8526195546754
EK202310112035,140.31402670470348
EK202310204257,131.77059478360124
EK202310145471,138.87114417296178
EK202310210409,136.37203054009908
EK202310166832,136.7140696128037
EK202310248711,142.83004697109035
EK202310177732,137.7586866005198
EK202310160771,140.08231568590392
EK202310136073,128.12932425338994
EK202310182269,137.10779933095912
EK202310240985,139.6632353696817
EK202310106392,136.51087092546436
EK202310208908,126.46508474727644
EK202310113165,134.60569026703604
EK202310152602,130.92610521310525
EK202310210636,136.4387334267062
EK202310140721,130.0130751921352
EK202310148290,137.81692469975917
EK202310199880,145.29482827757607
EK202310227144,137.2025513016808
EK202310147589,139.27702135531075
EK202310004177,152.06648620317048
EK202310138763,147.7438141812319
EK202310172464,165.83937737240004
EK202310105200,151.60543859450416
EK202310184573,142.99856696940708
EK202310208816,136.18547887409753
EK202310109118,146.87744348841676
EK202310200139,146.00016615238025
EK202310133070,132.88994635376034
EK202310122855,156.69574995518238
EK202310233834,145.59819715738783
EK202310209821,149.65452541894146
EK202310124502,149.41069808606616
EK202310187088,146.21780878029796
EK202310133122,148.56731729529204
EK202310004846,133.4514378427948
EK202310147252,130.63063980811745
EK202310175414,131.31716995044016
EK202310181170,134.11824769828561
EK202310004408,132.5840954298355
EK202310125748,158.21555112147504
EK202310131440,146.049499565538
EK202310192559,135.6570010402738
EK202310192910,153.01831009396076
EK202310180784,153.75417716835858
EK202310236540,135.62904817847874
EK202310175339,138.02811125606337
EK202310160527,160.39798029612143
EK202310236221,150.28334286421065
EK202310238864,161.31651099536234
EK202310166680,143.91805621506882
EK202310117287,137.8257828685011
EK202310192797,146.0844730182801
EK202310200327,138.85287574036334
EK202310176045,152.80046879688786
EK202310148346,145.31703075077812
EK202310142274,158.509194120272
EK202310122242,135.9534905102248
EK202310126568,131.66794311795564
EK202310204418,145.73309267777
EK202310156236,146.95105825022745
EK202310189484,135.3807977556877
EK202310137543,133.63405100685412
EK202320007300,152.44640009646778
EK202310198932,133.21951113092885
EK202310108514,143.18004308383536
EK202310219932,143.60390219374167
EK202310132147,153.50198331956017
EK202310227649,171.6315907252329
EK202310224668,140.0661236376365
EK202310156447,149.95680225729177
EK202310210496,133.3325438234572
EK202310152297,147.36016890222092
EK202310187324,138.89084652461952
EK202310247309,134.67994388505159
EK202310190789,131.74154204023864
EK202310199601,138.73357727431193
EK202310239017,136.52401847842603
EK202310106841,145.42141435058363
EK202310182928,140.3583380954905
EK202310204568,137.17618419668761
EK202310243353,140.1516761432811
EK202310123522,134.1575197029128
EK202310162526,143.21484090204675
EK202310214114,169.53028702859945
EK202310197207,159.10538146572162
EK202310232110,136.6326955898063
EK202310179397,171.44964175359397
EK202310155653,131.15987403662604
EK202310004343,136.08893916531073
EK202310192586,147.84219467214143
EK202310186352,151.08051978394187
EK202310124214,138.1344334441532
EK202310228925,135.94035514828838
EK202310112746,153.99880344578784
EK202310158948,152.83305223808296
EK202310210700,132.5099299328405
EK202310164939,145.35394716059199
EK202310183358,172.2529395102911
EK202310144690,141.60628684437748
EK202310206169,145.22209023166025
EK202310107548,159.8352266883476
EK202310213425,140.88864846000217
EK202310127466,129.94580703925033
EK202310215414,172.40600560014627
EK202310113096,133.38400276218823
EK202310177778,151.43758698854552
EK202310225362,136.19788288600785
EK202310164338,157.63017034917846
EK202310247571,165.68121655573202
EK202310126985,127.85356868432285
EK202310226690,160.51729642067932
EK202310122754,139.99727699903133
EK202310114324,140.90141741946383
EK202310162544,157.2447310561558
EK202310185834,133.02380690372982
EK202310147784,144.54420002789905
EK202310122287,143.51994926830213
EK202310169104,150.64463680141174
EK202310212851,162.51251235927114
EK202310004912,144.05139132983538
EK202310122676,161.7361032742164
EK202310241678,143.21198303659318
EK202310235919,136.95960614623314
EK202310200266,157.1969849980812
EK202310229111,134.60949533276022
EK202310143535,152.26536490497563
EK202310132424,127.91374166361604
EK202310150394,134.545919431459
EK202310121122,146.7339674630583
