id,TARGET
EK202310003556,137.66666666666666
EK202310170625,152.56666666666666
EK202310167359,151.66666666666666
EK202310118370,132.36666666666667
EK202320006361,143.0
EK202310003542,144.13333333333333
EK202310125266,135.46666666666667
EK202310144740,134.63333333333333
EK202310137443,142.96666666666667
EK202310159067,159.23333333333332
EK202310245067,125.56666666666666
EK202310240556,134.66666666666666
EK202310166743,132.4
EK202310247454,127.06666666666666
EK202310215702,145.3
EK202310142190,167.1
EK202310205417,140.56666666666666
EK202310119601,131.1
EK202310190356,134.23333333333332
EK202310158758,151.63333333333333
EK202310145496,138.1
EK202310164763,154.73333333333332
EK202310200188,143.1
EK202310238803,166.43333333333334
EK202320005607,180.06666666666666
EK202310225681,141.16666666666666
EK202310127174,140.93333333333334
EK202310204317,156.63333333333333
EK202310179355,140.83333333333334
EK202310176524,161.0
EK202310237228,137.4
EK202310172549,168.6
EK202310168863,147.4
EK202310185904,146.06666666666666
EK202310133615,153.3
EK202310122063,135.4
EK202310121770,133.1
EK202310125590,133.1
EK202310172269,136.8
EK202310147894,134.5
EK202310137986,134.2
EK202310150838,152.16666666666666
EK202310104915,139.23333333333332
EK202310170090,142.26666666666668
EK202310165637,143.13333333333333
EK202310134467,132.8
EK202310182637,171.73333333333332
EK202310112116,148.86666666666667
EK202310241220,144.6
EK202310103801,147.06666666666666
EK202310177448,132.03333333333333
EK202310157860,181.96666666666667
EK202310211985,133.36666666666667
EK202310232907,126.7
EK202310162917,142.6
EK202310211786,135.6
EK202310132171,149.23333333333332
EK202310153694,141.0
EK202310174960,151.13333333333333
EK202310121096,122.0
EK202310222475,127.56666666666666
EK202310146254,149.0
EK202310111466,131.13333333333333
EK202310004385,180.6
EK202310108961,132.8
EK202310203170,142.96666666666667
EK202310161424,173.4
EK202310206583,153.73333333333332
EK202310138840,139.3
EK202310221976,140.16666666666666
EK202310143972,131.26666666666668
EK202310175420,134.93333333333334
EK202310227655,152.46666666666667
EK202310163389,135.93333333333334
EK202310239480,148.5
EK202310146467,143.56666666666666
EK202310162597,133.66666666666666
EK202310194862,138.13333333333333
EK202310152448,149.1
EK202310245431,152.7
EK202310206822,168.83333333333334
EK202310166559,147.2
EK202310221701,151.83333333333334
EK202310231403,130.43333333333334
EK202310156027,157.16666666666666
EK202310135956,141.6
EK202310183176,128.5
EK202310206055,179.4
EK202310167360,139.26666666666668
EK202310142701,153.9
EK202310156629,166.33333333333334
EK202310241352,151.5
EK202310123587,160.6
EK202310003639,143.26666666666668
EK202310158269,135.2
EK202320007090,150.23333333333332
EK202310111707,147.43333333333334
EK202310104096,147.7
EK202310235404,128.33333333333334
EK202310108783,146.46666666666667
EK202310116298,135.23333333333332
EK202310156281,166.43333333333334
EK202310164483,149.4
EK202310108212,125.6
EK202310233950,140.06666666666666
EK202310157041,148.63333333333333
EK202310104522,132.96666666666667
EK202310175972,155.53333333333333
EK202310225965,137.6
EK202310138403,133.1
EK202310234452,141.26666666666668
EK202310104614,160.3
EK202310117970,135.36666666666667
EK202310128727,137.8
EK202310190230,129.06666666666666
EK202310201465,146.23333333333332
EK202310197534,161.83333333333334
EK202310171846,138.9
EK202310193751,150.4
EK202310242967,137.13333333333333
EK202310112852,157.96666666666667
EK202310132804,150.23333333333332
EK202310127612,131.36666666666667
EK202310136082,176.7
EK202310186665,144.2
EK202310156519,134.66666666666666
EK202310108430,153.0
EK202310164930,145.2
EK202310153971,163.76666666666668
EK202310129412,132.3
EK202310124383,132.33333333333334
EK202310215858,151.86666666666667
EK202310104131,141.16666666666666
EK202310185040,151.4
EK202310119251,150.7
EK202310191724,155.66666666666666
EK202310149922,135.86666666666667
EK202310176193,136.5
EK202310204311,154.13333333333333
EK202310248324,161.43333333333334
EK202310120496,138.93333333333334
EK202310233548,138.2
EK202310219178,142.1
EK202310114723,140.63333333333333
EK202310185832,172.46666666666667
EK202310106587,158.23333333333332
EK202310239252,143.83333333333334
EK202310208710,136.6
EK202310244056,133.13333333333333
EK202310223702,125.26666666666667
EK202310236969,141.46666666666667
EK202310196070,147.2
EK202310227710,133.1
EK202310119702,142.36666666666667
EK202310143351,147.13333333333333
EK202310144967,128.66666666666666
EK202310207097,132.2
EK202310193281,132.0
EK202310223068,145.06666666666666
EK202310158743,140.56666666666666
EK202310142353,148.66666666666666
EK202310154024,144.2
EK202310136326,124.46666666666667
EK202320006526,160.2
EK202310240160,139.66666666666666
EK202310230270,132.2
EK202310209591,142.66666666666666
EK202310201937,149.66666666666666
EK202310138686,153.1
EK202310125946,145.86666666666667
EK202310112949,137.13333333333333
EK202310128660,163.86666666666667
EK202310223565,137.9
EK202310155372,152.56666666666666
EK202310229467,144.13333333333333
EK202310232289,146.13333333333333
EK202310142439,153.83333333333334
EK202310128595,124.83333333333333
EK202310228661,127.83333333333333
EK202310220811,133.3
EK202310104677,143.36666666666667
EK202310108708,158.66666666666666
EK202310235044,136.23333333333332
EK202310141363,133.66666666666666
EK202310174855,153.06666666666666
EK202310154755,137.86666666666667
EK202310157326,141.63333333333333
EK202310228659,145.9
EK202310215026,163.56666666666666
EK202310177129,136.9
EK202310178830,167.4
EK202310222959,129.5
EK202320007347,128.26666666666668
EK202310153807,157.86666666666667
EK202310165563,167.93333333333334
EK202310240070,138.3
EK202310171642,145.86666666666667
EK202310221419,149.5
EK202310210258,147.9
EK202310108225,147.46666666666667
EK202310156515,138.8
EK202320006021,172.06666666666666
EK202310214746,146.36666666666667
EK202310166648,141.0
EK202310243041,147.63333333333333
EK202310227731,125.1
EK202310118513,131.13333333333333
EK202310240129,134.9
EK202310140813,152.13333333333333
EK202310181628,146.63333333333333
EK202310126085,134.26666666666668
EK202310246101,147.4
EK202310113312,136.36666666666667
EK202310217968,138.0
EK202310213114,137.1
EK202310219800,134.0
EK202310184495,144.8
EK202310119316,126.2
EK202310180007,143.36666666666667
EK202310199156,137.16666666666666
EK202310177234,148.93333333333334
EK202310226743,141.86666666666667
EK202310189141,142.73333333333332
EK202320006005,157.2
EK202310227823,139.53333333333333
EK202310174022,142.4
EK202310134374,137.93333333333334
EK202310200180,130.23333333333332
EK202310161433,157.6
EK202310121700,154.66666666666666
EK202310237451,139.83333333333334
EK202310192827,164.2
EK202310160428,147.8
EK202310205223,152.43333333333334
EK202310111659,149.93333333333334
EK202310218773,140.13333333333333
EK202310161247,137.9
EK202310109618,143.86666666666667
EK202310155619,133.23333333333332
EK202310135096,147.23333333333332
EK202310188704,139.16666666666666
EK202310198311,158.3
EK202310138345,152.56666666666666
EK202310187653,130.83333333333334
EK202310223676,144.33333333333334
EK202310165688,129.3
EK202310104779,148.2
EK202320007241,181.73333333333332
EK202310247012,136.46666666666667
EK202310115649,132.4
EK202310158687,140.86666666666667
EK202310139898,151.4
EK202310183012,133.73333333333332
EK202310189323,179.86666666666667
EK202310236084,141.5
EK202310187745,139.6
EK202310213754,139.86666666666667
EK202310207691,126.93333333333334
EK202310213360,138.5
EK202310134511,125.03333333333333
EK202310162421,130.66666666666666
EK202310137854,171.23333333333332
EK202310150901,137.26666666666668
EK202310114810,142.33333333333334
EK202310110564,141.76666666666668
EK202310188498,125.53333333333333
EK202310122137,132.5
EK202310234827,149.43333333333334
EK202310123845,153.83333333333334
EK202310117679,155.5
EK202310226733,138.23333333333332
EK202310146806,145.76666666666668
EK202310186532,142.6
EK202310198523,129.5
EK202310169242,151.53333333333333
EK202310189605,139.2
EK202310177460,148.4
EK202310156053,133.1
EK202310138997,144.63333333333333
EK202310231114,134.03333333333333
EK202310147763,137.73333333333332
EK202310119709,152.6
EK202310121129,141.26666666666668
EK202310137901,144.9
EK202310144077,163.1
EK202310110337,129.36666666666667
EK202310184408,135.43333333333334
EK202310215841,141.76666666666668
EK202310157214,145.4
EK202310193140,138.43333333333334
EK202310216105,138.5
EK202310246420,138.76666666666668
EK202310118424,128.8
EK202310144290,136.93333333333334
EK202310236171,139.9
EK202310161913,155.1
EK202310116195,140.33333333333334
EK202310140252,139.4
EK202310238025,153.16666666666666
EK202310146861,143.1
EK202310125756,138.96666666666667
EK202310211082,136.8
EK202310202590,135.16666666666666
EK202310212292,141.93333333333334
EK202310151188,142.33333333333334
EK202310186431,166.13333333333333
EK202310197054,144.03333333333333
EK202310229535,140.9
EK202310237693,133.56666666666666
EK202310127899,147.33333333333334
EK202310125513,126.6
EK202310143417,145.26666666666668
EK202310114922,147.7
EK202310185011,142.1
EK202310157380,147.6
EK202310242841,144.9
EK202310128764,133.3
EK202310160302,138.56666666666666
EK202310132265,131.53333333333333
EK202310142152,138.5
EK202310184138,150.36666666666667
EK202310218922,142.1
EK202310105732,125.1
EK202310202421,129.5
EK202310204745,128.33333333333334
EK202310231651,135.86666666666667
EK202310206373,141.7
EK202310231327,140.3
EK202310129440,140.73333333333332
EK202310229405,148.43333333333334
EK202310233561,138.13333333333333
EK202310141433,145.9
EK202310164651,158.26666666666668
EK202310201935,143.3
EK202310184574,133.0
EK202310223915,155.46666666666667
EK202310200908,148.13333333333333
EK202310128941,145.16666666666666
EK202310186952,154.16666666666666
EK202310193974,153.53333333333333
EK202310169879,161.03333333333333
EK202310172093,133.9
EK202310184529,130.83333333333334
EK202310230089,130.46666666666667
EK202310181118,155.93333333333334
EK202310204225,150.7
EK202310112100,145.06666666666666
EK202310222373,150.66666666666666
EK202310182126,159.9
EK202310169072,138.93333333333334
EK202310203100,147.56666666666666
EK202310228065,160.3
EK202310003374,134.56666666666666
EK202310231993,143.33333333333334
EK202310166999,144.7
EK202310113561,141.3
EK202310150384,161.06666666666666
EK202310204151,143.03333333333333
EK202310243179,158.06666666666666
EK202310229664,135.06666666666666
EK202310214850,146.5
EK202310203348,148.23333333333332
EK202310146725,131.66666666666666
EK202310134763,126.96666666666667
EK202310145729,152.33333333333334
EK202310246535,140.53333333333333
EK202310141577,131.0
EK202310216160,135.36666666666667
EK202310116782,138.93333333333334
EK202310211327,137.83333333333334
EK202310204090,152.53333333333333
EK202310175898,162.56666666666666
EK202310226259,141.6
EK202310151274,143.96666666666667
EK202310154215,139.93333333333334
EK202310174277,143.76666666666668
EK202320006496,163.26666666666668
EK202310141969,150.9
EK202320005622,154.4
EK202310157093,145.06666666666666
EK202310139909,150.96666666666667
EK202310209908,147.56666666666666
EK202310218730,139.63333333333333
EK202310229718,123.56666666666666
EK202310111615,132.23333333333332
EK202310138168,133.2
EK202310162118,167.23333333333332
EK202310164185,140.86666666666667
EK202310123341,133.13333333333333
EK202310154152,133.03333333333333
EK202310169662,139.23333333333332
EK202310195289,145.96666666666667
EK202310247758,160.96666666666667
EK202310223580,136.86666666666667
EK202310104690,133.73333333333332
EK202310234439,133.16666666666666
EK202310225052,161.33333333333334
EK202310139674,145.26666666666668
EK202310186662,143.6
EK202310198339,143.56666666666666
EK202310219978,150.0
EK202310205279,142.66666666666666
EK202310241147,142.1
EK202310225981,159.4
EK202310168112,138.93333333333334
EK202310226106,150.46666666666667
EK202310116095,134.73333333333332
EK202310114593,141.16666666666666
EK202310175636,132.03333333333333
EK202310117905,148.7
EK202310200614,144.86666666666667
EK202310137390,138.16666666666666
EK202310196458,159.4
EK202310212839,136.33333333333334
EK202310149449,156.16666666666666
EK202310172721,134.7
EK202310133382,134.66666666666666
EK202310171991,154.56666666666666
EK202310178147,139.8
EK202310210822,128.53333333333333
EK202310169958,145.86666666666667
EK202310216612,135.4
EK202310190351,150.06666666666666
EK202310128333,153.73333333333332
EK202310156052,148.5
EK202310207300,142.63333333333333
EK202310148098,135.7
EK202310236834,140.8
EK202310206502,145.06666666666666
EK202310232490,148.33333333333334
EK202310115920,145.33333333333334
EK202310155557,147.36666666666667
EK202310118792,149.96666666666667
EK202310213449,150.63333333333333
EK202310157956,132.46666666666667
EK202310202461,151.86666666666667
EK202310210080,156.7
EK202310123713,147.03333333333333
EK202310138636,147.06666666666666
EK202310197194,146.36666666666667
EK202310136131,161.73333333333332
EK202310194280,132.16666666666666
EK202310144073,167.0
EK202310196767,160.06666666666666
EK202310152659,143.76666666666668
EK202310119318,135.93333333333334
EK202310175079,140.23333333333332
EK202310246973,137.36666666666667
EK202310177069,136.96666666666667
EK202310228915,141.23333333333332
EK202310237967,128.73333333333332
EK202310004766,137.9
EK202310197580,169.53333333333333
EK202310163370,154.66666666666666
EK202310126258,128.7
EK202320006245,162.2
EK202310214455,145.5
EK202310225077,167.83333333333334
EK202310121345,132.83333333333334
EK202310118753,125.13333333333334
EK202310209148,142.66666666666666
EK202310235651,137.6
EK202310195584,148.56666666666666
EK202310131541,137.33333333333334
EK202310167958,167.3
EK202310232848,127.3
EK202310112373,142.73333333333332
EK202310247588,179.03333333333333
EK202310124781,153.4
EK202310187345,181.0
EK202310117200,148.26666666666668
EK202310103838,131.6
EK202310123310,148.76666666666668
EK202310193567,140.16666666666666
EK202310176987,157.76666666666668
EK202310217483,132.3
EK202310219653,127.46666666666667
EK202310189258,150.93333333333334
EK202310213235,139.9
EK202310148485,136.73333333333332
EK202310243846,130.1
EK202310157685,144.73333333333332
EK202310228217,170.93333333333334
EK202310167414,160.73333333333332
EK202310116553,135.36666666666667
EK202310154306,130.16666666666666
EK202310218246,139.83333333333334
EK202310214924,150.73333333333332
EK202310124301,132.63333333333333
EK202310132969,133.06666666666666
EK202310116665,134.63333333333333
EK202310126109,149.36666666666667
EK202310246626,152.03333333333333
EK202310165655,137.33333333333334
EK202310222900,138.26666666666668
EK202310183920,132.56666666666666
EK202310188655,144.93333333333334
EK202310140837,145.53333333333333
EK202310110105,131.0
EK202310166926,163.86666666666667
EK202310222571,148.83333333333334
EK202310130862,162.66666666666666
EK202310159918,148.2
EK202310191732,173.06666666666666
EK202310154430,163.7
EK202310209379,134.5
EK202310242826,168.86666666666667
EK202310127621,139.8
EK202310144269,138.63333333333333
EK202310168554,164.76666666666668
EK202310225096,124.53333333333333
EK202310004191,144.7
EK202310198832,131.26666666666668
EK202310166122,161.73333333333332
EK202310197812,182.8
EK202310173577,134.9
EK202310107780,134.3
EK202310200080,133.46666666666667
EK202310244832,159.06666666666666
EK202310153701,141.5
EK202310248897,144.4
EK202310238758,145.73333333333332
EK202310180956,176.23333333333332
EK202310133597,170.83333333333334
EK202310165926,150.26666666666668
EK202310113563,144.83333333333334
EK202310219177,144.8
EK202310215546,145.6
EK202310239803,137.93333333333334
EK202310170081,136.76666666666668
EK202310206625,153.2
EK202310104069,131.96666666666667
EK202310186393,168.1
EK202310173267,133.06666666666666
EK202310110426,155.2
EK202310164765,138.9
EK202310158220,137.8
EK202310168816,144.56666666666666
EK202310204071,149.36666666666667
EK202310157259,147.96666666666667
EK202310156843,133.53333333333333
EK202310223529,140.5
EK202310149961,142.13333333333333
EK202310108241,135.4
EK202310168245,137.66666666666666
EK202310191021,143.03333333333333
EK202310165776,149.53333333333333
EK202310172874,141.43333333333334
EK202310163779,136.33333333333334
EK202310188731,167.03333333333333
EK202310105850,133.23333333333332
EK202310129025,159.6
EK202310122251,139.33333333333334
EK202310233739,133.26666666666668
EK202310145467,142.76666666666668
EK202310125541,147.4
EK202310128736,144.96666666666667
EK202310157339,147.83333333333334
EK202310204674,156.56666666666666
EK202310199931,135.23333333333332
EK202310159776,149.7
EK202310233618,152.0
EK202310209554,162.1
EK202310147590,141.66666666666666
EK202310233558,137.36666666666667
EK202310141475,138.4
EK202310192184,132.7
EK202310121465,136.63333333333333
EK202310144674,155.96666666666667
EK202310225145,140.46666666666667
EK202310211862,132.5
EK202310218476,125.93333333333334
EK202310227106,159.93333333333334
EK202310184475,132.8
EK202310132027,144.7
EK202310134826,148.36666666666667
EK202310182784,145.7
EK202310236142,132.96666666666667
EK202310215997,168.83333333333334
EK202310218885,151.7
EK202310189497,139.13333333333333
EK202310242392,144.0
EK202310139831,139.86666666666667
EK202310159899,132.13333333333333
EK202320007536,149.63333333333333
EK202310205864,155.3
EK202310205412,150.03333333333333
EK202310178623,147.26666666666668
EK202310144137,141.4
EK202310156851,136.9
EK202310200692,137.46666666666667
EK202310221442,150.43333333333334
EK202310225402,146.63333333333333
EK202310128314,155.66666666666666
EK202310135585,148.66666666666666
EK202310230304,155.2
EK202310106564,144.33333333333334
EK202310195276,130.16666666666666
EK202310168561,146.5
EK202310238035,148.26666666666668
EK202310210412,139.33333333333334
EK202310193015,142.36666666666667
EK202310160429,144.96666666666667
EK202310203227,125.66666666666667
EK202310144260,130.06666666666666
EK202310231994,143.23333333333332
EK202310169556,142.0
EK202310112231,150.7
EK202310179305,131.9
EK202310111693,139.26666666666668
EK202310163778,163.6
EK202310197562,145.56666666666666
EK202310147780,132.1
EK202310165497,160.86666666666667
EK202310191527,137.76666666666668
EK202310106149,133.36666666666667
EK202310179787,137.6
EK202310247018,155.1
EK202310177578,143.06666666666666
EK202310138872,165.4
EK202310204378,138.26666666666668
EK202310146296,145.63333333333333
EK202310110160,133.03333333333333
EK202310179095,152.33333333333334
EK202310220481,131.53333333333333
EK202310227227,159.23333333333332
EK202310234336,148.43333333333334
EK202310145809,130.53333333333333
EK202310209306,157.6
EK202310225649,143.66666666666666
EK202310226704,150.9
EK202310157072,161.5
EK202310121530,131.93333333333334
EK202310165600,139.9
EK202310197233,145.96666666666667
EK202310184332,144.93333333333334
EK202310143743,142.03333333333333
EK202310154640,137.26666666666668
EK202310158286,144.8
EK202310123880,137.46666666666667
EK202310182423,163.8
EK202310124053,129.26666666666668
EK202310206144,144.26666666666668
EK202310140890,156.66666666666666
EK202310127015,130.63333333333333
EK202310134941,147.76666666666668
EK202310119304,136.63333333333333
EK202310212796,163.23333333333332
EK202310108377,131.26666666666668
EK202310174180,137.26666666666668
EK202310239157,152.46666666666667
EK202310216632,142.63333333333333
EK202310172285,139.8
EK202310150279,146.2
EK202310186491,130.06666666666666
EK202310197932,148.66666666666666
EK202310120172,133.3
EK202310216664,147.63333333333333
EK202320006884,181.2
EK202310178918,151.86666666666667
EK202310144935,136.2
EK202310141510,136.73333333333332
EK202310216762,131.43333333333334
EK202310106406,139.4
EK202310111996,142.7
EK202310208681,144.16666666666666
EK202310226247,130.46666666666667
EK202310113253,164.0
EK202310122999,136.96666666666667
EK202310155079,134.26666666666668
EK202310160222,137.0
EK202310210742,136.8
EK202310156801,142.6
EK202310159360,150.43333333333334
EK202310180024,146.8
EK202310213928,142.86666666666667
EK202310152334,149.6
EK202310245937,139.0
EK202310164808,163.46666666666667
EK202310146870,147.0
EK202310163950,152.33333333333334
EK202310195716,159.43333333333334
EK202310150305,146.03333333333333
EK202310229713,132.1
EK202310188916,160.63333333333333
EK202310121395,144.7
EK202310160376,137.0
EK202310244651,145.1
EK202310150169,129.43333333333334
EK202310110958,134.46666666666667
EK202310143966,138.9
EK202310221741,142.66666666666666
EK202310187012,151.3
EK202310193822,175.6
EK202310172094,140.13333333333333
EK202310178633,152.23333333333332
EK202310117674,145.33333333333334
EK202310133805,133.83333333333334
EK202310180948,174.43333333333334
EK202310203849,137.2
EK202310149491,175.63333333333333
EK202310216830,162.66666666666666
EK202310229432,138.46666666666667
EK202310109652,141.76666666666668
EK202310181925,136.86666666666667
EK202310196245,137.96666666666667
EK202310248098,135.2
EK202310183221,163.8
EK202310196195,150.76666666666668
EK202310197137,139.63333333333333
EK202310110247,139.56666666666666
EK202310144126,140.93333333333334
EK202310156911,153.56666666666666
EK202310224215,136.23333333333332
EK202310236337,139.53333333333333
EK202310188431,148.9
EK202310137114,166.66666666666666
EK202310115030,141.13333333333333
EK202310117460,127.66666666666667
EK202310162361,133.6
EK202310130281,172.63333333333333
EK202310148428,134.3
EK202310163311,140.2
EK202310145526,147.5
EK202310235374,135.86666666666667
EK202310156223,147.16666666666666
EK202310151269,134.8
EK202310150741,144.33333333333334
EK202310225372,155.8
EK202310133344,141.5
EK202310127071,132.43333333333334
EK202310152237,155.96666666666667
EK202310244229,135.6
EK202310167190,142.13333333333333
EK202310154488,157.0
EK202310211108,135.53333333333333
EK202310114416,151.4
EK202310222978,173.26666666666668
EK202310187337,166.76666666666668
EK202310195712,175.86666666666667
EK202310176238,161.53333333333333
EK202310204719,146.2
EK202310184298,141.46666666666667
EK202310215525,144.5
EK202310154861,134.33333333333334
EK202310200739,122.86666666666666
EK202310242424,131.03333333333333
EK202310247300,127.73333333333333
EK202310116475,137.66666666666666
EK202310225458,129.46666666666667
EK202310126918,154.56666666666666
EK202310185579,134.73333333333332
EK202310241455,139.33333333333334
EK202310209465,139.73333333333332
EK202310142842,140.53333333333333
EK202310185122,153.96666666666667
EK202310223530,134.6
EK202310188514,148.53333333333333
EK202310171731,136.7
EK202310130376,146.23333333333332
EK202310222189,128.13333333333333
EK202310106430,142.46666666666667
EK202310127369,140.03333333333333
EK202310236443,130.2
EK202310182405,153.5
EK202310210187,133.7
EK202310116888,136.83333333333334
EK202310173132,162.4
EK202310108743,134.0
EK202310125006,133.6
EK202310213574,135.7
EK202310165356,143.96666666666667
EK202310149418,160.4
EK202310198882,129.36666666666667
EK202310231320,145.8
EK202310205653,138.06666666666666
EK202310198599,130.5
EK202310199963,138.2
EK202310173699,145.6
EK202310245726,135.96666666666667
EK202320006040,160.33333333333334
EK202310154743,152.8
EK202310188160,129.66666666666666
EK202310214367,164.5
EK202310103702,130.2
EK202310127965,147.26666666666668
EK202310203245,156.36666666666667
EK202310139888,142.63333333333333
EK202310108972,147.0
EK202310004612,139.6
EK202310143552,139.86666666666667
EK202310120024,151.03333333333333
EK202310221518,150.66666666666666
EK202310180966,172.93333333333334
EK202310193489,137.93333333333334
EK202310117005,134.53333333333333
EK202310213271,139.26666666666668
EK202310120394,153.63333333333333
EK202310183259,157.6
EK202310125697,138.33333333333334
EK202310110553,134.76666666666668
EK202310150138,141.53333333333333
EK202310169349,131.03333333333333
EK202310224959,130.36666666666667
EK202310003872,157.4
EK202310189922,151.53333333333333
EK202310196746,160.66666666666666
EK202310189397,145.73333333333332
EK202310154076,141.5
EK202310003409,129.6
EK202310132461,135.46666666666667
EK202310114430,142.36666666666667
EK202310207939,132.66666666666666
EK202310219274,138.76666666666668
EK202310226342,144.03333333333333
EK202310127397,134.3
EK202310237125,124.1
EK202310214068,172.8
EK202310184942,155.93333333333334
EK202310113334,137.5
EK202310121808,133.43333333333334
EK202310134472,139.43333333333334
EK202310213189,139.56666666666666
EK202310200986,129.23333333333332
EK202310183319,134.23333333333332
EK202310138451,134.36666666666667
EK202310134480,134.73333333333332
EK202310248001,151.56666666666666
EK202310215511,150.5
EK202310148692,164.7
EK202310003356,135.6
EK202310186363,150.3
EK202310117649,146.5
EK202310107222,131.0
EK202310140103,137.06666666666666
EK202310162055,150.16666666666666
EK202310160543,142.2
EK202310104526,137.43333333333334
EK202310111072,149.66666666666666
EK202310144115,134.03333333333333
EK202310227753,160.76666666666668
EK202310168401,148.56666666666666
EK202310225278,139.06666666666666
EK202310121727,133.13333333333333
EK202310209068,145.3
EK202310117324,141.63333333333333
EK202310119649,151.73333333333332
EK202310154151,139.06666666666666
EK202310235668,137.1
EK202310197052,140.76666666666668
EK202310133218,144.0
EK202310228623,137.2
EK202310236771,140.3
EK202320007756,147.43333333333334
EK202310123680,140.03333333333333
EK202310153796,135.23333333333332
EK202310184256,166.2
EK202310189360,129.83333333333334
EK202310169170,153.76666666666668
EK202310238568,156.43333333333334
EK202310147463,135.53333333333333
EK202310246348,138.53333333333333
EK202310146645,132.83333333333334
EK202310112043,135.53333333333333
EK202310126693,135.96666666666667
EK202310105633,132.96666666666667
EK202310108187,147.46666666666667
EK202310142659,148.6
EK202310154109,157.66666666666666
EK202310187961,172.1
EK202310138151,141.26666666666668
EK202310145768,133.76666666666668
EK202310204437,135.8
EK202310234444,139.1
EK202310146920,137.0
EK202310191972,158.16666666666666
EK202310135664,135.33333333333334
EK202310136647,167.5
EK202310149136,144.33333333333334
EK202310004755,132.13333333333333
EK202310003806,142.63333333333333
EK202320005862,148.96666666666667
EK202310238222,129.2
EK202310165638,132.03333333333333
EK202310195278,144.9
EK202310191050,138.36666666666667
EK202310165081,174.16666666666666
EK202310141108,139.8
EK202310225501,138.73333333333332
EK202310190006,155.56666666666666
EK202310232901,147.3
EK202310183145,144.16666666666666
EK202310133834,177.03333333333333
EK202310111865,135.76666666666668
EK202310233162,141.26666666666668
EK202310144096,133.8
EK202310241460,158.06666666666666
EK202310148061,150.83333333333334
EK202310123096,138.33333333333334
EK202310168745,134.03333333333333
EK202310232533,138.76666666666668
EK202310238139,136.06666666666666
EK202310107671,153.96666666666667
EK202310003635,139.56666666666666
EK202310160939,147.76666666666668
EK202310165138,138.96666666666667
EK202310177363,149.46666666666667
EK202310140380,146.1
EK202310127640,137.1
EK202310145483,141.73333333333332
EK202310144142,140.53333333333333
EK202310182466,149.06666666666666
EK202310134774,127.83333333333333
EK202310239504,143.9
EK202310179694,135.03333333333333
EK202310105818,143.13333333333333
EK202310206801,147.7
EK202310133427,146.03333333333333
EK202310172349,133.56666666666666
EK202310144166,143.03333333333333
EK202310118960,123.2
EK202310199115,147.8
EK202310213777,152.63333333333333
EK202310232118,137.26666666666668
EK202310204757,145.66666666666666
EK202310241858,148.43333333333334
EK202310204589,159.66666666666666
EK202310224131,137.9
EK202310160384,156.66666666666666
EK202310158733,148.0
EK202310139320,130.93333333333334
EK202310186373,160.0
EK202310207408,150.9
EK202310202032,137.96666666666667
EK202310191726,141.83333333333334
EK202310237659,137.06666666666666
EK202310202929,160.56666666666666
EK202310138221,131.86666666666667
EK202310213944,140.86666666666667
EK202310217592,140.6
EK202310156873,144.8
EK202310154026,124.6
EK202310227896,135.96666666666667
EK202310165724,167.53333333333333
EK202310160534,137.43333333333334
EK202310238733,146.9
EK202310187242,150.66666666666666
EK202310160829,155.33333333333334
EK202310160276,148.96666666666667
EK202310137939,131.2
EK202310200291,132.86666666666667
EK202310238138,131.16666666666666
EK202310217144,146.0
EK202310196491,142.0
EK202320006298,133.1
EK202310228178,129.53333333333333
EK202310138802,136.9
EK202310240713,145.66666666666666
EK202310175243,158.5
EK202310207967,123.7
EK202310107352,139.56666666666666
EK202310211309,139.8
EK202310131783,148.3
EK202310166826,160.86666666666667
EK202310112512,132.73333333333332
EK202310153955,177.53333333333333
EK202310223762,132.86666666666667
EK202310220803,130.46666666666667
EK202310191806,137.96666666666667
EK202310139794,138.26666666666668
EK202310004495,156.26666666666668
EK202310165321,156.06666666666666
EK202310152644,145.56666666666666
EK202310107844,139.46666666666667
EK202310224636,150.73333333333332
EK202310182912,141.56666666666666
EK202310227725,133.66666666666666
EK202310129401,139.4
EK202310132710,129.8
EK202310167591,156.23333333333332
EK202310209362,151.63333333333333
EK202310191553,161.36666666666667
EK202310191129,136.46666666666667
EK202310229273,133.36666666666667
EK202310177141,144.53333333333333
EK202310210987,133.96666666666667
EK202310246808,126.23333333333333
EK202310186424,148.53333333333333
EK202310243671,154.73333333333332
EK202310157978,130.73333333333332
EK202310141176,135.03333333333333
EK202310166632,157.7
EK202310188518,146.76666666666668
EK202310176726,153.8
EK202310232858,159.93333333333334
EK202310203103,139.46666666666667
EK202310172581,144.76666666666668
EK202310129669,136.36666666666667
EK202310149026,152.96666666666667
EK202310151271,141.73333333333332
EK202310164311,134.96666666666667
EK202310193156,137.66666666666666
EK202310183315,150.83333333333334
EK202310129742,166.16666666666666
EK202310244163,143.2
EK202310162820,133.0
EK202310158627,136.2
EK202310195793,139.23333333333332
EK202310243898,171.76666666666668
EK202310211036,135.93333333333334
EK202310231066,134.4
EK202310188792,156.23333333333332
EK202310181166,152.73333333333332
EK202310240476,136.7
EK202310197771,162.36666666666667
EK202310141037,163.93333333333334
EK202310204780,140.6
EK202310191058,151.63333333333333
EK202310173228,141.63333333333333
EK202310197491,139.0
EK202310156720,144.53333333333333
EK202310244219,143.6
EK202310119128,146.46666666666667
EK202310241327,163.26666666666668
EK202310152238,134.73333333333332
EK202310179839,138.4
EK202310238196,139.7
EK202310153091,177.06666666666666
EK202320006753,157.86666666666667
EK202310123570,137.7
EK202310163341,128.13333333333333
EK202310162440,137.1
EK202310151053,142.23333333333332
EK202310188188,168.76666666666668
EK202310127289,139.16666666666666
EK202310248374,138.2
EK202310167393,149.03333333333333
EK202310192930,133.73333333333332
EK202310113187,152.8
EK202310174516,165.03333333333333
EK202310187588,142.83333333333334
EK202320007750,137.26666666666668
EK202310189741,175.63333333333333
EK202310174859,145.76666666666668
EK202310195086,165.8
EK202310183873,175.7
EK202310171631,144.6
EK202310123283,135.26666666666668
EK202320006306,179.86666666666667
EK202310139834,129.16666666666666
EK202310239785,144.06666666666666
EK202310153276,142.13333333333333
EK202310180328,164.26666666666668
EK202310207645,163.2
EK202310130192,163.5
EK202310154977,143.73333333333332
EK202310139793,129.86666666666667
EK202310243107,142.03333333333333
EK202310209482,149.53333333333333
EK202310241115,130.86666666666667
EK202310214880,141.03333333333333
EK202310240253,131.4
EK202310226088,149.96666666666667
EK202320006633,183.86666666666667
EK202310245104,159.3
EK202310112870,153.56666666666666
EK202310161734,146.3
EK202310225927,141.0
EK202310145336,152.73333333333332
EK202310137212,139.4
EK202310190306,144.43333333333334
EK202310172851,157.06666666666666
EK202310231101,135.76666666666668
EK202310212990,131.1
EK202310122658,137.6
EK202310176278,151.03333333333333
EK202310200882,142.66666666666666
EK202310152325,140.13333333333333
EK202310151272,150.63333333333333
EK202310194215,175.63333333333333
EK202310185678,148.53333333333333
EK202310243281,142.73333333333332
EK202310120514,140.03333333333333
EK202310126433,131.76666666666668
EK202310122944,138.3
EK202310236394,138.03333333333333
EK202310218087,154.56666666666666
EK202310151593,158.16666666666666
EK202310110201,152.93333333333334
EK202310131708,146.8
EK202310111333,133.56666666666666
EK202310183969,136.43333333333334
EK202310161113,162.66666666666666
EK202310184302,144.66666666666666
EK202310152148,148.93333333333334
EK202310236146,127.5
EK202310229823,148.73333333333332
EK202310133950,171.13333333333333
EK202310176959,140.8
EK202310003859,174.16666666666666
EK202310185070,157.53333333333333
EK202310004826,155.53333333333333
EK202310192593,131.8
EK202310212457,132.66666666666666
EK202310133750,135.83333333333334
EK202320007484,158.66666666666666
EK202310190675,157.86666666666667
EK202310129882,158.8
EK202310216142,131.93333333333334
EK202310197446,162.06666666666666
EK202310243332,150.43333333333334
EK202310139113,157.16666666666666
EK202320007314,166.73333333333332
EK202310192244,149.23333333333332
EK202310209792,133.8
EK202310218921,129.23333333333332
EK202310128700,136.4
EK202310219548,130.93333333333334
EK202310230864,134.5
EK202310141941,149.3
EK202310206423,149.83333333333334
EK202310188250,135.06666666666666
EK202310180278,133.86666666666667
EK202310123620,137.13333333333333
EK202310180928,129.86666666666667
EK202310148298,132.4
EK202310124265,133.93333333333334
EK202310125883,141.9
EK202310128123,127.5
EK202310234185,129.0
EK202310141809,163.7
EK202310125724,136.86666666666667
EK202320006085,152.93333333333334
EK202310232099,140.6
EK202310193331,154.66666666666666
EK202310205400,144.0
EK202310160975,133.3
EK202310203863,143.53333333333333
EK202310126413,136.16666666666666
EK202310118450,154.03333333333333
EK202310133563,141.2
EK202310239448,128.36666666666667
EK202310114694,141.43333333333334
EK202310158288,179.33333333333334
EK202310122422,141.03333333333333
EK202310235320,135.4
EK202310201960,133.1
EK202310194645,146.4
EK202310214962,161.46666666666667
EK202310247868,161.0
EK202310126826,145.93333333333334
EK202310120690,152.6
EK202320006557,170.23333333333332
EK202310224482,131.6
EK202310188666,139.1
EK202310167967,155.3
EK202310240200,138.1
EK202310183867,144.8
EK202310195682,136.7
EK202310108034,169.33333333333334
EK202310143324,142.7
EK202310139977,145.6
EK202310134578,147.53333333333333
EK202310003485,137.63333333333333
EK202310127332,141.93333333333334
EK202310195959,139.33333333333334
EK202310173389,138.93333333333334
EK202310120326,121.16666666666667
EK202310228101,137.6
EK202310194577,146.3
EK202310230845,148.53333333333333
EK202310144430,120.76666666666667
EK202310155784,143.2
EK202310160254,148.8
EK202310118458,138.5
EK202310134107,156.13333333333333
EK202310247672,154.6
EK202310233715,128.73333333333332
EK202310192802,160.76666666666668
EK202310226073,133.63333333333333
EK202310112128,159.96666666666667
EK202310214142,168.66666666666666
EK202310205070,144.7
EK202310191656,146.23333333333332
EK202310108700,139.36666666666667
EK202310121333,161.36666666666667
EK202310153942,132.1
EK202310228151,142.96666666666667
EK202310185062,153.4
EK202310133213,159.3
EK202310242233,146.33333333333334
EK202310143796,133.83333333333334
EK202310202444,146.5
EK202310166800,150.13333333333333
EK202310191020,138.76666666666668
EK202310122069,124.93333333333334
EK202310221793,154.46666666666667
EK202310235848,153.7
EK202310205016,137.73333333333332
EK202310119021,158.16666666666666
EK202310222995,159.23333333333332
EK202310114479,135.9
EK202310182453,146.63333333333333
EK202310143133,149.03333333333333
EK202310175194,133.33333333333334
EK202310144671,158.76666666666668
EK202310245023,154.26666666666668
EK202310144979,134.43333333333334
EK202310235216,144.53333333333333
EK202310247586,126.13333333333334
EK202310105223,150.7
EK202310163741,171.1
EK202310141732,145.43333333333334
EK202310142505,139.13333333333333
EK202310131799,145.46666666666667
EK202310209090,139.26666666666668
EK202310159139,142.66666666666666
EK202310214093,134.53333333333333
EK202310199515,142.33333333333334
EK202310228095,137.7
EK202310173578,137.36666666666667
EK202310170010,149.0
EK202310164861,144.16666666666666
EK202310167580,151.0
EK202310225936,126.76666666666667
EK202310147008,141.33333333333334
EK202310187537,149.56666666666666
EK202310170479,159.53333333333333
EK202310238268,138.36666666666667
EK202310231268,137.63333333333333
EK202310167280,157.36666666666667
EK202310203266,135.53333333333333
EK202310179810,129.83333333333334
EK202310107445,140.8
EK202310107969,151.13333333333333
EK202310127481,135.06666666666666
EK202310180706,133.96666666666667
EK202310125230,135.9
EK202310127751,141.83333333333334
EK202310172588,158.8
EK202310202984,162.63333333333333
EK202310104212,132.6
EK202310106923,141.06666666666666
EK202310147971,145.53333333333333
EK202310243146,136.13333333333333
EK202310171023,136.13333333333333
EK202310109775,160.13333333333333
EK202310205700,136.2
EK202310143997,134.33333333333334
EK202310132126,142.43333333333334
EK202310127316,175.73333333333332
EK202310107147,125.26666666666667
EK202310151185,158.56666666666666
EK202310228200,127.03333333333333
EK202310117856,152.26666666666668
EK202320005717,146.0
EK202310129616,149.86666666666667
EK202310232791,145.73333333333332
EK202310243834,146.63333333333333
EK202310246208,139.66666666666666
EK202310160233,163.26666666666668
EK202310149219,139.93333333333334
EK202310108589,148.23333333333332
EK202310204725,141.63333333333333
EK202310243502,140.56666666666666
EK202310114320,136.1
EK202310202291,136.1
EK202310237771,142.46666666666667
EK202310216760,148.0
EK202310244222,147.7
EK202310113733,157.7
EK202310138119,136.36666666666667
EK202310219085,149.73333333333332
EK202310153944,134.6
EK202310161644,166.46666666666667
EK202310204382,140.83333333333334
EK202310229663,128.96666666666667
EK202310156198,139.3
EK202310148211,137.06666666666666
EK202310152274,138.2
EK202310197042,138.33333333333334
EK202310163556,137.76666666666668
EK202310197960,170.13333333333333
EK202310232731,131.23333333333332
EK202310147947,140.9
EK202310144176,129.8
EK202310237272,145.3
EK202310195596,130.8
EK202310231682,143.8
EK202310114178,134.9
EK202310165798,130.13333333333333
EK202310177163,151.36666666666667
EK202310161995,168.83333333333334
EK202310130803,124.86666666666666
EK202310225601,137.03333333333333
EK202310139718,145.66666666666666
EK202310146622,134.73333333333332
EK202310113181,127.6
EK202310179401,180.46666666666667
EK202310202908,143.9
EK202310171925,135.06666666666666
EK202310136543,133.46666666666667
EK202310119266,138.6
EK202310144770,149.33333333333334
EK202310217594,139.2
EK202310224918,146.4
EK202310116728,139.13333333333333
EK202310136368,150.06666666666666
EK202310242872,140.03333333333333
EK202310226098,134.03333333333333
EK202310243029,139.23333333333332
EK202310234838,138.6
EK202310103797,150.73333333333332
EK202310159666,133.5
EK202310234494,135.33333333333334
EK202310134806,135.13333333333333
EK202310191437,141.46666666666667
EK202310125110,137.53333333333333
EK202310217366,150.0
EK202310191101,138.7
EK202310179382,148.13333333333333
EK202310137469,138.33333333333334
EK202310137658,142.43333333333334
EK202310134629,134.46666666666667
EK202310104525,133.43333333333334
EK202310151444,162.06666666666666
EK202310237636,149.23333333333332
EK202310143439,131.06666666666666
EK202310149845,145.66666666666666
EK202310128851,149.46666666666667
EK202310237330,136.26666666666668
EK202310117295,141.63333333333333
EK202310243270,135.23333333333332
EK202310187106,142.76666666666668
EK202310137652,138.0
EK202310217947,142.33333333333334
EK202310215368,139.73333333333332
EK202310113202,138.96666666666667
EK202310122109,135.13333333333333
EK202310121040,154.23333333333332
EK202310226711,133.36666666666667
EK202310132709,135.83333333333334
EK202310169984,150.9
EK202310198212,142.5
EK202310158003,150.5
EK202310214974,148.76666666666668
EK202310134360,152.93333333333334
EK202310178688,162.8
EK202310171682,159.9
EK202310103768,145.56666666666666
EK202310209555,147.76666666666668
EK202310151086,130.93333333333334
EK202310201836,157.2
EK202310174895,149.86666666666667
EK202310138537,137.93333333333334
EK202310111581,139.43333333333334
EK202310219638,148.5
EK202310154214,145.26666666666668
EK202310200463,146.93333333333334
EK202310172356,133.56666666666666
EK202310164996,145.76666666666668
EK202310140375,147.23333333333332
EK202310216009,131.33333333333334
EK202310113207,126.76666666666667
EK202310132100,164.9
EK202310126863,143.76666666666668
EK202310146868,135.16666666666666
EK202310108177,163.13333333333333
EK202310166280,163.7
EK202310182008,179.53333333333333
EK202310162197,127.5
EK202310147752,137.13333333333333
EK202310003947,132.86666666666667
EK202310176472,133.63333333333333
EK202310234387,138.06666666666666
EK202310170022,134.5
EK202310171056,133.8
EK202310180973,162.43333333333334
EK202310166464,135.66666666666666
EK202310123184,126.2
EK202310192128,145.16666666666666
EK202310207232,135.23333333333332
EK202310133397,138.5
EK202310113037,137.26666666666668
EK202320007617,156.76666666666668
EK202310128691,129.23333333333332
EK202310234443,131.16666666666666
EK202310163599,141.86666666666667
EK202310124529,148.3
EK202310195861,137.7
EK202310004652,141.2
EK202310128598,148.56666666666666
EK202310219754,154.5
EK202310153907,142.93333333333334
EK202310210564,154.4
EK202310119285,138.43333333333334
EK202310236273,129.1
EK202310205597,159.7
EK202310232930,132.16666666666666
EK202310191886,158.96666666666667
EK202310236382,127.7
EK202310174764,153.93333333333334
EK202310105490,149.03333333333333
EK202310177012,177.83333333333334
EK202310128378,149.13333333333333
EK202310165398,149.16666666666666
EK202310142395,151.6
EK202310220861,138.76666666666668
EK202310209523,144.9
EK202310122997,134.16666666666666
EK202310205282,142.76666666666668
EK202310131435,159.53333333333333
EK202310203906,135.6
EK202310236413,133.63333333333333
EK202310156951,161.9
EK202310106622,143.56666666666666
EK202310189975,151.5
EK202310225784,132.6
EK202310219294,130.53333333333333
EK202310105442,141.83333333333334
EK202310132208,138.86666666666667
EK202310105616,134.3
EK202310174736,126.3
EK202310196913,156.73333333333332
EK202310137961,131.86666666666667
EK202310176163,162.93333333333334
EK202310110032,138.33333333333334
EK202310157504,131.66666666666666
EK202310233635,135.23333333333332
EK202310248436,137.56666666666666
EK202310202168,127.1
EK202310155766,128.66666666666666
EK202310139190,134.16666666666666
EK202310178893,145.43333333333334
EK202310194060,170.7
EK202310118567,137.43333333333334
EK202310127903,136.56666666666666
EK202310236053,135.83333333333334
EK202310156969,152.83333333333334
EK202310113094,148.36666666666667
EK202310117682,138.06666666666666
EK202310175150,129.16666666666666
EK202310190181,134.5
EK202310144477,155.9
EK202310167953,158.33333333333334
EK202310123207,144.06666666666666
EK202310211120,136.36666666666667
EK202310158476,144.76666666666668
EK202310245986,135.26666666666668
EK202310141979,148.83333333333334
EK202310210627,143.93333333333334
EK202310131358,137.76666666666668
EK202310108863,135.13333333333333
EK202310106507,159.9
EK202310219636,142.4
EK202310206075,161.33333333333334
EK202310164374,158.36666666666667
EK202310247640,140.13333333333333
EK202310128033,164.33333333333334
EK202310202213,154.73333333333332
EK202320007199,145.26666666666668
EK202310148351,141.03333333333333
EK202310167191,156.93333333333334
EK202310191728,138.8
EK202310200275,143.83333333333334
EK202310240207,146.16666666666666
EK202310169132,149.8
EK202310144609,152.83333333333334
EK202310198534,147.53333333333333
EK202310117322,133.7
EK202310111311,149.0
EK202310132198,134.7
EK202310123213,138.46666666666667
EK202310175579,147.1
EK202310179611,171.16666666666666
EK202310162505,145.03333333333333
EK202310192578,140.46666666666667
EK202310106746,152.7
EK202310131965,137.06666666666666
EK202310193615,139.16666666666666
EK202310196394,163.26666666666668
EK202310219201,127.23333333333333
EK202310223123,145.13333333333333
EK202310193426,140.33333333333334
EK202310118739,156.5
EK202310106117,136.3
EK202310104981,149.16666666666666
EK202310210450,135.5
EK202310174407,135.13333333333333
EK202310104567,136.93333333333334
EK202310127432,138.3
EK202320005737,138.33333333333334
EK202310191941,148.53333333333333
EK202310153855,134.56666666666666
EK202310207694,145.36666666666667
EK202310227244,134.5
EK202310153520,140.06666666666666
EK202310160923,151.46666666666667
EK202310105321,140.76666666666668
EK202310134289,152.1
EK202310221860,145.36666666666667
EK202310127051,132.33333333333334
EK202310004011,132.63333333333333
EK202310106438,137.43333333333334
EK202310223885,135.3
EK202310147175,149.73333333333332
EK202310172305,139.46666666666667
EK202310233355,129.6
EK202310175639,139.16666666666666
EK202310119187,144.9
EK202310208266,143.8
EK202310218780,142.56666666666666
EK202310208314,135.6
EK202310231800,136.6
EK202310128055,158.7
EK202310239898,134.76666666666668
EK202310216957,139.13333333333333
EK202310209441,130.1
EK202310123208,151.16666666666666
EK202310209923,139.93333333333334
EK202310133751,155.66666666666666
EK202310245312,136.56666666666666
EK202310115764,152.2
EK202310207764,135.3
EK202310240599,159.9
EK202310147315,137.83333333333334
EK202310131500,131.43333333333334
EK202310176669,148.43333333333334
EK202310123945,146.23333333333332
EK202310209731,133.26666666666668
EK202310144605,149.9
EK202310122549,124.16666666666667
EK202310145497,147.63333333333333
EK202310140293,135.3
EK202310139650,138.7
EK202310157829,133.56666666666666
EK202310106995,146.93333333333334
EK202310124413,175.33333333333334
EK202310214088,145.7
EK202310164191,148.66666666666666
EK202310226197,129.93333333333334
EK202310004226,154.56666666666666
EK202310108441,127.16666666666667
EK202310135386,145.83333333333334
EK202310129306,167.23333333333332
EK202310235944,137.6
EK202310247944,132.3
EK202310165677,139.73333333333332
EK202310199534,146.93333333333334
EK202310126380,135.1
EK202310154011,144.03333333333333
EK202310132506,174.36666666666667
EK202310108076,152.4
EK202310160457,151.96666666666667
EK202310208714,149.96666666666667
EK202310154569,133.66666666666666
EK202310144642,138.13333333333333
EK202310190051,173.0
EK202310117172,142.3
EK202310177405,159.4
EK202310213301,147.46666666666667
EK202310137198,152.06666666666666
EK202310151042,139.06666666666666
EK202310168461,148.53333333333333
EK202310243164,146.8
EK202310179023,144.1
EK202310160904,152.83333333333334
EK202310171189,147.8
EK202310239158,135.8
EK202310167988,144.26666666666668
EK202310226837,154.16666666666666
EK202310135580,141.7
EK202310246488,144.2
EK202310003762,145.6
EK202310134904,143.2
EK202310136330,138.36666666666667
EK202310217816,137.6
EK202310122041,142.23333333333332
EK202310246474,141.9
EK202310157040,147.63333333333333
EK202310198401,154.46666666666667
EK202310117127,137.76666666666668
EK202310105754,148.16666666666666
EK202310166261,136.7
EK202310168044,155.23333333333332
EK202310220538,132.73333333333332
EK202310139280,139.83333333333334
EK202310135523,150.0
EK202310236682,155.36666666666667
EK202310244877,135.36666666666667
EK202310107483,142.36666666666667
EK202310175451,132.86666666666667
EK202310180461,149.8
EK202310144697,131.1
EK202310123532,132.5
EK202310123754,145.2
EK202310206309,154.76666666666668
EK202310239121,133.03333333333333
EK202310104310,146.66666666666666
EK202310211761,152.1
EK202310191013,157.46666666666667
EK202310240312,152.56666666666666
EK202310217200,145.46666666666667
EK202310114563,142.93333333333334
EK202310161367,126.6
EK202310144122,141.43333333333334
EK202310212504,141.63333333333333
EK202310177497,150.76666666666668
EK202310236237,139.7
EK202310198587,151.16666666666666
EK202310163062,156.9
EK202310164746,138.5
EK202310201875,142.3
EK202310172081,144.93333333333334
EK202310239571,147.26666666666668
EK202310135582,138.8
EK202310168412,144.76666666666668
EK202310207958,147.3
EK202310192851,152.5
EK202310192868,135.4
EK202310240745,162.46666666666667
EK202320007142,145.63333333333333
EK202310242152,153.73333333333332
EK202310158334,165.16666666666666
EK202310202840,148.13333333333333
EK202310135210,151.8
EK202310140844,158.96666666666667
EK202310231684,129.0
EK202310220876,140.93333333333334
EK202310135369,149.53333333333333
EK202310163963,154.23333333333332
EK202310126679,136.1
EK202310162655,156.76666666666668
EK202310154642,141.96666666666667
EK202310178024,136.46666666666667
EK202310168498,144.5
EK202310220365,135.76666666666668
EK202310111380,138.16666666666666
EK202310152697,157.6
EK202310246759,147.36666666666667
EK202310111419,143.13333333333333
EK202310218578,136.26666666666668
EK202310110262,126.36666666666666
EK202310112025,171.9
EK202310219733,137.93333333333334
EK202310188715,156.16666666666666
EK202310120824,165.7
EK202310115460,146.3
EK202310243920,140.53333333333333
EK202310177399,153.2
EK202310187981,149.46666666666667
EK202310245247,136.8
EK202310121751,135.43333333333334
EK202310157398,142.4
EK202310146316,142.03333333333333
EK202310147009,154.36666666666667
EK202310186969,150.16666666666666
EK202310137065,159.9
EK202310121746,135.1
EK202310156291,155.96666666666667
EK202310214011,156.9
EK202310214233,134.4
EK202310119619,139.46666666666667
EK202310179742,139.9
EK202310182000,148.1
EK202310200585,139.53333333333333
EK202310152222,149.96666666666667
EK202310149190,164.83333333333334
EK202310187819,148.86666666666667
EK202310124003,175.8
EK202310201545,140.76666666666668
EK202310171385,143.33333333333334
EK202310238751,132.43333333333334
EK202310140367,127.6
EK202310237130,153.13333333333333
EK202310198345,146.16666666666666
EK202310247133,136.66666666666666
EK202310137734,127.66666666666667
EK202310148474,142.66666666666666
EK202310150325,150.9
EK202310208250,135.33333333333334
EK202310232333,139.3
EK202310226045,131.43333333333334
EK202310158994,151.23333333333332
EK202310198109,163.56666666666666
EK202310193685,139.9
EK202310178796,172.53333333333333
EK202310168028,137.43333333333334
EK202310106830,131.8
EK202310181540,144.6
EK202310182066,147.9
EK202310206663,139.8
EK202310219839,166.5
EK202310201710,157.2
EK202310187487,141.0
EK202310202274,144.13333333333333
EK202310137558,134.53333333333333
EK202310190906,136.06666666666666
EK202310223424,156.2
EK202310178941,132.5
EK202310184440,138.33333333333334
EK202310155782,133.83333333333334
EK202310122432,140.53333333333333
EK202310182848,127.03333333333333
EK202310164226,145.1
EK202310173490,135.5
EK202310213090,136.3
EK202310153722,166.06666666666666
EK202310173472,156.43333333333334
EK202310167875,141.2
EK202310133234,129.66666666666666
EK202310223308,125.0
EK202310205100,139.36666666666667
EK202310198402,122.4
EK202310110225,152.33333333333334
EK202310171586,141.96666666666667
EK202310122356,144.7
EK202310163392,125.7
EK202310183719,157.06666666666666
EK202310003951,153.0
EK202310138515,147.03333333333333
EK202310170831,139.5
EK202310133182,125.9
EK202310111516,146.86666666666667
EK202310125263,132.06666666666666
EK202310240055,145.86666666666667
EK202310180483,147.73333333333332
EK202310204716,128.36666666666667
EK202310187018,138.1
EK202310158527,155.43333333333334
EK202310122260,152.66666666666666
EK202310234650,136.83333333333334
EK202310144474,132.83333333333334
EK202310237894,131.46666666666667
EK202310106091,140.7
EK202310188317,143.36666666666667
EK202310158850,142.2
EK202310186426,153.76666666666668
EK202310169750,142.36666666666667
EK202310206676,163.2
EK202310155928,149.4
EK202310230978,133.56666666666666
EK202310233369,132.63333333333333
EK202310129476,141.76666666666668
EK202310133048,140.26666666666668
EK202310165488,152.66666666666666
EK202310143637,181.0
EK202310214266,136.86666666666667
EK202310126225,138.16666666666666
EK202310152458,159.93333333333334
EK202310223231,138.43333333333334
EK202310120167,139.5
EK202310143015,147.2
EK202310158308,150.9
EK202310173081,135.16666666666666
EK202310189028,142.1
EK202310132273,165.93333333333334
EK202310128353,139.0
EK202310174810,150.03333333333333
EK202310239062,155.26666666666668
EK202310120641,131.0
EK202310244227,147.23333333333332
EK202310118757,131.3
EK202310129075,133.36666666666667
EK202310224814,135.23333333333332
EK202310004731,132.13333333333333
EK202310156915,164.3
EK202310115641,133.3
EK202310118147,169.26666666666668
EK202310248390,151.43333333333334
EK202310218403,128.5
EK202310155441,152.23333333333332
EK202310230283,137.46666666666667
EK202310162794,155.63333333333333
EK202310182211,178.46666666666667
EK202310143073,155.7
EK202310177848,151.9
EK202310003966,145.73333333333332
EK202310194839,150.5
EK202310233597,146.7
EK202310160959,143.76666666666668
EK202310225528,139.26666666666668
EK202310108255,139.46666666666667
EK202310166709,134.93333333333334
EK202310203616,149.6
EK202310189898,149.76666666666668
EK202310135324,159.16666666666666
EK202310183856,163.16666666666666
EK202310178334,152.4
EK202310112277,142.93333333333334
EK202310116332,135.66666666666666
EK202310174408,143.33333333333334
EK202310225395,142.46666666666667
EK202310179921,154.63333333333333
EK202310136896,137.43333333333334
EK202310246946,145.6
EK202310132878,137.96666666666667
EK202310132936,133.43333333333334
EK202310117215,135.83333333333334
EK202310194744,138.9
EK202310239667,142.43333333333334
EK202310137081,147.66666666666666
EK202310195120,148.53333333333333
EK202310244943,137.9
EK202310216463,139.53333333333333
EK202310175023,152.53333333333333
EK202310123452,144.73333333333332
EK202310120759,134.43333333333334
EK202310200555,137.73333333333332
EK202310183159,139.76666666666668
EK202310237119,141.76666666666668
EK202310241465,133.06666666666666
EK202310185913,151.03333333333333
EK202310207534,147.3
EK202310158605,163.16666666666666
EK202310193608,137.0
EK202310238219,150.36666666666667
EK202310142209,153.83333333333334
EK202310158659,134.73333333333332
EK202310196102,155.76666666666668
EK202310244335,133.53333333333333
EK202310151300,146.83333333333334
EK202310135647,144.56666666666666
EK202310208600,141.33333333333334
EK202320006689,155.66666666666666
EK202310208813,147.83333333333334
EK202310154438,139.93333333333334
EK202310165804,142.23333333333332
EK202310124724,138.93333333333334
EK202320005923,170.9
EK202310193868,137.63333333333333
EK202310243558,146.8
EK202310213393,126.63333333333334
EK202310142913,151.23333333333332
EK202310168870,177.7
EK202310246882,152.76666666666668
EK202310123829,137.06666666666666
EK202310125993,139.1
EK202310148678,138.36666666666667
EK202310214338,136.9
EK202310118609,137.7
EK202310223350,159.9
EK202310161314,141.83333333333334
EK202310172634,169.0
EK202310218585,150.86666666666667
EK202310004027,144.16666666666666
EK202310177913,137.7
EK202310195749,133.46666666666667
EK202310176453,136.86666666666667
EK202310213885,147.8
EK202310137118,147.8
EK202310219450,134.43333333333334
EK202310228378,155.56666666666666
EK202310157141,150.26666666666668
EK202310131718,167.76666666666668
EK202310165083,144.76666666666668
EK202310004821,133.23333333333332
EK202310115195,148.13333333333333
EK202310179460,140.0
EK202310204918,144.43333333333334
EK202310126066,133.33333333333334
EK202310147822,153.83333333333334
EK202310233974,138.36666666666667
EK202310152337,160.0
EK202310121597,151.73333333333332
EK202310113315,134.1
EK202310172487,167.73333333333332
EK202310208865,143.23333333333332
EK202310178856,132.1
EK202310163216,150.33333333333334
EK202310192275,136.2
EK202310123629,156.43333333333334
EK202310118365,151.3
EK202310205626,161.36666666666667
EK202310197305,135.03333333333333
EK202310168104,132.46666666666667
EK202310147731,166.86666666666667
EK202310202905,145.96666666666667
EK202310240860,152.3
EK202310003646,153.13333333333333
EK202310241992,134.36666666666667
EK202310139823,141.1
EK202310229599,140.8
EK202310183516,165.0
EK202310224914,132.0
EK202310191077,153.6
EK202320006964,172.0
EK202310237895,129.43333333333334
EK202310176057,138.5
EK202310165954,140.06666666666666
EK202310122162,135.73333333333332
EK202310126238,132.16666666666666
EK202310121795,153.2
EK202310161976,154.06666666666666
EK202310191508,141.5
EK202310176644,132.03333333333333
EK202310152467,157.26666666666668
EK202310219240,143.46666666666667
EK202310208125,144.2
EK202310159439,153.26666666666668
EK202310112020,150.13333333333333
EK202310131152,150.13333333333333
EK202310231176,134.03333333333333
EK202310119600,160.66666666666666
EK202310142740,168.5
EK202310190305,138.86666666666667
EK202310181410,148.36666666666667
EK202310195269,137.76666666666668
EK202310154821,135.13333333333333
EK202310247409,145.53333333333333
EK202310146034,137.8
EK202310193073,156.86666666666667
EK202310184666,151.83333333333334
EK202310107982,145.2
EK202310118565,118.13333333333334
EK202310189557,149.03333333333333
EK202310176523,162.8
EK202310199098,177.13333333333333
EK202310192444,156.6
EK202310201510,157.33333333333334
EK202310152404,163.76666666666668
EK202310159084,172.03333333333333
EK202310241360,144.8
EK202310216628,147.93333333333334
EK202310228907,134.86666666666667
EK202310129890,170.16666666666666
EK202310151590,123.3
EK202310145359,129.1
EK202310157050,127.6
EK202310176488,132.8
EK202310130834,134.46666666666667
EK202310209574,149.6
EK202310111176,142.1
EK202310147278,147.93333333333334
EK202310208597,179.26666666666668
EK202310196533,137.06666666666666
EK202310195547,154.83333333333334
EK202310176613,130.2
EK202310164726,149.03333333333333
EK202310243633,149.76666666666668
EK202310196133,136.93333333333334
EK202310147029,152.26666666666668
EK202310218892,149.2
EK202310140920,142.6
EK202310155482,149.76666666666668
EK202310135200,133.46666666666667
EK202310172820,144.3
EK202310105543,130.2
EK202310172387,138.33333333333334
EK202310176697,135.63333333333333
EK202310218951,162.03333333333333
EK202310103784,140.23333333333332
EK202310230023,134.66666666666666
EK202310164692,150.86666666666667
EK202310104542,137.2
EK202310176068,143.1
EK202310244683,139.3
EK202310119149,142.4
EK202310191861,130.33333333333334
EK202310199949,135.96666666666667
EK202310161393,134.8
EK202310125111,148.0
EK202310199054,148.63333333333333
EK202310004487,141.16666666666666
EK202310183184,132.86666666666667
EK202310201897,177.46666666666667
EK202310210681,133.96666666666667
EK202310171699,130.06666666666666
EK202310136344,136.5
EK202310142799,139.63333333333333
EK202310003358,147.5
EK202310177915,143.06666666666666
EK202310233198,148.23333333333332
EK202310180154,134.7
EK202310174450,133.2
EK202310136841,138.0
EK202310121016,150.8
EK202310165032,147.36666666666667
EK202310228963,137.66666666666666
EK202310121559,158.23333333333332
EK202310181916,144.4
EK202310145575,164.43333333333334
EK202310239181,137.33333333333334
EK202310188158,140.53333333333333
EK202310128251,129.56666666666666
EK202310132218,148.76666666666668
EK202310171818,148.5
EK202310104717,140.13333333333333
EK202310166536,168.46666666666667
EK202310165544,148.33333333333334
EK202310106140,135.8
EK202310120542,137.0
EK202310200432,137.63333333333333
EK202310137688,139.76666666666668
EK202310199770,137.4
EK202310151234,142.73333333333332
EK202310239824,145.83333333333334
EK202310109979,136.83333333333334
EK202310222377,126.56666666666666
EK202310129765,166.33333333333334
EK202310004768,131.46666666666667
EK202310161683,147.2
EK202310111657,159.26666666666668
EK202310233223,130.6
EK202310191113,172.9
EK202310133283,142.16666666666666
EK202310196259,154.96666666666667
EK202310180866,133.83333333333334
EK202310219289,134.53333333333333
EK202310195465,168.4
EK202310163110,160.3
EK202310236924,141.93333333333334
EK202310175544,131.23333333333332
EK202310106368,144.43333333333334
EK202310187622,146.26666666666668
EK202310204563,156.63333333333333
EK202310169494,159.7
EK202310151846,152.7
EK202310239299,143.76666666666668
EK202310145012,127.5
EK202310110945,136.7
EK202310198659,139.2
EK202310130369,129.03333333333333
EK202310191235,144.46666666666667
EK202310171717,136.0
EK202310235589,146.1
EK202310114348,138.43333333333334
EK202310232893,152.4
EK202310164789,156.83333333333334
EK202310236042,182.56666666666666
EK202310004445,135.46666666666667
EK202310172245,139.2
EK202310224823,137.13333333333333
EK202310136877,145.06666666666666
EK202310123423,142.3
EK202310153225,155.4
EK202310145756,149.3
EK202310146568,134.2
EK202310163087,141.63333333333333
EK202310245297,173.53333333333333
EK202310209644,149.66666666666666
EK202310140290,134.46666666666667
EK202310221072,145.9
EK202310135414,144.43333333333334
EK202310187378,149.23333333333332
EK202310133530,160.76666666666668
EK202310224364,136.23333333333332
EK202310195517,142.53333333333333
EK202310204169,142.1
EK202310210323,132.5
EK202310200422,135.03333333333333
EK202310151056,132.46666666666667
EK202310227277,137.73333333333332
EK202310247028,142.26666666666668
EK202310180050,144.2
EK202310127868,137.5
EK202310234685,145.3
EK202310223304,132.16666666666666
EK202310222628,124.9
EK202310132162,144.06666666666666
EK202310107313,157.03333333333333
EK202310193034,131.0
EK202320006263,147.46666666666667
EK202310180508,146.83333333333334
EK202310126699,138.83333333333334
EK202310161588,159.56666666666666
EK202310230044,133.43333333333334
EK202310131679,156.3
EK202310130402,152.8
EK202310186216,148.73333333333332
EK202310104460,134.2
EK202310138193,128.76666666666668
EK202310190994,151.3
EK202310235895,149.4
EK202310129828,164.96666666666667
EK202310188700,148.23333333333332
EK202310162187,132.7
EK202310137095,142.26666666666668
EK202310142210,148.76666666666668
EK202310197331,151.83333333333334
EK202310224439,143.66666666666666
EK202310202545,149.23333333333332
EK202310172841,144.4
EK202310185316,151.3
EK202310193096,127.46666666666667
EK202310239366,137.93333333333334
EK202310157680,135.93333333333334
EK202310216245,136.1
EK202310122188,130.96666666666667
EK202310229644,142.76666666666668
EK202310205871,139.5
EK202310215556,142.3
EK202310158679,182.73333333333332
EK202310147755,150.9
EK202310186194,143.83333333333334
EK202310117620,135.76666666666668
EK202310194359,141.96666666666667
EK202310198922,133.46666666666667
EK202310116214,137.36666666666667
EK202310162259,140.53333333333333
EK202310157059,172.13333333333333
EK202310128924,132.36666666666667
EK202310141619,172.73333333333332
EK202310221578,137.86666666666667
EK202310138618,144.53333333333333
EK202310183482,146.5
EK202310152447,139.46666666666667
EK202310237940,131.06666666666666
EK202310150193,137.46666666666667
EK202310183803,164.33333333333334
EK202310111372,138.86666666666667
EK202310201263,145.16666666666666
EK202310124638,150.63333333333333
EK202310178960,144.86666666666667
EK202310210327,135.53333333333333
EK202310201273,155.13333333333333
EK202310222624,139.2
EK202310180840,140.46666666666667
EK202310185078,155.86666666666667
EK202310168572,147.23333333333332
EK202310170490,129.76666666666668
EK202310232989,135.96666666666667
EK202310162228,142.56666666666666
EK202310175459,152.1
EK202310165474,140.6
EK202310243395,151.8
EK202310127631,135.93333333333334
EK202310186924,133.86666666666667
EK202310163431,130.26666666666668
EK202310189463,151.0
EK202310190842,154.43333333333334
EK202310185696,157.23333333333332
EK202310111713,135.23333333333332
EK202310193617,155.93333333333334
EK202310125805,140.0
EK202310151745,142.56666666666666
EK202310175297,131.9
EK202310196724,133.36666666666667
EK202310233146,169.13333333333333
EK202310143125,140.9
EK202310162683,154.03333333333333
EK202310105844,145.03333333333333
EK202310137395,139.53333333333333
EK202310234360,144.9
EK202310169711,144.5
EK202310229840,135.96666666666667
EK202310108815,142.96666666666667
EK202310173350,140.53333333333333
EK202310221654,143.86666666666667
EK202310117503,134.53333333333333
EK202310118377,129.83333333333334
EK202310193948,158.43333333333334
EK202310157293,151.1
EK202310229924,138.16666666666666
EK202310207252,148.46666666666667
EK202310112063,141.83333333333334
EK202310211575,134.96666666666667
EK202310121865,149.03333333333333
EK202310229242,132.96666666666667
EK202310217753,126.03333333333333
EK202310154203,142.76666666666668
EK202310119526,144.03333333333333
EK202310233019,133.43333333333334
EK202310110136,140.9
EK202310136917,144.73333333333332
EK202310232125,143.76666666666668
EK202310195652,153.63333333333333
EK202310003341,154.53333333333333
EK202310172729,144.63333333333333
EK202310106011,160.6
EK202310226908,138.83333333333334
EK202310160952,175.83333333333334
EK202310123901,144.03333333333333
EK202310219883,137.33333333333334
EK202310239294,139.4
EK202310191292,135.46666666666667
EK202310242675,136.6
EK202310159365,137.3
EK202310207357,142.93333333333334
EK202310134219,159.26666666666668
EK202310204692,167.66666666666666
EK202310145833,143.46666666666667
EK202310232367,140.16666666666666
EK202310133942,163.3
EK202310116957,138.03333333333333
EK202310113990,140.9
EK202310110317,139.8
EK202310183678,128.5
EK202310210475,129.03333333333333
EK202310215753,139.7
EK202310172041,151.6
EK202310127368,145.0
EK202310133141,165.83333333333334
EK202310166184,169.3
EK202310123460,135.73333333333332
EK202310159288,172.76666666666668
EK202310224966,152.93333333333334
EK202310169548,129.36666666666667
EK202310157945,164.5
EK202310208906,139.4
EK202320005732,130.33333333333334
EK202310140120,137.86666666666667
EK202310153086,146.83333333333334
EK202310230330,137.46666666666667
EK202310213318,136.16666666666666
EK202310178418,152.33333333333334
EK202310155143,144.06666666666666
EK202310183350,149.63333333333333
EK202310171243,163.86666666666667
EK202310241995,152.73333333333332
EK202310166956,139.8
EK202310239455,152.63333333333333
EK202310230110,135.36666666666667
EK202310232654,134.33333333333334
EK202310230579,133.23333333333332
EK202310230165,138.16666666666666
EK202310150438,145.33333333333334
EK202310114432,129.86666666666667
EK202310178701,182.96666666666667
EK202310193862,155.26666666666668
EK202310133458,144.43333333333334
EK202310126585,127.46666666666667
EK202310114949,137.33333333333334
EK202310239835,137.2
EK202310198418,176.53333333333333
EK202310164005,131.86666666666667
EK202310108538,140.93333333333334
EK202310248296,136.0
EK202310164825,123.6
EK202310202468,128.06666666666666
EK202310179750,128.23333333333332
EK202310178078,131.66666666666666
EK202310224170,170.36666666666667
EK202310108711,140.53333333333333
EK202310107024,153.06666666666666
EK202310229155,135.6
EK202310109556,142.16666666666666
EK202310202152,147.3
EK202310237189,144.9
EK202310147644,155.83333333333334
EK202310161108,177.2
EK202310122907,167.03333333333333
EK202310108647,137.96666666666667
EK202310116234,136.5
EK202310180820,142.6
EK202310185427,139.63333333333333
EK202310156227,159.46666666666667
EK202310121246,144.7
EK202310135704,136.0
EK202310225359,134.8
EK202310205195,148.6
EK202310201515,146.06666666666666
EK202310195070,145.63333333333333
EK202310185184,151.2
EK202310233163,129.4
EK202310169236,148.7
EK202310113651,151.63333333333333
EK202310105373,132.96666666666667
EK202310106115,134.23333333333332
EK202310245413,146.73333333333332
EK202310219987,137.8
EK202310142576,141.53333333333333
EK202310158268,135.3
EK202310156894,150.93333333333334
EK202310004886,145.73333333333332
EK202310154420,128.23333333333332
EK202310210832,144.53333333333333
EK202310220049,141.3
EK202310181921,159.3
EK202310201324,152.26666666666668
EK202310191459,131.4
EK202310128368,147.1
EK202310175128,133.56666666666666
EK202310172288,140.73333333333332
EK202310216634,137.4
EK202320007004,188.53333333333333
EK202310244935,128.1
EK202310176831,127.43333333333334
EK202310119255,149.2
EK202310225916,143.13333333333333
EK202310159227,158.26666666666668
EK202310208285,158.3
EK202310139560,168.0
EK202310122710,129.66666666666666
EK202310121289,141.36666666666667
EK202310124642,136.73333333333332
EK202310232850,141.43333333333334
EK202310162749,166.1
EK202310114861,143.46666666666667
EK202310147672,157.3
EK202310146693,133.83333333333334
EK202310229560,133.9
EK202310153109,163.26666666666668
EK202310159133,131.1
EK202310147681,127.26666666666667
EK202310154454,146.3
EK202310215971,135.93333333333334
EK202310176116,139.06666666666666
EK202310108965,150.46666666666667
EK202310117311,132.6
EK202310205689,136.43333333333334
EK202310196959,164.5
EK202310208747,164.96666666666667
EK202310220306,143.53333333333333
EK202310229825,134.83333333333334
EK202310156765,162.0
EK202310123916,141.33333333333334
EK202310208563,147.83333333333334
EK202310176612,140.4
EK202310150270,149.1
EK202310167920,137.1
EK202310004780,135.0
EK202310228392,147.3
EK202310162764,150.03333333333333
EK202310178248,152.06666666666666
EK202310161854,136.16666666666666
EK202310184896,153.33333333333334
EK202310196454,151.43333333333334
EK202310166252,150.3
EK202310224266,134.83333333333334
EK202310228300,156.8
EK202310228517,130.63333333333333
EK202310119762,136.96666666666667
EK202310197634,130.56666666666666
EK202310163433,130.56666666666666
EK202310205791,138.4
EK202310198433,137.83333333333334
EK202310205023,138.6
EK202310139454,132.33333333333334
EK202310201839,142.96666666666667
EK202310197547,163.9
EK202310233724,136.96666666666667
EK202310153252,152.86666666666667
EK202310190922,147.53333333333333
EK202310142523,154.03333333333333
EK202310219846,136.13333333333333
EK202310198901,131.1
EK202310167227,158.6
EK202310111384,132.16666666666666
EK202310136046,157.96666666666667
EK202310214121,140.33333333333334
EK202310118169,144.76666666666668
EK202310183250,140.5
EK202310188579,141.9
EK202310131031,134.5
EK202310104480,150.46666666666667
EK202310239710,148.73333333333332
EK202310234691,141.4
EK202310168972,135.16666666666666
EK202310120008,137.23333333333332
EK202310212233,139.46666666666667
EK202310215929,145.03333333333333
EK202310211484,124.56666666666666
EK202310222506,135.26666666666668
EK202310202763,154.1
EK202310220490,145.26666666666668
EK202310116375,137.93333333333334
EK202310175337,168.86666666666667
EK202310240580,136.76666666666668
EK202310109905,155.4
EK202310192597,145.16666666666666
EK202310114800,132.8
EK202310132205,134.0
EK202310110193,135.73333333333332
EK202310165102,159.36666666666667
EK202310116663,138.0
EK202310218315,145.8
EK202310113156,158.1
EK202310231146,132.6
EK202310180373,142.0
EK202310232424,130.43333333333334
EK202310224878,127.13333333333334
EK202310103830,153.16666666666666
EK202310240706,133.86666666666667
EK202310120776,143.56666666666666
EK202310160117,148.66666666666666
EK202310132998,145.3
EK202310003968,165.03333333333333
EK202310209613,152.23333333333332
EK202310241092,134.43333333333334
EK202310123771,159.03333333333333
EK202310245280,130.0
EK202310244377,131.63333333333333
EK202310109713,174.46666666666667
EK202310228232,146.33333333333334
EK202310148652,139.5
EK202310243472,142.73333333333332
EK202310170765,136.43333333333334
EK202310170088,133.73333333333332
EK202310004315,128.33333333333334
EK202310217178,153.0
EK202310108775,140.83333333333334
EK202310180920,152.5
EK202310246305,144.06666666666666
EK202310206922,167.86666666666667
EK202310167783,154.33333333333334
EK202310129574,138.06666666666666
EK202310174308,138.16666666666666
EK202310161413,169.03333333333333
EK202310148150,153.2
EK202310141044,161.83333333333334
EK202310231588,144.8
EK202310118970,132.46666666666667
EK202310181033,147.3
EK202310194383,145.33333333333334
EK202310183986,168.86666666666667
EK202310150419,148.4
EK202310194684,156.4
EK202310123982,168.3
EK202310167254,136.56666666666666
EK202310170710,129.26666666666668
EK202310112450,142.6
EK202310220586,145.43333333333334
EK202310189665,152.8
EK202310117974,143.43333333333334
EK202310131602,140.63333333333333
EK202310162096,150.06666666666666
EK202310243659,143.96666666666667
EK202310187107,131.43333333333334
EK202310188591,141.23333333333332
EK202310130729,151.66666666666666
EK202310207612,145.73333333333332
EK202310190165,141.56666666666666
EK202310240918,134.7
EK202310138933,134.13333333333333
EK202310124424,126.86666666666666
EK202310207452,126.0
EK202310149692,154.23333333333332
EK202310122269,144.96666666666667
EK202310178206,158.9
EK202310236928,136.66666666666666
EK202310108129,148.7
EK202310242986,138.7
EK202310153555,137.16666666666666
EK202310135472,164.23333333333332
EK202310135151,157.8
EK202310121132,153.23333333333332
EK202310159808,144.46666666666667
EK202310111940,135.73333333333332
EK202310211823,131.63333333333333
EK202310208954,175.06666666666666
EK202310174925,162.23333333333332
EK202310139934,137.4
EK202310128204,131.76666666666668
EK202310207948,136.23333333333332
EK202310194132,143.86666666666667
EK202310213757,133.6
EK202310210438,150.9
EK202310144525,148.2
EK202310125105,140.8
EK202310120299,136.96666666666667
EK202310246727,140.43333333333334
EK202310200847,141.3
EK202310181091,131.63333333333333
EK202310130669,129.56666666666666
EK202310164111,158.6
EK202310141945,148.96666666666667
EK202310238865,165.06666666666666
EK202310107320,136.96666666666667
EK202310220000,139.2
EK202310180826,155.76666666666668
EK202310117534,136.7
EK202310148403,166.53333333333333
EK202310235756,140.06666666666666
EK202310215153,134.36666666666667
EK202310215909,153.43333333333334
EK202310232668,135.5
EK202310169331,160.8
EK202310168151,129.53333333333333
EK202310218890,134.66666666666666
EK202310186779,148.06666666666666
EK202310114858,134.5
EK202310152341,150.43333333333334
EK202310128217,126.56666666666666
EK202310193271,130.26666666666668
EK202310180464,155.83333333333334
EK202310205276,152.3
EK202310125640,129.73333333333332
EK202310141600,148.83333333333334
EK202310141981,170.66666666666666
EK202310167795,150.5
EK202310192334,146.5
EK202310241694,145.63333333333333
EK202310196935,133.9
EK202310180151,133.56666666666666
EK202310106774,134.8
EK202310215027,160.56666666666666
EK202310216078,165.4
EK202310163711,157.46666666666667
EK202310109770,153.63333333333333
EK202310215501,137.36666666666667
EK202310163977,145.46666666666667
EK202320007174,162.7
EK202310205844,142.83333333333334
EK202310139223,135.43333333333334
EK202310244458,143.13333333333333
EK202310131387,159.23333333333332
EK202310143831,135.26666666666668
EK202310147793,135.86666666666667
EK202310219748,136.7
EK202310155389,142.06666666666666
EK202310134466,169.66666666666666
EK202310151903,143.8
EK202310234772,136.96666666666667
EK202310131775,181.86666666666667
EK202310134952,141.63333333333333
EK202310118242,138.26666666666668
EK202310107035,130.3
EK202310131515,143.6
EK202310244132,139.1
EK202310201654,169.36666666666667
EK202310237041,173.26666666666668
EK202310171334,147.53333333333333
EK202310104916,131.86666666666667
EK202310182983,148.6
EK202310164359,145.53333333333333
EK202310112552,147.86666666666667
EK202310201546,129.53333333333333
EK202310202954,133.43333333333334
EK202310134253,145.23333333333332
EK202310004718,144.6
EK202310242169,161.5
EK202310188966,126.63333333333334
EK202310179423,133.73333333333332
EK202310218744,155.23333333333332
EK202310193025,152.16666666666666
EK202310232272,147.46666666666667
EK202310217104,136.23333333333332
EK202310245973,125.86666666666666
EK202310108124,142.1
EK202310195074,166.63333333333333
EK202310177534,164.53333333333333
EK202310220572,136.66666666666666
EK202310176418,148.83333333333334
EK202310159967,143.3
EK202310163800,143.76666666666668
EK202310154402,165.46666666666667
EK202310212424,143.76666666666668
EK202310115194,154.6
EK202310157002,145.83333333333334
EK202310236493,134.7
EK202310209384,145.66666666666666
EK202310153699,134.3
EK202310140162,135.66666666666666
EK202310191690,158.96666666666667
EK202310164321,153.26666666666668
EK202310167679,130.26666666666668
EK202310118401,138.2
EK202320006231,147.6
EK202310158105,139.5
EK202310179352,150.13333333333333
EK202310112735,152.73333333333332
EK202310144319,127.13333333333334
EK202310173893,157.16666666666666
EK202310160526,150.03333333333333
EK202310147338,132.96666666666667
EK202310164737,153.06666666666666
EK202310226429,130.8
EK202310119510,152.36666666666667
EK202310111353,143.86666666666667
EK202310121601,132.3
EK202310138216,136.43333333333334
EK202310222532,145.03333333333333
EK202310138949,134.03333333333333
EK202310214912,152.1
EK202310121057,143.43333333333334
EK202310231318,140.23333333333332
EK202310137231,135.93333333333334
EK202310136824,134.1
EK202310115476,153.43333333333334
EK202310195522,178.16666666666666
EK202310130890,133.63333333333333
EK202310161838,176.73333333333332
EK202310158188,124.76666666666667
EK202310184190,137.26666666666668
EK202310106659,143.36666666666667
EK202310134400,138.63333333333333
EK202310209267,143.83333333333334
EK202310241209,147.6
EK202310214760,135.1
EK202310151809,173.26666666666668
EK202310198002,131.46666666666667
EK202310228621,134.3
EK202310162885,140.4
EK202310133298,155.5
EK202310126484,135.86666666666667
EK202310196380,125.13333333333334
EK202310143373,139.33333333333334
EK202310202385,143.63333333333333
EK202310131648,150.23333333333332
EK202310116966,141.53333333333333
EK202310134410,154.46666666666667
EK202310191544,139.2
EK202310196047,133.93333333333334
EK202310119440,135.56666666666666
EK202310132919,151.03333333333333
EK202310156448,173.66666666666666
EK202310198177,133.1
EK202310148838,146.2
EK202310171364,146.96666666666667
EK202310120500,136.93333333333334
EK202310247151,135.73333333333332
EK202310144904,134.43333333333334
EK202310174989,140.66666666666666
EK202310133355,139.96666666666667
EK202310226353,161.53333333333333
EK202310176858,136.13333333333333
EK202310227114,153.9
EK202310187693,134.93333333333334
EK202310109711,174.26666666666668
EK202310181780,144.73333333333332
EK202310163147,153.76666666666668
EK202310190696,145.26666666666668
EK202310165868,126.46666666666667
EK202310110400,141.1
EK202310135537,162.9
EK202310169217,168.83333333333334
EK202310195878,157.3
EK202310189489,129.96666666666667
EK202310205257,137.6
EK202310239304,164.7
EK202310132417,122.56666666666666
EK202310221095,134.83333333333334
EK202310110398,135.96666666666667
EK202310240389,152.36666666666667
EK202310185614,147.93333333333334
EK202310213110,136.43333333333334
EK202310154463,145.96666666666667
EK202310177140,175.76666666666668
EK202310175268,143.66666666666666
EK202310199152,141.3
EK202310128676,148.26666666666668
EK202310168399,150.96666666666667
EK202310201459,149.9
EK202310235106,152.86666666666667
EK202310232368,135.66666666666666
EK202310127908,132.06666666666666
EK202310182464,141.1
EK202310184852,135.93333333333334
EK202310170955,131.63333333333333
EK202310185265,147.46666666666667
EK202310114431,154.76666666666668
EK202310124741,151.96666666666667
EK202310193561,143.8
EK202310113830,143.66666666666666
EK202310229300,132.63333333333333
EK202310176918,149.86666666666667
EK202310222543,141.1
EK202310240095,144.3
EK202310208448,151.2
EK202310201172,183.63333333333333
EK202310125525,134.33333333333334
EK202310221529,144.1
EK202310120352,147.93333333333334
EK202310140711,140.26666666666668
EK202310211389,141.76666666666668
EK202310124018,166.56666666666666
EK202310143340,130.63333333333333
EK202310180385,139.73333333333332
EK202320006974,166.8
EK202310159693,169.3
EK202310181459,130.8
EK202310182182,147.9
EK202310141048,138.16666666666666
EK202310211604,129.13333333333333
EK202310141173,129.06666666666666
EK202310151648,138.43333333333334
EK202310243583,149.66666666666666
EK202310133700,134.13333333333333
EK202310152960,164.86666666666667
EK202310192543,138.96666666666667
EK202310131141,135.06666666666666
EK202310134377,137.26666666666668
EK202310174653,135.43333333333334
EK202310218574,142.33333333333334
EK202310191005,145.56666666666666
EK202310104855,140.83333333333334
EK202310178218,154.63333333333333
EK202310166318,159.76666666666668
EK202310202248,150.13333333333333
EK202310234490,163.03333333333333
EK202310225442,138.86666666666667
EK202310123331,129.1
EK202310238951,137.7
EK202310114122,137.6
EK202310202645,157.9
EK202310221624,138.1
EK202310147534,159.16666666666666
EK202310197356,159.63333333333333
EK202310222430,143.13333333333333
EK202310225523,131.36666666666667
EK202310177178,143.6
EK202310153665,125.3
EK202310196238,145.63333333333333
EK202310244577,145.5
EK202310172448,156.83333333333334
EK202310225799,137.5
EK202310183968,137.8
EK202310203019,138.2
EK202310109776,136.53333333333333
EK202310111537,146.1
EK202310124731,167.63333333333333
EK202310213643,141.96666666666667
EK202310146267,144.53333333333333
EK202310245701,133.03333333333333
EK202310177157,135.8
EK202310153114,157.6
EK202310004024,173.43333333333334
EK202310240323,136.13333333333333
EK202310116344,137.2
EK202310174344,140.16666666666666
EK202310166165,142.2
EK202310122743,154.83333333333334
EK202310226015,150.03333333333333
EK202310152541,144.66666666666666
EK202310189773,150.2
EK202310232097,144.3
EK202310155304,134.33333333333334
EK202310200289,140.36666666666667
EK202310208997,136.76666666666668
EK202310176430,140.6
EK202310205504,141.2
EK202310241123,157.9
EK202310160664,139.86666666666667
EK202310235837,133.4
EK202310190225,132.86666666666667
EK202310218794,126.33333333333333
EK202310244811,132.86666666666667
EK202310144333,135.4
EK202310134916,145.86666666666667
EK202310133279,149.76666666666668
EK202310230299,129.66666666666666
EK202310181539,148.26666666666668
EK202310137837,144.7
EK202310142434,156.23333333333332
EK202310108559,149.26666666666668
EK202310172173,145.3
EK202310170541,158.6
EK202310106066,139.33333333333334
EK202310242004,136.6
EK202310114374,167.7
EK202310147018,149.5
EK202310193730,152.33333333333334
EK202310155054,145.23333333333332
EK202310211249,134.7
EK202310203058,154.96666666666667
EK202310224924,164.6
EK202310153934,131.33333333333334
EK202310192789,135.36666666666667
EK202310176566,133.06666666666666
EK202310215186,141.73333333333332
EK202310159944,132.1
EK202310209677,132.13333333333333
EK202310137062,142.5
EK202310209003,158.66666666666666
EK202310236143,140.2
EK202310159540,150.6
EK202310141923,152.4
EK202310214900,156.06666666666666
EK202310150311,135.13333333333333
EK202310145121,138.1
EK202310138102,130.9
EK202310195227,156.1
EK202310215003,140.66666666666666
EK202310133345,142.73333333333332
EK202310241621,151.93333333333334
EK202310232734,134.9
EK202310192752,154.36666666666667
EK202310155287,134.0
EK202310230367,141.73333333333332
EK202310204826,143.13333333333333
EK202310217569,174.3
EK202310239151,145.8
EK202310225087,168.8
EK202310142211,173.53333333333333
EK202310143872,162.76666666666668
EK202320006692,144.1
EK202310243470,132.8
EK202310202312,168.66666666666666
EK202310172400,151.86666666666667
EK202310175257,154.83333333333334
EK202310156574,147.46666666666667
EK202310195996,168.66666666666666
EK202310207174,159.0
EK202310221440,152.56666666666666
EK202310229365,138.13333333333333
EK202310184849,137.56666666666666
EK202310186317,153.33333333333334
EK202310122351,130.73333333333332
EK202310147942,152.7
EK202310204767,127.26666666666667
EK202310151776,143.8
EK202310162542,158.33333333333334
EK202310149376,160.36666666666667
EK202310188687,154.7
EK202310126040,139.93333333333334
EK202310132787,129.5
EK202320007196,141.93333333333334
EK202310194184,143.9
EK202310148035,132.66666666666666
EK202310242086,155.6
EK202310158984,146.86666666666667
EK202310123998,171.2
EK202310143322,159.5
EK202310169220,183.3
EK202310163343,124.4
EK202310195035,151.56666666666666
EK202310244095,141.4
EK202310004865,158.1
EK202310202516,160.0
EK202310170156,141.46666666666667
EK202310217210,146.1
EK202310139116,166.56666666666666
EK202310181676,173.1
EK202310117650,140.5
EK202310126117,135.2
EK202310145631,137.16666666666666
EK202310194552,148.93333333333334
EK202310231065,133.23333333333332
EK202310243723,131.43333333333334
EK202310150462,154.4
EK202310175160,143.7
EK202310145549,150.26666666666668
EK202310218100,132.2
EK202310172122,140.76666666666668
EK202310195049,134.66666666666666
EK202310179443,147.9
EK202310149733,154.63333333333333
EK202310115695,127.33333333333333
EK202310149488,135.46666666666667
EK202310154087,163.8
EK202320006192,136.93333333333334
EK202310125278,139.56666666666666
EK202310241332,145.3
EK202310143810,137.93333333333334
EK202310105018,130.36666666666667
EK202310237785,153.1
EK202310223864,161.7
EK202310226433,155.76666666666668
EK202310157972,151.16666666666666
EK202310174015,140.0
EK202310183160,152.9
EK202310191076,161.63333333333333
EK202310172756,134.03333333333333
EK202310104599,130.76666666666668
EK202310238264,148.06666666666666
EK202310127187,141.8
EK202310165833,140.2
EK202310195179,137.9
EK202310153898,146.66666666666666
EK202310170585,144.33333333333334
EK202310245910,131.7
EK202310170174,134.86666666666667
EK202310115207,141.1
EK202310120317,147.83333333333334
EK202310236898,135.83333333333334
EK202310146305,161.8
EK202310112140,143.26666666666668
EK202310143217,136.9
EK202310150540,143.0
EK202310223717,137.7
EK202310219843,140.16666666666666
EK202310198855,135.5
EK202310191446,140.83333333333334
EK202310190334,137.53333333333333
EK202310184752,152.63333333333333
EK202310160416,146.66666666666666
EK202310173011,143.66666666666666
EK202310128863,133.86666666666667
EK202310190262,147.13333333333333
EK202310110902,145.5
EK202310193520,163.2
EK202320006543,146.3
EK202310187711,139.3
EK202310200254,141.63333333333333
EK202310155513,137.1
EK202310180642,147.6
EK202310196569,141.43333333333334
EK202320007271,171.63333333333333
EK202310179403,142.86666666666667
EK202310241241,142.96666666666667
EK202310192182,141.2
EK202310203673,150.9
EK202310163605,141.36666666666667
EK202310108085,142.36666666666667
EK202310195692,156.23333333333332
EK202310190401,150.16666666666666
EK202310192575,141.2
EK202310227513,155.96666666666667
EK202310130882,148.83333333333334
EK202310104224,148.66666666666666
EK202310144297,138.43333333333334
EK202310210525,136.4
EK202320006267,170.13333333333333
EK202310150061,140.86666666666667
EK202310189465,148.23333333333332
EK202310239884,144.63333333333333
EK202310137344,142.0
EK202310212273,138.76666666666668
EK202310205202,173.43333333333334
EK202310147736,144.26666666666668
EK202310138489,161.36666666666667
EK202310169998,157.9
EK202310123563,133.66666666666666
EK202310162573,156.13333333333333
EK202310122865,167.23333333333332
EK202310189811,158.13333333333333
EK202310160895,140.46666666666667
EK202310153256,133.86666666666667
EK202310216969,144.83333333333334
EK202310152260,156.86666666666667
EK202310141709,142.66666666666666
EK202320007373,154.6
EK202310193336,149.33333333333334
EK202310164703,150.13333333333333
EK202310103814,147.86666666666667
EK202310200017,147.5
EK202310218767,137.83333333333334
EK202310188858,146.63333333333333
EK202310192187,155.36666666666667
EK202310194207,147.86666666666667
EK202310130206,166.63333333333333
EK202310110494,151.16666666666666
EK202320006130,160.13333333333333
EK202310211320,135.5
EK202310224161,141.2
EK202310240472,153.03333333333333
EK202310209032,162.86666666666667
EK202310167634,139.66666666666666
EK202310180571,151.2
EK202310229017,140.76666666666668
EK202310131345,149.56666666666666
EK202310138019,132.76666666666668
EK202310004554,140.96666666666667
EK202310132971,135.53333333333333
EK202310141635,152.9
EK202310194247,148.4
EK202310148311,165.06666666666666
EK202310121972,143.8
EK202310142685,145.83333333333334
EK202310106949,137.13333333333333
EK202310163326,157.33333333333334
EK202310220547,129.63333333333333
EK202310104514,143.4
EK202310145431,132.26666666666668
EK202310117273,139.8
EK202310166607,137.43333333333334
EK202310189589,135.53333333333333
EK202310196074,134.9
EK202310153363,144.83333333333334
EK202310162392,141.93333333333334
EK202310229624,136.66666666666666
EK202310195898,151.33333333333334
EK202310219784,134.7
EK202310184116,142.6
EK202310223449,149.6
EK202310163821,163.5
EK202310183192,136.6
EK202310226918,136.2
EK202310154785,154.5
EK202310179367,147.73333333333332
EK202310195531,149.96666666666667
EK202310130452,136.36666666666667
EK202310121734,134.26666666666668
EK202310133991,141.43333333333334
EK202310210591,155.9
EK202310139555,179.3
EK202310228357,145.56666666666666
EK202310125608,133.0
EK202310107185,138.16666666666666
EK202310235572,136.26666666666668
EK202310230158,132.7
EK202310145383,129.53333333333333
EK202310143147,135.8
EK202310164771,154.86666666666667
EK202310144247,140.1
EK202310220979,132.86666666666667
EK202310149131,137.23333333333332
EK202310196632,155.26666666666668
EK202310131051,146.96666666666667
EK202310134659,140.8
EK202310200213,126.9
EK202310146862,138.66666666666666
EK202310188949,154.0
EK202310137016,171.7
EK202310239591,144.33333333333334
EK202310160714,160.86666666666667
EK202310120187,142.16666666666666
EK202310171815,134.23333333333332
EK202310197107,159.86666666666667
EK202310135357,139.3
EK202310139656,112.8
EK202310210779,138.5
EK202310238374,145.13333333333333
EK202310232468,121.73333333333333
EK202310170608,133.7
EK202310161875,152.16666666666666
EK202310154794,141.96666666666667
EK202310178981,143.46666666666667
EK202310115024,128.4
EK202310198317,168.0
EK202310176549,152.83333333333334
EK202310125448,132.06666666666666
EK202310223899,129.9
EK202310240237,133.56666666666666
EK202310194815,162.63333333333333
EK202310245437,153.93333333333334
EK202310109463,148.6
EK202310126220,137.36666666666667
EK202310162672,143.86666666666667
EK202310106706,142.5
EK202310230813,141.43333333333334
EK202310229853,153.13333333333333
EK202310183987,140.86666666666667
EK202310130317,159.0
EK202310104984,148.16666666666666
EK202310174152,143.76666666666668
EK202310228308,142.33333333333334
EK202310111938,140.26666666666668
EK202310191965,173.13333333333333
EK202310125325,131.7
EK202310235246,143.76666666666668
EK202310108851,139.53333333333333
EK202310139648,147.8
EK202310116135,137.93333333333334
EK202310195391,144.2
EK202310139056,147.86666666666667
EK202310201109,138.46666666666667
EK202310247192,166.13333333333333
EK202310119623,162.2
EK202310174223,133.2
EK202310150628,160.86666666666667
EK202310166077,150.0
EK202310178835,146.9
EK202310184672,173.26666666666668
EK202310245587,121.9
EK202310211153,150.7
EK202310148852,134.26666666666668
EK202310237982,135.46666666666667
EK202310212607,142.8
EK202310188439,150.0
EK202310244428,144.63333333333333
EK202310187031,141.5
EK202310114894,146.3
EK202310140044,157.16666666666666
EK202310223861,143.33333333333334
EK202310184954,140.3
EK202310229341,142.2
EK202310193100,139.63333333333333
EK202310154175,139.23333333333332
EK202310103979,149.2
EK202310210100,159.76666666666668
EK202310112422,137.23333333333332
EK202310147941,137.53333333333333
EK202310109450,153.76666666666668
EK202310227736,141.9
EK202310147053,152.53333333333333
EK202310219645,134.56666666666666
EK202310213369,133.33333333333334
EK202310154826,159.33333333333334
EK202310119234,155.06666666666666
EK202310210678,135.63333333333333
EK202310106182,139.56666666666666
EK202310132534,129.26666666666668
EK202310220157,133.03333333333333
EK202310108493,144.4
EK202310192669,177.9
EK202310172385,160.36666666666667
EK202310133787,126.23333333333333
EK202310172222,136.23333333333332
EK202310183649,148.46666666666667
EK202310135892,127.06666666666666
EK202310129170,148.96666666666667
EK202310209741,138.1
EK202310129427,137.56666666666666
EK202310192393,152.36666666666667
EK202310245714,135.4
EK202310130517,132.6
EK202310178411,160.8
EK202310189618,150.66666666666666
EK202310143288,152.93333333333334
EK202310199193,132.96666666666667
EK202310227313,165.43333333333334
EK202310213919,158.36666666666667
EK202310244481,129.53333333333333
EK202310120478,131.66666666666666
EK202310107634,140.76666666666668
EK202310157691,135.66666666666666
EK202310215874,142.76666666666668
EK202310246981,135.23333333333332
EK202310153195,163.36666666666667
EK202310242256,145.73333333333332
EK202310123017,131.0
EK202310205136,158.7
EK202310170231,163.16666666666666
EK202310168120,129.4
EK202310003727,162.8
EK202310217369,153.56666666666666
EK202320006688,153.93333333333334
EK202310230112,134.0
EK202310177152,134.8
EK202310106847,129.76666666666668
EK202310228061,151.43333333333334
EK202310233311,141.73333333333332
EK202310226138,135.26666666666668
EK202310200931,149.1
EK202310219804,142.76666666666668
EK202310141658,148.26666666666668
EK202310207757,134.93333333333334
EK202310147486,155.9
EK202310239005,142.13333333333333
EK202310129712,167.86666666666667
EK202310148369,131.0
EK202310155404,132.53333333333333
EK202310218716,147.33333333333334
EK202310188882,148.33333333333334
EK202310221316,132.86666666666667
EK202310137120,141.3
EK202310217405,139.76666666666668
EK202310149231,145.63333333333333
EK202310174189,133.66666666666666
EK202310138929,138.1
EK202310123610,136.06666666666666
EK202310200717,147.26666666666668
EK202310190751,152.36666666666667
EK202310146784,138.73333333333332
EK202310132879,156.96666666666667
EK202310133709,162.43333333333334
EK202310128722,133.46666666666667
EK202310103790,161.36666666666667
EK202310218931,133.5
EK202310218663,146.2
EK202310247844,162.0
EK202310190812,152.2
EK202310208756,152.7
EK202310156744,142.36666666666667
EK202310228838,144.16666666666666
EK202310136171,134.9
EK202310126151,143.0
EK202310173890,133.23333333333332
EK202310235680,137.7
EK202310156616,177.23333333333332
EK202310134563,160.63333333333333
EK202310211003,129.76666666666668
EK202310185632,153.2
EK202310241758,127.5
EK202310148534,141.4
EK202310182316,141.03333333333333
EK202310191280,160.86666666666667
EK202310129812,155.33333333333334
EK202310004693,134.26666666666668
EK202310172541,175.66666666666666
EK202310201639,141.1
EK202310204202,133.73333333333332
EK202310129486,146.13333333333333
EK202310203423,175.23333333333332
EK202310169919,143.56666666666666
EK202310174297,148.2
EK202310172937,131.96666666666667
EK202310109427,145.33333333333334
EK202310131119,154.6
EK202310151810,161.63333333333333
EK202310137213,132.6
EK202310136572,157.36666666666667
EK202310132184,161.73333333333332
EK202310238825,129.36666666666667
EK202310160725,165.3
EK202310127240,174.03333333333333
EK202310115224,143.8
EK202310127515,125.86666666666666
EK202310130232,152.86666666666667
EK202310176152,126.4
EK202310189265,137.63333333333333
EK202310121845,143.96666666666667
EK202310248808,127.26666666666667
EK202310216603,134.4
EK202310106462,141.8
EK202310186070,146.3
EK202310200271,138.26666666666668
EK202310222232,136.36666666666667
EK202310224303,146.83333333333334
EK202310108205,150.1
EK202310213223,161.73333333333332
EK202320007747,155.0
EK202310195798,145.13333333333333
EK202310172690,135.96666666666667
EK202310139602,155.2
EK202310124892,137.73333333333332
EK202310136630,139.66666666666666
EK202310133236,133.46666666666667
EK202310109780,147.63333333333333
EK202310139773,126.9
EK202310138601,133.26666666666668
EK202310192309,147.53333333333333
EK202310201720,136.6
EK202310246040,149.96666666666667
EK202320005733,165.86666666666667
EK202310119837,124.13333333333334
EK202310235139,147.6
EK202310129171,135.16666666666666
EK202310204107,141.96666666666667
EK202310206346,169.23333333333332
EK202310126908,130.9
EK202310201951,137.76666666666668
EK202310185504,154.16666666666666
EK202310139015,154.2
EK202310164756,151.8
EK202310207001,144.76666666666668
EK202310217541,137.73333333333332
EK202310149840,135.1
EK202310218711,147.33333333333334
EK202310133519,139.2
EK202310168888,146.36666666666667
EK202310209126,145.83333333333334
EK202310189031,147.2
EK202310217455,155.8
EK202310155271,131.66666666666666
EK202310215067,164.1
EK202310161595,137.5
EK202310120502,130.4
EK202310241869,167.26666666666668
EK202310103712,142.3
EK202310150266,167.16666666666666
EK202310119972,136.96666666666667
EK202310179290,139.56666666666666
EK202310192440,156.8
EK202310131793,144.16666666666666
EK202310109571,163.26666666666668
EK202310230188,159.26666666666668
EK202310119855,152.26666666666668
EK202310138704,163.3
EK202310118159,139.16666666666666
EK202310166249,133.26666666666668
EK202310187053,145.26666666666668
EK202310165742,155.5
EK202310183750,145.16666666666666
EK202310205405,140.63333333333333
EK202310131038,158.93333333333334
EK202310207627,160.56666666666666
EK202310220460,137.83333333333334
EK202310239483,147.23333333333332
EK202310141073,158.4
EK202310217239,136.63333333333333
EK202310146989,163.4
EK202310160800,131.7
EK202310190813,159.9
EK202320006164,141.16666666666666
EK202310143973,183.4
EK202310111799,143.33333333333334
EK202310208269,151.86666666666667
EK202310159828,175.7
EK202310113945,130.83333333333334
EK202310168361,140.6
EK202310176103,136.13333333333333
EK202310136310,133.5
EK202310200326,140.46666666666667
EK202310179044,146.53333333333333
EK202310197944,154.93333333333334
EK202310183295,177.96666666666667
EK202310240215,156.1
EK202310225695,140.33333333333334
EK202310138029,129.06666666666666
EK202310208987,149.3
EK202310156602,176.66666666666666
EK202310239059,152.33333333333334
EK202310185901,150.46666666666667
EK202310200662,143.23333333333332
EK202310109920,126.2
EK202310188247,142.8
EK202310183201,152.06666666666666
EK202310104073,147.8
EK202310183040,134.96666666666667
EK202310200329,136.1
EK202310108982,145.53333333333333
EK202310214848,146.76666666666668
EK202310194212,140.16666666666666
EK202310155460,155.8
EK202310179825,136.6
EK202310183614,155.6
EK202310233580,136.46666666666667
EK202310223060,134.1
EK202310110018,142.56666666666666
EK202310219086,147.1
EK202310210708,131.73333333333332
EK202310206894,148.23333333333332
EK202310176692,144.93333333333334
EK202310211237,128.73333333333332
EK202310216145,133.03333333333333
EK202310174790,145.5
EK202310130432,143.96666666666667
EK202310176912,140.1
EK202310239861,146.53333333333333
EK202310201821,141.1
EK202310194140,136.7
EK202310201014,135.5
EK202310211210,142.13333333333333
EK202310210215,124.86666666666666
EK202310109048,130.13333333333333
EK202310115364,147.5
EK202310125998,129.36666666666667
EK202310113308,126.06666666666666
EK202310166014,147.36666666666667
EK202310240961,126.53333333333333
EK202310192526,156.5
EK202310118614,145.26666666666668
EK202310208485,134.73333333333332
EK202310113185,137.3
EK202310123009,142.13333333333333
EK202310131866,149.23333333333332
EK202310246596,133.0
EK202310144786,128.43333333333334
EK202310188069,160.53333333333333
EK202310161238,150.33333333333334
EK202310108065,143.16666666666666
EK202310176554,153.0
EK202310172801,151.96666666666667
EK202310231997,154.0
EK202310150544,133.23333333333332
EK202310242116,138.93333333333334
EK202310228121,133.13333333333333
EK202310163938,168.4
EK202310208770,155.5
EK202310162906,141.53333333333333
EK202310171122,133.96666666666667
EK202310136574,137.1
EK202310168247,141.76666666666668
EK202310116653,140.73333333333332
EK202310225365,141.96666666666667
EK202310154568,132.43333333333334
EK202310144616,142.93333333333334
EK202310123329,147.0
EK202310184908,157.6
EK202310176975,150.93333333333334
EK202310244230,147.0
EK202310139801,168.86666666666667
EK202310140231,142.2
EK202310163109,141.8
EK202310133245,142.8
EK202310003719,145.73333333333332
EK202310128658,134.2
EK202310196514,152.13333333333333
EK202310136745,135.66666666666666
EK202310135739,133.06666666666666
EK202310167219,144.1
EK202310188340,155.3
EK202310233341,150.66666666666666
EK202310207484,134.46666666666667
EK202310145893,147.2
EK202310137850,142.3
EK202310228098,144.76666666666668
EK202310123631,152.83333333333334
EK202310233006,135.2
EK202310236781,138.6
EK202310184351,139.8
EK202310197215,131.6
EK202310134606,140.0
EK202310124613,127.63333333333334
EK202310176760,138.46666666666667
EK202310181242,139.13333333333333
EK202310146018,138.66666666666666
EK202310118057,143.76666666666668
EK202310241929,141.26666666666668
EK202310134625,176.53333333333333
EK202310226675,151.3
EK202310200650,170.46666666666667
EK202310202459,135.46666666666667
EK202310165871,134.46666666666667
EK202310190177,152.7
EK202310221650,144.03333333333333
EK202310195755,144.46666666666667
EK202310128800,131.7
EK202310103775,139.6
EK202310117228,149.33333333333334
EK202310151800,142.63333333333333
EK202310210424,139.0
EK202310208507,136.8
EK202310003803,137.1
EK202310171322,142.16666666666666
EK202310168526,149.53333333333333
EK202310197721,145.4
EK202310238027,141.46666666666667
EK202310172276,135.16666666666666
EK202310124247,135.46666666666667
EK202310158194,148.93333333333334
EK202310167282,145.63333333333333
EK202310173439,153.83333333333334
EK202310125677,134.86666666666667
EK202310210177,145.36666666666667
EK202310238899,142.9
EK202310113985,141.46666666666667
EK202310209990,153.06666666666666
EK202310228124,138.63333333333333
EK202310104190,138.66666666666666
EK202310201389,133.2
EK202310123163,149.43333333333334
EK202310191131,169.9
EK202310203502,151.33333333333334
EK202310123878,144.36666666666667
EK202310247275,144.53333333333333
EK202310227023,136.4
EK202310175135,127.9
EK202310226835,146.2
EK202310109034,153.96666666666667
EK202310186583,152.56666666666666
EK202310107744,136.63333333333333
EK202310220042,138.46666666666667
EK202310202298,149.83333333333334
EK202310189344,172.5
EK202310148801,143.9
EK202310172716,135.36666666666667
EK202310179116,138.66666666666666
EK202310174016,130.53333333333333
EK202310108847,139.43333333333334
EK202310232003,138.4
EK202310126703,142.4
EK202310106477,143.6
EK202310123106,134.5
EK202310169334,176.76666666666668
EK202310231339,138.6
EK202310175772,154.33333333333334
EK202310196241,159.0
EK202310143871,147.5
EK202310142265,143.16666666666666
EK202310163563,133.4
EK202310244604,131.96666666666667
EK202310247610,154.3
EK202310116133,135.23333333333332
EK202310144893,120.53333333333333
EK202310138511,151.03333333333333
EK202310178199,160.3
EK202310238970,179.8
EK202310137277,133.9
EK202310195419,145.46666666666667
EK202310234603,138.46666666666667
EK202310137485,146.3
EK202310221268,129.56666666666666
EK202310166447,147.86666666666667
EK202310163342,131.2
EK202310160258,153.46666666666667
EK202320007173,156.76666666666668
EK202310166608,154.1
EK202310190777,143.63333333333333
EK202310228415,133.96666666666667
EK202310160470,147.36666666666667
EK202310199928,135.56666666666666
EK202310139397,133.33333333333334
EK202310103828,144.0
EK202310198546,157.8
EK202310168601,163.9
EK202310199500,134.6
EK202310130735,127.06666666666666
EK202310203344,138.2
EK202310149177,138.8
EK202320006908,149.7
EK202310182119,139.86666666666667
EK202310108526,149.66666666666666
EK202310123316,132.9
EK202310175509,155.1
EK202310115166,145.46666666666667
EK202310169504,141.43333333333334
EK202310191512,131.6
EK202310111425,152.7
EK202310192823,151.1
EK202310159703,148.76666666666668
EK202310110465,140.16666666666666
EK202310217003,139.9
EK202310187166,136.6
EK202310225739,143.03333333333333
EK202310125501,136.6
EK202310118486,134.06666666666666
EK202310221279,124.86666666666666
EK202310194956,144.2
EK202310178722,138.76666666666668
EK202310182533,144.53333333333333
EK202310138053,141.86666666666667
EK202310231131,141.43333333333334
EK202310212157,134.9
EK202310125603,145.96666666666667
EK202310136248,138.46666666666667
EK202310115244,137.16666666666666
EK202310132254,138.7
EK202310178792,179.93333333333334
EK202310191023,146.9
EK202310162415,145.06666666666666
EK202310125102,135.46666666666667
EK202310208134,135.53333333333333
EK202310105586,140.16666666666666
EK202310213166,141.96666666666667
EK202310247801,141.2
EK202310247262,138.53333333333333
EK202310126467,138.0
EK202310176266,141.93333333333334
EK202310109933,156.63333333333333
EK202310161495,165.8
EK202310205248,144.1
EK202310224138,138.56666666666666
EK202310212586,148.66666666666666
EK202310131904,137.4
EK202310120534,137.56666666666666
EK202310109184,155.56666666666666
EK202310198723,179.53333333333333
EK202310190770,155.93333333333334
EK202310114461,149.7
EK202310223578,137.83333333333334
EK202310133222,147.33333333333334
EK202310136866,152.93333333333334
EK202310176700,147.56666666666666
EK202310126084,139.06666666666666
EK202310196727,156.0
EK202310225009,143.1
EK202310207005,153.63333333333333
EK202310222794,135.1
EK202310171893,162.13333333333333
EK202310172296,128.3
EK202310139698,168.56666666666666
EK202310128914,136.2
EK202310235545,145.7
EK202310109242,134.43333333333334
EK202310177486,132.86666666666667
EK202310199539,140.26666666666668
EK202310188301,151.1
EK202310201859,153.1
EK202310170159,136.5
EK202310148167,133.06666666666666
EK202310155933,161.66666666666666
EK202310149269,155.4
EK202310188885,131.8
EK202310109274,137.5
EK202310162745,143.53333333333333
EK202310146260,156.13333333333333
EK202310168090,130.03333333333333
EK202310219761,136.76666666666668
EK202310230205,138.8
EK202310114523,134.2
EK202310201162,153.56666666666666
EK202310188350,156.53333333333333
EK202310178664,141.9
EK202310125253,151.06666666666666
EK202310194315,136.5
EK202310178855,166.3
EK202310114913,154.8
EK202310209479,153.13333333333333
EK202310207800,175.46666666666667
EK202310205487,133.63333333333333
EK202310168431,135.96666666666667
EK202310235593,151.23333333333332
EK202310235602,139.16666666666666
EK202320007124,182.83333333333334
EK202310207771,135.26666666666668
EK202310228788,132.2
EK202310227982,132.8
EK202310194813,155.0
EK202310241087,140.16666666666666
EK202310148405,145.8
EK202310140778,142.1
EK202310198551,147.76666666666668
EK202310120216,142.93333333333334
EK202310154323,149.36666666666667
EK202310158123,159.56666666666666
EK202310215528,156.06666666666666
EK202310237307,156.36666666666667
EK202310144499,169.3
EK202310200349,154.83333333333334
EK202310199428,164.4
EK202310205917,138.53333333333333
EK202310123848,140.5
EK202310171335,152.33333333333334
EK202310113026,139.3
EK202310227460,152.43333333333334
EK202310218273,159.2
EK202310211553,142.9
EK202310196786,149.2
EK202310237300,135.26666666666668
EK202310125146,141.2
EK202310118100,130.43333333333334
EK202310186326,139.4
EK202310128919,133.96666666666667
EK202310198759,144.33333333333334
EK202310236246,154.26666666666668
EK202310149187,159.83333333333334
EK202310182726,141.63333333333333
EK202310152601,138.6
EK202310220436,142.96666666666667
EK202310193514,162.16666666666666
EK202310246478,133.13333333333333
EK202310243128,163.1
EK202310127415,132.83333333333334
EK202310213162,152.56666666666666
EK202310137235,131.33333333333334
EK202310178654,146.96666666666667
EK202310118153,149.1
EK202310004571,132.43333333333334
EK202310151403,182.6
EK202310245278,152.76666666666668
EK202310143897,139.1
EK202310218277,142.33333333333334
EK202310162879,150.43333333333334
EK202310136599,133.6
EK202320006442,165.3
EK202320007344,146.53333333333333
EK202310189969,165.96666666666667
EK202310166949,167.83333333333334
EK202310114939,142.7
EK202310226036,150.93333333333334
EK202310166986,143.23333333333332
EK202310217723,138.23333333333332
EK202310137499,154.36666666666667
EK202310132371,137.7
EK202310197508,136.2
EK202320006448,171.53333333333333
EK202310217287,139.96666666666667
EK202310210663,133.0
EK202310104277,152.76666666666668
EK202310200683,156.96666666666667
EK202310225623,153.93333333333334
EK202310207191,165.93333333333334
EK202310129539,128.1
EK202310128514,165.53333333333333
EK202310140966,135.03333333333333
EK202310129386,151.6
EK202310179691,143.8
EK202310188920,143.0
EK202310247484,139.63333333333333
EK202310193673,150.23333333333332
EK202310170091,138.96666666666667
EK202310172920,163.4
EK202310223477,143.53333333333333
EK202310171073,171.13333333333333
EK202310194158,138.53333333333333
EK202310207919,163.86666666666667
EK202310120306,152.6
EK202310207223,136.7
EK202310244280,133.73333333333332
EK202310106527,134.16666666666666
EK202310142859,152.8
EK202310168389,157.3
EK202310143594,137.06666666666666
EK202310167480,154.66666666666666
EK202310156995,131.6
EK202310119214,141.33333333333334
EK202310148853,141.9
EK202310217497,141.5
EK202310120366,147.46666666666667
EK202310217526,165.9
EK202310195002,147.0
EK202310169241,163.06666666666666
EK202310159114,148.7
EK202310192176,133.9
EK202310159110,164.53333333333333
EK202310158664,146.7
EK202310192338,143.03333333333333
EK202310230524,134.33333333333334
EK202310210362,145.93333333333334
EK202310212895,145.56666666666666
EK202310193440,137.3
EK202320007869,140.9
EK202310167916,132.16666666666666
EK202310206630,137.5
EK202310157459,141.16666666666666
EK202310216902,148.36666666666667
EK202310198965,150.6
EK202310201874,142.93333333333334
EK202310117999,140.33333333333334
EK202310204212,142.76666666666668
EK202310183852,146.53333333333333
EK202310219321,140.63333333333333
EK202310235218,145.03333333333333
EK202310106655,140.63333333333333
EK202310109169,164.43333333333334
EK202310229525,131.33333333333334
EK202310234441,150.26666666666668
EK202310119016,145.0
EK202310003723,158.06666666666666
EK202310177973,130.4
EK202310143560,148.73333333333332
EK202310245405,138.9
EK202310123670,131.83333333333334
EK202310125143,148.86666666666667
EK202310162721,139.16666666666666
EK202310121368,147.93333333333334
EK202310207810,172.23333333333332
EK202310110877,144.43333333333334
EK202310207642,135.03333333333333
EK202310236676,125.3
EK202310178731,158.9
EK202310166361,151.46666666666667
EK202310221798,156.13333333333333
EK202310177403,163.96666666666667
EK202310134022,138.2
EK202310167333,146.8
EK202310166210,149.66666666666666
EK202310110220,134.36666666666667
EK202310145795,145.93333333333334
EK202310164123,144.9
EK202310196621,162.6
EK202310120415,155.03333333333333
EK202310148912,155.76666666666668
EK202310179102,135.33333333333334
EK202310196322,147.66666666666666
EK202310157568,143.73333333333332
EK202310146998,144.96666666666667
EK202310223698,161.23333333333332
EK202310234532,142.13333333333333
EK202310138792,151.93333333333334
EK202310246869,141.2
EK202310126504,133.36666666666667
EK202310113606,162.6
EK202310131578,134.9
EK202310156389,154.06666666666666
EK202310138943,144.03333333333333
EK202310105288,153.0
EK202310188558,171.93333333333334
EK202310234995,140.2
EK202310181950,170.1
EK202310157098,153.3
EK202310132543,137.93333333333334
EK202310174319,150.06666666666666
EK202310225811,144.23333333333332
EK202310157066,146.8
EK202310205138,147.56666666666666
EK202320007203,148.2
EK202310227039,138.03333333333333
EK202310106033,136.33333333333334
EK202310146183,135.43333333333334
EK202310226180,128.76666666666668
EK202310162385,137.1
EK202310235946,125.7
EK202310182408,148.63333333333333
EK202310155735,148.5
EK202310190520,156.36666666666667
EK202310146058,141.4
EK202310202633,148.16666666666666
EK202310196099,155.46666666666667
EK202310129632,137.66666666666666
EK202310138166,133.16666666666666
EK202310148720,153.33333333333334
EK202310145781,143.06666666666666
EK202310140364,155.26666666666668
EK202310152526,134.73333333333332
EK202310109041,141.9
EK202310239518,154.1
EK202310187894,133.2
EK202310140674,154.5
EK202310133919,141.2
EK202310183378,137.53333333333333
EK202310232538,142.4
EK202310203159,152.83333333333334
EK202310114364,142.8
EK202310165382,159.43333333333334
EK202310212412,133.86666666666667
EK202310106291,129.7
EK202310136964,157.1
EK202310114872,138.33333333333334
EK202310211044,131.23333333333332
EK202310196962,154.33333333333334
EK202310229743,145.16666666666666
EK202310180091,132.66666666666666
EK202310113899,133.56666666666666
EK202310238528,157.83333333333334
EK202310167500,151.86666666666667
EK202310184018,163.0
EK202310194972,163.7
EK202310120304,136.96666666666667
EK202310142049,144.46666666666667
EK202310178765,181.63333333333333
EK202310182864,125.66666666666667
EK202310192331,136.16666666666666
EK202310164774,142.86666666666667
EK202310156817,170.73333333333332
EK202310237151,146.8
EK202310234802,141.76666666666668
EK202310210106,166.13333333333333
EK202310195014,129.86666666666667
EK202310147893,150.2
EK202310113010,139.46666666666667
EK202310183485,137.36666666666667
EK202310123549,137.2
EK202310215820,142.6
EK202310174861,147.53333333333333
EK202310170243,137.6
EK202310139779,123.63333333333334
EK202310226387,139.83333333333334
EK202310126951,135.16666666666666
EK202310122461,131.26666666666668
EK202310137617,148.7
EK202310232607,147.53333333333333
EK202310188917,162.2
EK202310230010,129.83333333333334
EK202320007620,144.5
EK202310179514,140.86666666666667
EK202310200726,133.83333333333334
EK202310145542,148.63333333333333
EK202310140934,170.33333333333334
EK202310141993,136.86666666666667
EK202310202052,146.2
EK202310206128,153.13333333333333
EK202310129191,153.33333333333334
EK202310132531,146.46666666666667
EK202310145895,139.9
EK202310150717,153.46666666666667
EK202310238478,135.8
EK202310215961,148.83333333333334
EK202310140355,152.93333333333334
EK202310107109,126.3
EK202310245704,131.93333333333334
EK202310140078,148.3
EK202310201205,159.93333333333334
EK202310105811,140.56666666666666
EK202310213056,147.93333333333334
EK202310218710,136.06666666666666
EK202310212505,147.7
EK202310222413,131.13333333333333
EK202310172293,138.96666666666667
EK202310109647,141.73333333333332
EK202310188891,155.4
EK202310137965,132.03333333333333
EK202310107117,132.13333333333333
EK202310207869,137.66666666666666
EK202310169495,142.56666666666666
EK202310114538,146.46666666666667
EK202310165920,135.43333333333334
EK202310130807,143.36666666666667
EK202310170628,145.6
EK202310117370,128.7
EK202310239420,147.96666666666667
EK202310108908,142.36666666666667
EK202310124380,128.93333333333334
EK202310114384,139.33333333333334
EK202310176015,165.16666666666666
EK202310213032,125.06666666666666
EK202310191795,134.33333333333334
EK202310203571,141.2
EK202310138185,134.76666666666668
EK202310182667,151.5
EK202310178540,155.33333333333334
EK202310173419,156.2
EK202310171759,141.46666666666667
EK202310230057,142.2
EK202310239289,141.9
EK202310203690,159.33333333333334
EK202310109021,144.66666666666666
EK202310126805,161.8
EK202310213809,134.2
EK202310174863,173.7
EK202310221636,137.56666666666666
EK202310171548,128.36666666666667
EK202310194319,141.5
EK202310233853,171.66666666666666
EK202310158671,155.03333333333333
EK202310230596,141.23333333333332
EK202310221893,135.06666666666666
EK202310227172,157.73333333333332
EK202310231306,131.56666666666666
EK202310158074,135.4
EK202310104860,152.0
EK202310216640,143.06666666666666
EK202310200103,144.13333333333333
EK202310141785,141.6
EK202310145978,137.03333333333333
EK202310004077,172.53333333333333
EK202310133888,155.3
EK202310125723,152.36666666666667
EK202310136090,179.16666666666666
EK202310246571,136.2
EK202310243027,135.96666666666667
EK202310109649,138.23333333333332
EK202310176461,129.46666666666667
EK202310122952,154.3
EK202310243326,148.9
EK202310135058,172.3
EK202310200094,154.1
EK202310146558,131.5
EK202310121295,152.13333333333333
EK202310214783,141.6
EK202310172681,130.66666666666666
EK202310241971,131.33333333333334
EK202310188843,146.7
EK202310136447,136.4
EK202310231662,137.7
EK202310157790,145.23333333333332
EK202310120107,145.73333333333332
EK202310225152,166.1
EK202310200264,158.13333333333333
EK202310134521,139.13333333333333
EK202310173584,138.16666666666666
EK202310196666,146.93333333333334
EK202310164106,125.83333333333333
EK202310138379,156.1
EK202310228204,134.36666666666667
EK202310125152,163.36666666666667
EK202310216720,150.63333333333333
EK202310228063,136.36666666666667
EK202310169786,146.83333333333334
EK202310176342,149.0
EK202310163187,154.56666666666666
EK202310124025,149.8
EK202310171872,150.66666666666666
EK202310137265,134.63333333333333
EK202310209292,145.06666666666666
EK202310137925,130.46666666666667
EK202310199295,137.43333333333334
EK202310152826,185.23333333333332
EK202310104368,143.8
EK202310187730,138.63333333333333
EK202310181862,144.96666666666667
EK202310165938,134.06666666666666
EK202310183431,155.63333333333333
EK202310236615,136.53333333333333
EK202310189593,134.9
EK202310221069,133.26666666666668
EK202310205373,155.53333333333333
EK202310142031,149.53333333333333
EK202310128716,136.4
EK202310202961,158.83333333333334
EK202310205295,143.73333333333332
EK202310116568,145.8
EK202310209928,133.83333333333334
EK202320005639,173.73333333333332
EK202310133603,169.03333333333333
EK202310196192,174.9
EK202310133688,157.06666666666666
EK202310107855,160.36666666666667
EK202310138935,133.83333333333334
EK202310204089,137.7
EK202310219313,147.73333333333332
EK202310189726,124.93333333333334
EK202310152282,149.2
EK202310180251,143.9
EK202310165981,146.73333333333332
EK202310137451,136.43333333333334
EK202310126122,131.83333333333334
EK202310243998,125.66666666666667
EK202310184231,154.96666666666667
EK202310228417,144.7
EK202310241091,141.73333333333332
EK202310190393,150.96666666666667
EK202310211537,140.4
EK202310147678,131.73333333333332
EK202310242270,139.76666666666668
EK202310149069,152.56666666666666
EK202310163921,153.0
EK202310133083,129.53333333333333
EK202310224140,142.7
EK202310152867,134.46666666666667
EK202310203736,124.16666666666667
EK202310165596,139.6
EK202310214453,139.16666666666666
EK202310164740,152.26666666666668
EK202310214137,171.76666666666668
EK202310146679,146.4
EK202310104097,124.23333333333333
EK202310200834,156.93333333333334
EK202310163017,148.23333333333332
EK202310165977,149.8
EK202310243475,136.83333333333334
EK202310241365,155.83333333333334
EK202310244319,149.83333333333334
EK202310120396,149.86666666666667
EK202310241624,146.6
EK202310198761,173.03333333333333
EK202310150943,131.96666666666667
EK202310248679,154.33333333333334
EK202310215685,138.73333333333332
EK202310104356,137.2
EK202310206239,140.93333333333334
EK202310157180,139.66666666666666
EK202310131514,135.0
EK202310244801,146.23333333333332
EK202310116569,148.8
EK202310123027,129.6
EK202310223311,131.3
EK202310174904,149.96666666666667
EK202310133194,148.0
EK202310184130,133.83333333333334
EK202310194455,161.23333333333332
EK202310106381,148.33333333333334
EK202310227001,152.96666666666667
EK202310153912,157.66666666666666
EK202310193865,135.4
EK202310232459,131.06666666666666
EK202310198400,132.43333333333334
EK202310182607,138.53333333333333
EK202310225129,145.23333333333332
EK202310197516,141.1
EK202310131801,170.3
EK202310212554,145.23333333333332
EK202310227543,148.4
EK202310130530,143.76666666666668
EK202310193825,142.1
EK202310211045,144.86666666666667
EK202310129373,143.43333333333334
EK202310147392,140.7
EK202310187904,140.6
EK202310208503,146.2
EK202310110837,141.76666666666668
EK202310229225,131.2
EK202310164336,132.46666666666667
EK202310195313,163.13333333333333
EK202320006926,146.33333333333334
EK202310174594,130.86666666666667
EK202310187599,156.53333333333333
EK202310198391,142.33333333333334
EK202310224871,146.7
EK202310128469,142.06666666666666
EK202310108118,136.96666666666667
EK202310164855,138.43333333333334
EK202310157619,146.63333333333333
EK202310212148,133.33333333333334
EK202310241888,141.1
EK202310200720,134.63333333333333
EK202310178703,161.16666666666666
EK202310208199,144.23333333333332
EK202310200707,150.3
EK202310222186,158.36666666666667
EK202310235687,142.63333333333333
EK202310169723,151.46666666666667
EK202310242395,148.6
EK202310202866,168.2
EK202310137258,128.5
EK202310209819,143.66666666666666
EK202310111291,147.43333333333334
EK202310210190,132.96666666666667
EK202310181968,136.83333333333334
EK202310173847,143.86666666666667
EK202310170341,132.0
EK202310112839,146.43333333333334
EK202310207240,142.36666666666667
EK202310122514,128.6
EK202310190722,140.83333333333334
EK202310186422,137.0
EK202310154379,164.53333333333333
EK202310245323,154.5
EK202310122299,140.73333333333332
EK202310125100,138.56666666666666
EK202310118253,140.96666666666667
EK202310238969,160.43333333333334
EK202310168188,171.16666666666666
EK202310160206,164.13333333333333
EK202310222871,145.0
EK202310209611,146.33333333333334
EK202310212974,147.66666666666666
EK202310128407,136.83333333333334
EK202310222412,131.7
EK202310200939,137.83333333333334
EK202310003959,130.6
EK202310190302,154.03333333333333
EK202310186405,174.46666666666667
EK202310138957,138.26666666666668
EK202310105023,145.06666666666666
EK202310236632,147.3
EK202310162662,135.96666666666667
EK202310198218,157.13333333333333
EK202310186500,139.23333333333332
EK202310138863,150.76666666666668
EK202310241224,159.43333333333334
EK202310171644,145.13333333333333
EK202310239875,137.16666666666666
EK202310187156,166.16666666666666
EK202310174507,138.8
EK202310139245,156.66666666666666
EK202310161355,143.3
EK202310131302,148.06666666666666
EK202310106366,138.96666666666667
EK202310180236,164.93333333333334
EK202310146739,139.76666666666668
EK202310122526,134.03333333333333
EK202310171449,134.26666666666668
EK202310158382,146.06666666666666
EK202310003648,134.2
EK202310203626,135.83333333333334
EK202310105539,131.76666666666668
EK202310172856,151.46666666666667
EK202310247114,150.13333333333333
EK202310169299,153.7
EK202310216048,139.53333333333333
EK202320007664,147.6
EK202310106821,132.8
EK202310201424,125.5
EK202310177794,134.46666666666667
EK202310225174,131.43333333333334
EK202310236955,135.36666666666667
EK202310216158,131.7
EK202310176370,137.56666666666666
EK202310139805,131.26666666666668
EK202310129688,146.8
EK202310114179,142.7
EK202310004734,144.6
EK202310153706,172.93333333333334
EK202310159985,134.86666666666667
EK202310207436,167.36666666666667
EK202310172357,139.83333333333334
EK202310137540,141.33333333333334
EK202310246082,140.2
EK202310231504,131.06666666666666
EK202310180342,167.46666666666667
EK202310149538,153.26666666666668
EK202310236300,133.86666666666667
EK202310184866,154.16666666666666
EK202310236107,150.83333333333334
EK202310177453,142.3
EK202310171178,144.4
EK202310146756,138.8
EK202310147896,167.33333333333334
EK202310167599,143.0
EK202310165277,128.76666666666668
EK202310213182,155.46666666666667
EK202310231983,135.86666666666667
EK202310119961,140.3
EK202310168921,158.3
EK202310152986,135.4
EK202310222123,133.23333333333332
EK202310165121,131.7
EK202320006143,162.83333333333334
EK202310136406,139.96666666666667
EK202310113171,141.2
EK202310178750,182.76666666666668
EK202310184720,144.13333333333333
EK202310135947,131.1
EK202310106555,143.43333333333334
EK202310147773,147.86666666666667
EK202310166654,133.53333333333333
EK202310231220,141.23333333333332
EK202310179554,151.03333333333333
EK202310121805,131.16666666666666
EK202310221539,137.5
EK202310109095,139.33333333333334
EK202310228094,148.76666666666668
EK202310128632,134.83333333333334
EK202310168239,155.23333333333332
EK202310229923,140.73333333333332
EK202310182545,145.6
EK202310111819,147.9
EK202320007299,165.73333333333332
EK202310113423,134.46666666666667
EK202310141017,140.36666666666667
EK202310236316,142.8
EK202310108216,140.83333333333334
EK202310192703,160.1
EK202310123050,133.53333333333333
EK202310221659,143.63333333333333
EK202310195354,149.9
EK202310218205,147.86666666666667
EK202310142204,146.76666666666668
EK202310169069,157.0
EK202310110164,132.96666666666667
EK202310242272,134.76666666666668
EK202310171541,164.8
EK202310164252,153.63333333333333
EK202310230378,129.36666666666667
EK202310162807,150.9
EK202310125970,158.8
EK202310232037,144.43333333333334
EK202310179302,134.7
EK202310113416,135.4
EK202310120907,131.2
EK202310131914,129.6
EK202310246477,152.33333333333334
EK202310210578,142.06666666666666
EK202310224656,149.63333333333333
EK202310134643,133.9
EK202310165344,143.1
EK202310128094,138.16666666666666
EK202310212344,142.46666666666667
EK202310163429,135.46666666666667
EK202310142109,123.53333333333333
EK202310148011,162.6
EK202310177720,138.86666666666667
EK202310130679,154.6
EK202310128185,175.66666666666666
EK202310157906,143.86666666666667
EK202310219715,137.9
EK202310107586,135.36666666666667
EK202310236962,139.9
EK202310133594,155.6
EK202310124136,139.93333333333334
EK202310147276,137.73333333333332
EK202310209860,172.53333333333333
EK202310170014,132.7
EK202310125838,134.1
EK202310176810,136.76666666666668
EK202310104451,148.1
EK202310181648,134.33333333333334
EK202310148857,148.1
EK202310161540,160.46666666666667
EK202310109347,143.93333333333334
EK202310143168,136.96666666666667
EK202310182799,143.86666666666667
EK202310183847,137.66666666666666
EK202310231882,144.96666666666667
EK202310236483,129.06666666666666
EK202320007850,133.13333333333333
EK202310171115,124.76666666666667
EK202310138799,149.46666666666667
EK202310229790,144.66666666666666
EK202310120135,137.6
EK202310165362,156.8
EK202310160759,133.8
EK202310128908,168.1
EK202310126950,137.46666666666667
EK202310210878,138.66666666666666
EK202310144127,140.63333333333333
EK202310103769,137.93333333333334
EK202310224658,158.16666666666666
EK202310158660,151.5
EK202310115044,140.96666666666667
EK202310225928,132.86666666666667
EK202310131183,152.2
EK202310191329,132.83333333333334
EK202310247806,151.4
EK202310128359,147.3
EK202310158015,127.2
EK202310216742,146.43333333333334
EK202310180156,128.8
EK202310156742,173.6
EK202310206889,145.2
EK202310141595,157.96666666666667
EK202310213331,141.03333333333333
EK202310110177,138.03333333333333
EK202310177752,156.2
EK202310143528,134.66666666666666
EK202310121245,135.43333333333334
EK202310121730,143.03333333333333
EK202310166696,166.56666666666666
EK202310139416,133.26666666666668
EK202310137350,140.16666666666666
EK202310173056,137.36666666666667
EK202310183242,158.0
EK202310181856,147.53333333333333
EK202310187043,158.03333333333333
EK202310146563,140.3
EK202310210145,140.0
EK202310149292,161.36666666666667
EK202310219306,138.53333333333333
EK202310180670,162.0
EK202310154730,152.93333333333334
EK202310220947,131.3
EK202310202735,150.26666666666668
EK202310123527,130.8
EK202310120644,133.06666666666666
EK202310129017,149.53333333333333
EK202310162431,168.73333333333332
EK202310150024,142.76666666666668
EK202310237610,147.2
EK202310228863,148.56666666666666
EK202310114239,154.13333333333333
EK202310111704,158.5
EK202310175377,133.13333333333333
EK202310128857,137.8
EK202310141561,137.3
EK202310133921,153.5
EK202310143422,132.56666666666666
EK202310222897,133.83333333333334
EK202310127138,138.93333333333334
EK202310185976,140.83333333333334
EK202310118702,156.9
EK202310112998,152.96666666666667
EK202310134460,162.8
EK202310198419,144.03333333333333
EK202310116533,140.13333333333333
EK202310152035,150.16666666666666
EK202310186167,141.56666666666666
EK202310174777,139.73333333333332
EK202310241957,137.1
EK202310194759,152.86666666666667
EK202310209627,134.13333333333333
EK202310110386,132.06666666666666
EK202310183168,124.53333333333333
EK202310230042,141.4
EK202310173070,143.2
EK202310118014,151.0
EK202310201071,141.0
EK202310151104,126.16666666666667
EK202310150451,134.36666666666667
EK202310185662,170.43333333333334
EK202310152420,143.5
EK202310004807,136.73333333333332
EK202310123731,136.26666666666668
EK202320007290,148.93333333333334
EK202310159273,159.23333333333332
EK202310241776,152.03333333333333
EK202310240911,136.8
EK202310128834,155.73333333333332
EK202310128400,145.6
EK202310233118,140.56666666666666
EK202310234404,137.13333333333333
EK202310158169,156.56666666666666
EK202310168826,143.93333333333334
EK202310223636,154.66666666666666
EK202310228740,171.1
EK202310115835,138.63333333333333
EK202310131407,137.8
EK202310150935,137.2
EK202310225345,163.16666666666666
EK202310146990,151.8
EK202310227539,148.23333333333332
EK202310145038,127.6
EK202310134905,135.4
EK202310176247,143.86666666666667
EK202310238587,137.43333333333334
EK202310208338,150.93333333333334
EK202310202600,155.9
EK202310244941,140.76666666666668
EK202310121341,148.33333333333334
EK202310142598,170.9
EK202310198678,136.6
EK202310243034,152.43333333333334
EK202310188200,140.13333333333333
EK202310248513,126.9
EK202310247587,132.76666666666668
EK202310175167,143.16666666666666
EK202310248135,147.0
EK202310116341,133.86666666666667
EK202310187249,151.7
EK202310117946,152.3
EK202310120013,134.23333333333332
EK202310168464,134.6
EK202310188127,153.86666666666667
EK202310234954,148.1
EK202310240694,156.23333333333332
EK202310156774,140.16666666666666
EK202310242931,133.86666666666667
EK202310120909,145.86666666666667
EK202310213600,130.5
EK202310185790,155.56666666666666
EK202310189010,131.2
EK202310198849,138.96666666666667
EK202310110578,152.06666666666666
EK202310197754,140.36666666666667
EK202310224146,142.0
EK202310174258,142.96666666666667
EK202310190295,142.5
EK202310215366,144.73333333333332
EK202310236141,132.23333333333332
EK202310235081,149.7
EK202310113404,134.46666666666667
EK202310147836,170.93333333333334
EK202310119847,158.4
EK202320006154,149.96666666666667
EK202310181606,146.2
EK202310108458,157.13333333333333
EK202310191692,157.66666666666666
EK202310137028,134.66666666666666
EK202310186568,146.36666666666667
EK202310193659,147.5
EK202310201443,134.86666666666667
EK202310171284,148.4
EK202310162022,135.43333333333334
EK202310124310,138.33333333333334
EK202310150577,133.13333333333333
EK202310180293,155.7
EK202310233601,158.2
EK202310218244,141.16666666666666
EK202310147274,129.56666666666666
EK202310144827,139.03333333333333
EK202310188705,130.5
EK202310171879,135.03333333333333
EK202310004380,148.1
EK202310124117,134.33333333333334
EK202310139515,146.63333333333333
EK202310223076,129.1
EK202310189237,141.53333333333333
EK202310158900,168.36666666666667
EK202310172965,135.2
EK202310133331,135.0
EK202310139550,135.13333333333333
EK202310182260,150.53333333333333
EK202310240459,134.73333333333332
EK202310129723,169.4
EK202310140428,134.63333333333333
EK202310116169,137.63333333333333
EK202310121335,134.8
EK202310154424,130.73333333333332
EK202310171495,150.46666666666667
EK202310230777,138.23333333333332
EK202310207460,154.2
EK202310194955,129.9
EK202310233382,134.5
EK202310126476,154.9
EK202310112541,127.8
EK202310211941,147.33333333333334
EK202310160649,138.93333333333334
EK202310147152,144.26666666666668
EK202310226978,139.33333333333334
EK202310156779,130.16666666666666
EK202310160400,161.3
EK202310113592,146.43333333333334
EK202310173652,148.33333333333334
EK202310159519,133.0
EK202310124262,132.46666666666667
EK202310205506,125.4
EK202310219097,148.6
EK202310226057,132.93333333333334
EK202310153736,128.03333333333333
EK202310180775,123.7
EK202310169348,154.26666666666668
EK202310131502,139.83333333333334
EK202310121729,127.7
EK202310159565,140.13333333333333
EK202310204448,138.46666666666667
EK202310153462,142.9
EK202310144316,140.13333333333333
EK202310135075,179.86666666666667
EK202310221375,147.06666666666666
EK202310163745,165.96666666666667
EK202310128307,157.53333333333333
EK202310117545,171.9
EK202310135049,162.6
EK202310168241,152.83333333333334
EK202310212910,136.76666666666668
EK202310201819,140.36666666666667
EK202310159317,157.93333333333334
EK202310205644,147.6
EK202310154083,130.03333333333333
EK202310229522,142.43333333333334
EK202310110884,150.9
EK202310157913,138.93333333333334
EK202310178487,174.1
EK202310159316,149.5
EK202310109379,143.83333333333334
EK202310188031,132.6
EK202310198040,162.3
EK202310175083,147.33333333333334
EK202310155364,143.96666666666667
EK202310204163,161.53333333333333
EK202310199502,148.76666666666668
EK202310204489,162.53333333333333
EK202310179081,142.73333333333332
EK202310233796,130.53333333333333
EK202310166659,147.2
EK202310160108,164.06666666666666
EK202310189609,150.13333333333333
EK202310104591,150.2
EK202310241388,135.73333333333332
EK202310141772,138.5
EK202310193970,150.56666666666666
EK202310115247,132.5
EK202310205518,141.26666666666668
EK202310169284,145.53333333333333
EK202310148744,153.9
EK202310190361,142.43333333333334
EK202310174521,173.66666666666666
EK202320005722,168.13333333333333
EK202310223637,143.93333333333334
EK202310206779,140.93333333333334
EK202310205588,138.33333333333334
EK202310173304,140.96666666666667
EK202310168176,144.76666666666668
EK202310213786,141.6
EK202310193979,143.76666666666668
EK202310126924,130.1
EK202310130529,151.56666666666666
EK202310119471,142.1
EK202310196749,134.1
EK202310113250,166.66666666666666
EK202310155906,144.53333333333333
EK202310105766,137.1
EK202310201584,153.53333333333333
EK202310106175,139.5
EK202310178826,153.46666666666667
EK202310184322,136.23333333333332
EK202310106188,132.43333333333334
EK202310124482,134.93333333333334
EK202310186934,140.0
EK202310190559,144.1
EK202310247940,129.33333333333334
EK202310161261,169.3
EK202310167492,122.53333333333333
EK202310117822,129.23333333333332
EK202310185255,149.83333333333334
EK202310209656,127.43333333333334
EK202310161945,149.73333333333332
EK202310214665,155.16666666666666
EK202310146073,145.06666666666666
EK202310160721,169.8
EK202310245095,140.33333333333334
EK202310239697,144.9
EK202310196401,141.3
EK202310245200,139.6
EK202310151874,169.46666666666667
EK202310127590,162.2
EK202310172784,135.53333333333333
EK202310217741,146.1
EK202310118696,158.4
EK202310175680,148.96666666666667
EK202310248407,136.63333333333333
EK202310116779,144.8
EK202310230914,145.3
EK202310121682,146.46666666666667
EK202310124137,130.5
EK202310138758,142.33333333333334
EK202310115217,168.63333333333333
EK202310165227,138.03333333333333
EK202310198606,144.06666666666666
EK202310139887,131.4
EK202310235696,136.93333333333334
EK202310140862,144.7
EK202310245296,143.83333333333334
EK202310178643,153.06666666666666
EK202310109769,124.26666666666667
EK202310168383,133.86666666666667
EK202310173293,151.7
EK202310199278,154.66666666666666
EK202310188364,170.2
EK202310226539,126.16666666666667
EK202310104626,153.8
EK202310113611,139.53333333333333
EK202310155381,133.43333333333334
EK202310207381,158.23333333333332
EK202310232919,149.83333333333334
EK202310239683,154.36666666666667
EK202310131225,132.8
EK202310173001,141.1
EK202310194749,137.73333333333332
EK202310103766,142.8
EK202310173848,146.3
EK202310134143,134.23333333333332
EK202310233093,139.0
EK202310184337,140.8
EK202310129410,132.6
EK202310118391,134.8
EK202310222008,142.9
EK202310172498,140.43333333333334
EK202310187928,138.56666666666666
EK202310159483,129.26666666666668
EK202310110871,158.46666666666667
EK202310146779,146.96666666666667
EK202310155616,129.5
EK202310137460,153.4
EK202310209877,137.1
EK202310140666,142.5
EK202310122918,132.46666666666667
EK202310170046,141.5
EK202310143434,155.2
EK202310140495,135.36666666666667
EK202310174705,161.53333333333333
EK202310228168,149.56666666666666
EK202310127824,128.4
EK202310235975,147.16666666666666
EK202310190602,135.93333333333334
EK202310106408,139.66666666666666
EK202310233717,138.0
EK202310203927,134.46666666666667
EK202310106512,142.56666666666666
EK202310208972,144.5
EK202310156588,163.0
EK202310242168,130.7
EK202310123091,137.73333333333332
EK202310199389,136.76666666666668
EK202310154978,147.13333333333333
EK202310158716,132.13333333333333
EK202310159396,151.86666666666667
EK202320005678,177.93333333333334
EK202310110183,137.9
EK202310225959,131.76666666666668
EK202310225303,131.6
EK202310108877,152.56666666666666
EK202310237629,158.66666666666666
EK202310211593,139.63333333333333
EK202310151540,154.73333333333332
EK202310149041,148.56666666666666
EK202310147417,132.16666666666666
EK202310229267,124.16666666666667
EK202310194169,121.43333333333334
EK202310130855,138.9
EK202310218381,149.73333333333332
EK202310131759,155.5
EK202310159130,164.43333333333334
EK202310181380,162.7
EK202310154840,162.93333333333334
EK202310155113,155.1
EK202310190213,135.56666666666666
EK202310125761,168.03333333333333
EK202310228436,142.43333333333334
EK202310245583,147.23333333333332
EK202310138440,159.9
EK202310153292,140.7
EK202310114994,143.66666666666666
EK202310172366,149.4
EK202310124479,143.66666666666666
EK202310184003,165.73333333333332
EK202310179734,131.53333333333333
EK202310185315,147.3
EK202310247954,146.63333333333333
EK202310146620,152.03333333333333
EK202310171244,164.3
EK202310134666,156.06666666666666
EK202310220005,157.26666666666668
EK202310156110,149.3
EK202310207825,179.63333333333333
EK202310168883,132.2
EK202310136483,124.8
EK202310196952,156.93333333333334
EK202310196373,131.03333333333333
EK202310118816,138.2
EK202310165110,146.36666666666667
EK202310142607,159.13333333333333
EK202310168946,134.96666666666667
EK202310105295,144.6
EK202310106334,132.26666666666668
EK202310105612,137.73333333333332
EK202310119938,144.63333333333333
EK202310192361,157.26666666666668
EK202310195020,134.9
EK202310129686,146.96666666666667
EK202320005926,181.26666666666668
EK202310210500,131.1
EK202310139090,145.1
EK202310138528,158.63333333333333
EK202310201466,135.96666666666667
EK202310230750,131.43333333333334
EK202310148719,140.6
EK202310150803,138.26666666666668
EK202310216988,151.3
EK202310111431,149.96666666666667
EK202310185972,130.03333333333333
EK202310195667,178.66666666666666
EK202310140854,161.4
EK202310210882,152.06666666666666
EK202310233837,126.83333333333333
EK202320006073,169.6
EK202310196309,164.03333333333333
EK202310206916,142.96666666666667
EK202310226122,142.43333333333334
EK202320006289,149.73333333333332
EK202310226436,145.13333333333333
EK202310169442,162.23333333333332
EK202310241543,147.73333333333332
EK202310217591,135.76666666666668
EK202310140276,131.7
EK202320007784,148.76666666666668
EK202310149529,139.93333333333334
EK202320007633,145.76666666666668
EK202310119859,141.83333333333334
EK202310230599,126.03333333333333
EK202310140256,141.23333333333332
EK202310155491,132.83333333333334
EK202310132167,148.8
EK202310224240,176.5
EK202310110704,132.0
EK202310140659,139.53333333333333
EK202310209654,142.2
EK202310210751,128.23333333333332
EK202310114252,142.66666666666666
EK202310131050,134.23333333333332
EK202310176400,140.66666666666666
EK202310225146,136.5
EK202310218218,151.33333333333334
EK202310199879,145.46666666666667
EK202310233661,137.66666666666666
EK202310225646,133.7
EK202310141379,132.43333333333334
EK202320006182,135.5
EK202310173692,129.66666666666666
EK202310177607,145.93333333333334
EK202310233946,135.56666666666666
EK202310126324,134.46666666666667
EK202310191584,156.4
EK202310162051,156.53333333333333
EK202310217086,140.46666666666667
EK202310175283,134.5
EK202310161464,163.13333333333333
EK202310175429,145.8
EK202310162548,151.1
EK202310124184,132.3
EK202310175929,152.3
EK202310162414,134.16666666666666
EK202310243129,135.46666666666667
EK202310157428,157.2
EK202310155573,143.33333333333334
EK202310163052,131.96666666666667
EK202310206064,142.96666666666667
EK202310248323,131.66666666666666
EK202310168056,159.3
EK202310128927,144.86666666666667
EK202310139485,160.13333333333333
EK202310242735,150.0
EK202310134082,137.4
EK202310104455,129.33333333333334
EK202310159631,163.03333333333333
EK202310212803,139.96666666666667
EK202310104486,129.46666666666667
EK202310194508,138.3
EK202310147608,137.33333333333334
EK202310150343,140.9
EK202310231361,138.83333333333334
EK202310170149,154.53333333333333
EK202320005932,178.83333333333334
EK202310211081,144.96666666666667
EK202310164819,163.5
EK202310182415,159.66666666666666
EK202310129406,146.7
EK202310186466,141.13333333333333
EK202310116340,133.0
EK202310177218,143.06666666666666
EK202310207532,142.86666666666667
EK202310222391,141.96666666666667
EK202310176449,137.9
EK202310245955,145.56666666666666
EK202310193130,144.66666666666666
EK202310158757,137.16666666666666
EK202310227627,132.8
EK202310136426,134.8
EK202310130279,169.73333333333332
EK202310140320,133.46666666666667
EK202310208976,133.23333333333332
EK202310140233,154.5
EK202310111236,136.86666666666667
EK202310106947,153.4
EK202310225392,130.13333333333333
EK202310156828,157.43333333333334
EK202310169518,136.06666666666666
EK202310112332,152.66666666666666
EK202310157079,173.93333333333334
EK202310113908,131.63333333333333
EK202310228518,134.36666666666667
EK202310162931,135.23333333333332
EK202310209191,134.86666666666667
EK202310170787,153.5
EK202310123235,134.93333333333334
EK202310155678,134.03333333333333
EK202310164712,131.23333333333332
EK202310124306,134.83333333333334
EK202310209118,137.8
EK202310198258,138.46666666666667
EK202310234831,143.0
EK202310226914,154.56666666666666
EK202310202181,149.56666666666666
EK202310181074,130.16666666666666
EK202310231524,134.46666666666667
EK202310159999,149.03333333333333
EK202310214159,163.73333333333332
EK202310104655,133.1
EK202310191665,158.63333333333333
EK202310226912,159.63333333333333
EK202310229568,138.5
EK202320006366,167.5
EK202310158803,140.76666666666668
EK202310218310,134.8
EK202310204232,143.53333333333333
EK202310186641,147.16666666666666
EK202310145275,143.0
EK202310215048,149.93333333333334
EK202310155714,136.8
EK202310154842,141.0
EK202310131202,143.63333333333333
EK202310166844,141.56666666666666
EK202310209974,138.73333333333332
EK202310111411,144.86666666666667
EK202310208383,140.03333333333333
EK202310228239,137.6
EK202310220185,131.6
EK202310177863,138.86666666666667
EK202310191386,167.86666666666667
EK202310176540,152.23333333333332
EK202310128361,145.0
EK202310127737,136.03333333333333
EK202310205567,154.16666666666666
EK202310110038,121.73333333333333
EK202310135018,175.33333333333334
EK202310152829,162.53333333333333
EK202310106061,134.4
EK202310234328,150.96666666666667
EK202310179105,158.56666666666666
EK202310106635,144.03333333333333
EK202310133437,133.73333333333332
EK202310163497,147.66666666666666
EK202310170389,133.5
EK202310176900,142.33333333333334
EK202310218778,155.36666666666667
EK202310188856,154.9
EK202310195987,171.2
EK202310139386,134.13333333333333
EK202310220080,158.06666666666666
EK202310132718,144.23333333333332
EK202310184630,154.2
EK202310175811,132.7
EK202310109074,136.1
EK202310237543,136.7
EK202310229949,146.56666666666666
EK202310174243,134.16666666666666
EK202310185313,141.26666666666668
EK202310150933,146.96666666666667
EK202310114721,149.8
EK202310168635,138.16666666666666
EK202310188341,151.4
EK202310213705,141.46666666666667
EK202310239073,129.46666666666667
EK202310163500,131.0
EK202310208351,132.7
EK202310106450,144.16666666666666
EK202310115408,127.5
EK202310223788,138.1
EK202310243905,139.13333333333333
EK202310173232,134.16666666666666
EK202310147240,159.1
EK202310170514,152.63333333333333
EK202310150951,135.63333333333333
EK202310116493,141.03333333333333
EK202310195983,129.4
EK202310152131,128.43333333333334
EK202310104754,142.26666666666668
EK202310205406,144.03333333333333
EK202310160153,143.76666666666668
EK202310221221,128.86666666666667
EK202310160257,168.93333333333334
EK202310137708,140.06666666666666
EK202310115489,146.43333333333334
EK202310137151,145.66666666666666
EK202310227780,130.3
EK202310214472,149.26666666666668
EK202310133088,164.53333333333333
EK202310239663,147.93333333333334
EK202310215474,139.36666666666667
EK202310183236,134.06666666666666
EK202310214837,143.9
EK202310187923,139.83333333333334
EK202310197935,156.73333333333332
EK202310140273,143.5
EK202310117788,132.9
EK202310170592,149.5
EK202310156315,136.66666666666666
EK202310166296,136.36666666666667
EK202310156678,150.6
EK202310197364,156.73333333333332
EK202310004739,154.8
EK202310133626,143.5
EK202310199623,152.96666666666667
EK202310159296,171.96666666666667
EK202310192767,150.5
EK202310148778,148.26666666666668
EK202310156041,134.16666666666666
EK202310186950,139.8
EK202310236558,136.6
EK202310213585,140.73333333333332
EK202310184418,140.96666666666667
EK202310140115,142.63333333333333
EK202310163224,137.9
EK202310228835,129.63333333333333
EK202310162030,139.3
EK202310168987,141.53333333333333
EK202310221729,152.23333333333332
EK202310181909,151.4
EK202310149566,160.8
EK202310149852,145.73333333333332
EK202310246189,139.7
EK202310173822,152.96666666666667
EK202320006684,170.4
EK202310151342,148.23333333333332
EK202310004964,139.2
EK202310167966,144.5
EK202310184397,130.86666666666667
EK202310200638,150.13333333333333
EK202310181195,141.3
EK202310149384,149.86666666666667
EK202310192111,146.0
EK202310119248,150.06666666666666
EK202310150757,140.66666666666666
EK202310105899,128.06666666666666
EK202310109147,138.43333333333334
EK202310003890,137.53333333333333
EK202310136861,149.9
EK202310209403,131.53333333333333
EK202310143496,128.66666666666666
EK202310171668,152.53333333333333
EK202310168536,154.23333333333332
EK202310216195,152.1
EK202310117347,145.36666666666667
EK202310208923,134.7
EK202310239643,138.6
EK202310206445,141.46666666666667
EK202310104049,128.96666666666667
EK202310228180,138.76666666666668
EK202310116347,138.13333333333333
EK202310205059,135.9
EK202310248120,139.53333333333333
EK202310171398,151.36666666666667
EK202310161887,135.36666666666667
EK202310208795,149.53333333333333
EK202310211198,142.5
EK202310175547,153.5
EK202310168520,152.9
EK202310212595,138.3
EK202310116251,135.9
EK202320007851,168.73333333333332
EK202310106764,133.43333333333334
EK202310187318,128.43333333333334
EK202310158705,146.2
EK202310185110,132.66666666666666
EK202310170152,141.7
EK202310195607,156.56666666666666
EK202310111449,127.66666666666667
EK202310153841,170.43333333333334
EK202310167617,178.5
EK202310114265,139.3
EK202310133143,160.36666666666667
EK202310158293,149.43333333333334
EK202310181702,165.5
EK202310212416,133.96666666666667
EK202310231600,142.06666666666666
EK202310230507,133.16666666666666
EK202310223031,135.73333333333332
EK202310180391,123.63333333333334
EK202310177543,163.6
EK202310218831,154.03333333333333
EK202310223265,140.6
EK202310109405,145.76666666666668
EK202310138084,135.8
EK202310144834,140.63333333333333
EK202310119130,136.63333333333333
EK202310241445,138.8
EK202310187813,146.53333333333333
EK202310233825,159.66666666666666
EK202310163582,141.3
EK202310152391,137.76666666666668
EK202310236241,150.73333333333332
EK202310179557,137.76666666666668
EK202310004239,157.3
EK202310218905,130.83333333333334
EK202310132305,133.43333333333334
EK202310230005,137.93333333333334
EK202310210560,146.26666666666668
EK202310216882,163.03333333333333
EK202310176911,144.6
EK202310136229,134.86666666666667
EK202310106054,144.06666666666666
EK202310195370,133.36666666666667
EK202310173198,136.4
EK202310173224,141.0
EK202310192049,153.13333333333333
EK202310119480,136.2
EK202310173031,142.3
EK202310141972,160.03333333333333
EK202310146369,139.0
EK202310242801,128.66666666666666
EK202310206809,153.86666666666667
EK202310185734,124.73333333333333
EK202310139207,149.26666666666668
EK202310210887,141.8
EK202310105956,146.26666666666668
EK202310163503,144.63333333333333
EK202310123765,136.53333333333333
EK202310232619,145.2
EK202310205867,140.66666666666666
EK202310158665,154.4
EK202310236631,138.63333333333333
EK202310190792,146.16666666666666
EK202310210386,137.96666666666667
EK202310200450,127.46666666666667
EK202310174140,134.36666666666667
EK202310138770,137.76666666666668
EK202310237110,132.66666666666666
EK202310164459,143.4
EK202310132579,132.06666666666666
EK202310196378,134.06666666666666
EK202310193320,148.96666666666667
EK202310232595,156.73333333333332
EK202310130509,143.53333333333333
EK202310109357,161.1
EK202310231395,140.96666666666667
EK202310193035,157.33333333333334
EK202310213027,140.2
EK202310138622,137.86666666666667
EK202310193234,169.23333333333332
EK202310185497,137.53333333333333
EK202310228201,130.83333333333334
EK202310230916,146.46666666666667
EK202310219136,140.8
EK202310229694,132.26666666666668
EK202310242998,135.63333333333333
EK202310118461,151.5
EK202310147273,139.36666666666667
EK202310112383,159.03333333333333
EK202310161078,166.63333333333333
EK202310164392,155.8
EK202310111127,116.86666666666666
EK202310169688,127.53333333333333
EK202310111033,140.8
EK202310118526,142.53333333333333
EK202310190143,138.2
EK202310232739,152.3
EK202310199403,134.76666666666668
EK202310168879,148.83333333333334
EK202310140593,137.53333333333333
EK202310003734,145.96666666666667
EK202310234646,136.3
EK202310133170,141.7
EK202310181389,135.2
EK202310173177,149.46666666666667
EK202310164882,132.96666666666667
EK202310191760,164.43333333333334
EK202310234933,160.76666666666668
EK202310164012,137.56666666666666
EK202310207434,153.63333333333333
EK202310198243,132.13333333333333
EK202310162062,145.96666666666667
EK202310124086,138.9
EK202310159310,145.16666666666666
EK202310241058,138.56666666666666
EK202310179083,143.56666666666666
EK202310175051,131.96666666666667
EK202310149452,164.86666666666667
EK202310230416,134.4
EK202310187500,152.73333333333332
EK202310183313,149.2
EK202310237296,131.0
EK202310214789,151.8
EK202310180222,151.7
EK202310122939,152.23333333333332
EK202310181965,150.43333333333334
EK202310228380,145.6
EK202310159058,140.23333333333332
EK202310188976,142.76666666666668
EK202310172452,153.66666666666666
EK202310215052,154.86666666666667
EK202310247517,145.86666666666667
EK202310156349,150.26666666666668
EK202310242723,145.3
EK202310107972,140.73333333333332
EK202310153284,134.53333333333333
EK202310142419,147.03333333333333
EK202310202260,136.23333333333332
EK202310169840,149.1
EK202310229959,154.46666666666667
EK202310112101,163.5
EK202310170405,135.4
EK202310187604,132.83333333333334
EK202310226938,144.46666666666667
EK202310170407,132.56666666666666
EK202310188787,135.23333333333332
EK202310157751,160.26666666666668
EK202310110049,140.0
EK202310171605,140.43333333333334
EK202310225647,135.76666666666668
EK202310160034,141.4
EK202310104086,141.03333333333333
EK202310133846,138.56666666666666
EK202310149687,144.66666666666666
EK202310237643,147.5
EK202310240693,145.53333333333333
EK202310209107,149.33333333333334
EK202310152954,148.36666666666667
EK202310107042,146.86666666666667
EK202310147766,135.43333333333334
EK202310157864,141.16666666666666
EK202310132609,153.03333333333333
EK202310198224,139.03333333333333
EK202310181372,161.63333333333333
EK202310107536,148.16666666666666
EK202310107339,122.0
EK202310231880,152.9
EK202310121562,154.06666666666666
EK202310219911,137.33333333333334
EK202310111456,154.33333333333334
EK202310230174,154.83333333333334
EK202310123273,141.86666666666667
EK202310130394,135.9
EK202310125858,135.06666666666666
EK202310148270,138.73333333333332
EK202310158632,145.8
EK202310131026,138.4
EK202310204177,140.03333333333333
EK202310116255,152.13333333333333
EK202310149497,146.66666666666666
EK202310105304,152.33333333333334
EK202310188432,129.8
EK202310153241,164.86666666666667
EK202310143739,156.56666666666666
EK202310157045,148.46666666666667
EK202310221281,132.4
EK202310183812,157.33333333333334
EK202310237731,111.96666666666667
EK202310157369,143.2
EK202310162985,151.23333333333332
EK202310120645,136.4
EK202310222168,140.93333333333334
EK202310185855,153.1
EK202310208538,149.6
EK202310176660,160.83333333333334
EK202310004357,146.73333333333332
EK202310131180,142.03333333333333
EK202310239429,144.76666666666668
EK202310143219,140.66666666666666
EK202310117261,136.2
EK202310185385,133.9
EK202320006967,157.66666666666666
EK202310133649,146.56666666666666
EK202310124686,129.03333333333333
EK202310158040,149.33333333333334
EK202310196688,139.43333333333334
EK202310191616,146.5
EK202310115678,132.96666666666667
EK202310147246,150.6
EK202310143506,143.36666666666667
EK202310151678,133.36666666666667
EK202310154413,147.43333333333334
EK202310140205,138.33333333333334
EK202310220100,142.4
EK202310125163,148.8
EK202310220961,132.83333333333334
EK202310230382,133.63333333333333
EK202310235095,136.7
EK202310161057,145.06666666666666
EK202310118114,133.8
EK202310170808,133.3
EK202310134456,135.36666666666667
EK202310200301,150.83333333333334
EK202310159200,170.1
EK202310238472,128.0
EK202310128987,138.13333333333333
EK202310108858,136.33333333333334
EK202310226102,136.36666666666667
EK202310113124,127.56666666666666
EK202310225235,137.96666666666667
EK202310179343,141.13333333333333
EK202310178389,154.33333333333334
EK202310119599,130.5
EK202310244023,132.7
EK202310156102,139.33333333333334
EK202310130216,159.73333333333332
EK202310234897,141.93333333333334
EK202310187102,144.8
EK202310239290,129.6
EK202310136586,146.16666666666666
EK202310108466,132.53333333333333
EK202310230613,142.93333333333334
EK202310152593,143.16666666666666
EK202310196010,151.9
EK202310226253,128.8
EK202310203216,148.03333333333333
EK202310166883,146.66666666666666
EK202310129487,137.3
EK202310105043,149.6
EK202310138902,129.06666666666666
EK202310202724,139.03333333333333
EK202310201811,151.33333333333334
EK202310175242,139.46666666666667
EK202310114269,123.63333333333334
EK202310231260,136.2
EK202310104135,155.53333333333333
EK202310157818,128.8
EK202310182339,155.6
EK202310147937,136.9
EK202310200292,152.33333333333334
EK202310230177,144.83333333333334
EK202310162469,129.56666666666666
EK202310204330,146.1
EK202310139204,141.4
EK202310130100,148.8
EK202310155710,135.86666666666667
EK202310233995,137.46666666666667
EK202310184497,152.7
EK202310164378,131.13333333333333
EK202310219862,143.36666666666667
EK202310125493,139.0
EK202310154947,148.43333333333334
EK202310177743,140.13333333333333
EK202310183365,130.13333333333333
EK202310195017,138.13333333333333
EK202310111369,153.73333333333332
EK202310225082,172.76666666666668
EK202310155429,138.53333333333333
EK202310226852,143.36666666666667
EK202310180504,147.3
EK202310181743,185.2
EK202310003997,151.96666666666667
EK202310205645,148.33333333333334
EK202310115820,142.06666666666666
EK202310162941,134.9
EK202310180586,136.2
EK202310220916,134.63333333333333
EK202310202555,157.1
EK202310149995,151.26666666666668
EK202310119295,156.96666666666667
EK202310187858,149.76666666666668
EK202310237992,152.4
EK202310213952,154.36666666666667
EK202310123029,134.83333333333334
EK202310147096,139.93333333333334
EK202310223097,145.1
EK202310166215,144.83333333333334
EK202310004720,151.13333333333333
EK202310163572,128.1
EK202310162607,144.06666666666666
EK202310126965,144.4
EK202310140141,140.16666666666666
EK202310177046,145.8
EK202310197851,160.03333333333333
EK202310117189,140.6
EK202310210540,141.03333333333333
EK202310177596,127.83333333333333
EK202310155696,139.0
EK202310175690,146.73333333333332
EK202310219739,143.06666666666666
EK202310003649,127.3
EK202310175576,146.5
EK202310178878,142.7
EK202310211266,126.86666666666666
EK202310141670,139.06666666666666
EK202310159615,145.96666666666667
EK202310234233,140.46666666666667
EK202310229461,135.06666666666666
EK202310205036,141.16666666666666
EK202310225181,144.5
EK202310191452,153.6
EK202310146939,131.46666666666667
EK202310182164,152.4
EK202310170225,144.66666666666666
EK202310194220,143.16666666666666
EK202310197061,156.16666666666666
EK202310173373,147.63333333333333
EK202310209119,152.63333333333333
EK202320006628,170.73333333333332
EK202310136886,127.0
EK202310159668,143.23333333333332
EK202310204891,130.9
EK202310246209,163.23333333333332
EK202310198151,145.7
EK202310111528,125.13333333333334
EK202310181657,143.66666666666666
EK202310110692,131.26666666666668
EK202310187777,170.0
EK202310180038,130.66666666666666
EK202310107931,142.5
EK202310186808,137.56666666666666
EK202310229289,135.5
EK202310223469,139.93333333333334
EK202310124329,137.4
EK202310181534,140.5
EK202310132729,142.3
EK202310121382,139.53333333333333
EK202320006815,180.1
EK202310199820,142.96666666666667
EK202310148775,153.8
EK202310160487,132.53333333333333
EK202310225148,173.43333333333334
EK202310144291,149.1
EK202310177549,155.56666666666666
EK202310195485,144.73333333333332
EK202310183864,160.43333333333334
EK202310120532,131.6
EK202310170076,132.46666666666667
EK202310195740,151.83333333333334
EK202310179595,138.3
EK202320007837,138.66666666666666
EK202310184046,139.13333333333333
EK202310171869,151.8
EK202310223256,136.8
EK202310233904,152.36666666666667
EK202310247327,173.06666666666666
EK202310127761,139.0
EK202310131174,137.23333333333332
EK202310112799,135.46666666666667
EK202310121242,150.43333333333334
EK202310220124,139.0
EK202310118386,154.56666666666666
EK202310111074,152.5
EK202310182197,150.7
EK202310138009,137.43333333333334
EK202310205273,166.8
EK202310118039,149.83333333333334
EK202310126134,146.1
EK202310130337,124.36666666666666
EK202310106788,134.9
EK202310167682,142.3
EK202310146264,135.36666666666667
EK202310138461,111.63333333333334
EK202310218689,132.66666666666666
EK202310176319,156.23333333333332
EK202310118958,134.0
EK202310167604,163.46666666666667
EK202310205793,135.96666666666667
EK202310104740,133.03333333333333
EK202310166561,143.4
EK202310110675,133.83333333333334
EK202310201775,144.03333333333333
EK202310188302,172.4
EK202310167994,151.96666666666667
EK202310135487,159.23333333333332
EK202310168143,139.4
EK202310204808,153.13333333333333
EK202310151944,146.63333333333333
EK202310224341,141.36666666666667
EK202310111538,165.9
EK202310122316,135.2
EK202310178272,147.43333333333334
EK202310174655,143.7
EK202320006786,181.4
EK202310170761,150.76666666666668
EK202310117836,136.76666666666668
EK202310197808,156.13333333333333
EK202310236038,177.76666666666668
EK202310147177,150.13333333333333
EK202310226210,140.73333333333332
EK202310128001,142.26666666666668
EK202310150524,168.23333333333332
EK202310128526,155.23333333333332
EK202310126204,138.76666666666668
EK202310117271,132.3
EK202310176809,129.3
EK202310169896,158.9
EK202310241503,134.63333333333333
EK202310159411,158.9
EK202310168543,155.03333333333333
EK202310196558,142.43333333333334
EK202310163150,143.03333333333333
EK202310235581,134.76666666666668
EK202310233161,142.5
EK202310190473,166.73333333333332
EK202310196173,143.06666666666666
EK202310208613,130.16666666666666
EK202310177724,132.93333333333334
EK202310175056,143.23333333333332
EK202310111228,142.0
EK202310234828,147.23333333333332
EK202310121915,149.73333333333332
EK202310220373,134.13333333333333
EK202310145989,155.2
EK202310246664,144.9
EK202310239676,138.9
EK202310223963,143.76666666666668
EK202310210083,151.4
EK202310165601,143.93333333333334
EK202310211271,150.46666666666667
EK202310179038,145.8
EK202310112961,158.46666666666667
EK202310141004,145.26666666666668
EK202310150784,170.36666666666667
EK202310174865,154.16666666666666
EK202310123688,129.5
EK202310190962,152.1
EK202310192255,133.96666666666667
EK202310192265,135.66666666666666
EK202310193019,163.9
EK202310114602,141.53333333333333
EK202310110286,136.7
EK202310163569,128.6
EK202310174927,163.5
EK202310204027,158.6
EK202310197637,143.6
EK202310190376,143.6
EK202310146945,130.5
EK202310149841,131.93333333333334
EK202310170965,157.7
EK202310107183,143.53333333333333
EK202310163517,144.63333333333333
EK202310203286,148.93333333333334
EK202310146022,142.9
EK202310111432,139.56666666666666
EK202310202147,156.4
EK202310139521,156.16666666666666
EK202310214439,142.46666666666667
EK202310178903,153.56666666666666
EK202310123729,142.1
EK202310199058,143.53333333333333
EK202310136770,138.4
EK202310226727,145.4
EK202310223073,132.36666666666667
EK202310200813,139.63333333333333
EK202310123891,142.03333333333333
EK202310122410,157.7
EK202310213591,127.66666666666667
EK202310247671,179.43333333333334
EK202310168753,138.53333333333333
EK202310227492,143.66666666666666
EK202310121230,133.2
EK202310162300,160.83333333333334
EK202310138673,138.1
EK202310177419,140.6
EK202310221047,136.13333333333333
EK202310199069,140.46666666666667
EK202310124433,159.66666666666666
EK202310152193,166.46666666666667
EK202310221750,141.93333333333334
EK202310111508,137.36666666666667
EK202310225858,132.36666666666667
EK202310244419,146.43333333333334
EK202310139413,146.53333333333333
EK202310156930,146.96666666666667
EK202310160323,162.56666666666666
EK202310140167,133.8
EK202310106834,135.23333333333332
EK202310116024,135.33333333333334
EK202310221867,134.63333333333333
EK202310158833,149.2
EK202310123702,140.33333333333334
EK202310192686,138.0
EK202310210956,152.33333333333334
EK202310142282,151.43333333333334
EK202310138282,150.13333333333333
EK202310224531,134.76666666666668
EK202310165971,133.5
EK202310161662,147.8
EK202310109830,139.13333333333333
EK202310149086,158.26666666666668
EK202310128457,159.23333333333332
EK202310146894,145.93333333333334
EK202310153536,132.26666666666668
EK202310137317,128.7
EK202310109096,138.5
EK202310188535,137.13333333333333
EK202310193279,128.06666666666666
EK202310229951,158.06666666666666
EK202310110507,134.86666666666667
EK202310158912,144.36666666666667
EK202310121939,156.06666666666666
EK202310133006,158.36666666666667
EK202310123534,131.36666666666667
EK202310116590,146.73333333333332
EK202310225727,148.4
EK202310121585,128.73333333333332
EK202310204778,134.73333333333332
EK202310185473,147.63333333333333
EK202310210130,153.7
EK202310148836,145.33333333333334
EK202310119653,150.2
EK202310198898,134.2
EK202310248089,159.76666666666668
EK202310139296,146.96666666666667
EK202310179982,176.0
EK202310237915,136.6
EK202310158701,149.06666666666666
EK202310200383,144.56666666666666
EK202310123263,141.5
EK202310120640,135.46666666666667
EK202310164686,158.7
EK202310172560,146.56666666666666
EK202310112120,150.23333333333332
EK202310111450,148.3
EK202310127176,174.5
EK202310155228,142.53333333333333
EK202310122785,176.06666666666666
EK202310129726,162.23333333333332
EK202310202138,148.06666666666666
EK202310174059,131.7
EK202310241322,144.06666666666666
EK202310240201,164.66666666666666
EK202310152861,169.93333333333334
EK202310190128,156.83333333333334
EK202310142222,150.4
EK202310239282,146.83333333333334
EK202310123815,135.53333333333333
EK202310135342,150.26666666666668
EK202310165056,142.2
EK202310197918,143.03333333333333
EK202310152287,142.9
EK202310118776,139.5
EK202310204594,133.16666666666666
EK202310207755,133.73333333333332
EK202310202942,134.13333333333333
EK202310115468,133.6
EK202310196078,166.63333333333333
EK202310208592,154.2
EK202310138579,146.26666666666668
EK202310221870,131.8
EK202310104365,140.8
EK202310240461,149.4
EK202310189760,139.06666666666666
EK202310190187,163.96666666666667
EK202310221590,170.46666666666667
EK202310195095,147.9
EK202310209962,142.16666666666666
EK202310236666,136.53333333333333
EK202310163532,147.06666666666666
EK202310200231,131.9
EK202310166801,139.96666666666667
EK202310137829,130.23333333333332
EK202310178645,147.33333333333334
EK202310132257,138.36666666666667
EK202310116109,130.76666666666668
EK202310170340,133.46666666666667
EK202320005685,142.2
EK202310110254,128.6
EK202310142286,155.8
EK202310113972,139.53333333333333
EK202310173627,172.86666666666667
EK202310161526,156.66666666666666
EK202310199255,133.63333333333333
EK202310127635,137.46666666666667
EK202310230652,140.96666666666667
EK202310162047,153.76666666666668
EK202310187427,144.9
EK202310183777,180.16666666666666
EK202310209587,146.96666666666667
EK202310206498,146.16666666666666
EK202310212354,128.36666666666667
EK202310124840,143.7
EK202310120474,131.6
EK202310145470,139.93333333333334
EK202310193235,152.13333333333333
EK202310173946,145.0
EK202310139407,135.26666666666668
EK202310172298,131.2
EK202310172477,170.2
EK202310136836,134.13333333333333
EK202310153000,157.0
EK202310227011,128.23333333333332
EK202310116524,145.3
EK202310182080,141.83333333333334
EK202310172447,147.7
EK202310202778,139.76666666666668
EK202310173634,128.7
EK202310233498,149.83333333333334
EK202310147033,147.46666666666667
EK202310229276,141.53333333333333
EK202310149539,149.06666666666666
EK202310169898,134.4
EK202310140444,153.83333333333334
EK202310148794,139.23333333333332
EK202310168225,149.63333333333333
EK202310122509,135.2
EK202310200433,163.23333333333332
EK202310147275,148.46666666666667
EK202310173524,145.63333333333333
EK202310172383,138.16666666666666
EK202310162443,135.36666666666667
EK202310136680,153.76666666666668
EK202310145392,141.16666666666666
EK202310128822,162.66666666666666
EK202310178947,130.33333333333334
EK202310161017,137.73333333333332
EK202310117154,140.1
EK202310191847,149.13333333333333
EK202310235861,156.16666666666666
EK202310144219,145.9
EK202310163279,156.33333333333334
EK202310123158,136.93333333333334
EK202310130523,163.93333333333334
EK202310149646,150.93333333333334
EK202310135587,137.46666666666667
EK202310206712,157.8
EK202310114144,149.23333333333332
EK202310143984,134.76666666666668
EK202310247715,136.53333333333333
EK202310166729,150.4
EK202310166588,158.03333333333333
EK202310104103,145.43333333333334
EK202310180245,163.9
EK202310147372,167.96666666666667
EK202310153045,145.13333333333333
EK202310218342,136.16666666666666
EK202310178452,146.5
EK202310215610,149.96666666666667
EK202310125820,136.43333333333334
EK202310145000,141.06666666666666
EK202310123565,135.16666666666666
EK202310119232,136.9
EK202310121655,133.93333333333334
EK202310220009,142.46666666666667
EK202310108478,173.16666666666666
EK202320006810,166.93333333333334
EK202310164302,132.53333333333333
EK202310127527,133.2
EK202310158421,144.03333333333333
EK202310130473,134.36666666666667
EK202310191209,140.26666666666668
EK202310151031,133.76666666666668
EK202310242418,126.36666666666666
EK202310117038,134.4
EK202310169468,156.33333333333334
EK202310155518,134.26666666666668
EK202310160439,148.03333333333333
EK202310137675,138.4
EK202310129243,137.03333333333333
EK202310161476,154.96666666666667
EK202310117393,144.93333333333334
EK202310183468,134.26666666666668
EK202310136137,138.8
EK202310186954,172.5
EK202310149506,160.2
EK202310138751,156.46666666666667
EK202310210563,146.7
EK202310153823,170.16666666666666
EK202310109991,149.26666666666668
EK202310163957,172.96666666666667
EK202310213655,138.8
EK202310200962,166.1
EK202310161409,170.56666666666666
EK202310153656,146.4
EK202310135461,127.03333333333333
EK202310192428,147.6
EK202310125512,133.53333333333333
EK202310217273,160.2
EK202310154096,159.16666666666666
EK202310230788,138.13333333333333
EK202310178884,126.0
EK202310172461,155.76666666666668
EK202320007592,161.73333333333332
EK202310199895,142.13333333333333
EK202310239443,133.93333333333334
EK202310123294,145.83333333333334
EK202310177951,153.66666666666666
EK202310203901,175.23333333333332
EK202310133270,142.83333333333334
EK202310150003,149.03333333333333
EK202310173535,135.4
EK202310177996,140.93333333333334
EK202310177998,138.03333333333333
EK202310105111,137.96666666666667
EK202310132782,144.26666666666668
EK202310147465,152.83333333333334
EK202310189373,149.93333333333334
EK202310212915,146.3
EK202310192950,140.16666666666666
EK202310116860,127.7
EK202310219235,130.46666666666667
EK202310159602,168.13333333333333
EK202310004247,141.13333333333333
EK202310108971,134.46666666666667
EK202310188852,153.56666666666666
EK202310139403,158.13333333333333
EK202310234630,139.43333333333334
EK202310003419,126.23333333333333
EK202310240718,135.56666666666666
EK202310139149,164.9
EK202310191432,147.56666666666666
EK202310150654,176.43333333333334
EK202310106818,138.2
EK202310238168,143.0
EK202310164496,132.3
EK202310187495,164.13333333333333
EK202310103974,146.6
EK202310109251,134.7
EK202310120857,118.76666666666667
EK202310170330,155.9
EK202310173297,144.93333333333334
EK202310140255,135.03333333333333
EK202310139229,146.63333333333333
EK202310174339,155.33333333333334
EK202310241642,161.56666666666666
EK202310124888,136.26666666666668
EK202310182131,138.36666666666667
EK202310204239,133.86666666666667
EK202310168111,133.3
EK202310121789,135.73333333333332
EK202310140719,131.66666666666666
EK202310192995,147.93333333333334
EK202310117846,138.23333333333332
EK202310116879,141.1
EK202310146348,130.3
EK202310161368,165.73333333333332
EK202310176187,151.96666666666667
EK202310003798,140.0
EK202310147169,160.06666666666666
EK202310130622,144.76666666666668
EK202310246544,177.1
EK202310153051,160.9
EK202310185995,145.03333333333333
EK202310110814,144.83333333333334
EK202310151121,133.06666666666666
EK202310219095,142.2
EK202310110404,126.9
EK202310144409,141.6
EK202310187391,128.96666666666667
EK202310149764,151.46666666666667
EK202310201310,159.96666666666667
EK202310236862,138.6
EK202310137394,134.66666666666666
EK202310141967,149.23333333333332
EK202310116050,132.46666666666667
EK202310207103,135.06666666666666
EK202310004907,144.76666666666668
EK202310151090,136.36666666666667
EK202310172058,152.46666666666667
EK202310115937,135.13333333333333
EK202310200500,141.6
EK202310197265,158.6
EK202310156808,160.23333333333332
EK202310210778,160.36666666666667
EK202310178848,136.4
EK202310189222,154.13333333333333
EK202310245286,155.0
EK202310201625,139.1
EK202310245649,138.0
EK202310149643,140.3
EK202310136510,133.23333333333332
EK202310122753,138.36666666666667
EK202310246817,150.66666666666666
EK202310210226,137.06666666666666
EK202310172695,140.8
EK202310170665,161.53333333333333
EK202310142911,133.73333333333332
EK202310169874,134.6
EK202310198233,148.1
EK202310207245,135.56666666666666
EK202310123010,148.2
EK202310237178,137.26666666666668
EK202310199794,140.66666666666666
EK202310150744,148.06666666666666
EK202310230791,143.86666666666667
EK202310219009,143.46666666666667
EK202310156827,153.6
EK202310128134,154.56666666666666
EK202310106985,149.53333333333333
EK202310169339,144.86666666666667
EK202310235910,149.96666666666667
EK202310234586,137.76666666666668
EK202310225660,127.13333333333334
EK202310004833,145.43333333333334
EK202310197506,135.3
EK202310165175,153.5
EK202310133623,170.5
EK202310188944,149.76666666666668
EK202310195388,150.63333333333333
EK202310136775,154.8
EK202310123115,134.96666666666667
EK202310236860,145.93333333333334
EK202310144494,140.6
EK202310229026,144.53333333333333
EK202310135882,141.2
EK202310212362,140.3
EK202310159458,142.63333333333333
EK202310208432,141.16666666666666
EK202310157240,141.2
EK202310209343,154.46666666666667
EK202310214206,134.23333333333332
EK202310178372,163.3
EK202310243735,137.93333333333334
EK202310148264,136.9
EK202310137796,138.83333333333334
EK202310124924,151.5
EK202310236432,135.96666666666667
EK202310175676,147.13333333333333
EK202310235955,145.03333333333333
EK202310198947,136.16666666666666
EK202310134055,154.63333333333333
EK202310174001,146.83333333333334
EK202310115167,143.86666666666667
EK202310127593,144.1
EK202310158302,152.33333333333334
EK202310212755,151.2
EK202310240947,133.0
EK202310149996,137.13333333333333
EK202310150238,130.26666666666668
EK202310235315,157.76666666666668
EK202310112303,137.63333333333333
EK202310162832,140.63333333333333
EK202310168734,153.53333333333333
EK202310144612,136.73333333333332
EK202310141463,137.26666666666668
EK202310186157,136.2
EK202310196629,172.56666666666666
EK202310177781,139.2
EK202310214576,153.4
EK202310213457,140.56666666666666
EK202310109319,132.83333333333334
EK202310140409,161.7
EK202310159595,131.2
EK202310221635,134.0
EK202310156425,145.63333333333333
EK202310151139,129.73333333333332
EK202310122849,128.66666666666666
EK202310149074,142.43333333333334
EK202310242259,150.06666666666666
EK202310164229,163.16666666666666
EK202310193843,172.93333333333334
EK202310206163,138.1
EK202310226035,137.63333333333333
EK202310152221,160.33333333333334
EK202310105803,138.36666666666667
EK202310226363,133.5
EK202310154688,155.46666666666667
EK202310176650,133.6
EK202310145747,144.86666666666667
EK202310211584,139.26666666666668
EK202310220442,145.56666666666666
EK202310205364,150.76666666666668
EK202310247943,168.13333333333333
EK202310211494,136.36666666666667
EK202310223193,135.4
EK202310192188,172.23333333333332
EK202310182827,154.93333333333334
EK202310232562,160.4
EK202310133290,131.63333333333333
EK202310158696,141.63333333333333
EK202310217289,139.86666666666667
EK202310160255,142.33333333333334
EK202310153931,143.5
EK202310152474,136.16666666666666
EK202310202098,158.73333333333332
EK202310222372,147.93333333333334
EK202310122551,129.86666666666667
EK202310189977,153.73333333333332
EK202310235124,153.4
EK202310230811,148.83333333333334
EK202310139101,143.16666666666666
EK202310172491,128.76666666666668
EK202310217910,136.1
EK202310111343,129.96666666666667
EK202310003655,139.96666666666667
EK202310143114,145.8
EK202310199189,131.23333333333332
EK202310216615,142.2
EK202310191841,142.9
EK202310125751,131.16666666666666
EK202310138803,149.03333333333333
EK202310164581,150.03333333333333
EK202310208664,158.03333333333333
EK202310110520,139.83333333333334
EK202310121702,143.46666666666667
EK202310217544,148.0
EK202310230128,138.4
EK202310143116,139.33333333333334
EK202310240904,122.93333333333334
EK202310119417,155.56666666666666
EK202310140166,134.93333333333334
EK202310173685,152.43333333333334
EK202310183555,140.76666666666668
EK202310184119,136.73333333333332
EK202310107937,137.76666666666668
EK202310212966,142.3
EK202310161552,156.3
EK202310176844,141.03333333333333
EK202310106215,124.63333333333334
EK202310114075,131.56666666666666
EK202310130063,145.13333333333333
EK202310205703,127.63333333333334
EK202310197515,130.93333333333334
EK202310211815,132.43333333333334
EK202310201003,141.73333333333332
EK202310230991,123.2
EK202310117518,150.53333333333333
EK202310197246,158.8
EK202310172663,139.6
EK202310139483,139.73333333333332
EK202310129316,166.76666666666668
EK202310152009,158.46666666666667
EK202310202611,139.46666666666667
EK202310226354,139.06666666666666
EK202310117193,138.26666666666668
EK202310118713,142.23333333333332
EK202310172411,172.4
EK202310219644,130.0
EK202310213531,141.23333333333332
EK202310242803,138.8
EK202310152661,148.1
EK202310152241,128.66666666666666
EK202310229787,147.96666666666667
EK202310242437,139.33333333333334
EK202310108706,152.16666666666666
EK202310185541,138.33333333333334
EK202310164254,163.7
EK202310169434,143.86666666666667
EK202310140161,131.1
EK202310140926,176.46666666666667
EK202310144378,136.46666666666667
EK202310207675,133.66666666666666
EK202310176041,124.33333333333333
EK202310179507,140.9
EK202310217262,140.16666666666666
EK202310212384,142.93333333333334
EK202310236809,141.9
EK202310210937,143.16666666666666
EK202310146509,147.3
EK202310208359,145.1
EK202310196964,181.5
EK202310121297,131.5
EK202310125054,155.5
EK202310150801,138.6
EK202310124068,138.93333333333334
EK202310217152,144.43333333333334
EK202310213127,137.83333333333334
EK202310138002,131.53333333333333
EK202310137999,134.6
EK202310120368,152.06666666666666
EK202310139442,139.33333333333334
EK202310130726,133.53333333333333
EK202310227013,137.86666666666667
EK202310120427,135.93333333333334
EK202310178312,143.76666666666668
EK202310174421,146.16666666666666
EK202310152720,160.66666666666666
EK202310244641,136.5
EK202310207759,142.0
EK202310150664,131.26666666666668
EK202310130175,169.7
EK202310218396,137.46666666666667
EK202310200848,139.13333333333333
EK202310169858,143.93333333333334
EK202310167529,154.06666666666666
EK202310105681,141.7
EK202310120146,145.63333333333333
EK202310119589,143.5
EK202310116721,137.3
EK202310167292,143.46666666666667
EK202310184949,161.1
EK202310114495,144.33333333333334
EK202310196817,145.76666666666668
EK202310247795,131.3
EK202310182295,154.83333333333334
EK202310104403,150.3
EK202310145319,156.93333333333334
EK202310180791,162.8
EK202320006323,148.9
EK202310240533,153.8
EK202310127909,154.6
EK202310127901,143.3
EK202310152050,151.93333333333334
EK202310129455,133.86666666666667
EK202310109106,143.16666666666666
EK202310131756,139.93333333333334
EK202310237136,135.3
EK202310120314,143.9
EK202310148251,140.66666666666666
EK202310138226,146.4
EK202310109018,142.06666666666666
EK202310208749,137.6
EK202310003722,132.93333333333334
EK202310231839,134.86666666666667
EK202310221232,135.1
EK202310216059,130.7
EK202310225575,140.13333333333333
EK202310106813,138.66666666666666
EK202310165461,145.03333333333333
EK202310233667,156.33333333333334
EK202310155049,142.46666666666667
EK202310114377,157.53333333333333
EK202310231905,139.13333333333333
EK202310205554,155.16666666666666
EK202310158652,134.5
EK202310178116,141.26666666666668
EK202310206509,150.66666666666666
EK202310203355,161.83333333333334
EK202310242205,159.43333333333334
EK202310133154,136.2
EK202310227076,133.66666666666666
EK202310138977,144.26666666666668
EK202310227762,129.5
EK202310176853,143.16666666666666
EK202310162306,143.13333333333333
EK202310210652,139.0
EK202310231471,134.46666666666667
EK202310198811,140.33333333333334
EK202310194755,145.46666666666667
EK202310213637,137.66666666666666
EK202310216935,179.03333333333333
EK202310148553,158.43333333333334
EK202310118079,129.93333333333334
EK202320006148,186.26666666666668
EK202310169315,155.76666666666668
EK202310215478,132.8
EK202310193163,153.7
EK202310166480,140.33333333333334
EK202310121860,132.76666666666668
EK202310229325,139.93333333333334
EK202310178140,141.76666666666668
EK202310217881,145.26666666666668
EK202310172603,142.83333333333334
EK202310172232,131.9
EK202310215413,154.8
EK202310200194,164.83333333333334
EK202310212870,147.26666666666668
EK202310152587,153.23333333333332
EK202310138105,143.4
EK202310184620,149.3
EK202310120222,142.46666666666667
EK202310181510,160.26666666666668
EK202310209297,135.56666666666666
EK202310114316,123.5
EK202310122992,143.2
EK202310169594,133.9
EK202310130080,136.33333333333334
EK202310133522,140.23333333333332
EK202310248335,148.4
EK202310146609,138.13333333333333
EK202310125379,135.96666666666667
EK202310138254,139.46666666666667
EK202310148644,147.6
EK202310142229,154.93333333333334
EK202310179390,166.46666666666667
EK202310122502,134.23333333333332
EK202310132067,145.36666666666667
EK202310139033,149.36666666666667
EK202310174868,162.1
EK202310135426,139.13333333333333
EK202310159611,135.06666666666666
EK202310201750,143.46666666666667
EK202310182771,139.3
EK202310168375,142.63333333333333
EK202310238925,137.2
EK202310220283,141.03333333333333
EK202310141586,143.73333333333332
EK202310121160,138.73333333333332
EK202310231913,134.73333333333332
EK202310180283,133.3
EK202310131842,171.06666666666666
EK202310188406,148.13333333333333
EK202310154032,152.5
EK202310108823,168.83333333333334
EK202310120117,148.4
EK202310247965,150.6
EK202310229128,165.1
EK202310150441,143.23333333333332
EK202310211128,139.26666666666668
EK202310185601,149.53333333333333
EK202310160008,143.6
EK202310229066,144.56666666666666
EK202310180392,131.96666666666667
EK202310119754,147.4
EK202310156284,138.9
EK202310202853,160.53333333333333
EK202310122376,161.2
EK202310233034,157.56666666666666
EK202310201718,132.8
EK202310195404,144.6
EK202320006623,159.36666666666667
EK202310172346,130.86666666666667
EK202310220369,145.63333333333333
EK202310133576,164.56666666666666
EK202310203386,171.5
EK202310125524,136.76666666666668
EK202310183338,131.3
EK202310199400,161.0
EK202310232929,124.43333333333334
EK202310144777,144.33333333333334
EK202310206148,138.13333333333333
EK202310163892,143.5
EK202310226194,135.33333333333334
EK202310229083,138.63333333333333
EK202310242355,135.13333333333333
EK202310153019,142.13333333333333
EK202310133725,156.76666666666668
EK202310237397,139.3
EK202310108761,164.8
EK202310202125,132.63333333333333
EK202310223149,148.73333333333332
EK202310211064,147.0
EK202310206726,165.93333333333334
EK202310239457,127.66666666666667
EK202310131359,137.83333333333334
EK202310225966,176.33333333333334
EK202310162670,139.7
EK202310112377,158.73333333333332
EK202310161138,128.16666666666666
EK202310143575,134.4
EK202310140582,137.86666666666667
EK202310106691,144.76666666666668
EK202310106388,134.9
EK202310132651,148.16666666666666
EK202310235986,146.26666666666668
EK202310116284,152.63333333333333
EK202310243775,170.7
EK202310129332,163.46666666666667
EK202310004513,131.66666666666666
EK202310148366,133.63333333333333
EK202310127277,150.13333333333333
EK202310197024,143.36666666666667
EK202310132043,131.5
EK202310109603,132.43333333333334
EK202310119816,139.76666666666668
EK202310183299,151.0
EK202310157782,140.2
EK202310240073,154.03333333333333
EK202310124263,133.46666666666667
EK202310118878,136.7
EK202310159933,129.9
EK202310235851,146.06666666666666
EK202310199705,165.63333333333333
EK202310121857,136.03333333333333
EK202310135337,157.06666666666666
EK202310116218,142.63333333333333
EK202310247152,140.8
EK202310213364,143.13333333333333
EK202310117331,134.6
EK202310220060,140.13333333333333
EK202310113433,167.26666666666668
EK202310200316,136.1
EK202310204117,149.33333333333334
EK202310142962,134.83333333333334
EK202310149474,140.73333333333332
EK202310156319,166.26666666666668
EK202310111297,135.66666666666666
EK202310149401,144.7
EK202310141738,147.26666666666668
EK202310219293,133.93333333333334
EK202310228805,136.76666666666668
EK202310232975,134.23333333333332
EK202310238431,139.83333333333334
EK202310191477,146.8
EK202310107521,159.2
EK202310126862,137.36666666666667
EK202310116842,139.76666666666668
EK202310220332,148.73333333333332
EK202310191222,152.0
EK202310142584,136.16666666666666
EK202310181821,143.66666666666666
EK202310193376,138.66666666666666
EK202310220744,144.66666666666666
EK202310146397,128.9
EK202310168910,141.56666666666666
EK202310230593,142.03333333333333
EK202310228617,129.53333333333333
EK202310155826,159.43333333333334
EK202310211936,134.26666666666668
EK202310210374,139.86666666666667
EK202310143369,144.0
EK202310226681,136.3
EK202310222110,135.23333333333332
EK202310237461,155.33333333333334
EK202310004906,127.46666666666667
EK202310242700,135.86666666666667
EK202310205947,133.63333333333333
EK202310178378,140.1
EK202310165711,142.5
EK202310169499,138.7
EK202310146580,153.5
EK202310213522,130.6
EK202310236119,153.0
EK202310223991,147.83333333333334
EK202310121767,142.53333333333333
EK202310188210,149.33333333333334
EK202310160523,142.76666666666668
EK202310109762,137.03333333333333
EK202310171055,143.03333333333333
EK202320006726,150.36666666666667
EK202310210705,139.63333333333333
EK202310152215,138.23333333333332
EK202310125726,140.76666666666668
EK202310172100,146.8
EK202310003880,135.13333333333333
EK202310128330,151.66666666666666
EK202310112999,158.53333333333333
EK202310201791,158.26666666666668
EK202310124897,126.26666666666667
EK202310218886,151.76666666666668
EK202310166286,144.5
EK202310214269,144.56666666666666
EK202310131160,144.76666666666668
EK202310189137,131.3
EK202310118145,140.96666666666667
EK202310182255,142.23333333333332
EK202310177007,159.33333333333334
EK202310205755,144.43333333333334
EK202310135629,135.6
EK202310232047,142.63333333333333
EK202310171967,155.8
EK202310184827,154.8
EK202310131897,150.6
EK202310152600,163.26666666666668
EK202310184315,152.96666666666667
EK202310106757,138.9
EK202310145774,144.33333333333334
EK202310134477,150.0
EK202310221434,134.3
EK202310183603,154.43333333333334
EK202310191157,146.9
EK202310182657,135.1
EK202310174889,169.5
EK202310118138,146.2
EK202310157349,145.46666666666667
EK202310143539,144.66666666666666
EK202310106752,136.63333333333333
EK202310163158,149.43333333333334
EK202310132302,126.93333333333334
EK202310198764,166.46666666666667
EK202310237390,139.43333333333334
EK202320006875,175.06666666666666
EK202310144420,128.26666666666668
EK202310238324,131.0
EK202310199756,154.43333333333334
EK202310226741,131.1
EK202310207205,142.56666666666666
EK202310180418,143.3
EK202310110312,133.63333333333333
EK202310119768,142.3
EK202310225430,142.7
EK202310217204,136.56666666666666
EK202320005824,157.5
EK202310199269,141.2
EK202310199501,133.93333333333334
EK202310158676,139.13333333333333
EK202310224293,139.1
EK202310232892,140.7
EK202310225252,162.26666666666668
EK202310113567,144.3
EK202310224840,129.63333333333333
EK202310109292,129.03333333333333
EK202310226200,137.33333333333334
EK202310239680,131.46666666666667
EK202310173548,158.3
EK202310235032,143.1
EK202310153501,136.3
EK202310124943,143.0
EK202310164539,135.16666666666666
EK202310230792,126.46666666666667
EK202310218099,135.73333333333332
EK202310229998,139.53333333333333
EK202310157394,155.06666666666666
EK202310226677,135.66666666666666
EK202310165785,129.8
EK202310148800,140.06666666666666
EK202310140528,142.36666666666667
EK202310110007,132.83333333333334
EK202310218212,130.93333333333334
EK202310237319,130.16666666666666
EK202310113425,132.4
EK202310193343,140.5
EK202310111647,152.3
EK202310219959,152.26666666666668
EK202310171010,165.7
EK202310113418,143.56666666666666
EK202310220109,135.96666666666667
EK202310231986,144.0
EK202310163423,141.4
EK202310155174,130.73333333333332
EK202310184525,145.66666666666666
EK202310229347,142.93333333333334
EK202310142923,143.26666666666668
EK202310210269,132.36666666666667
EK202310196636,134.13333333333333
EK202310158355,138.76666666666668
EK202310150025,176.13333333333333
EK202310208520,147.76666666666668
EK202310144006,148.1
EK202310142308,144.53333333333333
EK202310205760,144.06666666666666
EK202310237299,129.76666666666668
EK202310163552,143.06666666666666
EK202310221189,145.0
EK202310129583,145.16666666666666
EK202320007854,141.1
EK202310177946,140.86666666666667
EK202310184968,155.43333333333334
EK202310146300,139.26666666666668
EK202310104019,127.8
EK202310197813,145.7
EK202310175869,138.26666666666668
EK202310179266,139.23333333333332
EK202310167362,136.53333333333333
EK202310104210,132.66666666666666
EK202310202549,152.13333333333333
EK202310191743,141.9
EK202310166413,142.43333333333334
EK202310203749,138.73333333333332
EK202310165306,133.46666666666667
EK202310216846,150.13333333333333
EK202310198888,138.8
EK202310229697,133.06666666666666
EK202310105578,136.5
EK202310214588,155.06666666666666
EK202310201136,177.36666666666667
EK202310228123,150.66666666666666
EK202310110127,141.23333333333332
EK202310247206,146.03333333333333
EK202310121901,142.7
EK202310166880,145.76666666666668
EK202310118097,134.9
EK202310142606,139.0
EK202310181131,143.83333333333334
EK202310211240,135.06666666666666
EK202310240803,158.16666666666666
EK202310188331,140.8
EK202310190398,142.66666666666666
EK202310192965,151.56666666666666
EK202310238010,146.2
EK202310184509,150.66666666666666
EK202310156014,141.36666666666667
EK202310175583,148.2
EK202310155000,138.06666666666666
EK202310243443,154.26666666666668
EK202310218044,145.0
EK202310170653,150.9
EK202310182360,153.56666666666666
EK202310170068,131.53333333333333
EK202310217301,123.53333333333333
EK202310227388,139.9
EK202310168221,145.7
EK202310182297,142.2
EK202310222399,130.43333333333334
EK202310231989,142.06666666666666
EK202310170400,128.0
EK202310192873,153.6
EK202310227069,118.8
EK202310167053,126.8
EK202310127994,139.7
EK202310158796,164.36666666666667
EK202310185789,123.8
EK202310111478,132.4
EK202310175233,157.23333333333332
EK202310129973,139.96666666666667
EK202310172495,135.2
EK202310107866,144.83333333333334
EK202310124298,137.06666666666666
EK202310225001,134.33333333333334
EK202310124145,129.33333333333334
EK202310127463,133.7
EK202310136106,177.86666666666667
EK202310105453,145.43333333333334
EK202310175015,146.2
EK202310230922,142.7
EK202310238898,180.6
EK202310208522,168.53333333333333
EK202310178681,159.16666666666666
EK202310141116,151.46666666666667
EK202310004001,152.93333333333334
EK202310191798,136.4
EK202310201918,132.76666666666668
EK202310108606,151.1
EK202310220064,140.93333333333334
EK202310120614,130.3
EK202310131340,137.86666666666667
EK202310151419,177.23333333333332
EK202310221165,146.73333333333332
EK202310192641,148.83333333333334
EK202310191435,135.6
EK202310232224,134.66666666666666
EK202310224387,135.63333333333333
EK202310145906,141.26666666666668
EK202310230764,142.73333333333332
EK202310236583,133.96666666666667
EK202310157601,136.13333333333333
EK202310166668,149.96666666666667
EK202310244790,139.63333333333333
EK202310127133,139.43333333333334
EK202310004413,167.06666666666666
EK202310238475,149.43333333333334
EK202310136559,150.5
EK202310152026,147.5
EK202310180741,147.13333333333333
EK202310221752,143.13333333333333
EK202310228294,131.53333333333333
EK202310231601,145.96666666666667
EK202310238106,135.73333333333332
EK202310175909,143.86666666666667
EK202310165153,132.66666666666666
EK202310105565,140.73333333333332
EK202310185347,148.73333333333332
EK202310184004,156.7
EK202310183138,126.3
EK202310113152,138.2
EK202310199569,175.23333333333332
EK202310151037,138.2
EK202310106219,132.4
EK202310106185,156.1
EK202310164530,152.33333333333334
EK202310166239,156.13333333333333
EK202310108760,148.3
EK202310108861,140.2
EK202310177413,158.66666666666666
EK202310211129,134.23333333333332
EK202310229184,137.86666666666667
EK202310209428,160.0
EK202310228583,139.3
EK202310120692,151.76666666666668
EK202310137642,134.1
EK202310245435,137.66666666666666
EK202310159599,139.43333333333334
EK202310148010,149.1
EK202310129728,165.3
EK202310114201,152.53333333333333
EK202310207474,160.66666666666666
EK202310158602,169.9
EK202310197691,159.66666666666666
EK202310235040,145.83333333333334
EK202310129119,139.13333333333333
EK202310142174,153.26666666666668
EK202310191253,139.63333333333333
EK202310241141,146.36666666666667
EK202310144017,134.73333333333332
EK202310182852,151.46666666666667
EK202310243301,139.46666666666667
EK202310176307,153.53333333333333
EK202310209283,144.63333333333333
EK202310216003,143.4
EK202310246200,137.26666666666668
EK202310173196,134.2
EK202310122833,134.16666666666666
EK202310118540,149.56666666666666
EK202310168622,155.9
EK202310174271,146.43333333333334
EK202310201560,157.4
EK202310113325,133.8
EK202310172664,143.66666666666666
EK202310192162,160.03333333333333
EK202310134544,131.43333333333334
EK202310222337,154.66666666666666
EK202310199226,147.13333333333333
EK202310214101,151.5
EK202310188611,140.66666666666666
EK202310220799,135.63333333333333
EK202310184861,143.63333333333333
EK202310106782,135.4
EK202310232084,140.2
EK202310178435,152.46666666666667
EK202310165952,154.73333333333332
EK202310141382,145.2
EK202310163439,152.36666666666667
EK202310205428,131.23333333333332
EK202310178086,139.16666666666666
EK202310004022,146.96666666666667
EK202310114303,150.8
EK202310104436,136.13333333333333
EK202310240015,160.26666666666668
EK202310202741,147.16666666666666
EK202310226747,147.43333333333334
EK202310148639,131.66666666666666
EK202310117683,131.46666666666667
EK202310232945,142.7
EK202310220108,162.03333333333333
EK202310172683,139.6
EK202310104609,135.73333333333332
EK202310182165,136.46666666666667
EK202310112029,147.83333333333334
EK202310157969,159.76666666666668
EK202310120703,132.73333333333332
EK202310191410,147.83333333333334
EK202310156166,144.43333333333334
EK202310248074,149.9
EK202310175176,133.93333333333334
EK202310194239,142.3
EK202310162582,138.66666666666666
EK202310218787,138.13333333333333
EK202310228638,133.76666666666668
EK202310139489,164.3
EK202310210571,132.96666666666667
EK202310143902,141.66666666666666
EK202310198163,148.8
EK202310166041,160.1
EK202310242789,162.1
EK202310202040,140.53333333333333
EK202310194102,151.53333333333333
EK202310210845,136.16666666666666
EK202310193409,160.5
EK202310241561,147.53333333333333
EK202310129327,147.63333333333333
EK202310145599,175.33333333333334
EK202310155246,146.83333333333334
EK202310204706,130.86666666666667
EK202310218784,160.13333333333333
EK202310243990,136.43333333333334
EK202310137899,130.43333333333334
EK202310175650,129.83333333333334
EK202310234991,139.5
EK202310221501,140.6
EK202310117760,129.43333333333334
EK202310209924,129.1
EK202310158508,131.66666666666666
EK202310188607,153.36666666666667
EK202310176707,160.46666666666667
EK202310241804,134.83333333333334
EK202310130229,137.63333333333333
EK202310196748,149.16666666666666
EK202310226961,131.6
EK202310126275,133.53333333333333
EK202310182346,150.36666666666667
EK202310215287,154.86666666666667
EK202310186469,173.73333333333332
EK202310147351,139.73333333333332
EK202310227063,139.36666666666667
EK202310239630,131.83333333333334
EK202310202315,146.83333333333334
EK202310151573,135.6
EK202310229182,132.16666666666666
EK202310197801,133.3
EK202310247336,181.26666666666668
EK202310183064,141.76666666666668
EK202310200957,152.63333333333333
EK202310112953,142.46666666666667
EK202310185221,148.26666666666668
EK202310176129,162.93333333333334
EK202310171777,135.66666666666666
EK202310186071,131.46666666666667
EK202310206123,151.4
EK202310217431,153.66666666666666
EK202310171470,129.73333333333332
EK202310246028,146.5
EK202310145970,129.36666666666667
EK202310234938,139.06666666666666
EK202310156116,126.96666666666667
EK202310116714,136.03333333333333
EK202310212797,150.5
EK202310138938,146.86666666666667
EK202310148128,141.76666666666668
EK202310175673,147.56666666666666
EK202310238664,145.96666666666667
EK202310190836,138.53333333333333
EK202310196156,152.23333333333332
EK202310132459,135.46666666666667
EK202310159062,133.56666666666666
EK202310147832,170.73333333333332
EK202310116029,156.03333333333333
EK202310203822,145.86666666666667
EK202310223388,149.83333333333334
EK202310208656,137.0
EK202310003650,129.53333333333333
EK202310163159,135.13333333333333
EK202310188703,140.03333333333333
EK202310144864,145.7
EK202310156884,143.83333333333334
EK202310216506,142.66666666666666
EK202310220197,137.8
EK202310234667,141.13333333333333
EK202310203255,161.56666666666666
EK202310105960,134.2
EK202310115804,142.06666666666666
EK202310246112,149.6
EK202310168025,154.23333333333332
EK202310178472,143.2
EK202310181975,138.93333333333334
EK202310132905,130.1
EK202310113841,134.43333333333334
EK202320007828,169.93333333333334
EK202310192867,145.66666666666666
EK202310109054,128.63333333333333
EK202310236216,134.8
EK202310170777,130.86666666666667
EK202310166144,136.73333333333332
EK202310201844,139.93333333333334
EK202310123470,141.66666666666666
EK202310224526,133.73333333333332
EK202310151158,138.96666666666667
EK202310184295,137.36666666666667
EK202310124272,133.66666666666666
EK202310162944,139.93333333333334
EK202310224817,136.73333333333332
EK202310172859,156.2
EK202310137191,129.0
EK202310140281,136.16666666666666
EK202310114907,132.53333333333333
EK202310122165,128.86666666666667
EK202310215454,135.43333333333334
EK202310243142,129.66666666666666
EK202310164187,143.93333333333334
EK202310225253,133.46666666666667
EK202310174458,170.96666666666667
EK202310176969,150.26666666666668
EK202310219479,130.83333333333334
EK202310119494,144.4
EK202310123405,144.2
EK202310231534,122.36666666666666
EK202310222489,136.33333333333334
EK202310111149,149.3
EK202310184714,134.23333333333332
EK202310196844,145.96666666666667
EK202310232521,127.1
EK202310184622,167.8
EK202310118852,131.36666666666667
EK202310168516,163.33333333333334
EK202310178071,141.36666666666667
EK202310149839,137.03333333333333
EK202310184305,160.86666666666667
EK202310222961,138.56666666666666
EK202310197108,156.83333333333334
EK202310244680,137.06666666666666
EK202310164685,156.33333333333334
EK202310153568,139.36666666666667
EK202310204533,142.56666666666666
EK202310243304,137.93333333333334
EK202310122606,158.4
EK202310107843,140.26666666666668
EK202310195481,143.66666666666666
EK202310195622,137.8
EK202310185200,138.5
EK202310127597,146.23333333333332
EK202310145627,129.86666666666667
EK202310157400,135.33333333333334
EK202310226857,150.73333333333332
EK202310127964,140.36666666666667
EK202310179573,156.5
EK202310212013,145.93333333333334
EK202310226545,138.4
EK202310166825,138.1
EK202310163867,158.76666666666668
EK202310196745,142.1
EK202310109208,161.9
EK202310205143,148.0
EK202310136525,139.2
EK202310159137,146.96666666666667
EK202310238980,135.13333333333333
EK202310121185,149.96666666666667
EK202310142061,149.1
EK202310198507,143.66666666666666
EK202310184870,135.26666666666668
EK202310155208,159.6
EK202310124725,124.96666666666667
EK202310103880,149.0
EK202310246880,145.46666666666667
EK202310190191,134.13333333333333
EK202310241383,146.66666666666666
EK202310109761,135.53333333333333
EK202310218045,158.26666666666668
EK202310208985,144.5
EK202310126092,132.5
EK202310247678,146.3
EK202310137747,128.7
EK202310201825,140.33333333333334
EK202310130845,141.1
EK202310239295,135.86666666666667
EK202310166294,143.4
EK202310211671,142.2
EK202310248376,131.9
EK202310188903,146.6
EK202320006661,178.4
EK202310157204,151.6
EK202310222542,130.6
EK202310182598,147.63333333333333
EK202310128634,170.33333333333334
EK202310137926,141.76666666666668
EK202310197018,134.1
EK202310184643,168.93333333333334
EK202310217014,139.93333333333334
EK202310200280,144.8
EK202310183028,132.43333333333334
EK202310106142,128.6
EK202310103822,134.26666666666668
EK202310157052,134.03333333333333
EK202310122614,138.9
EK202310155664,137.23333333333332
EK202310165913,140.16666666666666
EK202310191203,137.0
EK202310119226,130.76666666666668
EK202310234080,152.33333333333334
EK202310196735,136.66666666666666
EK202310149314,140.56666666666666
EK202310155188,133.03333333333333
EK202310114860,145.6
EK202310118865,154.23333333333332
EK202310160832,136.43333333333334
EK202320006619,175.63333333333333
EK202310127739,134.7
EK202310115501,137.83333333333334
EK202310166491,158.0
EK202310197828,167.5
EK202310242137,138.86666666666667
EK202310235787,149.13333333333333
EK202310220464,148.53333333333333
EK202310112649,139.9
EK202310110214,135.46666666666667
EK202310164835,142.93333333333334
EK202310204462,126.7
EK202310187862,166.7
EK202310131273,136.4
EK202310128020,154.8
EK202310204211,172.76666666666668
EK202310208246,142.53333333333333
EK202310166450,140.96666666666667
EK202310171141,139.2
EK202310159355,146.43333333333334
EK202310194303,155.66666666666666
EK202310214928,138.8
EK202310122215,147.6
EK202310175732,143.13333333333333
EK202310195150,140.83333333333334
EK202310160826,147.06666666666666
EK202310159966,148.53333333333333
EK202310158608,133.93333333333334
EK202310243112,145.36666666666667
EK202310109607,155.3
EK202310149652,144.7
EK202310110860,145.2
EK202310232156,158.83333333333334
EK202310178087,131.46666666666667
EK202310196125,134.23333333333332
EK202310178589,149.83333333333334
EK202310146655,131.23333333333332
EK202310176638,153.0
EK202310183451,142.33333333333334
EK202310238783,134.5
EK202310180591,130.3
EK202310180161,151.33333333333334
EK202310160060,156.53333333333333
EK202310234699,139.7
EK202310113916,141.76666666666668
EK202310227268,132.53333333333333
EK202310237635,142.63333333333333
EK202310182258,134.6
EK202310193859,149.93333333333334
EK202310153659,157.76666666666668
EK202310203955,138.96666666666667
EK202310236094,146.3
EK202310187734,166.86666666666667
EK202310216149,136.83333333333334
EK202310168413,142.76666666666668
EK202310116401,139.26666666666668
EK202310201191,173.66666666666666
EK202310190480,133.13333333333333
EK202310161074,170.5
EK202310140353,142.36666666666667
EK202310173633,160.7
EK202310158068,133.66666666666666
EK202310154103,137.46666666666667
EK202310113546,154.13333333333333
EK202310204238,129.66666666666666
EK202310104944,137.5
EK202310234535,135.8
EK202310126859,159.76666666666668
EK202310117542,131.76666666666668
EK202310210903,138.6
EK202310157130,146.13333333333333
EK202310145116,148.23333333333332
EK202310208124,134.73333333333332
EK202310245982,150.6
EK202310133043,148.0
EK202310149054,141.26666666666668
EK202310190190,132.03333333333333
EK202320006047,151.13333333333333
EK202310134850,142.0
EK202310202384,135.9
EK202310154117,137.3
EK202310133365,143.1
EK202310108193,132.86666666666667
EK202310203056,151.5
EK202310149046,141.63333333333333
EK202310165578,165.26666666666668
EK202310186659,171.06666666666666
EK202310196955,148.4
EK202310197552,172.2
EK202310212202,143.6
EK202310224513,136.9
EK202310004468,162.73333333333332
EK202310216094,133.36666666666667
EK202310230966,138.23333333333332
EK202310118412,148.23333333333332
EK202310247101,132.23333333333332
EK202310178117,155.2
EK202310219876,144.63333333333333
EK202310215307,143.73333333333332
EK202310218134,155.2
EK202310221530,146.56666666666666
EK202310154982,132.73333333333332
EK202310182970,133.9
EK202310214235,145.5
EK202310220158,128.2
EK202310104394,138.76666666666668
EK202310111159,135.5
EK202310158577,135.73333333333332
EK202310110382,129.33333333333334
EK202310133639,134.93333333333334
EK202310246509,154.1
EK202310149660,142.53333333333333
EK202310168884,137.3
EK202310243940,142.23333333333332
EK202310191906,136.56666666666666
EK202310127477,130.73333333333332
EK202310225432,134.7
EK202310233319,142.73333333333332
EK202310162668,160.3
EK202310148695,171.93333333333334
EK202310178807,161.96666666666667
EK202310106771,138.93333333333334
EK202310155396,144.83333333333334
EK202310189899,153.66666666666666
EK202310106717,149.6
EK202310232588,135.76666666666668
EK202310226348,143.93333333333334
EK202310109931,151.26666666666668
EK202310226884,159.4
EK202310213466,139.2
EK202310121691,140.8
EK202310198701,166.93333333333334
EK202310131737,144.83333333333334
EK202310166136,157.13333333333333
EK202310116855,141.13333333333333
EK202310138351,138.26666666666668
EK202310191381,147.7
EK202310003663,140.86666666666667
EK202310172884,179.46666666666667
EK202310185550,149.33333333333334
EK202310148380,149.7
EK202310149387,164.7
EK202310236333,137.33333333333334
EK202310199352,147.6
EK202310137894,143.43333333333334
EK202310133727,142.13333333333333
EK202310178526,157.86666666666667
EK202310189610,161.4
EK202310109350,147.5
EK202310218617,133.8
EK202310109125,176.56666666666666
EK202310163826,135.16666666666666
EK202310130248,173.63333333333333
EK202310221541,148.43333333333334
EK202320006518,148.0
EK202310229391,154.73333333333332
EK202310211450,142.9
EK202310193482,153.4
EK202310198828,150.36666666666667
EK202310183006,133.26666666666668
EK202310003501,132.96666666666667
EK202310121041,133.7
EK202310211350,135.53333333333333
EK202310246075,145.13333333333333
EK202310127204,152.1
EK202310234563,134.8
EK202310139042,143.8
EK202310171256,162.66666666666666
EK202310139647,144.23333333333332
EK202310122462,128.8
EK202310144293,139.06666666666666
EK202310168436,130.0
EK202310120536,132.3
EK202310166379,139.5
EK202310180256,141.0
EK202310246761,158.36666666666667
EK202310219864,147.1
EK202310190068,178.86666666666667
EK202310181556,135.33333333333334
EK202310230597,134.26666666666668
EK202310130866,151.56666666666666
EK202310205037,166.4
EK202310209585,152.43333333333334
EK202310185564,162.73333333333332
EK202310176944,136.73333333333332
EK202310176381,136.4
EK202310141448,137.16666666666666
EK202310148056,155.7
EK202310182965,134.5
EK202310135422,144.3
EK202310122191,132.9
EK202310145667,162.46666666666667
EK202310202035,130.33333333333334
EK202310136887,132.13333333333333
EK202310200020,132.3
EK202310184127,170.13333333333333
EK202310107122,132.23333333333332
EK202310134379,133.6
EK202310211319,140.7
EK202310212855,132.8
EK202310242461,161.1
EK202310200853,132.13333333333333
EK202310200401,159.4
EK202310189295,163.3
EK202310105500,148.96666666666667
EK202310128584,143.43333333333334
EK202310209825,141.46666666666667
EK202310204586,137.96666666666667
EK202310179426,143.03333333333333
EK202310180912,140.6
EK202310173571,144.53333333333333
EK202310112070,148.63333333333333
EK202310199038,149.6
EK202310126021,141.0
EK202310155509,145.23333333333332
EK202310197401,139.73333333333332
EK202310107626,149.0
EK202310105142,155.46666666666667
EK202310243059,137.36666666666667
EK202310174039,138.23333333333332
EK202310201047,159.16666666666666
EK202310204579,156.36666666666667
EK202310187739,150.3
EK202310181773,138.6
EK202310128097,147.66666666666666
EK202310222975,149.56666666666666
EK202310132503,159.2
EK202310188182,174.3
EK202310133046,156.96666666666667
EK202310176947,152.7
EK202310167628,129.9
EK202310134899,133.8
EK202310115714,133.3
EK202310225258,136.2
EK202310181522,138.5
EK202310190839,149.33333333333334
EK202310217264,143.03333333333333
EK202310123146,147.9
EK202310142906,144.06666666666666
EK202310165063,144.23333333333332
EK202310004149,143.36666666666667
EK202310222025,132.76666666666668
EK202310201396,142.3
EK202310140521,166.56666666666666
EK202310190410,129.13333333333333
EK202310237623,125.2
EK202310207648,127.76666666666667
EK202310150068,146.66666666666666
EK202310199516,160.36666666666667
EK202310214499,147.43333333333334
EK202310193968,158.26666666666668
EK202310199178,134.0
EK202310226312,141.66666666666666
EK202310171202,157.56666666666666
EK202310136385,147.4
EK202310240675,156.93333333333334
EK202310131075,141.9
EK202310213481,132.4
EK202310212831,143.43333333333334
EK202310163142,139.53333333333333
EK202310107446,135.33333333333334
EK202310157890,153.03333333333333
EK202310214663,138.06666666666666
EK202310163666,142.7
EK202310117353,141.23333333333332
EK202310209794,131.26666666666668
EK202310123734,159.26666666666668
EK202310224602,143.8
EK202310218073,149.6
EK202310247816,154.86666666666667
EK202310234711,135.83333333333334
EK202310145443,145.56666666666666
EK202310246298,158.73333333333332
EK202310110010,164.76666666666668
EK202310159895,163.3
EK202310111143,157.23333333333332
EK202310209834,138.76666666666668
EK202310209444,146.0
EK202310192938,132.86666666666667
EK202310132559,142.8
EK202310152101,167.6
EK202310180196,136.96666666666667
EK202310194423,137.46666666666667
EK202310200390,145.16666666666666
EK202310180474,132.96666666666667
EK202310116603,160.16666666666666
EK202310171924,137.06666666666666
EK202310212746,148.9
EK202310146529,144.56666666666666
EK202310215859,153.06666666666666
EK202310141533,141.8
EK202310233067,143.06666666666666
EK202310214675,147.4
EK202310148386,145.4
EK202310168758,139.23333333333332
EK202310222971,138.3
EK202310109333,144.16666666666666
EK202310243241,141.2
EK202310146985,141.93333333333334
EK202310232878,172.9
EK202310234120,132.7
EK202310162882,158.66666666666666
EK202310190206,131.13333333333333
EK202310159348,166.66666666666666
EK202310201231,154.93333333333334
EK202310178530,166.73333333333332
EK202310189794,157.1
EK202310236784,138.83333333333334
EK202310175553,139.86666666666667
EK202310241797,148.56666666666666
EK202310114344,142.6
EK202310239590,143.43333333333334
EK202310227224,177.63333333333333
EK202310121744,163.16666666666666
EK202310003715,149.9
EK202310116073,138.96666666666667
EK202310197067,138.06666666666666
EK202310115532,138.8
EK202310217365,150.66666666666666
EK202310148754,149.7
EK202310109024,134.6
EK202310004073,141.4
EK202310198767,143.6
EK202310125904,144.96666666666667
EK202310189747,132.9
EK202310121824,154.6
EK202310183939,148.33333333333334
EK202310207963,146.5
EK202310004477,130.93333333333334
EK202310184855,137.23333333333332
EK202310121710,141.96666666666667
EK202310155103,133.03333333333333
EK202310127606,161.66666666666666
EK202310237460,127.0
EK202310189005,135.3
EK202310163144,172.2
EK202310195358,170.4
EK202310114203,127.6
EK202310200907,141.1
EK202310149290,159.63333333333333
EK202310186674,134.13333333333333
EK202310219434,135.6
EK202310113939,145.96666666666667
EK202310144604,131.33333333333334
EK202310202520,150.86666666666667
EK202310199251,147.83333333333334
EK202310171909,140.53333333333333
EK202310197493,138.06666666666666
EK202310200738,164.1
EK202310242193,159.26666666666668
EK202310166469,148.06666666666666
EK202310179577,157.36666666666667
EK202310199333,137.63333333333333
EK202310208438,139.36666666666667
EK202310243666,139.03333333333333
EK202310113305,132.96666666666667
EK202310189666,176.93333333333334
EK202310233041,135.93333333333334
EK202310127498,133.3
EK202310208207,139.86666666666667
EK202310161596,131.03333333333333
EK202310175979,152.4
EK202310222437,140.5
EK202310139352,151.2
EK202310120360,139.83333333333334
EK202310183484,151.03333333333333
EK202310206451,128.86666666666667
EK202310163448,167.16666666666666
EK202310113067,150.1
EK202310217739,127.73333333333333
EK202310120891,125.23333333333333
EK202310144456,138.7
EK202310243976,142.73333333333332
EK202310126697,143.66666666666666
EK202310221562,129.43333333333334
EK202310245501,129.7
EK202310227085,149.7
EK202310124539,133.96666666666667
EK202310113359,141.0
EK202310127238,134.66666666666666
EK202310186281,174.76666666666668
EK202310231780,145.36666666666667
EK202310218693,131.66666666666666
EK202310166062,136.3
EK202310194807,135.9
EK202310145164,156.06666666666666
EK202310139520,142.23333333333332
EK202310202232,140.7
EK202310106234,130.03333333333333
EK202310150099,130.83333333333334
EK202310148854,137.5
EK202310207751,141.4
EK202310119385,144.6
EK202310247407,126.06666666666666
EK202310187815,143.1
EK202310180649,138.76666666666668
EK202310169614,130.23333333333332
EK202320007494,147.33333333333334
EK202310123604,126.86666666666666
EK202310115115,160.7
EK202310247203,160.7
EK202310128939,135.33333333333334
EK202310151766,167.53333333333333
EK202310154684,154.86666666666667
EK202310147564,144.76666666666668
EK202310217040,137.53333333333333
EK202310219269,134.1
EK202310177587,139.1
EK202310172628,130.43333333333334
EK202310193264,178.03333333333333
EK202310204129,129.1
EK202310227714,129.93333333333334
EK202310174368,145.33333333333334
EK202310115514,145.93333333333334
EK202310114314,131.73333333333332
EK202320007053,140.13333333333333
EK202310196358,159.16666666666666
EK202310223590,131.66666666666666
EK202310186191,141.26666666666668
EK202310169460,162.86666666666667
EK202310206652,181.73333333333332
EK202310176776,159.13333333333333
EK202310112945,132.36666666666667
EK202310243798,148.4
EK202310173522,138.46666666666667
EK202310147691,147.6
EK202310221131,134.7
EK202310193542,139.6
EK202310110806,147.43333333333334
EK202310140872,135.83333333333334
EK202310115723,131.93333333333334
EK202310227673,139.8
EK202310104188,162.3
EK202310176128,142.13333333333333
EK202310179757,156.93333333333334
EK202310217690,129.76666666666668
EK202310114918,143.96666666666667
EK202310160022,153.03333333333333
EK202310117222,134.6
EK202310181651,139.6
EK202310202302,142.23333333333332
EK202310141935,148.83333333333334
EK202310166006,144.46666666666667
EK202310141835,162.66666666666666
EK202310113039,163.1
EK202310171526,139.9
EK202310231390,145.4
EK202310111326,128.13333333333333
EK202310104950,142.43333333333334
EK202310234139,144.2
EK202310207302,134.16666666666666
EK202310202018,136.4
EK202310205260,143.03333333333333
EK202310221441,155.36666666666667
EK202310174816,137.2
EK202310138649,145.96666666666667
EK202310208013,147.3
EK202310181493,145.33333333333334
EK202310243648,130.73333333333332
EK202310113262,147.2
EK202310171352,151.2
EK202310189555,147.8
EK202310154506,143.6
EK202310227922,144.23333333333332
EK202310243180,155.1
EK202310145403,129.66666666666666
EK202310229261,137.86666666666667
EK202310125086,137.63333333333333
EK202310188059,136.26666666666668
EK202310175935,138.8
EK202310104930,137.53333333333333
EK202310207696,148.06666666666666
EK202310176769,132.46666666666667
EK202310241580,132.1
EK202310128189,134.06666666666666
EK202310116358,130.3
EK202310203206,134.23333333333332
EK202310224617,131.86666666666667
EK202310216139,131.33333333333334
EK202310175157,144.56666666666666
EK202310148792,157.93333333333334
EK202310127748,127.33333333333333
EK202310183427,154.23333333333332
EK202310151784,130.93333333333334
EK202310202141,146.56666666666666
EK202310211204,147.9
EK202310230323,135.1
EK202310109892,137.9
EK202310187574,150.96666666666667
EK202310174395,143.33333333333334
EK202310205384,161.5
EK202310139355,133.96666666666667
EK202310161479,157.3
EK202310135561,132.5
EK202310165218,148.3
EK202310183022,143.53333333333333
EK202310125772,135.1
EK202310105325,141.76666666666668
EK202310205291,140.83333333333334
EK202310183115,135.83333333333334
EK202310142673,142.36666666666667
EK202310144959,139.43333333333334
EK202310156704,133.8
EK202310132122,134.0
EK202310174428,166.56666666666666
EK202310238510,138.6
EK202310004299,143.56666666666666
EK202310225687,169.83333333333334
EK202310152553,155.93333333333334
EK202310180231,142.5
EK202310189895,164.23333333333332
EK202310115789,134.4
EK202310107016,148.66666666666666
EK202310174702,133.66666666666666
EK202310184083,134.23333333333332
EK202310193580,161.13333333333333
EK202310217608,135.93333333333334
EK202310143791,144.36666666666667
EK202310171379,146.8
EK202310151018,143.5
EK202310167547,135.5
EK202310113875,153.46666666666667
EK202310242027,147.7
EK202310236948,150.66666666666666
EK202310241638,131.63333333333333
EK202320006399,129.66666666666666
EK202310155475,146.9
EK202310183498,155.0
EK202310175183,138.33333333333334
EK202310212112,136.3
EK202310219895,152.7
EK202310136160,161.43333333333334
EK202310237484,132.06666666666666
EK202310165481,129.26666666666668
EK202310240928,136.33333333333334
EK202310103807,155.36666666666667
EK202310138400,145.83333333333334
EK202310206371,123.33333333333333
EK202310194193,153.9
EK202310148048,155.96666666666667
EK202310215728,148.36666666666667
EK202310131760,140.8
EK202310123574,141.5
EK202310141515,138.83333333333334
EK202310237561,147.93333333333334
EK202310217955,143.73333333333332
EK202310208062,148.23333333333332
EK202310163578,131.73333333333332
EK202310116460,137.96666666666667
EK202310181932,168.0
EK202310190411,149.86666666666667
EK202310229861,150.0
EK202310246656,128.73333333333332
EK202310118260,137.76666666666668
EK202310115843,133.3
EK202310170542,151.16666666666666
EK202310189836,161.26666666666668
EK202310176951,143.86666666666667
EK202310116213,154.1
EK202310128876,140.53333333333333
EK202310210854,137.76666666666668
EK202310217897,136.73333333333332
EK202310213279,137.0
EK202310203346,134.93333333333334
EK202310111168,143.66666666666666
EK202310205607,144.0
EK202310181632,184.93333333333334
EK202310163875,157.26666666666668
EK202310106796,146.83333333333334
EK202310172056,180.73333333333332
EK202310195599,138.8
EK202310140727,155.4
EK202310208341,133.4
EK202310129380,137.0
EK202310140408,155.83333333333334
EK202310196671,166.7
EK202310164630,137.6
EK202310147505,144.3
EK202310110408,134.7
EK202310189343,144.46666666666667
EK202310232277,149.23333333333332
EK202310113134,131.5
EK202310154457,151.03333333333333
EK202310192875,155.26666666666668
EK202310116376,134.46666666666667
EK202310198131,134.73333333333332
EK202310200171,141.06666666666666
EK202310200642,148.46666666666667
EK202310123172,161.96666666666667
EK202310182386,149.23333333333332
EK202310148751,153.66666666666666
EK202310109301,137.83333333333334
EK202320007005,159.96666666666667
EK202310118442,136.6
EK202310132586,131.7
EK202310137853,142.03333333333333
EK202310175957,147.73333333333332
EK202310137878,139.63333333333333
EK202310141392,147.0
EK202310150895,135.66666666666666
EK202310234943,132.16666666666666
EK202310180019,150.5
EK202310118936,145.93333333333334
EK202310140493,147.56666666666666
EK202310175748,134.26666666666668
EK202310139140,146.36666666666667
EK202310194407,130.9
EK202310174235,142.23333333333332
EK202310171740,135.36666666666667
EK202310135496,165.76666666666668
EK202310219315,144.33333333333334
EK202310209481,152.33333333333334
EK202310142378,168.2
EK202310213131,131.36666666666667
EK202310126847,149.6
EK202310139757,135.06666666666666
EK202310166582,170.4
EK202310177776,133.56666666666666
EK202310179499,138.63333333333333
EK202310243445,139.86666666666667
EK202310176421,136.46666666666667
EK202310219058,136.23333333333332
EK202310108023,146.16666666666666
EK202310140417,158.23333333333332
EK202310130436,163.23333333333332
EK202320006321,167.4
EK202310220044,150.06666666666666
EK202310131037,131.0
EK202310248111,135.53333333333333
EK202310106861,146.53333333333333
EK202310110253,146.3
EK202310201245,157.06666666666666
EK202310138402,141.36666666666667
EK202310233866,176.06666666666666
EK202310003560,135.0
EK202310120345,136.23333333333332
EK202310201242,137.66666666666666
EK202310190427,160.36666666666667
EK202310148725,127.6
EK202320006763,171.5
EK202310196906,155.63333333333333
EK202310241763,148.66666666666666
EK202310204305,154.36666666666667
EK202310190705,159.2
EK202310107647,137.46666666666667
EK202310178205,157.9
EK202310226329,142.76666666666668
EK202310155075,145.5
EK202310161375,158.9
EK202310184194,152.13333333333333
EK202310146287,146.5
EK202310151428,166.86666666666667
EK202310169581,138.7
EK202310159986,133.6
EK202310235054,137.5
EK202310232794,153.7
EK202310237245,143.1
EK202310159951,166.76666666666668
EK202310137689,140.4
EK202310104122,127.06666666666666
EK202310237215,139.9
EK202310224167,156.86666666666667
EK202310165353,153.86666666666667
EK202310003464,135.16666666666666
EK202310146423,146.93333333333334
EK202310175125,135.0
EK202310229556,151.2
EK202310227408,141.13333333333333
EK202310243062,140.53333333333333
EK202310213464,137.16666666666666
EK202310111472,154.13333333333333
EK202310108233,137.73333333333332
EK202310223065,136.06666666666666
EK202310230558,142.46666666666667
EK202320006897,158.96666666666667
EK202310200032,139.03333333333333
EK202310187191,154.5
EK202310161900,146.26666666666668
EK202310121241,141.26666666666668
EK202310225448,137.7
EK202310227739,149.06666666666666
EK202310216508,158.93333333333334
EK202310233619,142.23333333333332
EK202310233918,147.86666666666667
EK202310202411,140.06666666666666
EK202310186765,144.63333333333333
EK202310241519,132.83333333333334
EK202310203547,147.63333333333333
EK202310186570,170.2
EK202310146153,127.23333333333333
EK202310226412,138.43333333333334
EK202310214773,143.36666666666667
EK202310141684,148.73333333333332
EK202310149333,144.6
EK202310144706,146.36666666666667
EK202310104027,140.86666666666667
EK202310109413,161.9
EK202310193755,135.76666666666668
EK202310166019,161.8
EK202310203410,155.7
EK202310211531,140.03333333333333
EK202310196157,140.9
EK202310244349,158.93333333333334
EK202310145494,138.16666666666666
EK202310212588,149.7
EK202310139780,135.3
EK202310240088,153.13333333333333
EK202310111166,155.96666666666667
EK202310188435,144.66666666666666
EK202310177633,140.26666666666668
EK202310112926,135.2
EK202310234867,137.13333333333333
EK202310185802,135.9
EK202310162594,163.4
EK202310180089,158.56666666666666
EK202310217336,132.8
EK202310192546,147.33333333333334
EK202310214169,140.9
EK202310140770,154.96666666666667
EK202310133498,141.23333333333332
EK202310118801,145.63333333333333
EK202310142404,144.43333333333334
EK202310147891,151.6
EK202310210538,128.26666666666668
EK202320007456,141.23333333333332
EK202310144587,142.46666666666667
EK202310124235,130.1
EK202310158438,147.86666666666667
EK202310215490,132.33333333333334
EK202310174451,153.33333333333334
EK202310212066,134.8
EK202310222526,132.53333333333333
EK202310188934,128.13333333333333
EK202310227893,139.0
EK202310181260,160.8
EK202310202577,143.5
EK202310120212,158.96666666666667
EK202310149119,153.5
EK202310154393,171.23333333333332
EK202310152225,134.03333333333333
EK202310105646,134.13333333333333
EK202310119351,146.86666666666667
EK202310148657,137.7
EK202310196509,141.7
EK202310194902,156.23333333333332
EK202310148288,132.26666666666668
EK202310215542,150.73333333333332
EK202310167939,155.83333333333334
EK202310167455,148.06666666666666
EK202310117792,129.36666666666667
EK202310173362,145.73333333333332
EK202310124739,170.8
EK202310175587,154.4
EK202310213185,140.1
EK202310152468,153.33333333333334
EK202310131120,160.0
EK202310124976,139.23333333333332
EK202310112499,159.2
EK202310195528,133.13333333333333
EK202310239210,132.8
EK202310142674,159.46666666666667
EK202310243104,137.3
EK202310237267,158.5
EK202310169374,143.46666666666667
EK202310234090,131.3
EK202310233816,158.73333333333332
EK202310196376,154.36666666666667
EK202310148225,145.56666666666666
EK202310228837,130.0
EK202310181830,145.7
EK202310191899,146.06666666666666
EK202310229263,132.86666666666667
EK202310141990,136.03333333333333
EK202310169654,150.96666666666667
EK202310123584,142.63333333333333
EK202310109674,133.6
EK202310106658,144.46666666666667
EK202310237324,133.56666666666666
EK202310133847,171.03333333333333
EK202310177544,126.2
EK202310123823,140.93333333333334
EK202310240866,135.16666666666666
EK202310200799,139.83333333333334
EK202310004956,132.53333333333333
EK202310109116,175.86666666666667
EK202310181159,148.93333333333334
EK202310128546,164.26666666666668
EK202310206764,143.23333333333332
EK202310203787,138.8
EK202310193227,142.63333333333333
EK202310157337,174.53333333333333
EK202310190691,168.73333333333332
EK202310126193,151.26666666666668
EK202310223219,131.2
EK202310161546,155.93333333333334
EK202310220676,152.13333333333333
EK202310142344,137.73333333333332
EK202310182666,138.43333333333334
EK202310217828,137.86666666666667
EK202310240257,133.56666666666666
EK202310125068,131.0
EK202310166358,152.7
EK202310177216,164.03333333333333
EK202310146952,142.73333333333332
EK202310199886,168.7
EK202310147741,146.7
EK202310143091,141.96666666666667
EK202310199575,144.43333333333334
EK202310187305,171.26666666666668
EK202310222496,149.13333333333333
EK202310216424,141.86666666666667
EK202310104377,137.96666666666667
EK202310227219,134.33333333333334
EK202310140922,149.6
EK202310165008,174.9
EK202310135583,140.1
EK202310171535,132.4
EK202310219272,139.43333333333334
EK202310120647,148.33333333333334
EK202310140490,141.36666666666667
EK202310173840,131.5
EK202310208109,142.73333333333332
EK202310175605,163.13333333333333
EK202310194297,139.66666666666666
EK202310116012,132.76666666666668
EK202310133738,140.93333333333334
EK202310003422,144.43333333333334
EK202310186980,164.6
EK202310157421,139.23333333333332
EK202310145922,135.36666666666667
EK202310203349,144.46666666666667
EK202310230457,171.93333333333334
EK202310230009,137.1
EK202310144393,174.03333333333333
EK202310155684,135.9
EK202310243499,149.23333333333332
EK202310148155,141.16666666666666
EK202310162141,136.33333333333334
EK202310202043,144.76666666666668
EK202310165608,136.9
EK202310193544,137.03333333333333
EK202310164222,135.0
EK202310154530,148.83333333333334
EK202310185022,140.66666666666666
EK202310167516,148.66666666666666
EK202310165006,131.06666666666666
EK202310138314,148.1
EK202310213702,135.86666666666667
EK202310223111,164.66666666666666
EK202310183009,135.23333333333332
EK202310175427,127.03333333333333
EK202310198303,134.83333333333334
EK202310142355,161.5
EK202310190847,159.2
EK202310165750,168.23333333333332
EK202310163376,130.96666666666667
EK202310146237,142.63333333333333
EK202310228171,140.53333333333333
EK202310222340,142.83333333333334
EK202310119317,132.93333333333334
EK202310209759,151.76666666666668
EK202310188992,147.53333333333333
EK202310236787,134.9
EK202310235111,143.6
EK202310192259,142.8
EK202320005738,168.53333333333333
EK202310143173,163.9
EK202310188740,163.3
EK202310106354,142.56666666666666
EK202310235348,125.53333333333333
EK202310234038,163.63333333333333
EK202310172622,177.9
EK202310172486,142.76666666666668
EK202310121194,134.56666666666666
EK202310221290,150.16666666666666
EK202310207879,150.66666666666666
EK202310114510,130.8
EK202310179068,143.8
EK202310163368,145.3
EK202310232807,135.73333333333332
EK202310120523,131.86666666666667
EK202310103969,140.56666666666666
EK202310004188,141.6
EK202310170648,166.8
EK202310139767,134.5
EK202310138473,154.23333333333332
EK202310235505,138.03333333333333
EK202310178729,133.76666666666668
EK202310246801,138.46666666666667
EK202310120603,132.1
EK202310114895,154.9
EK202310223798,139.46666666666667
EK202310128963,130.7
EK202310133013,123.1
EK202310180731,154.83333333333334
EK202310113860,129.76666666666668
EK202310201583,126.16666666666667
EK202310137449,144.83333333333334
EK202310149678,160.0
EK202310199061,160.83333333333334
EK202310206139,131.5
EK202310178048,162.8
EK202310206902,133.8
EK202310135879,134.63333333333333
EK202310118974,130.5
EK202310240661,169.06666666666666
EK202310247702,132.76666666666668
EK202310108959,144.53333333333333
EK202310139148,146.73333333333332
EK202310213608,130.16666666666666
EK202310200833,154.13333333333333
EK202310205491,134.43333333333334
EK202310151833,164.83333333333334
EK202310170507,137.43333333333334
EK202310204695,154.13333333333333
EK202310190993,140.93333333333334
EK202310181846,157.5
EK202310191614,146.06666666666666
EK202310146281,145.13333333333333
EK202310239715,134.83333333333334
EK202310224583,137.86666666666667
EK202310225752,130.33333333333334
EK202310004050,150.66666666666666
EK202310112334,129.86666666666667
EK202310178782,132.23333333333332
EK202310162090,137.66666666666666
EK202310221447,144.6
EK202310219812,163.26666666666668
EK202310161855,141.03333333333333
EK202310127861,137.76666666666668
EK202310114282,150.03333333333333
EK202310105617,132.43333333333334
EK202310209302,137.36666666666667
EK202310115118,161.46666666666667
EK202310003916,133.8
EK202310153698,152.1
EK202310229027,139.93333333333334
EK202310125705,155.33333333333334
EK202310123526,138.4
EK202310226530,138.23333333333332
EK202310136267,133.56666666666666
EK202310126875,136.9
EK202310219223,130.8
EK202310169669,140.46666666666667
EK202310136907,131.33333333333334
EK202310167168,134.33333333333334
EK202310225793,131.66666666666666
EK202310178640,145.63333333333333
EK202310130165,134.93333333333334
EK202310154261,137.63333333333333
EK202310220444,156.03333333333333
EK202310237028,148.1
EK202310165818,138.86666666666667
EK202310122598,144.33333333333334
EK202310220372,153.9
EK202310137417,144.86666666666667
EK202310143378,164.13333333333333
EK202310175009,158.56666666666666
EK202310211432,138.9
EK202310207842,131.76666666666668
EK202310180149,136.1
EK202310190554,143.96666666666667
EK202310223988,127.86666666666666
EK202310130954,133.33333333333334
EK202310116904,143.0
EK202310161528,166.63333333333333
EK202310148911,131.5
EK202310153873,143.3
EK202310144622,137.6
EK202320007179,153.7
EK202310213291,142.3
EK202310248459,140.6
EK202310129665,133.0
EK202310105584,131.3
EK202310223037,132.36666666666667
EK202310173189,140.0
EK202310174998,151.46666666666667
EK202310128550,134.33333333333334
EK202310192354,131.53333333333333
EK202310118760,131.0
EK202310131373,141.3
EK202310168865,128.06666666666666
EK202310105103,154.1
EK202310242757,129.73333333333332
EK202310164146,172.16666666666666
EK202310165707,152.16666666666666
EK202310157341,157.26666666666668
EK202310161673,170.03333333333333
EK202310203730,128.4
EK202310165334,149.7
EK202310149964,140.73333333333332
EK202310109435,139.36666666666667
EK202310105784,131.5
EK202310004512,133.93333333333334
EK202310129345,163.4
EK202310168741,132.06666666666666
EK202310225441,138.23333333333332
EK202310189863,142.13333333333333
EK202310181790,144.46666666666667
EK202310223107,145.26666666666668
EK202310117337,139.3
EK202310247125,154.36666666666667
EK202310146172,145.0
EK202310229871,135.0
EK202310167352,165.03333333333333
EK202310197659,177.53333333333333
EK202310237148,145.16666666666666
EK202310204685,156.66666666666666
EK202310241003,145.53333333333333
EK202310148969,137.46666666666667
EK202310217817,148.33333333333334
EK202310154285,147.16666666666666
EK202310241422,158.6
EK202310238083,140.23333333333332
EK202310177368,151.23333333333332
EK202310161506,153.36666666666667
EK202310159694,140.86666666666667
EK202310233873,155.93333333333334
EK202310159627,137.8
EK202310204809,140.33333333333334
EK202310221148,139.86666666666667
EK202310203840,149.06666666666666
EK202310175485,148.8
EK202310157943,145.86666666666667
EK202310166246,153.06666666666666
EK202310104784,142.5
EK202310123376,144.5
EK202310204029,164.16666666666666
EK202310185358,155.26666666666668
EK202310108669,141.46666666666667
EK202310236018,163.43333333333334
EK202310238742,145.83333333333334
EK202310111453,137.4
EK202310113005,137.5
EK202310234668,146.4
EK202310231883,141.53333333333333
EK202310170221,155.5
EK202310004896,133.86666666666667
EK202310161173,147.06666666666666
EK202310145172,135.1
EK202310173181,149.13333333333333
EK202310188825,155.0
EK202310179888,150.03333333333333
EK202310232212,127.4
EK202310162487,143.13333333333333
EK202310136794,142.3
EK202310169969,141.33333333333334
EK202310165477,135.0
EK202310177712,151.86666666666667
EK202310129186,146.6
EK202310127134,166.86666666666667
EK202310228641,136.33333333333334
EK202310195004,139.5
EK202310196656,142.96666666666667
EK202310129468,139.53333333333333
EK202320007200,170.5
EK202310153589,150.76666666666668
EK202310212764,164.03333333333333
EK202310205885,171.96666666666667
EK202310198505,127.76666666666667
EK202310222811,144.66666666666666
EK202310168127,157.2
EK202310143599,146.03333333333333
EK202310227359,133.3
EK202310135358,142.56666666666666
EK202310171217,180.73333333333332
EK202310191424,151.26666666666668
EK202310149689,179.8
EK202310195376,148.66666666666666
EK202310178299,157.86666666666667
EK202310210228,137.1
EK202310107326,128.33333333333334
EK202310152535,149.03333333333333
EK202310154473,146.86666666666667
EK202310174554,156.26666666666668
EK202310163286,149.53333333333333
EK202310111638,140.03333333333333
EK202310196108,159.66666666666666
EK202310212686,132.86666666666667
EK202310231718,140.93333333333334
EK202310137776,153.3
EK202310178405,135.93333333333334
EK202310117455,128.9
EK202310118568,134.03333333333333
EK202310222315,139.23333333333332
EK202310160822,147.16666666666666
EK202310118020,130.5
EK202310194677,171.03333333333333
EK202320006977,142.96666666666667
EK202310214502,169.03333333333333
EK202310146297,144.4
EK202320005953,162.33333333333334
EK202310200023,137.16666666666666
EK202310147399,144.23333333333332
EK202310110181,126.96666666666667
EK202310225409,168.23333333333332
EK202310107374,145.4
EK202310235775,144.53333333333333
EK202310154935,152.8
EK202310160129,134.86666666666667
EK202310136819,155.0
EK202310212339,136.53333333333333
EK202310186377,147.06666666666666
EK202310149686,169.9
EK202310137146,155.96666666666667
EK202310219413,132.43333333333334
EK202310224119,139.23333333333332
EK202310124397,134.3
EK202310118844,157.46666666666667
EK202310178888,132.33333333333334
EK202310203695,131.73333333333332
EK202310215102,139.03333333333333
EK202310116309,134.96666666666667
EK202310177340,162.86666666666667
EK202310155692,144.73333333333332
EK202310209761,128.8
EK202310192459,149.63333333333333
EK202310166094,141.7
EK202310106639,137.36666666666667
EK202310122597,134.86666666666667
EK202310176641,139.53333333333333
EK202310128106,123.03333333333333
EK202310164373,140.93333333333334
EK202310172650,133.86666666666667
EK202310161760,143.83333333333334
EK202310175173,142.4
EK202310220355,145.66666666666666
EK202310134340,129.1
EK202310200856,169.9
EK202310198775,166.23333333333332
EK202310237814,148.83333333333334
EK202310144745,141.1
EK202310116937,142.63333333333333
EK202310180183,140.13333333333333
EK202310123116,137.33333333333334
EK202310111360,148.03333333333333
EK202310218124,149.53333333333333
EK202310146929,142.06666666666666
EK202310144079,172.96666666666667
EK202310212540,157.8
EK202310206504,168.76666666666668
EK202310126991,133.86666666666667
EK202310159652,153.3
EK202310132965,133.0
EK202310203675,151.0
EK202310003467,136.93333333333334
EK202310178560,123.13333333333334
EK202310115094,143.0
EK202310127215,141.46666666666667
EK202310116379,134.76666666666668
EK202310121118,136.3
EK202310196670,135.26666666666668
EK202310159655,129.86666666666667
EK202310201991,140.4
EK202310173068,140.33333333333334
EK202310117260,133.5
EK202310130209,157.53333333333333
EK202310183122,136.66666666666666
EK202310216257,138.7
EK202310176511,155.63333333333333
EK202310187962,152.33333333333334
EK202310245277,162.76666666666668
EK202310181710,136.73333333333332
EK202310227487,135.1
EK202310210107,170.86666666666667
EK202310175757,126.8
EK202310229135,136.96666666666667
EK202310150766,140.03333333333333
EK202310164086,133.9
EK202310121488,139.63333333333333
EK202310122656,135.26666666666668
EK202310176310,151.8
EK202310207786,126.43333333333334
EK202310116196,139.16666666666666
EK202310166658,134.3
EK202320007269,176.93333333333334
EK202310240222,151.63333333333333
EK202310233074,132.83333333333334
EK202310003785,140.3
EK202310218333,151.33333333333334
EK202310199829,151.63333333333333
EK202310141201,127.2
EK202310152509,152.4
EK202310213008,130.5
EK202310234244,135.53333333333333
EK202310185496,144.73333333333332
EK202310123939,148.16666666666666
EK202310245118,134.4
EK202310126945,128.7
EK202310192940,145.16666666666666
EK202310154479,136.86666666666667
EK202310238968,137.86666666666667
EK202310220804,147.2
EK202310121547,133.66666666666666
EK202310156977,141.76666666666668
EK202310220913,127.56666666666666
EK202310153791,148.13333333333333
EK202310231371,132.93333333333334
EK202310155012,145.5
EK202310106729,152.3
EK202310121458,125.06666666666666
EK202310129298,141.76666666666668
EK202310185168,171.83333333333334
EK202310171342,150.96666666666667
EK202310182043,141.13333333333333
EK202310159692,140.9
EK202310198219,130.96666666666667
EK202310186486,156.06666666666666
EK202310194185,141.63333333333333
EK202310135060,158.66666666666666
EK202310151875,146.5
EK202310148212,118.3
EK202310158337,150.9
EK202310160093,138.73333333333332
EK202310176986,149.33333333333334
EK202310142751,178.43333333333334
EK202310186987,147.16666666666666
EK202310213398,134.1
EK202310227507,150.33333333333334
EK202310230539,139.8
EK202310233022,135.63333333333333
EK202310112067,142.3
EK202310191571,158.13333333333333
EK202310128575,148.03333333333333
EK202310116429,162.16666666666666
EK202310222260,132.7
EK202310167112,139.9
EK202310197671,132.86666666666667
EK202310133983,154.06666666666666
EK202310125081,138.2
EK202310165303,134.3
EK202310245022,132.26666666666668
EK202310168737,163.26666666666668
EK202310224066,135.2
EK202310112653,132.73333333333332
EK202310163794,139.76666666666668
EK202310177672,142.06666666666666
EK202310113138,128.46666666666667
EK202310198082,151.13333333333333
EK202310186324,144.1
EK202310245063,132.96666666666667
EK202310162008,153.03333333333333
EK202310187033,143.4
EK202310165002,153.16666666666666
EK202310179112,139.53333333333333
EK202310136261,139.46666666666667
EK202310107886,146.93333333333334
EK202310178081,151.33333333333334
EK202310107978,161.8
EK202310186291,168.43333333333334
EK202320006194,157.6
EK202310162147,135.03333333333333
EK202310145820,130.9
EK202310208270,139.3
EK202310244610,142.06666666666666
EK202310115965,133.4
EK202310173325,130.9
EK202310200487,133.8
EK202310151600,161.4
EK202310174873,133.1
EK202310154656,147.9
EK202310186158,159.33333333333334
EK202310159695,158.66666666666666
EK202310153171,155.0
EK202310116138,155.83333333333334
EK202310241920,128.5
EK202310172803,134.86666666666667
EK202310003408,133.66666666666666
EK202310113293,138.03333333333333
EK202310199063,147.4
EK202310151401,155.83333333333334
EK202310154601,139.36666666666667
EK202310111616,142.3
EK202310135809,147.36666666666667
EK202310123689,134.83333333333334
EK202310125344,131.43333333333334
EK202310204834,133.26666666666668
EK202310154600,141.8
EK202310171105,133.83333333333334
EK202310192374,144.26666666666668
EK202310137424,137.23333333333332
EK202310004414,131.63333333333333
EK202310157406,151.66666666666666
EK202310194870,176.26666666666668
EK202310184853,139.53333333333333
EK202310176587,148.4
EK202310211243,131.93333333333334
EK202310116843,133.86666666666667
EK202310167978,134.3
EK202310199028,154.0
EK202310178842,140.1
EK202310003563,154.23333333333332
EK202310113491,131.56666666666666
EK202310202425,139.43333333333334
EK202310156026,147.13333333333333
EK202310235868,137.33333333333334
EK202310129923,128.3
EK202310115347,147.13333333333333
EK202310136092,180.63333333333333
EK202310212411,127.63333333333334
EK202310198783,176.36666666666667
EK202310154295,142.6
EK202310132080,137.73333333333332
EK202310115510,136.43333333333334
EK202310186713,128.63333333333333
EK202310246486,126.96666666666667
EK202310220909,134.7
EK202310133930,141.0
EK202310230327,162.13333333333333
EK202310227578,152.73333333333332
EK202310147328,165.3
EK202310174500,136.16666666666666
EK202310121141,151.23333333333332
EK202310218136,148.06666666666666
EK202310187497,157.66666666666666
EK202310219497,131.36666666666667
EK202310158430,155.4
EK202310232072,142.86666666666667
EK202310161910,153.46666666666667
EK202310232257,138.46666666666667
EK202310109324,141.03333333333333
EK202310117586,137.26666666666668
EK202310145201,153.3
EK202310191458,149.76666666666668
EK202310163905,141.26666666666668
EK202310200681,137.93333333333334
EK202310190561,138.7
EK202310144363,144.63333333333333
EK202310196397,150.4
EK202310168831,135.46666666666667
EK202320007357,162.2
EK202310125955,141.9
EK202310210692,141.86666666666667
EK202310202677,136.4
EK202310212296,148.4
EK202310228282,136.66666666666666
EK202310198392,143.3
EK202310189017,149.23333333333332
EK202310184070,143.23333333333332
EK202320006398,144.83333333333334
EK202310221409,160.33333333333334
EK202310229971,136.63333333333333
EK202310202941,140.73333333333332
EK202310131905,128.36666666666667
EK202310112775,145.53333333333333
EK202310209245,134.33333333333334
EK202310185710,151.33333333333334
EK202310155827,125.83333333333333
EK202310158156,168.23333333333332
EK202310143080,147.53333333333333
EK202310217821,136.86666666666667
EK202310205060,136.63333333333333
EK202310152230,167.36666666666667
EK202310215647,144.0
EK202310216568,146.63333333333333
EK202310173496,148.76666666666668
EK202310132220,141.2
EK202310229606,137.43333333333334
EK202310197847,144.3
EK202310114444,139.0
EK202310212587,148.76666666666668
EK202310128678,126.26666666666667
EK202310129009,137.26666666666668
EK202310135868,140.0
EK202310004655,142.03333333333333
EK202310004666,129.5
EK202310172312,130.43333333333334
EK202310212324,133.43333333333334
EK202310234071,148.96666666666667
EK202310237714,136.6
EK202310227143,127.8
EK202310106080,154.33333333333334
EK202310115972,136.4
EK202310223416,138.36666666666667
EK202310185745,155.56666666666666
EK202310108584,157.2
EK202310244398,139.0
EK202310104476,142.53333333333333
EK202310243111,151.8
EK202310182118,146.9
EK202310231776,138.33333333333334
EK202310114793,136.66666666666666
EK202310107506,133.73333333333332
EK202310203271,147.13333333333333
EK202310206441,144.7
EK202310197006,133.0
EK202310213977,143.63333333333333
EK202310174608,151.93333333333334
EK202310126126,138.13333333333333
EK202310230545,130.63333333333333
EK202310103903,141.73333333333332
EK202310234105,143.8
EK202310165010,140.4
EK202310181940,155.8
EK202310118673,132.13333333333333
EK202310188868,163.26666666666668
EK202310170989,164.43333333333334
EK202310213961,143.63333333333333
EK202310236748,132.06666666666666
EK202310128144,142.63333333333333
EK202310131032,131.13333333333333
EK202310199927,138.73333333333332
EK202310228569,134.3
EK202310137099,145.86666666666667
EK202310216503,141.63333333333333
EK202310225348,135.66666666666666
EK202310188082,135.8
EK202310107466,137.56666666666666
EK202310119468,181.93333333333334
EK202310177435,138.33333333333334
EK202310226065,166.13333333333333
EK202310238474,141.73333333333332
EK202310178935,130.5
EK202310111288,139.13333333333333
EK202310231278,151.4
EK202310195743,146.86666666666667
EK202310177642,142.63333333333333
EK202310159731,146.66666666666666
EK202310233199,150.06666666666666
EK202310164963,142.1
EK202310108728,132.53333333333333
EK202310241516,144.03333333333333
EK202310114502,137.16666666666666
EK202310163597,142.26666666666668
EK202310194099,134.76666666666668
EK202310191390,137.16666666666666
EK202310136653,150.83333333333334
EK202310132780,153.26666666666668
EK202310192296,137.83333333333334
EK202310210820,135.9
EK202310157545,151.03333333333333
EK202310117978,139.4
EK202310128805,135.86666666666667
EK202310239206,143.6
EK202310184728,156.33333333333334
EK202310188346,144.8
EK202310115220,133.93333333333334
EK202310136091,178.93333333333334
EK202310187000,148.43333333333334
EK202310004481,145.73333333333332
EK202310142481,133.7
EK202310241665,137.96666666666667
EK202310172530,133.66666666666666
EK202310242247,140.8
EK202310201108,142.03333333333333
EK202310157151,158.26666666666668
EK202310248777,131.36666666666667
EK202310234150,125.23333333333333
EK202310245991,133.96666666666667
EK202310196183,141.66666666666666
EK202310112151,146.6
EK202310240040,142.2
EK202310122111,132.63333333333333
EK202310237646,144.7
EK202310236751,141.16666666666666
EK202310110678,128.06666666666666
EK202310175472,141.5
EK202310104032,147.5
EK202310130367,126.93333333333334
EK202310218178,171.93333333333334
EK202310190059,176.26666666666668
EK202310154040,134.83333333333334
EK202310104704,138.9
EK202310234675,138.76666666666668
EK202320007076,141.33333333333334
EK202310117416,140.7
EK202310106592,128.56666666666666
EK202310218855,146.53333333333333
EK202310112951,157.73333333333332
EK202310198510,153.7
EK202310170591,133.96666666666667
EK202310171607,143.86666666666667
EK202310188047,134.23333333333332
EK202310106176,135.06666666666666
EK202310139729,140.63333333333333
EK202310188177,159.46666666666667
EK202310216551,140.13333333333333
EK202310190746,153.26666666666668
EK202310198445,176.53333333333333
EK202310167557,133.56666666666666
EK202310232345,123.23333333333333
EK202310205089,174.2
EK202310200704,152.66666666666666
EK202310168328,164.86666666666667
EK202310117660,133.46666666666667
EK202310241204,152.83333333333334
EK202310219555,135.06666666666666
EK202310108822,133.46666666666667
EK202310178261,149.96666666666667
EK202310170803,136.56666666666666
EK202310180578,147.3
EK202310183233,151.26666666666668
EK202310214067,167.23333333333332
EK202310177910,139.83333333333334
EK202310184628,164.96666666666667
EK202310236640,134.73333333333332
EK202310189443,169.66666666666666
EK202310219770,131.06666666666666
EK202310188035,160.7
EK202310110194,150.36666666666667
EK202310244334,137.8
EK202310196346,148.43333333333334
EK202310239240,134.23333333333332
EK202310190697,162.4
EK202310183845,156.43333333333334
EK202310173568,153.7
EK202310122648,140.66666666666666
EK202310138573,140.26666666666668
EK202310107238,146.76666666666668
EK202310123716,131.33333333333334
EK202310222719,140.63333333333333
EK202310119574,149.23333333333332
EK202310106379,138.03333333333333
EK202310179487,163.26666666666668
EK202310204316,136.43333333333334
EK202310112072,144.2
EK202310103891,150.16666666666666
EK202310121527,144.3
EK202310147901,165.1
EK202310129747,161.8
EK202310216313,138.96666666666667
EK202310138904,151.9
EK202310148441,146.36666666666667
EK202310153870,134.06666666666666
EK202310108732,135.03333333333333
EK202310180949,142.83333333333334
EK202310108710,138.8
EK202310198670,134.36666666666667
EK202310150197,162.33333333333334
EK202310213492,137.13333333333333
EK202310136448,131.66666666666666
EK202310131230,155.0
EK202310231399,138.2
EK202310121599,156.53333333333333
EK202310179738,145.86666666666667
EK202310167476,160.36666666666667
EK202310131623,150.7
EK202310140730,148.7
EK202310144389,152.66666666666666
EK202310245102,147.53333333333333
EK202310132691,129.43333333333334
EK202310106449,141.9
EK202310167353,127.23333333333333
EK202310236989,131.46666666666667
EK202310111119,136.36666666666667
EK202310186689,177.9
EK202310209031,153.4
EK202310139037,138.4
EK202310158574,143.0
EK202310235776,130.83333333333334
EK202310149594,147.0
EK202310106989,161.86666666666667
EK202310207828,159.26666666666668
EK202310129283,132.9
EK202310103761,143.93333333333334
EK202310117820,128.83333333333334
EK202310170386,136.43333333333334
EK202310200918,145.7
EK202310104618,138.13333333333333
EK202310211311,143.13333333333333
EK202310217151,164.7
EK202310197688,157.66666666666666
EK202310141161,129.6
EK202310200723,130.76666666666668
EK202310192613,133.56666666666666
EK202310231385,133.93333333333334
EK202310161421,127.33333333333333
EK202310185090,155.4
EK202310118323,130.93333333333334
EK202310179435,145.26666666666668
EK202310246748,156.73333333333332
EK202310203308,129.5
EK202310166549,154.13333333333333
EK202310231043,138.4
EK202310144171,130.2
EK202310171076,146.33333333333334
EK202310234671,138.13333333333333
EK202310178258,146.83333333333334
EK202310123111,137.23333333333332
EK202310105273,147.13333333333333
EK202310232779,123.86666666666666
EK202310245923,137.86666666666667
EK202310232934,132.5
EK202310206444,142.96666666666667
EK202310199292,158.76666666666668
EK202310172407,139.03333333333333
EK202310110982,135.3
EK202310136670,141.16666666666666
EK202310196416,160.56666666666666
EK202310147370,131.0
EK202310203187,143.06666666666666
EK202310127574,143.36666666666667
EK202310223109,135.03333333333333
EK202310210815,146.83333333333334
EK202310132728,166.43333333333334
EK202310195728,151.3
EK202310162562,164.33333333333334
EK202310122166,139.03333333333333
EK202310133502,153.3
EK202310176748,130.8
EK202310149681,136.46666666666667
EK202310133367,156.93333333333334
EK202310233308,150.9
EK202310111956,147.2
EK202310213087,129.16666666666666
EK202310163861,135.56666666666666
EK202310183017,132.96666666666667
EK202310148049,140.96666666666667
EK202310159587,143.33333333333334
EK202310120104,157.8
EK202310173791,142.0
EK202310120609,137.3
EK202310120220,139.1
EK202310164643,145.2
EK202310242480,131.86666666666667
EK202310237393,135.86666666666667
EK202310110258,135.73333333333332
EK202310203310,143.93333333333334
EK202310244388,136.5
EK202310142420,137.0
EK202310127247,149.8
EK202310245410,132.2
EK202310198231,158.2
EK202310224714,137.76666666666668
EK202310112152,140.9
EK202310219634,164.43333333333334
EK202310120507,128.83333333333334
EK202310121024,158.9
EK202310162609,151.06666666666666
EK202310198139,144.76666666666668
EK202310115733,151.93333333333334
EK202310197648,173.8
EK202310152061,139.16666666666666
EK202310246184,131.46666666666667
EK202310175646,156.8
EK202310195357,147.5
EK202310180995,150.6
EK202320007602,151.93333333333334
EK202310125780,147.23333333333332
EK202310141209,132.93333333333334
EK202310241145,150.3
EK202310214473,164.76666666666668
EK202310104412,144.2
EK202310145300,145.06666666666666
EK202310178546,130.3
EK202310222192,132.56666666666666
EK202310003791,133.36666666666667
EK202310164084,154.4
EK202310247625,131.73333333333332
EK202310179777,137.9
EK202310204086,134.7
EK202310199051,154.5
EK202310199503,137.6
EK202310124201,130.76666666666668
EK202310111462,130.36666666666667
EK202310149507,163.36666666666667
EK202310149626,157.13333333333333
EK202310196221,163.13333333333333
EK202310241259,157.33333333333334
EK202310110599,134.1
EK202310234816,144.13333333333333
EK202310179926,155.56666666666666
EK202310158821,159.9
EK202310203000,135.2
EK202310162317,130.9
EK202310125499,143.5
EK202310171521,150.96666666666667
EK202310155121,138.86666666666667
EK202310246662,148.4
EK202310222404,131.93333333333334
EK202310119271,152.93333333333334
EK202310179293,144.96666666666667
EK202310162370,136.36666666666667
EK202310185317,134.73333333333332
EK202310192836,181.2
EK202310197187,156.2
EK202310119438,138.2
EK202310154800,152.1
EK202310162887,140.66666666666666
EK202310114407,147.63333333333333
EK202310107541,160.73333333333332
EK202310165391,147.6
EK202310114222,143.3
EK202310108463,138.53333333333333
EK202310160505,145.63333333333333
EK202310175819,132.5
EK202310224211,150.53333333333333
EK202310181094,161.53333333333333
EK202310209683,157.83333333333334
EK202310144068,162.36666666666667
EK202310185016,163.3
EK202310242866,131.6
EK202310136700,139.53333333333333
EK202310129667,143.66666666666666
EK202310185490,146.46666666666667
EK202310180615,133.96666666666667
EK202310106120,140.86666666666667
EK202310139529,134.26666666666668
EK202310208712,162.23333333333332
EK202310202493,148.86666666666667
EK202310127493,140.1
EK202310185646,157.7
EK202310236048,133.33333333333334
EK202310215422,137.53333333333333
EK202310154768,156.93333333333334
EK202310156660,154.5
EK202310215522,133.9
EK202310191431,162.23333333333332
EK202310219661,161.3
EK202310111217,121.03333333333333
EK202310142283,164.43333333333334
EK202310152451,163.86666666666667
EK202310131900,150.4
EK202310118813,146.53333333333333
EK202310158474,137.5
EK202310206038,177.36666666666667
EK202310140824,144.33333333333334
EK202310193053,129.73333333333332
EK202310239738,133.7
EK202310183514,163.1
EK202310228473,144.0
EK202310187727,140.76666666666668
EK202310208678,138.93333333333334
EK202310151445,144.7
EK202310129744,145.0
EK202310242221,132.73333333333332
EK202310140908,135.33333333333334
EK202310213034,132.33333333333334
EK202310162066,147.13333333333333
EK202310166091,143.8
EK202310168349,129.96666666666667
EK202310204830,132.43333333333334
EK202310119237,138.8
EK202310177687,132.03333333333333
EK202310194046,141.3
EK202310120099,129.53333333333333
EK202310139982,160.46666666666667
EK202310172126,136.03333333333333
EK202310225892,134.96666666666667
EK202310204605,146.43333333333334
EK202310166382,136.73333333333332
EK202310164816,148.33333333333334
EK202310118373,132.63333333333333
EK202310141696,155.0
EK202310229964,147.46666666666667
EK202310127949,153.8
EK202310239375,177.53333333333333
EK202310173625,137.76666666666668
EK202310141849,168.9
EK202310115485,140.16666666666666
EK202310129234,157.26666666666668
EK202310105793,137.26666666666668
EK202310158046,138.56666666666666
EK202310192078,138.96666666666667
EK202310211785,135.16666666666666
EK202310194018,157.86666666666667
EK202310223067,130.5
EK202310131851,152.03333333333333
EK202310146819,136.63333333333333
EK202310240643,152.4
EK202310156305,132.1
EK202310207011,135.43333333333334
EK202310225288,143.73333333333332
EK202310246090,156.9
EK202310159743,140.63333333333333
EK202310160951,168.43333333333334
EK202310164394,148.0
EK202310172687,133.56666666666666
EK202310157664,137.5
EK202310186799,144.73333333333332
EK202310177813,158.26666666666668
EK202310135564,145.83333333333334
EK202310109869,137.53333333333333
EK202310232529,143.56666666666666
EK202310190796,157.33333333333334
EK202310157371,142.53333333333333
EK202310248440,149.33333333333334
EK202310236433,140.3
EK202310155362,156.96666666666667
EK202310178291,150.6
EK202310236912,142.56666666666666
EK202310104076,130.26666666666668
EK202310192380,139.3
EK202310138804,143.43333333333334
EK202310151241,140.2
EK202310199540,137.2
EK202310173988,137.53333333333333
EK202310173002,129.16666666666666
EK202310243625,148.96666666666667
EK202310193531,135.63333333333333
EK202310114242,148.8
EK202310138736,135.86666666666667
EK202310190347,141.53333333333333
EK202310236408,137.76666666666668
EK202310120734,150.7
EK202310199091,160.13333333333333
EK202310163422,134.93333333333334
EK202310204728,147.23333333333332
EK202310130979,137.6
EK202310183928,148.93333333333334
EK202310149172,158.83333333333334
EK202310112222,149.96666666666667
EK202310135593,173.96666666666667
EK202310116248,133.23333333333332
EK202310139060,157.16666666666666
EK202310119677,148.16666666666666
EK202310158107,130.26666666666668
EK202310132346,151.56666666666666
EK202310134894,150.3
EK202310136486,139.4
EK202310129929,175.76666666666668
EK202310105561,138.83333333333334
EK202310154663,141.4
EK202310170691,152.23333333333332
EK202310129385,142.16666666666666
EK202310201900,139.96666666666667
EK202310167771,142.06666666666666
EK202310157806,151.1
EK202310149813,175.26666666666668
EK202310176321,133.7
EK202310114996,145.6
EK202310190897,138.16666666666666
EK202310166461,131.7
EK202310137821,128.93333333333334
EK202310112150,149.63333333333333
EK202310192173,146.46666666666667
EK202310173654,139.1
EK202310220329,150.23333333333332
EK202310202774,152.33333333333334
EK202310150939,129.93333333333334
EK202310155941,136.76666666666668
EK202310185382,158.36666666666667
EK202310237219,135.03333333333333
EK202310244185,132.86666666666667
EK202310221987,124.9
EK202310193216,144.16666666666666
EK202310145019,136.13333333333333
EK202310193312,152.8
EK202310121038,150.73333333333332
EK202310210609,151.8
EK202310198874,150.63333333333333
EK202310144516,157.66666666666666
EK202310110453,136.46666666666667
EK202310135805,145.3
EK202310128896,138.8
EK202310183544,140.46666666666667
EK202310181264,149.93333333333334
EK202310204958,158.0
EK202310168271,138.73333333333332
EK202310219179,125.8
EK202310224962,148.76666666666668
EK202310210604,141.53333333333333
EK202310159739,157.4
EK202310132707,144.16666666666666
EK202310105567,139.43333333333334
EK202310226814,141.03333333333333
EK202310217907,138.63333333333333
EK202310199396,144.13333333333333
EK202310105066,146.23333333333332
EK202310200675,140.26666666666668
EK202310237294,142.66666666666666
EK202310157377,136.93333333333334
EK202310229136,136.66666666666666
EK202310186430,133.93333333333334
EK202310163802,129.1
EK202310142202,169.83333333333334
EK202310195256,136.56666666666666
EK202310004248,153.8
EK202310195944,142.36666666666667
EK202310152129,146.7
EK202310235567,144.43333333333334
EK202310239108,170.8
EK202320007089,147.53333333333333
EK202310188372,158.6
EK202310177026,135.36666666666667
EK202310130893,136.63333333333333
EK202310145973,136.83333333333334
EK202310168876,130.93333333333334
EK202320005981,155.9
EK202310158643,148.16666666666666
EK202310186188,147.66666666666666
EK202310134495,129.23333333333332
EK202310247686,135.6
EK202310150624,138.96666666666667
EK202310205684,127.96666666666667
EK202310130971,145.53333333333333
EK202310109938,166.4
EK202310157726,134.9
EK202310217250,145.8
EK202310232228,139.7
EK202310212931,147.63333333333333
EK202310224251,145.76666666666668
EK202310177088,139.13333333333333
EK202310178114,131.36666666666667
EK202310133902,143.13333333333333
EK202310243447,137.1
EK202310203833,138.26666666666668
EK202310205106,170.43333333333334
EK202310244839,149.7
EK202310153612,172.13333333333333
EK202310168129,134.73333333333332
EK202310210315,133.93333333333334
EK202310221450,127.73333333333333
EK202310229011,132.7
EK202310109445,144.63333333333333
EK202310172449,150.83333333333334
EK202310173624,136.5
EK202320007778,136.6
EK202310191821,132.3
EK202310163402,165.9
EK202310198726,178.93333333333334
EK202310235035,132.76666666666668
EK202310190400,123.06666666666666
EK202310223143,138.03333333333333
EK202310134393,165.6
EK202310190107,141.1
EK202310199104,143.06666666666666
EK202310198171,133.96666666666667
EK202310126236,138.0
EK202310110975,136.16666666666666
EK202310163529,137.6
EK202310208517,126.83333333333333
EK202310229161,125.0
EK202310224145,140.86666666666667
EK202310245526,133.23333333333332
EK202310105925,139.06666666666666
EK202310241775,131.76666666666668
EK202310131256,137.46666666666667
EK202310167720,142.2
EK202310128585,146.3
EK202310171250,140.46666666666667
EK202310136309,137.9
EK202310159794,159.8
EK202310147802,174.73333333333332
EK202310217371,161.03333333333333
EK202310142272,137.3
EK202310192020,141.46666666666667
EK202310121935,153.36666666666667
EK202320007881,168.0
EK202310144741,135.6
EK202310237080,158.46666666666667
EK202310121787,129.9
EK202310157606,134.53333333333333
EK202310171437,161.33333333333334
EK202310108122,136.96666666666667
EK202310151362,130.8
EK202310115777,141.7
EK202310239193,143.96666666666667
EK202310233042,141.66666666666666
EK202310202833,169.16666666666666
EK202310113174,150.4
EK202310167499,140.36666666666667
EK202310126289,132.46666666666667
EK202310129491,134.06666666666666
EK202320005784,151.4
EK202310170372,140.13333333333333
EK202310213906,148.46666666666667
EK202310199476,138.23333333333332
EK202310247011,147.1
EK202310195117,140.86666666666667
EK202310120294,143.76666666666668
EK202320007259,158.43333333333334
EK202310188597,153.93333333333334
EK202310165978,144.9
EK202310115867,132.4
EK202310193317,165.9
EK202310203873,133.86666666666667
EK202310205284,137.93333333333334
EK202310111575,136.56666666666666
EK202310225817,130.63333333333333
EK202310231254,134.66666666666666
EK202310183664,173.1
EK202310104179,131.63333333333333
EK202310230497,137.76666666666668
EK202310193284,148.16666666666666
EK202310147738,162.06666666666666
EK202310241264,160.76666666666668
EK202310199094,155.8
EK202310128153,141.5
EK202310177426,152.3
EK202310106407,151.86666666666667
EK202310224168,155.56666666666666
EK202310182894,137.76666666666668
EK202310196624,169.93333333333334
EK202310174799,141.16666666666666
EK202310244287,140.06666666666666
EK202310158225,142.96666666666667
EK202310158700,167.13333333333333
EK202310194647,134.5
EK202310176945,141.13333333333333
EK202310242585,131.76666666666668
EK202310168424,135.7
EK202310155163,141.23333333333332
EK202310124200,125.26666666666667
EK202310167074,147.2
EK202310227610,175.03333333333333
EK202310172440,170.43333333333334
EK202310224828,132.7
EK202310125087,138.86666666666667
EK202310172624,144.66666666666666
EK202310212981,137.63333333333333
EK202310212038,131.0
EK202310181888,147.86666666666667
EK202310151373,146.2
EK202310151400,171.36666666666667
EK202310129480,137.06666666666666
EK202310105531,143.16666666666666
EK202310168802,143.8
EK202310143364,137.33333333333334
EK202310124872,129.96666666666667
EK202310204355,150.66666666666666
EK202310151111,172.16666666666666
EK202310208992,135.73333333333332
EK202310214546,144.56666666666666
EK202310149411,133.53333333333333
EK202310142260,138.63333333333333
EK202310164059,143.33333333333334
EK202310109215,131.76666666666668
EK202310199582,151.86666666666667
EK202310127468,125.53333333333333
EK202310142858,149.3
EK202310203332,145.96666666666667
EK202310158565,157.13333333333333
EK202310172619,138.66666666666666
EK202310107206,134.23333333333332
EK202310211213,133.53333333333333
EK202310172337,136.93333333333334
EK202310220668,133.6
EK202310153800,146.06666666666666
EK202310211090,133.63333333333333
EK202310189907,151.33333333333334
EK202310187277,131.2
EK202310196375,136.06666666666666
EK202310133091,157.76666666666668
EK202310126566,137.03333333333333
EK202310157696,138.76666666666668
EK202310170462,135.86666666666667
EK202310187255,152.76666666666668
EK202310123459,166.53333333333333
EK202310145959,149.76666666666668
EK202310220363,143.33333333333334
EK202310139815,135.26666666666668
EK202310181913,143.43333333333334
EK202310109098,137.66666666666666
EK202310132727,174.26666666666668
EK202310122252,144.83333333333334
EK202310167093,166.73333333333332
EK202310139661,141.03333333333333
EK202310174818,167.26666666666668
EK202310166691,146.7
EK202310003691,172.2
EK202310237525,133.33333333333334
EK202310117373,135.73333333333332
EK202310179546,149.9
EK202310126077,146.06666666666666
EK202310184499,175.76666666666668
EK202310186109,148.76666666666668
EK202310106103,151.86666666666667
EK202310112500,137.5
EK202310133741,144.63333333333333
EK202310109783,134.0
EK202310117249,139.96666666666667
EK202310203878,138.16666666666666
EK202310196452,133.2
EK202310181760,165.56666666666666
EK202310112276,137.16666666666666
EK202310190428,141.86666666666667
EK202310217583,162.56666666666666
EK202320005844,152.43333333333334
EK202310206265,135.56666666666666
EK202310221855,140.16666666666666
EK202310152502,150.56666666666666
EK202310119997,136.56666666666666
EK202310234516,137.6
EK202310109706,178.1
EK202310148105,137.33333333333334
EK202310154560,132.1
EK202310236829,133.8
EK202310167010,147.73333333333332
EK202310240372,150.6
EK202310129679,160.06666666666666
EK202310213367,137.23333333333332
EK202310198361,146.43333333333334
EK202310154494,129.73333333333332
EK202310247393,165.06666666666666
EK202310233217,133.2
EK202310147827,171.6
EK202310115117,163.66666666666666
EK202310148420,143.1
EK202310190832,154.76666666666668
EK202310134924,137.13333333333333
EK202310188986,144.66666666666666
EK202310129065,154.43333333333334
EK202310191867,131.96666666666667
EK202310134983,152.8
EK202310113731,151.73333333333332
EK202310201726,139.96666666666667
EK202310230201,169.83333333333334
EK202310168525,150.93333333333334
EK202310244486,137.33333333333334
EK202310189155,162.93333333333334
EK202310140440,133.8
EK202310106749,137.2
EK202310179762,144.03333333333333
EK202310129836,147.73333333333332
EK202310220701,142.5
EK202310186360,139.73333333333332
EK202310109349,158.86666666666667
EK202310201338,149.3
EK202310212253,128.16666666666666
EK202310155921,143.83333333333334
EK202310205532,175.96666666666667
EK202310128471,157.2
EK202310201094,138.36666666666667
EK202310190383,137.93333333333334
EK202310110189,122.43333333333334
EK202310147602,135.83333333333334
EK202310198097,131.36666666666667
EK202310216064,134.66666666666666
EK202310211013,144.1
EK202310160719,165.2
EK202310176494,143.73333333333332
EK202310145249,148.6
EK202310235596,136.96666666666667
EK202310110412,141.33333333333334
EK202310200832,144.93333333333334
EK202310204509,142.4
EK202310149049,149.96666666666667
EK202310183661,146.93333333333334
EK202310216447,135.13333333333333
EK202310200320,143.9
EK202310161067,132.83333333333334
EK202310207130,132.93333333333334
EK202310145591,176.83333333333334
EK202310127977,136.6
EK202310161518,170.23333333333332
EK202310138156,132.96666666666667
EK202310244709,140.3
EK202310142566,139.8
EK202310124071,130.56666666666666
EK202310152858,175.63333333333333
EK202310190782,147.96666666666667
EK202310167544,134.26666666666668
EK202310192845,144.86666666666667
EK202310160817,131.53333333333333
EK202310196420,146.56666666666666
EK202310004827,147.2
EK202310227825,154.56666666666666
EK202310194467,149.06666666666666
EK202310113608,140.3
EK202310103781,130.76666666666668
EK202310221275,154.93333333333334
EK202310169673,149.46666666666667
EK202310190005,134.73333333333332
EK202310188898,150.3
EK202310183079,139.7
EK202310166912,148.23333333333332
EK202310142437,147.66666666666666
EK202310212298,143.2
EK202310109551,141.56666666666666
EK202310222094,148.8
EK202310202049,133.86666666666667
EK202310212471,154.9
EK202310187583,150.4
EK202310188837,139.4
EK202310220895,128.9
EK202310108270,140.03333333333333
EK202310186872,148.66666666666666
EK202310156937,146.0
EK202310242846,145.26666666666668
EK202310186481,143.8
EK202310221455,142.6
EK202310180574,133.36666666666667
EK202310168049,135.46666666666667
EK202310133898,158.1
EK202310168746,142.7
EK202310212474,138.56666666666666
EK202310161742,141.26666666666668
EK202310181202,165.43333333333334
EK202310200036,135.56666666666666
EK202310184172,132.1
EK202310239220,138.4
EK202310165958,140.43333333333334
EK202310212102,132.8
EK202310218823,174.23333333333332
EK202310151307,138.46666666666667
EK202310204250,143.23333333333332
EK202310183865,152.26666666666668
EK202310149510,153.7
EK202320006769,162.7
EK202310227796,127.16666666666667
EK202310248710,132.86666666666667
EK202310198205,146.1
EK202310135989,130.1
EK202310124456,126.76666666666667
EK202310221007,131.1
EK202310126207,146.53333333333333
EK202310181795,159.9
EK202310168767,134.83333333333334
EK202310119332,132.3
EK202310135427,147.16666666666666
EK202310206685,152.63333333333333
EK202310241653,129.93333333333334
EK202310196379,133.9
EK202310120248,143.63333333333333
EK202310172212,136.46666666666667
EK202310181585,148.83333333333334
EK202320006780,172.56666666666666
EK202310133161,134.6
EK202310109841,145.83333333333334
EK202310152371,183.5
EK202310125316,129.93333333333334
EK202310127854,129.86666666666667
EK202310208551,130.96666666666667
EK202310172019,133.83333333333334
EK202320005655,146.66666666666666
EK202310117833,132.1
EK202310110950,133.8
EK202310244018,131.1
EK202310234592,141.1
EK202310136966,127.83333333333333
EK202310185914,153.6
EK202310236175,131.53333333333333
EK202310187917,156.3
EK202310004461,152.3
EK202310131974,148.96666666666667
EK202310184967,154.7
EK202310185067,142.3
EK202310236069,137.53333333333333
EK202310186869,137.86666666666667
EK202310149914,137.13333333333333
EK202310154439,136.63333333333333
EK202310117130,135.53333333333333
EK202310192819,147.23333333333332
EK202310158666,163.4
EK202310197005,124.16666666666667
EK202310203581,136.26666666666668
EK202310178102,141.83333333333334
EK202310224457,151.53333333333333
EK202310118618,136.26666666666668
EK202310185500,151.23333333333332
EK202310213431,135.26666666666668
EK202310201151,174.3
EK202310228224,129.83333333333334
EK202310148041,157.4
EK202310178742,155.06666666666666
EK202310227550,139.56666666666666
EK202310119869,141.46666666666667
EK202310146474,148.36666666666667
EK202310123299,140.5
EK202310187842,149.4
EK202310155425,132.73333333333332
EK202310210739,135.7
EK202310177302,144.06666666666666
EK202310202123,151.4
EK202310104749,137.2
EK202310185079,130.26666666666668
EK202310132781,127.3
EK202310193932,149.63333333333333
EK202310189612,119.33333333333333
EK202310201902,149.96666666666667
EK202310208534,137.66666666666666
EK202310189130,151.06666666666666
EK202310215684,131.43333333333334
EK202310160446,147.5
EK202310133958,163.63333333333333
EK202310176688,156.36666666666667
EK202310211793,133.4
EK202310210111,142.03333333333333
EK202310232666,135.76666666666668
EK202310128743,151.2
EK202310130719,129.86666666666667
EK202310004334,157.76666666666668
EK202310126855,148.13333333333333
EK202310152426,145.13333333333333
EK202310188746,148.9
EK202310236429,138.4
EK202310170500,134.46666666666667
EK202310124582,136.56666666666666
EK202310181729,176.1
EK202310224787,134.76666666666668
EK202310108930,146.63333333333333
EK202310104434,128.93333333333334
EK202310115530,140.56666666666666
EK202310184629,174.1
EK202310217615,127.83333333333333
EK202310228010,124.53333333333333
EK202310199351,152.9
EK202310231067,139.76666666666668
EK202310215633,140.63333333333333
EK202310142323,173.06666666666666
EK202310244740,145.9
EK202310173913,145.93333333333334
EK202310218786,132.16666666666666
EK202310215448,143.5
EK202310114357,142.76666666666668
EK202310197601,140.93333333333334
EK202310247322,150.5
EK202310231270,146.06666666666666
EK202310142374,130.6
EK202310117138,136.46666666666667
EK202310176849,138.96666666666667
EK202310109114,151.26666666666668
EK202310182696,157.43333333333334
EK202310135900,144.7
EK202310123905,156.1
EK202310130761,133.23333333333332
EK202310122276,145.23333333333332
EK202310121513,160.93333333333334
EK202310168032,170.96666666666667
EK202310213827,135.03333333333333
EK202310115189,129.36666666666667
EK202310138716,140.03333333333333
EK202310246376,132.43333333333334
EK202310227795,131.13333333333333
EK202310138696,140.36666666666667
EK202310194234,133.56666666666666
EK202310184761,162.0
EK202310162543,158.36666666666667
EK202310236480,135.33333333333334
EK202310209507,132.03333333333333
EK202310136499,145.66666666666666
EK202310204660,139.1
EK202310111522,131.2
EK202310105606,140.23333333333332
EK202320007453,150.33333333333334
EK202310232384,135.3
EK202310206748,137.83333333333334
EK202310241912,146.36666666666667
EK202310124064,134.9
EK202310122759,141.43333333333334
EK202310190369,154.93333333333334
EK202310186879,151.16666666666666
EK202310149694,133.3
EK202310223534,137.6
EK202310159550,137.96666666666667
EK202310221243,146.43333333333334
EK202310244635,141.56666666666666
EK202310198162,127.76666666666667
EK202310125552,132.96666666666667
EK202310132850,133.76666666666668
EK202320005964,166.6
EK202310126781,151.0
EK202310147128,145.16666666666666
EK202310226818,155.73333333333332
EK202310124338,146.06666666666666
EK202310225790,133.56666666666666
EK202310144382,137.83333333333334
EK202310160141,150.46666666666667
EK202310177663,152.73333333333332
EK202310231419,145.1
EK202310141307,142.36666666666667
EK202310119017,163.83333333333334
EK202310219691,135.7
EK202310114034,135.8
EK202310207177,157.16666666666666
EK202310120353,137.8
EK202310003709,130.16666666666666
EK202310208102,172.46666666666667
EK202310117194,136.5
EK202310160414,150.7
EK202310128750,135.63333333333333
EK202310236926,155.26666666666668
EK202310230067,141.43333333333334
EK202310209445,145.46666666666667
EK202310237314,157.2
EK202310232234,132.96666666666667
EK202310150354,152.76666666666668
EK202310196951,143.6
EK202310194465,150.03333333333333
EK202310193016,172.5
EK202310151083,126.06666666666666
EK202310184367,151.5
EK202310112469,160.16666666666666
EK202310192489,129.2
EK202310224546,134.93333333333334
EK202310247421,156.66666666666666
EK202310194417,144.7
EK202310121339,133.3
EK202310190360,131.13333333333333
EK202310226836,167.36666666666667
EK202310168945,137.6
EK202310227078,147.03333333333333
EK202310232895,131.7
EK202310230495,145.96666666666667
EK202310246097,152.93333333333334
EK202310202842,133.6
EK202310220262,140.93333333333334
EK202310134200,149.63333333333333
EK202310203601,153.86666666666667
EK202310190558,139.93333333333334
EK202310232949,141.86666666666667
EK202310195423,154.4
EK202310164136,144.13333333333333
EK202310111473,150.56666666666666
EK202310194752,141.7
EK202310139201,155.1
EK202310215712,139.36666666666667
EK202310126580,134.2
EK202310143206,151.2
EK202310222539,131.26666666666668
EK202310239797,143.56666666666666
EK202310157767,132.43333333333334
EK202310237925,137.93333333333334
EK202310227346,144.36666666666667
EK202310222227,153.4
EK202310231460,137.33333333333334
EK202310105762,143.63333333333333
EK202310149701,147.0
EK202310231185,132.83333333333334
EK202310187011,140.66666666666666
EK202310188048,147.3
EK202310147979,156.8
EK202310136963,157.8
EK202310223233,145.46666666666667
EK202310147717,146.66666666666666
EK202310235875,142.93333333333334
EK202310146872,149.36666666666667
EK202310114622,137.4
EK202310127235,154.7
EK202310170129,132.6
EK202310174462,153.23333333333332
EK202310239145,145.33333333333334
EK202310103947,146.7
EK202310118725,158.5
EK202310181241,135.63333333333333
EK202310215016,159.56666666666666
EK202310197863,147.16666666666666
EK202310162387,132.43333333333334
EK202310108126,128.63333333333333
EK202310207445,147.9
EK202310003781,145.96666666666667
EK202310153594,139.03333333333333
EK202310234731,137.0
EK202310112047,144.9
EK202310246932,146.73333333333332
EK202310218014,129.13333333333333
EK202310159032,135.1
EK202310108938,146.0
EK202310126068,143.9
EK202310146294,140.03333333333333
EK202310197490,132.26666666666668
EK202310235805,163.63333333333333
EK202310244213,137.0
EK202310169974,140.9
EK202310180762,147.43333333333334
EK202310117588,139.73333333333332
EK202310146489,146.33333333333334
EK202310242008,145.63333333333333
EK202310175256,151.4
EK202310183438,153.26666666666668
EK202310216482,144.93333333333334
EK202310150432,140.4
EK202310224664,136.33333333333334
EK202310182573,153.46666666666667
EK202310227828,145.43333333333334
EK202310183759,157.03333333333333
EK202310168521,147.46666666666667
EK202310183715,146.86666666666667
EK202310142868,135.23333333333332
EK202310202199,162.2
EK202310167759,135.63333333333333
EK202310229275,139.4
EK202310229628,136.33333333333334
EK202310190352,149.33333333333334
EK202310234142,146.63333333333333
EK202310141693,135.7
EK202310133997,138.9
EK202310180676,134.1
EK202310127990,145.86666666666667
EK202310194053,182.8
EK202310240865,144.26666666666668
EK202310238191,139.96666666666667
EK202310218152,135.23333333333332
EK202310192642,148.2
EK202310113518,140.4
EK202310177048,142.0
EK202310003870,132.53333333333333
EK202310184101,142.56666666666666
EK202310123625,148.76666666666668
EK202310105534,136.0
EK202310130598,134.83333333333334
EK202310183150,146.63333333333333
EK202310223939,140.7
EK202310151237,139.86666666666667
EK202310150186,132.5
EK202310119286,163.43333333333334
EK202310147962,141.66666666666666
EK202310195618,158.16666666666666
EK202310146717,143.76666666666668
EK202310226225,133.6
EK202310108305,148.03333333333333
EK202310132381,134.73333333333332
EK202310130474,141.56666666666666
EK202310123530,134.9
EK202310207610,151.16666666666666
EK202310142942,146.73333333333332
EK202310181486,148.9
EK202310227391,137.2
EK202310219674,149.03333333333333
EK202310231118,128.43333333333334
EK202310156122,139.93333333333334
EK202310168356,137.26666666666668
EK202310152965,159.56666666666666
EK202310240478,146.36666666666667
EK202310220260,126.33333333333333
EK202310166323,139.43333333333334
EK202310130108,161.8
EK202310139786,140.96666666666667
EK202310163761,146.43333333333334
EK202310221197,145.03333333333333
EK202310194216,169.63333333333333
EK202310209659,132.36666666666667
EK202310214603,177.43333333333334
EK202310108794,141.96666666666667
EK202310152434,156.06666666666666
EK202310134754,137.26666666666668
EK202310236812,143.53333333333333
EK202310167567,137.26666666666668
EK202310203493,151.23333333333332
EK202310175040,140.16666666666666
EK202310205734,162.7
EK202310104881,145.26666666666668
EK202310188034,144.43333333333334
EK202320007581,153.86666666666667
EK202310004300,134.9
EK202310126491,134.76666666666668
EK202310236882,144.46666666666667
EK202310151164,132.9
EK202310106280,142.73333333333332
EK202310163693,144.56666666666666
EK202310168683,133.76666666666668
EK202310189719,175.2
EK202310233687,140.16666666666666
EK202310201579,157.43333333333334
EK202310202351,135.8
EK202310180846,157.23333333333332
EK202310170131,133.43333333333334
EK202310113992,142.33333333333334
EK202310225909,145.0
EK202310118201,135.36666666666667
EK202310184100,162.93333333333334
EK202310169994,137.43333333333334
EK202310186322,141.46666666666667
EK202310187689,133.43333333333334
EK202310241609,127.13333333333334
EK202310112492,124.9
EK202310216335,146.06666666666666
EK202310207022,162.46666666666667
EK202310125948,139.4
EK202310127865,140.66666666666666
EK202310174681,144.86666666666667
EK202310233071,146.5
EK202310193133,145.53333333333333
EK202310132000,148.13333333333333
EK202310103983,150.86666666666667
EK202310191233,158.96666666666667
EK202310231154,132.33333333333334
EK202310116716,136.3
EK202310179545,144.96666666666667
EK202310206643,133.13333333333333
EK202310134367,169.7
EK202310176122,163.0
EK202310214013,143.73333333333332
EK202310134741,134.33333333333334
EK202310174213,134.36666666666667
EK202310141096,169.26666666666668
EK202310206920,150.53333333333333
EK202310194809,169.23333333333332
EK202310202514,135.73333333333332
EK202310110026,145.66666666666666
EK202310104374,129.7
EK202310120332,132.86666666666667
EK202310157554,144.63333333333333
EK202310204383,135.16666666666666
EK202310208398,128.13333333333333
EK202310118265,142.53333333333333
EK202310231010,130.13333333333333
EK202310213437,126.83333333333333
EK202310146583,154.06666666666666
EK202310195386,140.66666666666666
EK202310228443,148.2
EK202310123135,137.1
EK202310142556,144.63333333333333
EK202310245462,135.66666666666666
EK202310234824,134.43333333333334
EK202310197141,137.06666666666666
EK202310229145,148.66666666666666
EK202310209147,142.13333333333333
EK202310214152,179.2
EK202310164947,145.56666666666666
EK202310222842,131.46666666666667
EK202310211770,132.33333333333334
EK202310004960,140.96666666666667
EK202310239260,135.66666666666666
EK202310115431,151.83333333333334
EK202310202893,131.53333333333333
EK202310205187,131.0
EK202310202065,157.86666666666667
EK202310127001,139.86666666666667
EK202310181721,181.9
EK202310161325,149.63333333333333
EK202310140540,167.03333333333333
EK202310167097,157.86666666666667
EK202310140718,150.06666666666666
EK202310149480,130.93333333333334
EK202310183531,147.03333333333333
EK202310148864,155.6
EK202310003701,137.7
EK202310144900,133.36666666666667
EK202310144750,154.6
EK202310162709,134.3
EK202310186895,130.1
EK202310226408,138.66666666666666
EK202320007110,141.66666666666666
EK202310162496,145.26666666666668
EK202310212196,149.56666666666666
EK202310239361,141.8
EK202310125997,128.53333333333333
EK202310246168,137.6
EK202310193381,153.33333333333334
EK202310190604,131.86666666666667
EK202310111954,145.0
EK202310176791,137.66666666666666
EK202310141476,149.4
EK202310221421,168.76666666666668
EK202310129409,153.03333333333333
EK202310122129,143.3
EK202310149924,178.36666666666667
EK202310179998,147.7
EK202310195558,157.3
EK202310112050,146.5
EK202310136298,135.2
EK202310146636,148.36666666666667
EK202310239762,153.6
EK202310200996,134.66666666666666
EK202310223066,132.73333333333332
EK202310167187,131.0
EK202310124533,157.46666666666667
EK202310143956,179.5
EK202310178323,135.0
EK202310224950,144.23333333333332
EK202310179276,139.86666666666667
EK202310246017,147.53333333333333
EK202320006428,175.96666666666667
EK202310241114,137.96666666666667
EK202310217472,143.23333333333332
EK202310162260,152.0
EK202310240436,140.3
EK202310198123,140.36666666666667
EK202310156200,134.1
EK202310141977,163.3
EK202310223019,134.76666666666668
EK202310193508,147.86666666666667
EK202310222293,136.33333333333334
EK202310156492,178.6
EK202310180531,131.16666666666666
EK202310225433,140.06666666666666
EK202310127891,144.26666666666668
EK202310228056,136.03333333333333
EK202310106710,145.96666666666667
EK202310183113,145.43333333333334
EK202310180843,149.5
EK202310204705,133.43333333333334
EK202310140212,154.86666666666667
EK202310179669,149.9
EK202310212869,132.46666666666667
EK202310203115,143.26666666666668
EK202310131490,152.33333333333334
EK202310109872,142.7
EK202310150034,171.53333333333333
EK202310174047,137.86666666666667
EK202310247649,155.5
EK202310217502,152.26666666666668
EK202310133755,131.43333333333334
EK202310169961,147.23333333333332
EK202310188670,147.76666666666668
EK202310238912,173.03333333333333
EK202310113770,157.86666666666667
EK202310146729,126.5
EK202310185503,153.53333333333333
EK202310245764,142.06666666666666
EK202310242449,140.46666666666667
EK202310206998,141.16666666666666
EK202310215872,139.4
EK202310130322,161.03333333333333
EK202310107786,159.8
EK202310201622,133.1
EK202310125291,139.0
EK202320007483,145.6
EK202310232956,137.43333333333334
EK202310134707,147.86666666666667
EK202320007480,162.86666666666667
EK202310203884,144.83333333333334
EK202310209390,143.63333333333333
EK202310105328,144.33333333333334
EK202310144128,134.56666666666666
EK202310115260,147.23333333333332
EK202310136404,135.6
EK202310200686,167.13333333333333
EK202310149205,132.73333333333332
EK202310224673,137.76666666666668
EK202310233927,145.53333333333333
EK202310231452,127.13333333333334
EK202310147484,143.8
EK202310227688,142.13333333333333
EK202310119870,152.36666666666667
EK202310230862,131.83333333333334
EK202310124325,133.06666666666666
EK202310174689,139.2
EK202310241097,134.5
EK202310201197,175.36666666666667
EK202310133296,148.4
EK202310233451,146.2
EK202310135940,135.36666666666667
EK202310107985,136.46666666666667
EK202310157602,140.83333333333334
EK202310139763,134.13333333333333
EK202310238145,154.16666666666666
EK202310168639,159.33333333333334
EK202310219394,152.3
EK202310216358,130.43333333333334
EK202310127032,147.73333333333332
EK202310148206,152.46666666666667
EK202310227757,152.33333333333334
EK202310112688,143.33333333333334
EK202310214245,145.0
EK202310124215,136.66666666666666
EK202310132325,131.5
EK202310245630,137.7
EK202310159135,125.7
EK202310153895,139.13333333333333
EK202310211988,138.76666666666668
EK202310185598,143.7
EK202310192392,146.56666666666666
EK202310242881,157.7
EK202310153163,149.5
EK202310179601,148.7
EK202310241826,153.0
EK202310125720,136.53333333333333
EK202310106591,143.96666666666667
EK202310162420,144.66666666666666
EK202310133893,145.43333333333334
EK202310168619,170.66666666666666
EK202310142512,152.73333333333332
EK202310197943,135.8
EK202310176141,155.53333333333333
EK202310149618,140.3
EK202310226109,145.0
EK202310122228,133.76666666666668
EK202310176047,172.23333333333332
EK202310198997,140.16666666666666
EK202310232656,139.3
EK202310182446,138.26666666666668
EK202310139943,149.1
EK202310165615,137.9
EK202310142885,141.06666666666666
EK202310193296,148.26666666666668
EK202310121667,126.93333333333334
EK202310223883,142.23333333333332
EK202310143204,133.6
EK202310205226,147.06666666666666
EK202310119065,145.3
EK202310213461,144.03333333333333
EK202310120362,129.56666666666666
EK202310194154,143.36666666666667
EK202310107601,154.83333333333334
EK202310204833,140.66666666666666
EK202310176205,154.7
EK202310154960,138.2
EK202310130425,151.06666666666666
EK202310126003,137.26666666666668
EK202310192656,139.36666666666667
EK202310213037,146.76666666666668
EK202310243222,132.83333333333334
EK202310132202,124.2
EK202310235252,140.93333333333334
EK202310160890,137.96666666666667
EK202310198189,137.93333333333334
EK202310119695,142.3
EK202310172550,149.6
EK202310229494,129.43333333333334
EK202310004450,138.06666666666666
EK202310146462,141.3
EK202310113248,145.7
EK202310221078,130.36666666666667
EK202310124198,132.9
EK202310212260,132.1
EK202310134794,135.66666666666666
EK202310221523,134.86666666666667
EK202310219960,135.53333333333333
EK202310121234,152.33333333333334
EK202310233970,142.36666666666667
EK202310188001,141.1
EK202310163334,145.3
EK202310208205,138.6
EK202310130304,134.26666666666668
EK202310154503,137.86666666666667
EK202310170798,140.33333333333334
EK202310152846,150.23333333333332
EK202310130702,139.53333333333333
EK202310203151,152.6
EK202310217313,141.7
EK202310233757,130.36666666666667
EK202310138726,169.86666666666667
EK202310156939,159.53333333333333
EK202310129985,143.9
EK202310190426,145.76666666666668
EK202310171121,145.8
EK202310214542,136.53333333333333
EK202310168552,135.1
EK202310183003,123.7
EK202310123726,145.43333333333334
EK202310181506,164.43333333333334
EK202310237990,139.26666666666668
EK202310162825,162.16666666666666
EK202310224013,131.0
EK202310158873,132.56666666666666
EK202310137354,148.76666666666668
EK202310123420,138.13333333333333
EK202310225576,141.53333333333333
EK202310229941,142.96666666666667
EK202310229623,130.86666666666667
EK202310107612,144.76666666666668
EK202310246113,137.5
EK202310144693,133.63333333333333
EK202310116502,150.96666666666667
EK202310139421,136.13333333333333
EK202310112631,147.16666666666666
EK202310106168,133.6
EK202310207682,149.56666666666666
EK202310157085,173.4
EK202310245691,132.53333333333333
EK202310200879,133.36666666666667
EK202310131443,139.36666666666667
EK202310196154,147.93333333333334
EK202310231226,136.26666666666668
EK202310210056,131.0
EK202310114898,138.7
EK202310203643,152.16666666666666
EK202310160283,160.73333333333332
EK202320005966,171.96666666666667
EK202310167009,159.8
EK202310191878,142.26666666666668
EK202310152713,169.83333333333334
EK202310179861,153.96666666666667
EK202310153872,146.73333333333332
EK202310106053,162.83333333333334
EK202310189085,139.23333333333332
EK202310212320,136.8
EK202310147327,143.83333333333334
EK202320006343,147.53333333333333
EK202310178068,140.63333333333333
EK202310216051,139.56666666666666
EK202310120390,135.4
EK202310150611,151.96666666666667
EK202310170657,159.76666666666668
EK202310132614,144.2
EK202310130044,141.06666666666666
EK202310230130,131.43333333333334
EK202310142200,145.83333333333334
EK202310142024,162.1
EK202310199015,128.36666666666667
EK202310129011,154.73333333333332
EK202310162645,162.8
EK202310165075,132.1
EK202310242200,151.46666666666667
EK202310216319,144.93333333333334
EK202310168191,134.46666666666667
EK202310173505,132.0
EK202310197116,150.86666666666667
EK202310196993,165.5
EK202310190097,151.7
EK202310243824,137.56666666666666
EK202310185884,156.66666666666666
EK202310115378,132.3
EK202310203204,146.16666666666666
EK202310118547,146.63333333333333
EK202310228351,143.2
EK202310243844,140.1
EK202310169224,126.7
EK202310173833,158.76666666666668
EK202310182027,164.2
EK202310128404,139.46666666666667
EK202310221581,175.43333333333334
EK202310202028,137.26666666666668
EK202310140548,122.63333333333334
EK202310134135,132.23333333333332
EK202310192158,146.53333333333333
EK202310112502,135.66666666666666
EK202310113790,161.86666666666667
EK202310218316,130.83333333333334
EK202310188343,148.9
EK202310176251,146.86666666666667
EK202310201210,159.56666666666666
EK202310231157,138.43333333333334
EK202310195345,140.43333333333334
EK202310151257,128.36666666666667
EK202310156988,127.7
EK202310225915,165.63333333333333
EK202310239080,147.73333333333332
EK202310210523,131.8
EK202310130378,151.16666666666666
EK202310152365,141.2
EK202320005984,164.56666666666666
EK202310228471,132.06666666666666
EK202310121673,130.96666666666667
EK202310239395,135.26666666666668
EK202310198842,139.0
EK202310241420,148.26666666666668
EK202310231742,136.23333333333332
EK202310131099,165.46666666666667
EK202310188446,127.06666666666666
EK202310190252,131.5
EK202310236866,140.7
EK202310207108,145.0
EK202310184757,171.03333333333333
EK202310104389,144.76666666666668
EK202310217076,137.53333333333333
EK202310106797,150.73333333333332
EK202310216511,138.5
EK202310209342,154.06666666666666
EK202310183200,140.26666666666668
EK202310145433,173.26666666666668
EK202310140014,140.26666666666668
EK202310125223,131.06666666666666
EK202310140119,132.63333333333333
EK202320005700,157.43333333333334
EK202310194061,145.56666666666666
EK202310195873,146.4
EK202310220232,142.66666666666666
EK202310216119,143.13333333333333
EK202310134968,138.16666666666666
EK202310174540,127.43333333333334
EK202310185424,133.23333333333332
EK202310125685,131.43333333333334
EK202310234710,139.26666666666668
EK202310214117,178.66666666666666
EK202320006910,164.23333333333332
EK202310231049,135.76666666666668
EK202310195331,152.56666666666666
EK202310194304,140.13333333333333
EK202310171159,137.23333333333332
EK202310138049,138.9
EK202310198003,138.06666666666666
EK202310159099,150.16666666666666
EK202310216629,151.56666666666666
EK202310191293,151.2
EK202310174065,133.76666666666668
EK202310191081,173.33333333333334
EK202310122728,131.23333333333332
EK202310244744,139.4
EK202310226033,138.83333333333334
EK202310232759,139.3
EK202310196945,144.56666666666666
EK202310223385,137.5
EK202310219176,135.56666666666666
EK202310131076,160.73333333333332
EK202310204889,133.3
EK202310125633,171.46666666666667
EK202310153304,159.16666666666666
EK202310138923,136.96666666666667
EK202310110215,157.8
EK202310212666,149.76666666666668
EK202310219342,136.66666666666666
EK202310161803,141.86666666666667
EK202310120553,135.1
EK202310230584,138.5
EK202310224579,145.1
EK202310171422,140.23333333333332
EK202310106867,131.8
EK202310121769,145.1
EK202310215792,140.53333333333333
EK202310138205,127.06666666666666
EK202310189070,132.73333333333332
EK202310151230,147.0
EK202310108779,142.03333333333333
EK202310167488,155.6
EK202310243336,121.5
EK202310124223,127.23333333333333
EK202310240547,138.63333333333333
EK202310191562,165.03333333333333
EK202310140508,134.96666666666667
EK202310119457,142.8
EK202310179610,128.46666666666667
EK202310146453,146.0
EK202310163261,175.53333333333333
EK202310214487,163.06666666666666
EK202310195013,142.63333333333333
EK202310129643,136.6
EK202310106761,144.93333333333334
EK202310132636,148.76666666666668
EK202310205792,135.4
EK202310176096,153.23333333333332
EK202310132675,137.56666666666666
EK202310203792,137.33333333333334
EK202310188904,153.53333333333333
EK202310233751,139.4
EK202310105923,133.63333333333333
EK202310176082,160.53333333333333
EK202310231901,139.96666666666667
EK202310117263,134.43333333333334
EK202310189853,156.56666666666666
EK202310161443,146.16666666666666
EK202310245106,159.8
EK202310203080,143.46666666666667
EK202310229771,134.1
EK202310178345,139.96666666666667
EK202310212555,141.46666666666667
EK202310183797,152.9
EK202310247956,128.66666666666666
EK202310137158,138.23333333333332
EK202310121175,143.76666666666668
EK202310142530,135.53333333333333
EK202310145622,148.93333333333334
EK202310110044,135.33333333333334
EK202310141565,158.6
EK202310203553,143.63333333333333
EK202310186294,160.46666666666667
EK202310232455,142.4
EK202310234707,125.43333333333334
EK202310190127,146.5
EK202310116984,134.13333333333333
EK202310113225,146.66666666666666
EK202310153087,152.43333333333334
EK202310162145,137.1
EK202310241242,144.33333333333334
EK202310199480,139.96666666666667
EK202310133097,149.26666666666668
EK202310148951,145.86666666666667
EK202310164526,157.63333333333333
EK202310157028,135.36666666666667
EK202310174361,145.73333333333332
EK202310186033,136.56666666666666
EK202310218703,136.7
EK202310179140,138.46666666666667
EK202310185393,140.1
EK202310109267,129.13333333333333
EK202310188479,135.73333333333332
EK202310132207,157.53333333333333
EK202320007399,165.03333333333333
EK202310118229,133.83333333333334
EK202310125154,140.9
EK202310140377,154.96666666666667
EK202310198868,135.33333333333334
EK202310209658,129.33333333333334
EK202310241949,154.4
EK202310179752,167.1
EK202310117086,135.16666666666666
EK202310166263,146.8
EK202310203482,149.7
EK202310164665,151.43333333333334
EK202310168393,162.26666666666668
EK202310131582,134.4
EK202310150017,145.1
EK202310150912,134.46666666666667
EK202310117341,140.7
EK202310181073,138.86666666666667
EK202310172053,137.3
EK202310239963,153.7
EK202310132072,143.86666666666667
EK202310192876,146.96666666666667
EK202310152121,147.93333333333334
EK202310213403,138.0
EK202310239334,124.9
EK202310148570,156.6
EK202310155053,137.0
EK202310132986,127.23333333333333
EK202310110729,159.86666666666667
EK202310174910,173.2
EK202310187690,145.46666666666667
EK202310127998,136.63333333333333
EK202310137683,135.9
EK202310108081,128.33333333333334
EK202310239262,146.36666666666667
EK202310182783,137.33333333333334
EK202310204488,133.03333333333333
EK202310199126,163.3
EK202310107243,140.26666666666668
EK202310105267,137.43333333333334
EK202310152097,166.63333333333333
EK202310125739,130.86666666666667
EK202310170277,147.13333333333333
EK202310237606,142.73333333333332
EK202310234522,132.83333333333334
EK202310161698,135.93333333333334
EK202310165822,132.9
EK202310248288,157.93333333333334
EK202310136063,177.46666666666667
EK202310117203,149.1
EK202310154981,136.3
EK202310232175,156.03333333333333
EK202310144896,130.4
EK202310142768,136.76666666666668
EK202310160960,129.1
EK202310163131,131.83333333333334
EK202310239813,133.56666666666666
EK202310144375,140.46666666666667
EK202310175307,177.56666666666666
EK202310227665,130.66666666666666
EK202310132201,154.53333333333333
EK202310143654,157.06666666666666
EK202310197398,134.16666666666666
EK202310247650,134.96666666666667
EK202310218583,146.93333333333334
EK202310185132,129.46666666666667
EK202310166220,142.13333333333333
EK202310183470,135.36666666666667
EK202310193070,134.46666666666667
EK202310127467,133.73333333333332
EK202310208200,139.8
EK202310230712,139.3
EK202310137427,128.2
EK202310140112,143.93333333333334
EK202310223686,130.16666666666666
EK202310176982,138.66666666666666
EK202310118244,135.33333333333334
EK202310151713,141.06666666666666
EK202310212261,133.33333333333334
EK202310134611,132.7
EK202310120945,141.06666666666666
EK202310151019,145.06666666666666
EK202310141095,142.0
EK202310137745,129.0
EK202310225567,151.5
EK202310216872,154.33333333333334
EK202310212300,137.86666666666667
EK202310225881,164.46666666666667
EK202310151821,123.66666666666667
EK202310129868,149.96666666666667
EK202310156170,155.26666666666668
EK202320006992,136.8
EK202310173073,138.63333333333333
EK202310240592,144.06666666666666
EK202310128981,132.66666666666666
EK202310225347,151.23333333333332
EK202310107505,150.56666666666666
EK202310004769,146.16666666666666
EK202310192529,154.5
EK202310205344,155.03333333333333
EK202310241518,139.93333333333334
EK202310188554,163.4
EK202310185562,160.83333333333334
EK202310154855,141.5
EK202310175481,154.63333333333333
EK202310157901,141.6
EK202310221152,131.1
EK202310200465,167.53333333333333
EK202310183211,141.2
EK202310194651,140.33333333333334
EK202310116691,131.7
EK202310219488,135.9
EK202310155631,166.7
EK202310168504,134.16666666666666
EK202310199253,147.8
EK202310221668,147.73333333333332
EK202310212285,127.93333333333334
EK202310172945,138.73333333333332
EK202310186658,132.3
EK202310222256,133.16666666666666
EK202310224152,134.23333333333332
EK202310128793,140.56666666666666
EK202310120896,130.3
EK202310120399,152.2
EK202310169743,144.43333333333334
EK202310248477,142.9
EK202310116273,138.4
EK202310247694,126.46666666666667
EK202310215708,134.26666666666668
EK202310236946,134.03333333333333
EK202310200762,154.26666666666668
EK202310178415,159.8
EK202310144132,168.33333333333334
EK202310225926,139.16666666666666
EK202310148881,151.36666666666667
EK202310177347,156.6
EK202310213539,135.8
EK202310208401,143.33333333333334
EK202310238371,137.93333333333334
EK202310234534,136.86666666666667
EK202310136323,137.36666666666667
EK202310135243,143.46666666666667
EK202310202317,142.0
EK202310226279,136.86666666666667
EK202310203743,139.03333333333333
EK202310205749,142.06666666666666
EK202310004277,143.66666666666666
EK202310113847,130.83333333333334
EK202310194210,161.1
EK202310183278,149.16666666666666
EK202310145260,132.93333333333334
EK202310239730,137.26666666666668
EK202310228304,136.93333333333334
EK202310152088,136.8
EK202310154058,119.1
EK202310136681,152.26666666666668
EK202310117313,139.46666666666667
EK202310233274,134.0
EK202310179794,137.93333333333334
EK202310135084,168.96666666666667
EK202310206633,139.43333333333334
EK202310234183,132.86666666666667
EK202310143964,147.43333333333334
EK202310158947,142.33333333333334
EK202310137263,135.96666666666667
EK202310203360,153.36666666666667
EK202310004905,150.83333333333334
EK202310140955,150.46666666666667
EK202310214327,168.8
EK202310222556,138.2
EK202310128510,165.7
EK202310119821,148.26666666666668
EK202310120108,134.5
EK202310212000,133.96666666666667
EK202310105271,145.86666666666667
EK202310229500,138.73333333333332
EK202310110970,131.96666666666667
EK202310105364,149.2
EK202310108637,144.76666666666668
EK202310164376,177.03333333333333
EK202310230032,147.7
EK202310236376,135.7
EK202310181052,140.4
EK202310203281,132.66666666666666
EK202310181885,144.26666666666668
EK202310138885,130.76666666666668
EK202310121415,146.5
EK202310186231,137.36666666666667
EK202310212814,151.46666666666667
EK202310233197,131.7
EK202310184928,154.16666666666666
EK202310109218,139.33333333333334
EK202310189923,148.66666666666666
EK202310212951,140.13333333333333
EK202310166071,163.73333333333332
EK202310151335,125.66666666666667
EK202310106930,128.56666666666666
EK202310146184,146.46666666666667
EK202310178125,133.96666666666667
EK202310167170,131.53333333333333
EK202310144047,169.1
EK202310161545,152.23333333333332
EK202310110114,141.03333333333333
EK202310197034,145.53333333333333
EK202310125522,135.63333333333333
EK202310239777,150.2
EK202310183013,152.2
EK202310201498,167.16666666666666
EK202310233357,143.46666666666667
EK202310193361,132.1
EK202310160811,145.0
EK202310167037,160.96666666666667
EK202310209597,136.36666666666667
EK202310196969,161.7
EK202310123103,135.7
EK202310122187,145.7
EK202310197780,151.5
EK202310217861,138.96666666666667
EK202310239177,163.5
EK202310184410,150.43333333333334
EK202310198476,137.1
EK202310145712,131.46666666666667
EK202310125391,138.33333333333334
EK202310162973,146.8
EK202320007481,144.1
EK202310211032,163.93333333333334
EK202310184725,145.93333333333334
EK202310121942,146.93333333333334
EK202310146503,141.03333333333333
EK202310186497,153.73333333333332
EK202310141946,145.23333333333332
EK202310188222,153.26666666666668
EK202310237766,152.33333333333334
EK202310224087,135.6
EK202310245643,142.83333333333334
EK202310153868,134.76666666666668
EK202310117630,135.16666666666666
EK202310150168,134.86666666666667
EK202310104804,140.3
EK202310227586,135.16666666666666
EK202310226962,146.13333333333333
EK202310204684,129.33333333333334
EK202310106991,142.46666666666667
EK202310219834,156.26666666666668
EK202310240450,146.8
EK202310214713,142.2
EK202310153479,143.26666666666668
EK202320006589,185.46666666666667
EK202310151125,169.9
EK202310170205,134.56666666666666
EK202310174684,142.56666666666666
EK202310145286,157.53333333333333
EK202310174584,139.76666666666668
EK202310183058,147.3
EK202310233099,133.73333333333332
EK202310144550,161.76666666666668
EK202310207112,138.53333333333333
EK202310232978,136.86666666666667
EK202310115348,136.33333333333334
EK202310183741,169.16666666666666
EK202310144742,139.46666666666667
EK202310178484,163.03333333333333
EK202310151424,176.76666666666668
EK202310223346,134.2
EK202310138234,167.76666666666668
EK202310190044,163.1
EK202310210164,150.23333333333332
EK202310175594,155.06666666666666
EK202310139802,131.86666666666667
EK202310133593,164.7
EK202310236059,130.6
EK202310247892,136.96666666666667
EK202310228841,139.76666666666668
EK202310142116,140.46666666666667
EK202310139752,137.33333333333334
EK202310247535,169.16666666666666
EK202310204858,148.76666666666668
EK202310127198,151.9
EK202310212663,144.26666666666668
EK202310133054,127.06666666666666
EK202310116254,154.73333333333332
EK202310140288,142.5
EK202310242550,133.36666666666667
EK202310208841,139.96666666666667
EK202310167295,169.53333333333333
EK202310109419,146.1
EK202310233386,150.63333333333333
EK202310214181,149.1
EK202310180240,149.33333333333334
EK202310181535,144.5
EK202310191715,160.26666666666668
EK202310157953,176.0
EK202310234893,133.23333333333332
EK202310160253,145.36666666666667
EK202310141553,138.83333333333334
EK202310207337,178.9
EK202310131278,129.8
EK202310178817,173.1
EK202310106002,139.53333333333333
EK202310166631,133.36666666666667
EK202310107493,138.66666666666666
EK202310194394,134.93333333333334
EK202310222252,139.43333333333334
EK202310247371,140.8
EK202310160792,144.06666666666666
EK202310225122,165.93333333333334
EK202310214184,151.73333333333332
EK202310191751,138.7
EK202310237163,130.56666666666666
EK202310225188,141.46666666666667
EK202310202616,148.23333333333332
EK202310143696,134.4
EK202310132352,136.43333333333334
EK202310214086,133.36666666666667
EK202310137011,173.63333333333333
EK202310248717,140.43333333333334
EK202310200235,134.26666666666668
EK202310144103,144.56666666666666
EK202310111910,134.76666666666668
EK202310225339,134.8
EK202310246108,141.4
EK202310180876,136.96666666666667
EK202310237122,141.76666666666668
EK202310112441,131.06666666666666
EK202310179395,138.23333333333332
EK202310157137,142.2
EK202310136914,174.03333333333333
EK202310127925,145.46666666666667
EK202310210485,134.16666666666666
EK202310215065,135.33333333333334
EK202310113641,145.76666666666668
EK202310204283,137.76666666666668
EK202310150194,133.63333333333333
EK202310118749,132.23333333333332
EK202310186678,152.66666666666666
EK202310110316,151.66666666666666
EK202310190151,141.3
EK202310119041,139.6
EK202310140703,141.36666666666667
EK202310236754,138.83333333333334
EK202310200936,129.83333333333334
EK202310200923,154.0
EK202320005983,145.63333333333333
EK202310173120,162.53333333333333
EK202310131266,132.13333333333333
EK202310182913,137.26666666666668
EK202310126468,154.63333333333333
EK202310240681,143.5
EK202310163541,146.76666666666668
EK202310133063,145.36666666666667
EK202310187205,136.73333333333332
EK202310176435,132.16666666666666
EK202310113625,142.36666666666667
EK202310153932,124.96666666666667
EK202310216429,140.8
EK202310124022,160.73333333333332
EK202310187335,178.96666666666667
EK202310227041,140.6
EK202310173817,133.9
EK202310131798,173.36666666666667
EK202310225142,141.33333333333334
EK202310180166,138.66666666666666
EK202310119416,139.26666666666668
EK202310200200,134.33333333333334
EK202310150439,135.6
EK202310130027,133.23333333333332
EK202310179043,164.96666666666667
EK202310183695,130.7
EK202310175077,153.86666666666667
EK202310112086,131.4
EK202310225730,139.16666666666666
EK202310215244,141.16666666666666
EK202310191753,135.56666666666666
EK202310174965,142.23333333333332
EK202310157557,145.46666666666667
EK202310159970,153.8
EK202310129081,154.13333333333333
EK202310107248,141.4
EK202310180853,147.53333333333333
EK202310181698,171.6
EK202310222641,129.73333333333332
EK202310189633,167.2
EK202310105178,139.2
EK202310109844,136.33333333333334
EK202310239039,151.76666666666668
EK202310114472,133.86666666666667
EK202310179622,135.5
EK202310115407,144.63333333333333
EK202310106728,143.0
EK202310206467,139.96666666666667
EK202310169318,136.56666666666666
EK202310113553,145.33333333333334
EK202310148432,131.1
EK202310224899,145.0
EK202310218411,137.16666666666666
EK202310108919,134.93333333333334
EK202310175334,131.66666666666666
EK202310225062,140.36666666666667
EK202310158879,133.43333333333334
EK202310226440,136.8
EK202310224115,128.73333333333332
EK202310148638,128.56666666666666
EK202310233064,157.43333333333334
EK202310158419,159.53333333333333
EK202310241484,136.76666666666668
EK202310163712,136.73333333333332
EK202310186217,154.26666666666668
EK202310142453,165.66666666666666
EK202310137405,139.5
EK202310185670,136.06666666666666
EK202310150583,130.3
EK202310227556,138.56666666666666
EK202310234889,144.2
EK202310111783,137.13333333333333
EK202310127384,135.56666666666666
EK202310113072,157.5
EK202310160328,135.16666666666666
EK202310188693,162.63333333333333
EK202310104466,154.56666666666666
EK202310143296,150.6
EK202310212529,149.23333333333332
EK202310207081,165.7
EK202310239036,142.13333333333333
EK202310114317,125.6
EK202310004599,149.46666666666667
EK202310165205,143.96666666666667
EK202310162068,172.16666666666666
EK202310109742,138.96666666666667
EK202310151519,170.5
EK202310164727,127.1
EK202310193975,164.13333333333333
EK202310176843,127.76666666666667
EK202310238118,147.3
EK202310231683,134.2
EK202310170288,139.36666666666667
EK202310233487,128.3
EK202310144532,140.63333333333333
EK202310118690,144.2
EK202310236135,148.33333333333334
EK202310220057,141.16666666666666
EK202310136020,155.2
EK202310120718,122.23333333333333
EK202310205363,137.13333333333333
EK202310110765,142.9
EK202310130164,166.36666666666667
EK202310170195,149.6
EK202310131195,127.16666666666667
EK202310197794,166.26666666666668
EK202310189698,152.76666666666668
EK202310180559,122.43333333333334
EK202310193333,158.13333333333333
EK202310164974,139.83333333333334
EK202310126083,142.6
EK202310189770,152.4
EK202310123085,167.76666666666668
EK202310130001,145.26666666666668
EK202310141464,145.8
EK202310116699,129.23333333333332
EK202310126001,124.7
EK202310153591,135.13333333333333
EK202310110843,134.0
EK202310234696,135.7
EK202310218654,141.33333333333334
EK202310160361,140.06666666666666
EK202310232799,144.8
EK202310172223,136.6
EK202310107432,139.33333333333334
EK202310115124,150.4
EK202310240700,132.46666666666667
EK202310166544,131.9
EK202310116517,151.5
EK202310209466,132.4
EK202310115034,132.03333333333333
EK202320007112,174.9
EK202310155572,141.46666666666667
EK202310184647,183.96666666666667
EK202310237715,141.36666666666667
EK202310140880,136.5
EK202310171935,152.3
EK202310110649,142.9
EK202310235243,155.0
EK202310222984,163.13333333333333
EK202310103848,141.2
EK202310200981,137.03333333333333
EK202310138670,163.13333333333333
EK202310116342,134.5
EK202310148866,147.2
EK202310136555,128.1
EK202310155446,162.9
EK202310147661,146.66666666666666
EK202310168674,136.8
EK202310142524,146.6
EK202310248385,134.2
EK202310165956,143.5
EK202310120604,140.93333333333334
EK202310158534,141.56666666666666
EK202310138524,151.1
EK202310231297,143.23333333333332
EK202310231319,133.2
EK202310133278,137.4
EK202310142657,162.2
EK202310114071,133.6
EK202310116075,131.66666666666666
EK202310139321,129.9
EK202310232658,139.1
EK202310185531,143.0
EK202310231623,136.16666666666666
EK202310183491,138.46666666666667
EK202310171783,149.06666666666666
EK202310116076,134.43333333333334
EK202310200347,153.3
EK202310189649,151.26666666666668
EK202310135957,133.96666666666667
EK202310245361,138.03333333333333
EK202310138713,137.93333333333334
EK202310169366,170.26666666666668
EK202310246917,146.7
EK202310183943,162.6
EK202310110540,146.66666666666666
EK202310170711,132.36666666666667
EK202310246548,155.06666666666666
EK202310174376,146.1
EK202310180261,148.76666666666668
EK202310232346,138.63333333333333
EK202310237154,137.66666666666666
EK202310171359,146.2
EK202310136595,146.06666666666666
EK202310144015,135.16666666666666
EK202310209121,139.1
EK202310222216,124.93333333333334
EK202310107905,134.8
EK202310188461,127.23333333333333
EK202310222800,140.03333333333333
EK202310217737,136.9
EK202310218371,142.46666666666667
EK202310208739,133.4
EK202310219741,146.53333333333333
EK202310211457,150.16666666666666
EK202310182740,144.13333333333333
EK202310163470,146.2
EK202310245687,160.5
EK202310168480,138.23333333333332
EK202310185027,162.6
EK202310194951,142.2
EK202310190588,144.83333333333334
EK202310177991,145.06666666666666
EK202310162069,147.6
EK202310125865,153.46666666666667
EK202310220126,145.16666666666666
EK202310158441,146.1
EK202310145659,143.76666666666668
EK202310129542,132.86666666666667
EK202310151845,147.56666666666666
EK202310230263,142.2
EK202310111108,144.53333333333333
EK202310171363,144.16666666666666
EK202310127866,146.5
EK202310129063,149.3
EK202310144099,138.66666666666666
EK202310140594,142.23333333333332
EK202310154125,163.66666666666666
EK202310131342,138.63333333333333
EK202310203912,133.6
EK202310118762,138.16666666666666
EK202310131877,166.86666666666667
EK202310106187,136.93333333333334
EK202310120319,136.83333333333334
EK202310209664,135.3
EK202320007072,146.76666666666668
EK202310121959,148.4
EK202310153089,144.4
EK202310151971,147.13333333333333
EK202310151896,140.5
EK202310135751,133.66666666666666
EK202320005711,161.8
EK202310134604,163.76666666666668
EK202310130128,150.66666666666666
EK202310241667,160.3
EK202310140220,155.26666666666668
EK202310190478,149.4
EK202310162552,154.06666666666666
EK202310169398,128.66666666666666
EK202310110027,129.36666666666667
EK202310242977,149.23333333333332
EK202310182314,134.96666666666667
EK202310147967,161.43333333333334
EK202310107549,167.53333333333333
EK202310209315,160.56666666666666
EK202310216226,143.66666666666666
EK202310172171,168.6
EK202310198531,136.23333333333332
EK202310108550,127.36666666666666
EK202310201297,149.96666666666667
EK202310168808,169.63333333333333
EK202310212662,141.6
EK202310244470,135.63333333333333
EK202310111112,150.93333333333334
EK202310212061,143.93333333333334
EK202310131027,125.03333333333333
EK202310168347,138.1
EK202310138779,161.76666666666668
EK202310228854,130.36666666666667
EK202310156047,147.6
EK202310209290,126.66666666666667
EK202310121347,132.4
EK202310171158,135.43333333333334
EK202310233104,152.96666666666667
EK202310155615,130.86666666666667
EK202310179680,142.46666666666667
EK202310125362,134.83333333333334
EK202310107378,134.3
EK202310206995,162.03333333333333
EK202310205548,131.76666666666668
EK202310181487,161.96666666666667
EK202310165214,148.46666666666667
EK202310243818,134.96666666666667
EK202310139297,134.96666666666667
EK202310176765,164.76666666666668
EK202320006044,165.06666666666666
EK202310226154,135.23333333333332
EK202310246712,143.43333333333334
EK202310190930,148.46666666666667
EK202310216412,144.8
EK202310123615,137.83333333333334
EK202310155164,144.53333333333333
EK202310193422,154.53333333333333
EK202310183961,138.03333333333333
EK202310181902,149.83333333333334
EK202310123760,154.1
EK202310147302,154.46666666666667
EK202310210787,131.4
EK202310132847,135.23333333333332
EK202310126696,133.0
EK202310232230,130.93333333333334
EK202310223850,155.53333333333333
EK202310237551,145.03333333333333
EK202310188279,139.3
EK202310152561,143.86666666666667
EK202310197741,136.93333333333334
EK202310241557,138.16666666666666
EK202320005587,150.23333333333332
EK202310173993,135.26666666666668
EK202310139298,151.06666666666666
EK202310226418,134.43333333333334
EK202310120554,138.26666666666668
EK202310210326,133.1
EK202310124646,126.16666666666667
EK202310243187,141.63333333333333
EK202310111546,150.33333333333334
EK202310225889,131.66666666666666
EK202310239244,132.93333333333334
EK202310226952,142.03333333333333
EK202310154546,133.1
EK202310209747,131.26666666666668
EK202310208437,150.36666666666667
EK202310217996,154.1
EK202310154333,145.83333333333334
EK202310199044,157.36666666666667
EK202310193652,141.2
EK202310199108,143.9
EK202310138541,133.66666666666666
EK202310109275,145.46666666666667
EK202310241877,151.13333333333333
EK202310247060,142.6
EK202310233675,141.8
EK202310127980,138.8
EK202310216345,146.46666666666667
EK202310124692,132.16666666666666
EK202310214703,145.63333333333333
EK202310125176,140.5
EK202310230402,137.5
EK202310204376,131.66666666666666
EK202310003738,139.86666666666667
EK202310177361,149.26666666666668
EK202310142175,136.6
EK202310121737,130.13333333333333
EK202310231332,145.53333333333333
EK202310126428,142.46666666666667
EK202310208151,129.43333333333334
EK202310160932,149.9
EK202310201461,146.93333333333334
EK202310190429,138.46666666666667
EK202310180683,152.36666666666667
EK202310216976,182.66666666666666
EK202310125226,140.26666666666668
EK202310201559,141.56666666666666
EK202310201026,141.03333333333333
EK202310241612,127.66666666666667
EK202310159055,111.0
EK202310128633,147.33333333333334
EK202310241584,143.96666666666667
EK202310124066,135.63333333333333
EK202310143999,147.8
EK202310127055,141.0
EK202310109477,141.43333333333334
EK202310142422,135.53333333333333
EK202310170493,152.13333333333333
EK202310245660,128.36666666666667
EK202310174604,144.6
EK202310145956,138.93333333333334
EK202310170744,135.43333333333334
EK202310137459,132.26666666666668
EK202310205343,138.73333333333332
EK202310113624,152.23333333333332
EK202310230917,134.4
EK202310131938,143.16666666666666
EK202310192653,144.66666666666666
EK202310233709,149.2
EK202310125722,147.73333333333332
EK202310167315,154.2
EK202310155548,153.3
EK202310143279,152.9
EK202310150075,145.1
EK202310122318,143.53333333333333
EK202310126189,135.06666666666666
EK202310226757,149.9
EK202310243030,146.23333333333332
EK202310130445,161.3
EK202310243191,142.16666666666666
EK202310203273,137.43333333333334
EK202310188485,142.73333333333332
EK202310230409,139.7
EK202310183553,135.56666666666666
EK202310220994,139.46666666666667
EK202310207037,137.63333333333333
EK202310165758,137.96666666666667
EK202310106826,144.7
EK202310120683,139.6
EK202310134934,149.96666666666667
EK202310165051,142.43333333333334
EK202310189221,131.23333333333332
EK202310157513,146.86666666666667
EK202310190280,149.0
EK202310123034,130.4
EK202310206344,158.4
EK202310135546,170.4
EK202310246417,129.9
EK202310220955,132.7
EK202310109848,131.6
EK202310154849,156.2
EK202310110348,149.93333333333334
EK202310167034,145.53333333333333
EK202310113223,133.96666666666667
EK202310165666,132.43333333333334
EK202310235856,162.33333333333334
EK202320005842,132.9
EK202310154000,151.16666666666666
EK202310142071,145.96666666666667
EK202310209033,155.83333333333334
EK202310196340,136.06666666666666
EK202310216529,156.73333333333332
EK202310164553,149.86666666666667
EK202310104021,153.33333333333334
EK202310239632,131.96666666666667
EK202310225277,156.13333333333333
EK202310175861,131.4
EK202310129169,152.53333333333333
EK202310122145,132.26666666666668
EK202310227448,132.23333333333332
EK202310177969,138.06666666666666
EK202310193062,147.9
EK202310182763,133.13333333333333
EK202310235087,143.46666666666667
EK202310121651,139.53333333333333
EK202310212604,138.33333333333334
EK202310226694,133.96666666666667
EK202310004579,155.5
EK202310159373,142.56666666666666
EK202310177799,148.9
EK202310119324,127.76666666666667
EK202310129405,142.86666666666667
EK202310237885,142.23333333333332
EK202310135421,141.33333333333334
EK202310175226,142.73333333333332
EK202310173605,163.2
EK202310111658,120.76666666666667
EK202310185671,160.56666666666666
EK202310196715,134.93333333333334
EK202310196589,149.06666666666666
EK202310199584,140.36666666666667
EK202310143146,142.63333333333333
EK202310121051,154.06666666666666
EK202310231042,135.2
EK202310194606,126.2
EK202310212236,127.7
EK202310153083,153.93333333333334
EK202310141649,147.1
EK202310192808,154.46666666666667
EK202310169365,135.03333333333333
EK202310189768,154.86666666666667
EK202310233720,136.86666666666667
EK202310247878,150.93333333333334
EK202310178488,154.23333333333332
EK202310151955,146.26666666666668
EK202310104506,142.83333333333334
EK202310205228,137.16666666666666
EK202310116841,135.06666666666666
EK202310105208,160.23333333333332
EK202310168242,136.86666666666667
EK202310172150,150.8
EK202310199656,174.73333333333332
EK202310202819,138.06666666666666
EK202310118069,137.76666666666668
EK202310226761,134.1
EK202310158901,153.43333333333334
EK202310221031,145.23333333333332
EK202310204076,140.26666666666668
EK202310146995,155.16666666666666
EK202310126768,137.9
EK202310167991,141.83333333333334
EK202310142215,134.23333333333332
EK202310128249,135.16666666666666
EK202310168392,148.2
EK202310241392,135.93333333333334
EK202310167654,132.63333333333333
EK202310124170,122.6
EK202310211894,145.63333333333333
EK202310213128,145.56666666666666
EK202310223813,147.2
EK202310106169,156.23333333333332
EK202310110167,147.7
EK202310237365,159.16666666666666
EK202310153054,152.83333333333334
EK202310138889,140.03333333333333
EK202310136676,129.56666666666666
EK202310177777,150.63333333333333
EK202310183311,162.53333333333333
EK202310192034,142.7
EK202310161294,148.93333333333334
EK202310215386,144.2
EK202310237862,147.26666666666668
EK202310124110,137.9
EK202310105757,155.8
EK202310131681,142.2
EK202310122852,133.53333333333333
EK202310106485,130.76666666666668
EK202310182695,132.33333333333334
EK202310238540,132.73333333333332
EK202310104101,131.93333333333334
EK202310121381,140.13333333333333
EK202310200186,144.16666666666666
EK202310190609,147.4
EK202310230288,141.16666666666666
EK202310166620,158.73333333333332
EK202310147442,147.86666666666667
EK202310137943,134.9
EK202310208851,155.76666666666668
EK202310128623,132.26666666666668
EK202310179932,146.6
EK202310191123,148.2
EK202310222467,140.53333333333333
EK202310120128,134.13333333333333
EK202310143211,132.23333333333332
EK202310158431,154.66666666666666
EK202310200191,141.43333333333334
EK202310121797,131.43333333333334
EK202310246836,139.76666666666668
EK202310122588,143.3
EK202310212376,129.46666666666667
EK202310202020,140.96666666666667
EK202310003990,149.86666666666667
EK202310195950,149.66666666666666
EK202310215709,147.46666666666667
EK202310140933,125.16666666666667
EK202310135948,124.8
EK202310156397,174.96666666666667
EK202310160468,125.26666666666667
EK202310181061,171.76666666666668
EK202310165217,153.26666666666668
EK202310221056,138.46666666666667
EK202310168493,128.5
EK202310136547,135.23333333333332
EK202310247972,144.53333333333333
EK202310167486,144.83333333333334
EK202310240744,146.86666666666667
EK202310148632,139.0
EK202310199792,152.86666666666667
EK202310200958,173.63333333333333
EK202310171502,138.73333333333332
EK202310164924,136.3
EK202310175724,131.9
EK202310139433,152.13333333333333
EK202310217068,149.9
EK202310110561,135.5
EK202310248008,151.93333333333334
EK202310157048,133.1
EK202310141117,126.43333333333334
EK202310195935,140.36666666666667
EK202310168643,128.46666666666667
EK202310004252,129.73333333333332
EK202310151231,138.8
EK202310221120,131.2
EK202310115802,143.56666666666666
EK202310217669,145.3
EK202310179308,162.2
EK202310190511,160.83333333333334
EK202310189661,142.36666666666667
EK202310218561,134.2
EK202310216544,150.56666666666666
EK202310130093,147.13333333333333
EK202310227470,153.46666666666667
EK202310149720,162.76666666666668
EK202310123936,151.2
EK202310185139,141.23333333333332
EK202310164969,127.7
EK202310159566,155.86666666666667
EK202310153493,130.63333333333333
EK202320007009,175.93333333333334
EK202310149916,161.83333333333334
EK202310195613,129.6
EK202310234039,148.23333333333332
EK202310109288,131.33333333333334
EK202310212808,144.4
EK202310234197,137.26666666666668
EK202310157802,140.16666666666666
EK202310207417,148.83333333333334
EK202310245686,145.93333333333334
EK202310159054,144.33333333333334
EK202310183850,130.4
EK202310118502,164.53333333333333
EK202310128627,157.2
EK202310220287,135.3
EK202310199273,136.6
EK202310142033,136.5
EK202310229082,142.53333333333333
EK202310143807,122.6
EK202310206645,129.7
EK202310211819,140.36666666666667
EK202310197690,159.93333333333334
EK202310197678,133.2
EK202310234454,128.33333333333334
EK202310120882,158.93333333333334
EK202310169899,156.3
EK202310202826,155.46666666666667
EK202310161402,168.6
EK202310121220,133.43333333333334
EK202310125862,138.1
EK202310197968,127.06666666666666
EK202310237174,141.4
EK202310134475,147.66666666666666
EK202310247308,163.4
EK202320007435,140.56666666666666
EK202310164160,136.3
EK202310122449,165.56666666666666
EK202310139591,146.86666666666667
EK202310141624,145.13333333333333
EK202310138255,150.26666666666668
EK202310193958,151.56666666666666
EK202310222645,133.33333333333334
EK202310105689,148.43333333333334
EK202310219882,150.56666666666666
EK202310178757,166.26666666666668
EK202310241650,148.8
EK202310246447,138.66666666666666
EK202310217078,152.93333333333334
EK202310139978,143.93333333333334
EK202310241716,147.86666666666667
EK202310133093,147.53333333333333
EK202310243929,149.3
EK202310140929,168.13333333333333
EK202310191115,144.63333333333333
EK202310207003,141.73333333333332
EK202310145248,149.0
EK202310239401,161.93333333333334
EK202310155225,150.4
EK202310151560,146.26666666666668
EK202310177641,148.5
EK202310222696,141.53333333333333
EK202310150293,143.26666666666668
EK202310195144,143.13333333333333
EK202310243924,133.26666666666668
EK202310178439,146.06666666666666
EK202310195750,140.4
EK202310166551,141.93333333333334
EK202310217145,161.23333333333332
EK202310240066,149.23333333333332
EK202310199715,164.6
EK202310132904,132.4
EK202310154841,148.23333333333332
EK202310234469,125.73333333333333
EK202310114515,130.06666666666666
EK202310117966,132.93333333333334
EK202310137867,136.16666666666666
EK202310205349,145.26666666666668
EK202310112816,146.03333333333333
EK202310168065,150.3
EK202310169737,131.83333333333334
EK202310148917,135.23333333333332
EK202310196463,140.56666666666666
EK202310231207,136.96666666666667
EK202310128533,142.03333333333333
EK202310197226,139.53333333333333
EK202310154933,157.06666666666666
EK202310117103,142.06666666666666
EK202310165309,151.73333333333332
EK202310104246,141.66666666666666
EK202310105130,138.3
EK202310216979,136.76666666666668
EK202310193989,131.73333333333332
EK202310147207,139.3
EK202310135301,168.43333333333334
EK202310180058,145.3
EK202310150495,145.63333333333333
EK202310184503,157.3
EK202310107823,153.6
EK202310241936,151.03333333333333
EK202310186182,148.13333333333333
EK202310003976,136.43333333333334
EK202310156046,150.83333333333334
EK202310129628,176.06666666666666
EK202310142854,133.0
EK202310241326,148.63333333333333
EK202310160722,138.56666666666666
EK202310143237,134.16666666666666
EK202310107245,155.33333333333334
EK202310114305,155.76666666666668
EK202310134035,141.93333333333334
EK202310199912,134.0
EK202310140410,154.8
EK202310183615,167.26666666666668
EK202310147371,142.76666666666668
EK202310111631,142.5
EK202310139777,133.2
EK202310176357,145.1
EK202310105349,148.63333333333333
EK202310238051,136.33333333333334
EK202310123087,135.0
EK202310199824,131.33333333333334
EK202310225713,135.66666666666666
EK202310156653,143.56666666666666
EK202310238527,145.0
EK202310148824,179.0
EK202310186203,160.1
EK202310105194,137.33333333333334
EK202310141266,144.96666666666667
EK202310126789,174.33333333333334
EK202310135067,178.6
EK202310222780,130.83333333333334
EK202310191104,148.56666666666666
EK202310244171,167.46666666666667
EK202310166225,147.03333333333333
EK202310217237,137.53333333333333
EK202310225459,134.9
EK202310109489,142.5
EK202310167581,157.43333333333334
EK202310127053,130.46666666666667
EK202310158488,141.9
EK202310134328,141.7
EK202310155326,154.33333333333334
EK202310181981,135.73333333333332
EK202310237066,136.26666666666668
EK202310123955,142.03333333333333
EK202310228593,140.5
EK202310190125,147.9
EK202310115548,143.83333333333334
EK202310111782,152.73333333333332
EK202310243482,156.03333333333333
EK202310163452,131.23333333333332
EK202310123894,146.06666666666666
EK202310154308,142.7
EK202310125766,133.36666666666667
EK202310176942,148.9
EK202310127476,144.83333333333334
EK202310158246,156.8
EK202310194016,148.36666666666667
EK202310227342,144.56666666666666
EK202310134667,153.86666666666667
EK202310123740,134.73333333333332
EK202310105769,145.83333333333334
EK202310228947,145.23333333333332
EK202310169454,165.66666666666666
EK202310104666,127.36666666666666
EK202310151168,135.73333333333332
EK202310233283,138.7
EK202310172969,139.7
EK202310209511,137.46666666666667
EK202310185148,147.23333333333332
EK202310181055,149.8
EK202310153153,147.9
EK202310187550,153.76666666666668
EK202310107176,139.26666666666668
EK202310144598,132.1
EK202310139318,130.86666666666667
EK202310160272,168.6
EK202310195091,145.33333333333334
EK202310186267,128.1
EK202310204034,146.93333333333334
EK202310128110,132.63333333333333
EK202310119313,136.53333333333333
EK202310157152,142.0
EK202310189194,172.0
EK202310115332,146.2
EK202310213972,137.53333333333333
EK202310174634,161.1
EK202310141976,131.86666666666667
EK202310217725,144.1
EK202310240779,149.9
EK202310133212,161.96666666666667
EK202310198208,142.26666666666668
EK202310185889,143.3
EK202310189206,136.8
EK202310177011,149.06666666666666
EK202310179732,151.1
EK202310224354,139.2
EK202310163111,129.9
EK202310194747,133.36666666666667
EK202310166854,135.16666666666666
EK202310242694,146.56666666666666
EK202310141362,132.16666666666666
EK202310183977,169.93333333333334
EK202310179207,134.36666666666667
EK202310247546,156.33333333333334
EK202310140989,150.26666666666668
EK202310196104,128.63333333333333
EK202310004793,141.4
EK202310185123,145.2
EK202310160604,146.56666666666666
EK202320005906,168.23333333333332
EK202310216868,126.93333333333334
EK202310164383,157.33333333333334
EK202310135531,136.23333333333332
EK202310225232,135.76666666666668
EK202310152968,142.86666666666667
EK202310193329,156.9
EK202310208494,149.36666666666667
EK202310120865,138.96666666666667
EK202310160731,144.1
EK202310143803,158.8
EK202310216607,145.53333333333333
EK202310183415,153.46666666666667
EK202310200013,130.46666666666667
EK202310104115,154.96666666666667
EK202310133379,157.56666666666666
EK202310131060,165.06666666666666
EK202310149753,155.86666666666667
EK202310148087,141.16666666666666
EK202310172156,173.2
EK202310118569,130.43333333333334
EK202310204670,131.1
EK202310234858,146.6
EK202310203722,145.46666666666667
EK202310232168,140.93333333333334
EK202310213536,142.93333333333334
EK202310113341,148.6
EK202310134517,131.63333333333333
EK202310175096,137.86666666666667
EK202310118503,135.16666666666666
EK202310206791,148.46666666666667
EK202310133225,127.1
EK202310139427,137.26666666666668
EK202310242973,142.26666666666668
EK202310230311,126.63333333333334
EK202310192098,143.9
EK202310139654,144.0
EK202310104039,145.4
EK202310218808,152.63333333333333
EK202310112932,139.93333333333334
EK202310139942,142.33333333333334
EK202310155659,153.56666666666666
EK202310225247,151.56666666666666
EK202310126309,133.76666666666668
EK202310132111,169.36666666666667
EK202310242286,148.76666666666668
EK202310123840,134.73333333333332
EK202310210407,136.2
EK202310144692,166.73333333333332
EK202310132665,159.56666666666666
EK202310142951,179.73333333333332
EK202310239672,143.33333333333334
EK202310228540,139.66666666666666
EK202310134450,134.23333333333332
EK202310202201,155.66666666666666
EK202310237145,147.0
EK202310248506,142.33333333333334
EK202310181213,145.8
EK202310197495,133.5
EK202320006060,167.16666666666666
EK202310240535,146.9
EK202310238367,157.46666666666667
EK202310105848,135.63333333333333
EK202310153010,134.06666666666666
EK202310245093,128.43333333333334
EK202310133381,132.4
EK202310132940,134.6
EK202320007659,170.03333333333333
EK202310125644,141.66666666666666
EK202310141453,126.63333333333334
EK202310217985,125.83333333333333
EK202310105477,144.1
EK202320005870,166.7
EK202310148401,153.43333333333334
EK202310218056,131.03333333333333
EK202310104777,154.96666666666667
EK202310136506,132.16666666666666
EK202310243986,142.3
EK202310217742,155.1
EK202310149440,140.36666666666667
EK202310176195,129.8
EK202310147405,133.63333333333333
EK202310210916,142.5
EK202310136871,144.66666666666666
EK202310204028,148.33333333333334
EK202310236173,134.43333333333334
EK202310144792,126.1
EK202310199783,141.7
EK202310115630,127.2
EK202310171734,144.16666666666666
EK202310219359,145.36666666666667
EK202310136081,165.4
EK202310238195,156.4
EK202310168013,155.33333333333334
EK202310171083,152.7
EK202310211010,133.86666666666667
EK202310212579,149.06666666666666
EK202310129157,147.06666666666666
EK202310123465,152.33333333333334
EK202310192944,140.46666666666667
EK202310104057,134.03333333333333
EK202310140551,158.73333333333332
EK202310243448,136.03333333333333
EK202310238701,151.43333333333334
EK202310243934,146.23333333333332
EK202310225403,148.36666666666667
EK202310194134,144.33333333333334
EK202310223407,137.53333333333333
EK202310164382,136.46666666666667
EK202310136103,175.6
EK202310208188,140.4
EK202310145816,138.16666666666666
EK202310214812,150.96666666666667
EK202310202835,146.3
EK202310125645,153.93333333333334
EK202310121206,144.03333333333333
EK202320006076,136.0
EK202310184640,149.6
EK202310141217,143.9
EK202310150527,133.63333333333333
EK202310125769,141.26666666666668
EK202310197697,148.66666666666666
EK202310206446,159.33333333333334
EK202310151327,142.6
EK202310175105,132.5
EK202310139134,158.06666666666666
EK202310119006,147.0
EK202310109789,149.63333333333333
EK202310205096,142.16666666666666
EK202310118587,153.46666666666667
EK202310171349,173.23333333333332
EK202310212106,128.56666666666666
EK202310191242,150.33333333333334
EK202310200352,137.46666666666667
EK202310128949,129.36666666666667
EK202310122161,133.8
EK202310201553,145.76666666666668
EK202310139788,134.6
EK202310244144,141.73333333333332
EK202310003717,173.13333333333333
EK202310130693,133.83333333333334
EK202310183999,162.73333333333332
EK202310172800,145.0
EK202310161242,169.63333333333333
EK202310146441,147.3
EK202310117631,136.4
EK202310212373,136.03333333333333
EK202310113819,140.46666666666667
EK202310210848,135.23333333333332
EK202310158047,131.53333333333333
EK202310144950,147.06666666666666
EK202310229677,143.56666666666666
EK202310128529,138.13333333333333
EK202310224957,163.43333333333334
EK202310111880,143.8
EK202310104750,150.03333333333333
EK202310230949,133.03333333333333
EK202310123557,152.6
EK202310235606,136.1
EK202310198394,143.93333333333334
EK202310161777,134.33333333333334
EK202310134912,142.23333333333332
EK202310118238,133.03333333333333
EK202310154314,146.2
EK202310195062,141.86666666666667
EK202310144785,135.9
EK202310225938,135.33333333333334
EK202310145864,127.73333333333333
EK202310219409,140.9
EK202310140726,148.03333333333333
EK202310132055,138.73333333333332
EK202310176826,131.83333333333334
EK202310136603,148.96666666666667
EK202310131597,150.73333333333332
EK202310246396,150.73333333333332
EK202310238453,142.26666666666668
EK202310210356,137.96666666666667
EK202310238874,163.2
EK202310243980,154.13333333333333
EK202310130204,160.1
EK202310232972,144.0
EK202310132480,143.63333333333333
EK202310123064,167.03333333333333
EK202310116125,150.16666666666666
EK202310216605,141.13333333333333
EK202310135031,166.6
EK202310119678,157.56666666666666
EK202310156982,175.93333333333334
EK202310181434,165.2
EK202310160699,152.13333333333333
EK202310206737,138.86666666666667
EK202310179993,140.93333333333334
EK202310141387,147.16666666666666
EK202310210766,140.46666666666667
EK202310109069,147.33333333333334
EK202310183082,135.4
EK202310184893,146.36666666666667
EK202310246516,140.83333333333334
EK202310229143,147.83333333333334
EK202310131062,157.6
EK202310185681,181.23333333333332
EK202310185540,142.83333333333334
EK202310114449,157.36666666666667
EK202310165928,157.16666666666666
EK202310107191,170.06666666666666
EK202310228437,130.36666666666667
EK202310143843,145.33333333333334
EK202310180377,160.96666666666667
EK202310241530,157.8
EK202310162708,177.86666666666667
EK202310138305,158.96666666666667
EK202310103875,132.23333333333332
EK202310125471,133.16666666666666
EK202310152377,125.43333333333334
EK202310113683,151.4
EK202310181927,154.7
EK202310176699,150.16666666666666
EK202310179246,123.46666666666667
EK202310218837,157.4
EK202310156548,165.2
EK202310169871,132.7
EK202310183587,175.26666666666668
EK202310223255,137.16666666666666
EK202310174418,139.76666666666668
EK202320007116,149.8
EK202310224284,137.0
EK202310174549,138.76666666666668
EK202310161579,151.43333333333334
EK202310147194,156.9
EK202310112625,121.06666666666666
EK202310142795,149.06666666666666
EK202310187355,130.26666666666668
EK202310166085,155.06666666666666
EK202310173662,166.86666666666667
EK202310179128,145.3
EK202310178324,140.63333333333333
EK202310141982,127.66666666666667
EK202310200610,168.56666666666666
EK202310116989,148.4
EK202310148385,159.76666666666668
EK202310003411,136.9
EK202310247578,132.3
EK202310244685,157.3
EK202310129901,152.76666666666668
EK202310200914,150.5
EK202310129257,136.9
EK202310240699,142.33333333333334
EK202310216215,151.93333333333334
EK202310156174,153.83333333333334
EK202310221194,139.96666666666667
EK202310103999,155.83333333333334
EK202310192191,126.83333333333333
EK202310140596,133.8
EK202310143276,137.0
EK202310234844,141.33333333333334
EK202310187581,135.1
EK202310140028,170.96666666666667
EK202310246026,127.43333333333334
EK202310227430,151.46666666666667
EK202310132042,143.86666666666667
EK202310177593,150.13333333333333
EK202310141118,129.6
EK202310247138,138.2
EK202310130201,158.76666666666668
EK202310131399,144.13333333333333
EK202310175507,153.93333333333334
EK202310216063,167.83333333333334
EK202310247001,134.96666666666667
EK202310003515,135.06666666666666
EK202310174264,137.7
EK202310169815,150.53333333333333
EK202310110931,134.96666666666667
EK202310116115,135.6
EK202310124245,133.56666666666666
EK202310201777,134.66666666666666
EK202310166287,153.4
EK202310212681,149.83333333333334
EK202320006340,168.5
EK202310155270,137.9
EK202310115765,137.93333333333334
EK202310179416,135.66666666666666
EK202310115011,125.8
EK202310159851,149.43333333333334
EK202310185875,144.06666666666666
EK202310195751,159.23333333333332
EK202310212496,133.36666666666667
EK202310134077,136.96666666666667
EK202310125764,135.86666666666667
EK202310219281,133.03333333333333
EK202310138192,128.1
EK202310227717,132.53333333333333
EK202310178143,142.56666666666666
EK202310137761,136.36666666666667
EK202310239906,136.23333333333332
EK202310190459,151.86666666666667
EK202310115727,130.16666666666666
EK202310244833,153.93333333333334
EK202310107229,124.2
EK202310224274,137.26666666666668
EK202310194396,159.7
EK202310134831,128.36666666666667
EK202320007479,141.43333333333334
EK202310170018,143.03333333333333
EK202310177337,158.5
EK202310119476,146.63333333333333
EK202310213475,142.56666666666666
EK202310206650,139.03333333333333
EK202310231785,135.76666666666668
EK202310222833,145.2
EK202310187301,123.0
EK202310111784,145.5
EK202310227788,147.93333333333334
EK202310150141,151.16666666666666
EK202310161536,144.1
EK202310137661,144.9
EK202310226163,136.06666666666666
EK202310223040,141.33333333333334
EK202310111512,152.06666666666666
EK202310211220,143.3
EK202310122194,132.73333333333332
EK202310182104,136.26666666666668
EK202310179334,179.23333333333332
EK202310179331,168.2
EK202310145350,135.66666666666666
EK202310201986,135.86666666666667
EK202310196946,143.2
EK202310217855,131.16666666666666
EK202310236350,134.9
EK202310229165,130.96666666666667
EK202310171617,151.76666666666668
EK202310115459,163.43333333333334
EK202310196848,139.53333333333333
EK202310127398,142.0
EK202310205390,135.73333333333332
EK202310142325,147.1
EK202310196201,152.96666666666667
EK202310238646,145.56666666666666
EK202310230272,173.56666666666666
EK202310241132,156.66666666666666
EK202310212259,143.56666666666666
EK202310228514,146.6
EK202310238485,146.13333333333333
EK202310158861,147.86666666666667
EK202310227360,135.66666666666666
EK202310136436,143.5
EK202310231528,135.5
EK202310221158,149.23333333333332
EK202310211507,152.2
EK202310190845,138.03333333333333
EK202310157714,146.26666666666668
EK202310135990,137.56666666666666
EK202310164365,160.63333333333333
EK202310153926,159.1
EK202310150008,154.13333333333333
EK202310141032,143.3
EK202310193812,132.16666666666666
EK202310137931,137.03333333333333
EK202310156495,165.16666666666666
EK202310122480,147.93333333333334
EK202310216486,138.1
EK202310222820,152.83333333333334
EK202310111196,151.43333333333334
EK202310150248,133.06666666666666
EK202310136916,152.6
EK202310107139,126.8
EK202310181412,148.2
EK202310206211,134.03333333333333
EK202310109768,146.0
EK202310206447,171.86666666666667
EK202310211977,130.9
EK202310235013,141.3
EK202320007348,142.43333333333334
EK202310128131,145.03333333333333
EK202310107501,153.16666666666666
EK202310247682,149.53333333333333
EK202310227429,147.6
EK202310204611,143.46666666666667
EK202310133183,129.26666666666668
EK202310218119,133.23333333333332
EK202310183206,132.83333333333334
EK202310232942,142.4
EK202310205411,137.56666666666666
EK202310166033,150.46666666666667
EK202310134596,182.66666666666666
EK202310136873,172.0
EK202310203514,149.5
EK202310126038,132.6
EK202310191150,145.43333333333334
EK202310129389,141.1
EK202310222819,153.43333333333334
EK202310152891,164.63333333333333
EK202310157272,144.33333333333334
EK202310135873,161.9
EK202310197559,175.5
EK202310169845,154.53333333333333
EK202310165585,146.83333333333334
EK202310159036,145.26666666666668
EK202320007295,158.26666666666668
EK202310133662,141.9
EK202310189827,143.5
EK202310148841,163.96666666666667
EK202310146896,137.7
EK202310235090,129.93333333333334
EK202310119567,132.36666666666667
EK202310172433,157.6
EK202310247849,163.33333333333334
EK202310207306,136.9
EK202310183094,144.0
EK202310216955,172.6
EK202310192760,176.13333333333333
EK202310164280,136.83333333333334
EK202310203989,156.63333333333333
EK202310239786,125.73333333333333
EK202310105979,147.83333333333334
EK202310003640,136.03333333333333
EK202310240750,149.63333333333333
EK202310179109,134.86666666666667
EK202310150944,149.6
EK202310201413,154.93333333333334
EK202320007436,151.86666666666667
EK202310113726,151.23333333333332
EK202310122262,129.53333333333333
EK202310224480,135.9
EK202310194020,127.23333333333333
EK202310183018,169.43333333333334
EK202310181414,171.4
EK202310113303,135.33333333333334
EK202310108976,141.13333333333333
EK202310160184,135.6
EK202310210774,129.13333333333333
EK202310161905,158.46666666666667
EK202310142271,155.1
EK202310172860,142.33333333333334
EK202310145464,136.86666666666667
EK202310004728,152.83333333333334
EK202310166310,138.1
EK202310105822,133.6
EK202310147953,148.76666666666668
EK202310108291,162.5
EK202310240186,139.63333333333333
EK202310136365,136.66666666666666
EK202310221390,159.03333333333333
EK202310229925,129.36666666666667
EK202310141278,129.83333333333334
EK202310246624,149.03333333333333
EK202310220360,129.36666666666667
EK202310224653,140.0
EK202310160368,138.0
EK202310126911,149.23333333333332
EK202310222925,146.4
EK202310200594,142.86666666666667
EK202310150819,135.4
EK202310129913,148.83333333333334
EK202310187155,170.56666666666666
EK202310221177,137.76666666666668
EK202310117855,152.3
EK202310114109,142.23333333333332
EK202310212056,137.0
EK202310235416,141.23333333333332
EK202310119909,168.13333333333333
EK202310234670,142.4
EK202310191663,160.2
EK202310157791,134.16666666666666
EK202310232045,136.73333333333332
EK202310177127,152.86666666666667
EK202310175989,149.6
EK202310127307,152.76666666666668
EK202310105741,139.66666666666666
EK202310174633,126.3
EK202310114332,131.66666666666666
EK202310176623,134.46666666666667
EK202310157384,129.96666666666667
EK202310230266,140.4
EK202310178822,172.9
EK202310174964,141.46666666666667
EK202310149670,134.26666666666668
EK202310189731,142.6
EK202310134729,175.9
EK202310198042,130.26666666666668
EK202310231499,124.83333333333333
EK202310155095,142.26666666666668
EK202310180485,135.43333333333334
EK202310198871,126.43333333333334
EK202310004386,137.86666666666667
EK202310165308,135.63333333333333
EK202310131429,139.26666666666668
EK202310141545,150.0
EK202310184517,132.56666666666666
EK202310199293,141.16666666666666
EK202310152428,148.6
EK202310148889,179.46666666666667
EK202310187273,143.83333333333334
EK202310179239,155.06666666666666
EK202310235514,141.4
EK202310169287,141.56666666666666
EK202310240454,176.76666666666668
EK202310206328,129.36666666666667
EK202310108495,147.26666666666668
EK202310213966,129.53333333333333
EK202310196327,148.5
EK202310167665,155.33333333333334
EK202310171391,147.03333333333333
EK202310183683,129.23333333333332
EK202310157793,131.4
EK202310156197,140.03333333333333
EK202310198098,137.26666666666668
EK202310146704,144.83333333333334
EK202310218935,136.9
EK202320007401,145.1
EK202310137190,142.5
EK202310154815,154.33333333333334
EK202310126612,138.1
EK202310120357,138.63333333333333
EK202310165826,155.33333333333334
EK202310214388,148.56666666666666
EK202310204549,152.1
EK202310209491,150.23333333333332
EK202310208295,140.83333333333334
EK202310196248,138.96666666666667
EK202310242787,145.83333333333334
EK202310225423,159.93333333333334
EK202310110863,131.3
EK202310117182,135.9
EK202310217191,159.73333333333332
EK202310193055,143.0
EK202310212058,133.4
EK202310103911,146.13333333333333
EK202310213355,130.2
EK202310175342,169.2
EK202310237346,129.23333333333332
EK202310186492,148.56666666666666
EK202310147951,154.4
EK202310191447,141.9
EK202310215972,144.0
EK202310199031,150.26666666666668
EK202310152507,152.3
EK202310143892,131.03333333333333
EK202310129112,153.06666666666666
EK202310152184,137.2
EK202310227166,128.96666666666667
EK202310182576,150.5
EK202310004383,139.43333333333334
EK202320005865,170.66666666666666
EK202310199455,151.3
EK202310230815,137.4
EK202310209305,145.83333333333334
EK202310138624,164.83333333333334
EK202310126039,138.4
EK202310131814,144.83333333333334
EK202310184163,156.53333333333333
EK202310118608,135.16666666666666
EK202310227117,136.03333333333333
EK202310152007,151.96666666666667
EK202310229187,132.7
EK202310139035,152.56666666666666
EK202310175328,162.06666666666666
EK202310159155,140.9
EK202310239122,134.03333333333333
EK202310167140,153.43333333333334
EK202310186155,143.1
EK202310193982,153.3
EK202310138270,147.73333333333332
EK202310117049,136.23333333333332
EK202310142284,148.0
EK202310164426,138.2
EK202310176396,154.3
EK202310201189,166.8
EK202310004591,133.1
EK202320005991,161.73333333333332
EK202310231608,130.73333333333332
EK202310136139,136.7
EK202310113238,159.93333333333334
EK202310158141,170.26666666666668
EK202310126316,135.8
EK202310123281,169.53333333333333
EK202310167569,150.0
EK202310174151,134.73333333333332
EK202310116527,140.33333333333334
EK202310193916,145.66666666666666
EK202310227923,137.56666666666666
EK202310240783,140.8
EK202310143752,136.63333333333333
EK202310106162,140.76666666666668
EK202310107199,144.6
EK202310213671,132.9
EK202310208384,139.86666666666667
EK202310196006,169.66666666666666
EK202310134465,169.03333333333333
EK202310151047,139.33333333333334
EK202310124565,134.76666666666668
EK202310183135,154.26666666666668
EK202310213685,134.86666666666667
EK202310143407,156.16666666666666
EK202310210115,160.6
EK202310110851,158.6
EK202310229392,135.9
EK202310204386,134.03333333333333
EK202310235968,155.73333333333332
EK202310199913,140.2
EK202310138545,130.63333333333333
EK202310116537,139.06666666666666
EK202310134658,162.13333333333333
EK202310224022,159.93333333333334
EK202310234186,130.36666666666667
EK202310163888,145.36666666666667
EK202310212249,144.0
EK202310140225,149.03333333333333
EK202310140896,159.4
EK202310186538,141.26666666666668
EK202310136216,159.33333333333334
EK202310108888,145.83333333333334
EK202310182062,142.23333333333332
EK202310163277,156.6
EK202310107567,137.93333333333334
EK202310120960,159.2
EK202310180719,147.6
EK202310131600,144.26666666666668
EK202310177372,159.16666666666666
EK202310126121,141.5
EK202310162878,151.63333333333333
EK202310201167,165.23333333333332
EK202310160968,150.6
EK202310197271,149.8
EK202310181868,159.86666666666667
EK202310151314,136.2
EK202310164572,174.16666666666666
EK202310205777,156.0
EK202310138104,129.9
EK202310167840,142.7
EK202310226831,155.93333333333334
EK202310147830,144.7
EK202310197709,119.16666666666667
EK202310213022,157.53333333333333
EK202310193283,138.53333333333333
EK202310205081,136.6
EK202310122178,139.73333333333332
EK202320006555,186.03333333333333
EK202310237774,133.23333333333332
EK202310124965,143.03333333333333
EK202310186156,147.16666666666666
EK202310117980,142.63333333333333
EK202310125951,152.9
EK202310151873,134.5
EK202310207092,137.56666666666666
EK202310117489,152.2
EK202310216348,175.06666666666666
EK202310220010,137.56666666666666
EK202310214618,161.96666666666667
EK202310206863,138.13333333333333
EK202310109000,156.7
EK202310188574,168.2
EK202310165717,144.73333333333332
EK202310128017,144.96666666666667
EK202310165060,153.06666666666666
EK202310200674,149.86666666666667
EK202310221350,142.66666666666666
EK202310235065,141.96666666666667
EK202310163335,165.06666666666666
EK202310120881,133.33333333333334
EK202310137678,142.9
EK202310128015,147.96666666666667
EK202310234830,138.1
EK202310167377,150.06666666666666
EK202310164502,164.83333333333334
EK202310127391,146.73333333333332
EK202310179523,156.36666666666667
EK202310223246,128.3
EK202310108837,142.4
EK202310200232,144.56666666666666
EK202310204659,144.3
EK202310189046,166.46666666666667
EK202310137247,139.73333333333332
EK202310132734,149.33333333333334
EK202310136878,140.2
EK202310236360,135.4
EK202310228358,139.53333333333333
EK202310134060,154.23333333333332
EK202310165565,150.73333333333332
EK202310226873,150.16666666666666
EK202310189864,141.36666666666667
EK202310119822,145.96666666666667
EK202310139438,151.56666666666666
EK202310190768,148.76666666666668
EK202310165094,141.86666666666667
EK202310138047,132.73333333333332
EK202310166258,143.26666666666668
EK202310229510,156.83333333333334
EK202310226767,139.63333333333333
EK202310141133,136.0
EK202310109811,144.66666666666666
EK202310150474,179.93333333333334
EK202310179190,129.86666666666667
EK202310196236,132.0
EK202310209246,147.9
EK202310197990,137.5
EK202310207124,139.4
EK202310212257,139.96666666666667
EK202310108488,147.73333333333332
EK202310103709,136.43333333333334
EK202310232504,130.76666666666668
EK202310134238,131.23333333333332
EK202310123117,136.06666666666666
EK202310121605,154.13333333333333
EK202310173315,145.36666666666667
EK202310121739,147.63333333333333
EK202310208354,142.23333333333332
EK202310161392,145.86666666666667
EK202310234724,127.23333333333333
EK202310111484,134.56666666666666
EK202310187014,138.63333333333333
EK202310104426,127.9
EK202310145898,140.56666666666666
EK202320006067,167.56666666666666
EK202310188463,168.63333333333333
EK202310140762,136.93333333333334
EK202310218714,152.2
EK202310243661,132.13333333333333
EK202310177326,160.36666666666667
EK202310234236,141.96666666666667
EK202310227958,126.46666666666667
EK202310118900,142.0
EK202310165267,150.2
EK202310230827,141.9
EK202310171222,143.03333333333333
EK202310162860,153.06666666666666
EK202310235544,161.3
EK202310161220,140.83333333333334
EK202310121708,161.6
EK202310179835,133.86666666666667
EK202310239604,133.46666666666667
EK202310219818,136.46666666666667
EK202310161568,147.66666666666666
EK202310160061,163.5
EK202310110380,136.86666666666667
EK202310246413,132.3
EK202310235850,137.66666666666666
EK202310165684,135.36666666666667
EK202310104090,141.23333333333332
EK202310243966,135.83333333333334
EK202310228270,143.6
EK202310110387,144.33333333333334
EK202310152984,147.7
EK202310223888,136.56666666666666
EK202310204934,154.66666666666666
EK202310162381,142.76666666666668
EK202310197868,145.7
EK202310107186,130.33333333333334
EK202310163263,137.33333333333334
EK202310198200,143.16666666666666
EK202310211345,147.7
EK202310226051,143.26666666666668
EK202310123297,143.76666666666668
EK202310140795,133.23333333333332
EK202310207289,154.0
EK202310225168,124.9
EK202310183349,131.0
EK202310105114,144.0
EK202310176080,135.3
EK202310179405,155.16666666666666
EK202310190274,134.53333333333333
EK202310132186,148.63333333333333
EK202310146444,139.53333333333333
EK202310225702,147.2
EK202310218239,139.9
EK202310147577,143.3
EK202310183811,175.23333333333332
EK202310162937,149.43333333333334
EK202310157881,167.1
EK202310207952,133.73333333333332
EK202310141225,155.7
EK202310193030,151.9
EK202310122847,131.7
EK202310165669,138.36666666666667
EK202310114924,158.26666666666668
EK202310218309,157.86666666666667
EK202310208489,158.2
EK202310179997,136.7
EK202310147027,153.23333333333332
EK202310004319,134.56666666666666
EK202310175632,130.36666666666667
EK202310189340,153.7
EK202310177526,169.3
EK202310207611,151.53333333333333
EK202310194660,151.43333333333334
EK202310229979,144.8
EK202310240147,160.93333333333334
EK202310211637,135.46666666666667
EK202310149224,137.16666666666666
EK202310177662,144.36666666666667
EK202310179984,129.9
EK202310228864,162.9
EK202310180524,156.73333333333332
EK202310229356,163.76666666666668
EK202310149225,132.7
EK202310188850,150.63333333333333
EK202310237876,148.23333333333332
EK202310219004,142.43333333333334
EK202310125299,134.23333333333332
EK202310156188,138.63333333333333
EK202310238230,134.23333333333332
EK202310187694,137.5
EK202310158043,136.5
EK202310214647,154.93333333333334
EK202310221207,135.43333333333334
EK202310173575,163.7
EK202310113008,146.13333333333333
EK202310239053,142.7
EK202310104640,148.66666666666666
EK202310241514,149.36666666666667
EK202310004700,173.53333333333333
EK202310162482,140.53333333333333
EK202310119906,135.93333333333334
EK202310153205,159.36666666666667
EK202310114919,130.4
EK202310235152,135.43333333333334
EK202310203791,133.36666666666667
EK202310123842,145.63333333333333
EK202310141447,160.4
EK202310192629,148.96666666666667
EK202310244491,160.46666666666667
EK202310216050,134.76666666666668
EK202320007061,156.36666666666667
EK202310217253,138.16666666666666
EK202310187351,178.23333333333332
EK202310247064,141.43333333333334
EK202310215396,128.33333333333334
EK202310109791,153.26666666666668
EK202310238972,157.7
EK202310210241,145.03333333333333
EK202310138585,160.66666666666666
EK202310215255,161.16666666666666
EK202310181801,158.83333333333334
EK202310124314,129.83333333333334
EK202310175289,167.4
EK202310198498,139.7
EK202310154216,151.5
EK202310226242,154.9
EK202310127354,149.9
EK202310179264,152.43333333333334
EK202310139507,163.1
EK202310129883,148.1
EK202310232951,152.5
EK202310233288,138.96666666666667
EK202310121403,145.23333333333332
EK202310158908,149.06666666666666
EK202310147431,140.43333333333334
EK202310138917,141.3
EK202310149611,150.6
EK202310221612,149.73333333333332
EK202310143554,134.53333333333333
EK202310172722,135.56666666666666
EK202310199773,135.16666666666666
EK202310127375,141.6
EK202310225978,139.1
EK202310227248,148.8
EK202310116384,150.26666666666668
EK202310180690,159.26666666666668
EK202310122858,130.26666666666668
EK202310226310,142.93333333333334
EK202310195569,148.86666666666667
EK202310198823,144.03333333333333
EK202310121439,154.36666666666667
EK202310161947,135.36666666666667
EK202310232604,152.36666666666667
EK202310149617,140.86666666666667
EK202310146783,144.96666666666667
EK202310176164,153.4
EK202310135912,131.13333333333333
EK202310229257,181.8
EK202310235094,133.66666666666666
EK202310118246,133.43333333333334
EK202310185828,157.73333333333332
EK202310106494,145.0
EK202310146544,150.4
EK202310227579,136.83333333333334
EK202310248311,135.83333333333334
EK202310204884,137.2
EK202310117059,136.53333333333333
EK202310231772,132.7
EK202310139447,141.36666666666667
EK202310189968,159.0
EK202310185749,139.7
EK202310110703,131.5
EK202310237233,136.7
EK202310240881,148.63333333333333
EK202310125013,164.03333333333333
EK202310128536,132.73333333333332
EK202310153537,171.43333333333334
EK202310190471,135.7
EK202310151841,149.56666666666666
EK202310202685,127.06666666666666
EK202310105765,139.33333333333334
EK202310136470,130.6
EK202310202012,135.4
EK202310125711,162.36666666666667
EK202310157673,140.16666666666666
EK202310164027,134.43333333333334
EK202310151517,155.7
EK202310180147,131.26666666666668
EK202310198373,166.53333333333333
EK202310204349,166.96666666666667
EK202310219251,132.9
EK202310172594,142.23333333333332
EK202310179118,134.5
EK202310150133,140.2
EK202310165331,138.36666666666667
EK202310163772,144.83333333333334
EK202310126377,134.5
EK202310145984,141.16666666666666
EK202310246976,135.46666666666667
EK202310113703,138.4
EK202310232392,138.3
EK202310236403,138.26666666666668
EK202310139475,141.7
EK202310192609,152.26666666666668
EK202310224294,144.73333333333332
EK202310152213,142.06666666666666
EK202310108540,155.56666666666666
EK202310210085,148.43333333333334
EK202310226804,141.93333333333334
EK202310137397,140.83333333333334
EK202310117951,127.13333333333334
EK202310193300,159.9
EK202310106304,143.43333333333334
EK202310129954,151.2
EK202310215057,157.5
EK202310139115,131.23333333333332
EK202310212736,157.16666666666666
EK202310135023,152.8
EK202310139581,155.26666666666668
EK202310199274,144.7
EK202310211965,127.16666666666667
EK202310246061,126.7
EK202310203442,149.93333333333334
EK202310181526,152.0
EK202310193412,146.0
EK202310139031,131.93333333333334
EK202310221231,131.56666666666666
EK202310134998,174.03333333333333
EK202310141687,162.53333333333333
EK202310197304,145.43333333333334
EK202310201782,135.6
EK202310135431,165.1
EK202310208259,129.06666666666666
EK202310161380,128.43333333333334
EK202310186230,160.66666666666666
EK202310152403,139.16666666666666
EK202310116913,138.0
EK202310244061,128.93333333333334
EK202310135475,151.3
EK202310165270,144.16666666666666
EK202310138939,147.46666666666667
EK202310141892,137.46666666666667
EK202310124993,144.76666666666668
EK202310170388,137.03333333333333
EK202310157255,139.96666666666667
EK202310133503,151.06666666666666
EK202310175284,141.03333333333333
EK202310241462,148.33333333333334
EK202310154232,144.13333333333333
EK202310163615,172.13333333333333
EK202310197907,162.9
EK202310186389,134.73333333333332
EK202310245749,134.86666666666667
EK202310219676,138.16666666666666
EK202310190121,148.36666666666667
EK202310209264,140.9
EK202310210983,149.93333333333334
EK202310187936,148.2
EK202310133895,145.16666666666666
EK202310186472,169.13333333333333
EK202310206380,150.8
EK202310193643,159.4
EK202310225084,158.63333333333333
EK202310220518,142.0
EK202310169406,137.26666666666668
EK202310237549,139.3
EK202310109909,178.2
EK202310212592,130.5
EK202310179751,139.53333333333333
EK202310112820,143.76666666666668
EK202310195293,128.8
EK202310236702,132.06666666666666
EK202310145993,151.26666666666668
EK202310222902,136.03333333333333
EK202310189301,156.83333333333334
EK202310205807,142.03333333333333
EK202310163101,153.3
EK202310203688,144.63333333333333
EK202310174439,172.33333333333334
EK202310156353,173.93333333333334
EK202310162723,151.06666666666666
EK202310212065,129.43333333333334
EK202310004255,144.96666666666667
EK202310222006,129.33333333333334
EK202310194790,148.86666666666667
EK202310106043,130.96666666666667
EK202310242730,133.96666666666667
EK202310242586,149.9
EK202310176604,148.23333333333332
EK202310109635,136.56666666666666
EK202310216117,125.33333333333333
EK202310116981,146.76666666666668
EK202310221657,137.56666666666666
EK202310144341,128.23333333333332
EK202310228428,131.0
EK202310146265,138.0
EK202310209443,137.36666666666667
EK202310218588,140.5
EK202310108618,148.16666666666666
EK202310121760,132.16666666666666
EK202310107369,142.0
EK202310115437,154.73333333333332
EK202310187394,150.66666666666666
EK202310165757,134.76666666666668
EK202310195111,150.4
EK202310188262,165.7
EK202310124663,139.13333333333333
EK202310143110,143.46666666666667
EK202310211384,148.36666666666667
EK202310118553,153.7
EK202310149358,173.43333333333334
EK202310164859,144.76666666666668
EK202310207799,147.76666666666668
EK202310172115,130.83333333333334
EK202310215359,146.03333333333333
EK202310161036,144.3
EK202310223447,142.46666666666667
EK202310181639,133.76666666666668
EK202310204435,149.7
EK202310104184,155.53333333333333
EK202310160295,151.86666666666667
EK202310192033,139.63333333333333
EK202310168110,156.13333333333333
EK202310189097,130.2
EK202310167385,135.8
EK202310109968,141.6
EK202310198949,141.3
EK202310197617,164.83333333333334
EK202310108360,125.7
EK202310159270,150.5
EK202310145269,154.0
EK202310188812,142.4
EK202310125988,136.66666666666666
EK202310112939,131.63333333333333
EK202310247895,136.3
EK202310131311,131.16666666666666
EK202310183854,139.3
EK202310219712,131.1
EK202310160911,160.86666666666667
EK202310231162,139.93333333333334
EK202310135041,177.26666666666668
EK202310212037,142.53333333333333
EK202310226698,143.0
EK202310134750,132.93333333333334
EK202310148234,141.13333333333333
EK202310174532,152.76666666666668
EK202310109167,133.23333333333332
EK202310197750,150.66666666666666
EK202310164476,141.9
EK202310233270,180.96666666666667
EK202310135322,171.7
EK202310209231,135.3
EK202310202820,142.56666666666666
EK202310174302,138.56666666666666
EK202310125602,144.3
EK202310158386,138.66666666666666
EK202310242062,142.93333333333334
EK202310141111,143.26666666666668
EK202310136233,144.1
EK202310236818,141.73333333333332
EK202310184555,136.13333333333333
EK202310198830,149.56666666666666
EK202310151478,172.0
EK202310231437,135.9
EK202310150468,153.8
EK202310241943,143.53333333333333
EK202310231053,132.7
EK202310154428,156.26666666666668
EK202310192603,149.9
EK202310161912,152.56666666666666
EK202310130902,127.26666666666667
EK202310183672,153.9
EK202310227046,161.16666666666666
EK202310166255,140.33333333333334
EK202310137864,122.26666666666667
EK202310116959,143.23333333333332
EK202310238412,150.93333333333334
EK202310171649,152.8
EK202310193766,135.36666666666667
EK202310123847,181.66666666666666
EK202310146498,151.66666666666666
EK202310239626,142.53333333333333
EK202310195302,134.86666666666667
EK202310212103,138.4
EK202310192877,130.06666666666666
EK202310111009,144.23333333333332
EK202310136743,129.9
EK202310195641,135.73333333333332
EK202310227516,150.23333333333332
EK202310115577,135.96666666666667
EK202310215165,144.4
EK202310138284,161.6
EK202310126665,128.16666666666666
EK202310239150,134.73333333333332
EK202310203149,148.16666666666666
EK202310193960,137.53333333333333
EK202310171451,139.0
EK202310121337,133.86666666666667
EK202310117375,140.96666666666667
EK202310220920,140.03333333333333
EK202310115368,147.46666666666667
EK202310156865,161.86666666666667
EK202310185189,148.06666666666666
EK202310122055,129.8
EK202310215356,168.4
EK202310147958,144.43333333333334
EK202310121750,135.86666666666667
EK202310173060,129.7
EK202310163776,142.56666666666666
EK202310220192,135.66666666666666
EK202310218549,155.1
EK202310157001,182.23333333333332
EK202310225119,149.56666666666666
EK202310204051,144.7
EK202310122949,138.7
EK202310121503,131.56666666666666
EK202310131147,150.23333333333332
EK202310108909,140.96666666666667
EK202310151114,136.0
EK202310233392,136.96666666666667
EK202320007141,170.63333333333333
EK202310164522,145.8
EK202310177297,146.96666666666667
EK202310210546,140.46666666666667
EK202310184589,132.26666666666668
EK202310212117,133.1
EK202310133272,150.73333333333332
EK202310205158,139.6
EK202310174636,143.0
EK202310140946,142.16666666666666
EK202310117042,132.13333333333333
EK202310134320,139.06666666666666
EK202310229429,139.7
EK202310106153,136.23333333333332
EK202310247761,168.66666666666666
EK202310227271,132.83333333333334
EK202310239428,125.36666666666666
EK202310215784,137.66666666666666
EK202310210318,138.8
EK202310141900,136.66666666666666
EK202310184802,174.6
EK202310165235,145.06666666666666
EK202310171404,139.03333333333333
EK202310210573,157.76666666666668
EK202310210122,152.63333333333333
EK202310150189,143.53333333333333
EK202310156048,144.23333333333332
EK202310172500,166.1
EK202310132244,133.0
EK202310245342,135.96666666666667
EK202310139313,136.43333333333334
EK202310207856,144.7
EK202310116311,137.8
EK202310208589,150.33333333333334
EK202310136325,132.66666666666666
EK202310248759,137.06666666666666
EK202310198653,132.06666666666666
EK202310195491,171.0
EK202310103816,139.56666666666666
EK202310207373,141.73333333333332
EK202310227064,146.56666666666666
EK202310138546,141.83333333333334
EK202310205952,135.66666666666666
EK202310212677,143.36666666666667
EK202310228148,137.86666666666667
EK202310107729,137.53333333333333
EK202310211277,159.63333333333333
EK202310195545,138.6
EK202310116564,153.3
EK202310184823,142.3
EK202310170543,164.23333333333332
EK202310193619,136.6
EK202310239035,170.5
EK202310133171,137.8
EK202310227136,145.06666666666666
EK202310142625,134.46666666666667
EK202310244169,158.96666666666667
EK202310246581,129.2
EK202310165380,155.53333333333333
EK202310193395,129.66666666666666
EK202310109332,143.86666666666667
EK202310163291,167.33333333333334
EK202310124290,137.56666666666666
EK202310215739,138.03333333333333
EK202310241146,132.53333333333333
EK202310124580,143.86666666666667
EK202310211475,135.96666666666667
EK202310004503,146.4
EK202310143151,135.53333333333333
EK202310136531,149.56666666666666
EK202310119568,149.83333333333334
EK202310107515,148.83333333333334
EK202310189886,151.16666666666666
EK202310124398,142.1
EK202310125848,135.5
EK202310211088,134.53333333333333
EK202310156421,153.8
EK202310157177,162.93333333333334
EK202310211323,140.23333333333332
EK202310202592,127.46666666666667
EK202310194894,148.5
EK202310215071,150.33333333333334
EK202310202956,130.66666666666666
EK202310234488,127.93333333333334
EK202310187089,147.63333333333333
EK202310227517,137.06666666666666
EK202310170551,150.73333333333332
EK202310189993,153.33333333333334
EK202310149202,143.9
EK202310229780,127.9
EK202310245465,135.33333333333334
EK202310218891,145.86666666666667
EK202310124812,168.3
EK202310208935,151.23333333333332
EK202310140658,139.1
EK202310183874,139.33333333333334
EK202310107413,136.63333333333333
EK202310194042,145.73333333333332
EK202310157446,149.83333333333334
EK202310199004,133.96666666666667
EK202310135601,134.3
EK202310201970,142.23333333333332
EK202310139356,137.43333333333334
EK202310134175,137.26666666666668
EK202310108539,162.7
EK202310177643,135.4
EK202310103821,141.2
EK202310206740,159.0
EK202310131433,148.13333333333333
EK202310204350,132.53333333333333
EK202310225071,132.1
EK202310211718,143.56666666666666
EK202310131849,145.6
EK202310153172,144.56666666666666
EK202310132642,136.86666666666667
EK202310112845,133.16666666666666
EK202310177008,156.93333333333334
EK202310130444,137.9
EK202310147078,138.16666666666666
EK202310208564,146.83333333333334
EK202310194298,134.6
EK202310228548,144.3
EK202310187217,149.3
EK202310171794,131.7
EK202310174423,136.86666666666667
EK202310186521,138.4
EK202310189274,169.56666666666666
EK202310128594,130.96666666666667
EK202310213657,133.03333333333333
EK202310136140,126.86666666666666
EK202310144986,135.3
EK202310117312,137.3
EK202310165610,175.16666666666666
EK202310130595,142.9
EK202310004575,132.56666666666666
EK202310119145,154.76666666666668
EK202310179788,134.4
EK202310247106,157.93333333333334
EK202310118131,137.2
EK202310144354,125.73333333333333
EK202310192108,132.93333333333334
EK202310169582,139.53333333333333
EK202310227386,135.16666666666666
EK202310174182,145.46666666666667
EK202310222783,130.13333333333333
EK202310178639,139.86666666666667
EK202310245259,133.7
EK202310167257,142.66666666666666
EK202310162914,130.2
EK202310004463,142.16666666666666
EK202310207893,159.63333333333333
EK202310148230,140.96666666666667
EK202310116055,142.66666666666666
EK202310224157,154.13333333333333
EK202310114888,139.46666666666667
EK202310195337,173.7
EK202310216934,170.4
EK202310216677,149.0
EK202310188580,137.63333333333333
EK202310219727,148.73333333333332
EK202310166001,137.56666666666666
EK202310229705,131.03333333333333
EK202310209871,148.43333333333334
EK202310196361,139.76666666666668
EK202310234245,134.56666666666666
EK202310138920,136.33333333333334
EK202310122618,143.1
EK202310175727,152.03333333333333
EK202310155478,147.9
EK202320005560,152.13333333333333
EK202310110719,148.63333333333333
EK202310136240,153.13333333333333
EK202310186251,172.56666666666666
EK202310216248,128.43333333333334
EK202310205301,145.26666666666668
EK202310211409,138.9
EK202310154889,136.96666666666667
EK202310133167,154.03333333333333
EK202310190742,144.5
EK202310181049,149.36666666666667
EK202310190345,149.13333333333333
EK202310223134,158.93333333333334
EK202310248510,138.7
EK202310177287,173.8
EK202310127550,150.03333333333333
EK202310118313,144.56666666666666
EK202310222760,140.06666666666666
EK202310112189,140.8
EK202310141089,141.76666666666668
EK202310132200,158.93333333333334
EK202310221040,144.9
EK202310111716,148.2
EK202310206062,127.43333333333334
EK202310209855,148.03333333333333
EK202310104428,137.13333333333333
EK202310177723,144.3
EK202310003367,133.03333333333333
EK202310182125,145.23333333333332
EK202310194084,146.36666666666667
EK202310211789,134.4
EK202310132488,153.83333333333334
EK202310142803,136.03333333333333
EK202310181723,166.83333333333334
EK202310103735,140.7
EK202310219083,144.43333333333334
EK202310215988,141.76666666666668
EK202310234414,128.5
EK202310203900,131.06666666666666
EK202310137717,137.36666666666667
EK202310112769,142.76666666666668
EK202310160354,133.36666666666667
EK202310105028,157.43333333333334
EK202310128626,154.2
EK202310206626,151.9
EK202310247911,135.63333333333333
EK202310156966,151.5
EK202310111774,139.53333333333333
EK202310141388,132.13333333333333
EK202310105367,133.26666666666668
EK202310138470,143.93333333333334
EK202310238177,142.0
EK202310169946,149.66666666666666
EK202310189158,135.16666666666666
EK202310231981,145.4
EK202310174508,133.96666666666667
EK202310110650,129.76666666666668
EK202310195172,153.13333333333333
EK202310188961,133.33333333333334
EK202310219185,137.96666666666667
EK202310208623,136.6
EK202310128662,132.33333333333334
EK202310185661,151.56666666666666
EK202310157894,142.03333333333333
EK202310200928,153.8
EK202310004224,140.96666666666667
EK202310150214,137.33333333333334
EK202310111969,132.73333333333332
EK202310129506,144.13333333333333
EK202310127186,162.46666666666667
EK202310173377,128.8
EK202310163570,142.56666666666666
EK202310196742,134.33333333333334
EK202310167664,141.9
EK202310148814,148.8
EK202310200567,174.63333333333333
EK202310168414,153.66666666666666
EK202310203613,161.0
EK202310247919,158.93333333333334
EK202310200083,179.86666666666667
EK202310148844,126.33333333333333
EK202310159721,149.8
EK202310131910,136.46666666666667
EK202310153522,136.93333333333334
EK202310212250,137.4
EK202310111147,164.86666666666667
EK202310170237,141.33333333333334
EK202310166954,142.66666666666666
EK202310193804,144.13333333333333
EK202310180730,177.86666666666667
EK202310004363,167.6
EK202310123533,131.8
EK202310235018,142.63333333333333
EK202310176008,151.33333333333334
EK202310151334,128.33333333333334
EK202320007865,172.0
EK202310236423,136.1
EK202310130270,162.6
EK202310220333,135.7
EK202310196344,135.96666666666667
EK202310218805,146.03333333333333
EK202310116838,138.36666666666667
EK202310185359,129.73333333333332
EK202310150318,157.7
EK202310121733,140.8
EK202310242000,155.06666666666666
EK202310193114,138.16666666666666
EK202310171559,146.1
EK202310122635,140.8
EK202310167040,159.36666666666667
EK202310166470,146.16666666666666
EK202310195612,146.23333333333332
EK202310233457,139.5
EK202310185055,138.6
EK202310177519,145.86666666666667
EK202310247329,148.03333333333333
EK202310195549,152.73333333333332
EK202310144213,126.8
EK202310135438,169.5
EK202310226468,148.33333333333334
EK202310105289,141.13333333333333
EK202310120252,150.63333333333333
EK202310176662,137.3
EK202310114289,145.93333333333334
EK202310126976,133.66666666666666
EK202310207593,150.56666666666666
EK202310114272,127.26666666666667
EK202310199080,143.73333333333332
EK202310122669,133.6
EK202310180804,152.7
EK202310204732,135.9
EK202310200464,144.5
EK202310203808,134.16666666666666
EK202310212010,135.46666666666667
EK202310245942,140.6
EK202310004694,139.06666666666666
EK202310155200,139.76666666666668
EK202310164369,140.83333333333334
EK202310126268,139.7
EK202310170105,166.36666666666667
EK202310225963,140.56666666666666
EK202310114547,151.93333333333334
EK202310236239,130.86666666666667
EK202310112862,145.5
EK202310109972,152.7
EK202310132643,134.4
EK202310132419,148.23333333333332
EK202310161002,143.06666666666666
EK202310189189,138.46666666666667
EK202310148790,147.76666666666668
EK202310169154,167.83333333333334
EK202310196747,142.9
EK202310122266,145.83333333333334
EK202310115421,129.63333333333333
EK202310180521,141.86666666666667
EK202310167786,138.53333333333333
EK202310167076,154.56666666666666
EK202310168839,144.33333333333334
EK202310110674,130.56666666666666
EK202310236684,134.96666666666667
EK202310128770,129.03333333333333
EK202310244917,160.73333333333332
EK202310128367,151.0
EK202310129004,133.63333333333333
EK202310231478,134.8
EK202310178172,143.76666666666668
EK202310180564,152.13333333333333
EK202310112326,135.2
EK202310200330,141.56666666666666
EK202310138725,136.16666666666666
EK202310177009,146.06666666666666
EK202310220598,165.43333333333334
EK202310200436,149.1
EK202310242674,138.16666666666666
EK202310222668,169.46666666666667
EK202310118184,137.56666666666666
EK202310138203,135.46666666666667
EK202310118829,155.43333333333334
EK202310185969,135.0
EK202310216351,146.63333333333333
EK202310187284,140.66666666666666
EK202310218216,141.1
EK202310219259,132.1
EK202310120929,131.1
EK202310108093,159.5
EK202310142267,150.33333333333334
EK202310174980,152.93333333333334
EK202310114009,150.73333333333332
EK202310242966,143.23333333333332
EK202310147064,145.3
EK202310223815,130.03333333333333
EK202310185149,163.6
EK202310173756,121.36666666666666
EK202310212549,153.13333333333333
EK202310122123,132.2
EK202310148593,138.23333333333332
EK202310203858,139.06666666666666
EK202310194323,149.96666666666667
EK202310210067,150.83333333333334
EK202310247362,145.06666666666666
EK202310179728,167.4
EK202310135263,140.13333333333333
EK202310228041,150.2
EK202310198439,145.83333333333334
EK202310224121,124.96666666666667
EK202310176263,144.9
EK202310210520,134.3
EK202310153558,130.36666666666667
EK202310201528,150.03333333333333
EK202310204700,139.76666666666668
EK202310199855,147.5
EK202310133334,135.76666666666668
EK202310125891,132.33333333333334
EK202310149237,136.46666666666667
EK202310207352,132.23333333333332
EK202310143244,154.93333333333334
EK202310173902,155.1
EK202310204441,121.63333333333334
EK202310154510,151.3
EK202310197593,156.53333333333333
EK202310139918,133.3
EK202310143944,131.0
EK202310182605,138.76666666666668
EK202310113041,135.2
EK202310108339,145.8
EK202310177699,140.96666666666667
EK202310158001,148.96666666666667
EK202310243619,133.36666666666667
EK202310225367,142.96666666666667
EK202310148561,135.96666666666667
EK202310242689,126.86666666666666
EK202310146006,159.86666666666667
EK202310200037,140.6
EK202310186473,143.26666666666668
EK202310105390,139.96666666666667
EK202310150556,148.56666666666666
EK202310180347,176.0
EK202310203230,167.53333333333333
EK202310200016,135.26666666666668
EK202310154269,135.96666666666667
EK202310128087,167.3
EK202310122816,148.43333333333334
EK202310134877,145.53333333333333
EK202310195490,137.1
EK202310209715,138.9
EK202310236837,139.43333333333334
EK202310196435,130.4
EK202310139068,155.2
EK202310171012,154.73333333333332
EK202310150360,143.9
EK202310222353,156.33333333333334
EK202310197842,150.4
EK202310188412,152.66666666666666
EK202310153874,148.43333333333334
EK202310213199,146.6
EK202310127730,158.06666666666666
EK202310215194,144.36666666666667
EK202310126576,129.33333333333334
EK202310248182,129.23333333333332
EK202310198801,162.76666666666668
EK202310198160,149.2
EK202310198294,154.4
EK202310167705,127.86666666666666
EK202310217704,146.5
EK202310145831,141.9
EK202310105308,138.73333333333332
EK202310230902,133.1
EK202310202412,139.86666666666667
EK202310130126,154.16666666666666
EK202310193563,143.63333333333333
EK202310130811,141.36666666666667
EK202310169126,140.36666666666667
EK202310107052,149.5
EK202310134315,136.76666666666668
EK202310230590,130.63333333333333
EK202310212377,137.56666666666666
EK202310227080,155.3
EK202310124256,173.16666666666666
EK202310219252,161.03333333333333
EK202310230033,133.13333333333333
EK202310117668,143.3
EK202310228344,135.0
EK202310233855,137.23333333333332
EK202310147814,141.43333333333334
EK202310107881,140.03333333333333
EK202310230203,173.0
EK202310177383,159.2
EK202310122567,131.03333333333333
EK202310207619,161.6
EK202310202333,139.3
EK202310189380,148.53333333333333
EK202310180057,144.66666666666666
EK202310202234,134.23333333333332
EK202310233426,152.2
EK202310175207,137.7
EK202310204631,150.5
EK202310194398,131.43333333333334
EK202310139820,169.6
EK202310116562,157.9
EK202310229058,139.23333333333332
EK202310247161,133.36666666666667
EK202310189860,142.9
EK202310104099,145.7
EK202310244738,146.96666666666667
EK202310247933,128.73333333333332
EK202310149446,134.9
EK202310161930,147.13333333333333
EK202310116286,143.76666666666668
EK202310109850,136.0
EK202310204890,135.3
EK202310124176,128.13333333333333
EK202310231512,138.96666666666667
EK202310157031,144.66666666666666
EK202310219683,138.06666666666666
EK202310105922,129.96666666666667
EK202310003444,138.5
EK202310128205,124.1
EK202310136781,152.46666666666667
EK202310195373,150.8
EK202310140338,132.33333333333334
EK202310178676,150.56666666666666
EK202310234329,139.4
EK202310115125,163.3
EK202310219503,127.83333333333333
EK202310201769,150.13333333333333
EK202310139458,133.33333333333334
EK202310194338,128.26666666666668
EK202310223572,136.5
EK202310125065,154.8
EK202310227016,136.46666666666667
EK202310176702,154.53333333333333
EK202310155243,146.83333333333334
EK202310192723,155.33333333333334
EK202310198191,145.23333333333332
EK202310105422,136.43333333333334
EK202310105777,155.66666666666666
EK202310187970,139.63333333333333
EK202310236294,152.16666666666666
EK202310210632,136.76666666666668
EK202310122661,152.83333333333334
EK202310132816,174.26666666666668
EK202310221993,131.66666666666666
EK202310235308,145.26666666666668
EK202310232426,139.5
EK202310225207,134.53333333333333
EK202310120329,147.1
EK202310174955,145.83333333333334
EK202310233002,164.56666666666666
EK202310226820,141.13333333333333
EK202310231561,131.5
EK202310178128,133.56666666666666
EK202310231088,130.36666666666667
EK202310147614,159.86666666666667
EK202310192044,131.56666666666666
EK202310207423,140.46666666666667
EK202310144998,144.53333333333333
EK202310160433,141.9
EK202310182388,130.0
EK202310004163,140.1
EK202310178635,133.73333333333332
EK202310147316,165.33333333333334
EK202310137625,130.4
EK202310234674,139.03333333333333
EK202310206395,142.13333333333333
EK202310198108,167.53333333333333
EK202310230135,134.53333333333333
EK202310124667,125.83333333333333
EK202310197608,162.2
EK202310239140,142.9
EK202320006708,161.46666666666667
EK202310141682,131.83333333333334
EK202310173078,142.83333333333334
EK202310180684,162.13333333333333
EK202310168825,150.86666666666667
EK202310196603,139.93333333333334
EK202310143301,169.93333333333334
EK202310198024,156.06666666666666
EK202310238866,147.26666666666668
EK202310174309,121.7
EK202310169127,143.56666666666666
EK202310118888,147.4
EK202310219211,140.56666666666666
EK202310117888,135.7
EK202310203714,129.23333333333332
EK202310212227,138.56666666666666
EK202310224375,131.33333333333334
EK202310169753,139.76666666666668
EK202310218369,154.8
EK202310229422,135.53333333333333
EK202310114027,133.3
EK202310191499,126.13333333333334
EK202310123832,142.6
EK202310117550,132.6
EK202310153034,146.46666666666667
EK202310147526,145.83333333333334
EK202310240029,136.0
EK202310208321,143.96666666666667
EK202310110615,126.86666666666666
EK202310172001,159.33333333333334
EK202310245514,138.8
EK202310113405,138.23333333333332
EK202310133712,168.6
EK202310220573,135.96666666666667
EK202310127361,165.8
EK202310203296,121.4
EK202310205467,131.73333333333332
EK202310182859,131.76666666666668
EK202310116644,149.06666666666666
EK202310143055,152.13333333333333
EK202310137541,145.6
EK202310240346,136.66666666666666
EK202310231920,148.03333333333333
EK202310003793,148.63333333333333
EK202310179099,145.86666666666667
EK202310182101,137.13333333333333
EK202310180654,146.7
EK202310203568,142.23333333333332
EK202310201589,160.86666666666667
EK202310185227,143.2
EK202310204045,164.3
EK202310231962,142.66666666666666
EK202310206237,133.03333333333333
EK202310129023,155.1
EK202320005658,134.7
EK202310155013,131.9
EK202310207955,130.73333333333332
EK202310175039,141.93333333333334
EK202310189095,148.7
EK202310222588,138.33333333333334
EK202310194826,130.6
EK202310116127,139.43333333333334
EK202310186036,128.46666666666667
EK202310228425,128.56666666666666
EK202310142709,129.3
EK202310212132,128.56666666666666
EK202310106890,144.46666666666667
EK202310244866,142.23333333333332
EK202310185150,145.76666666666668
EK202310137324,138.6
EK202310171191,132.66666666666666
EK202310113505,140.63333333333333
EK202320007023,161.66666666666666
EK202310119257,172.33333333333334
EK202310149918,143.0
EK202310223014,132.33333333333334
EK202310201000,152.73333333333332
EK202310172203,137.63333333333333
EK202310203943,143.03333333333333
EK202310120010,135.53333333333333
EK202310108002,141.33333333333334
EK202310241637,141.13333333333333
EK202310174800,142.43333333333334
EK202310127377,154.9
EK202310122799,165.53333333333333
EK202310229843,127.6
EK202310226129,144.53333333333333
EK202310140081,160.6
EK202310229999,128.13333333333333
EK202310203546,150.33333333333334
EK202310209757,140.86666666666667
EK202310116016,139.73333333333332
EK202310165012,177.2
EK202310122837,134.96666666666667
EK202310146822,154.73333333333332
EK202310112044,136.36666666666667
EK202310166309,144.33333333333334
EK202310172353,138.13333333333333
EK202310111013,158.7
EK202310134532,127.83333333333333
EK202310201623,139.46666666666667
EK202310207833,128.06666666666666
EK202310153627,157.53333333333333
EK202310173741,145.33333333333334
EK202310233377,155.1
EK202310108336,151.4
EK202310144097,141.13333333333333
EK202310242026,153.23333333333332
EK202310123987,175.86666666666667
EK202310201556,149.1
EK202310141802,150.83333333333334
EK202310160116,153.73333333333332
EK202310208420,152.33333333333334
EK202310201286,140.4
EK202310242784,136.4
EK202310207678,132.8
EK202310235367,136.53333333333333
EK202310138835,137.36666666666667
EK202310126496,146.1
EK202310210203,142.46666666666667
EK202310160698,155.3
EK202310131627,149.76666666666668
EK202310192509,134.83333333333334
EK202310237182,152.96666666666667
EK202310195225,139.26666666666668
EK202310209548,133.43333333333334
EK202310170414,136.1
EK202310178511,133.33333333333334
EK202310169436,151.6
EK202310163299,133.56666666666666
EK202310197411,137.43333333333334
EK202310208679,152.46666666666667
EK202310178121,133.43333333333334
EK202310126051,132.53333333333333
EK202310158375,147.73333333333332
EK202310190778,129.0
EK202310154851,129.43333333333334
EK202310179709,131.33333333333334
EK202310114702,142.43333333333334
EK202310167850,144.63333333333333
EK202310004729,143.1
EK202310183539,155.06666666666666
EK202310196615,135.43333333333334
EK202310162856,151.2
EK202310133076,137.36666666666667
EK202310230396,152.93333333333334
EK202310158633,151.06666666666666
EK202310161117,176.03333333333333
EK202310004351,138.5
EK202310174767,163.16666666666666
EK202310183707,141.2
EK202310201085,139.26666666666668
EK202310117365,136.9
EK202310211525,149.23333333333332
EK202310174033,153.8
EK202310133029,168.33333333333334
EK202310109257,136.7
EK202310208465,155.66666666666666
EK202310003437,138.13333333333333
EK202310147849,147.06666666666666
EK202310172875,141.8
EK202310195261,147.56666666666666
EK202310124700,142.1
EK202310209462,141.33333333333334
EK202310190370,156.1
EK202310166689,137.33333333333334
EK202310125440,136.13333333333333
EK202310242447,151.9
EK202310208224,134.63333333333333
EK202310164938,157.33333333333334
EK202310171017,134.6
EK202310221295,133.2
EK202310116789,134.8
EK202310245230,142.53333333333333
EK202310196239,133.0
EK202310217020,143.36666666666667
EK202310149091,140.0
EK202310188633,139.1
EK202310145175,132.53333333333333
EK202310184944,134.9
EK202310116881,139.13333333333333
EK202310133865,141.03333333333333
EK202310170575,147.63333333333333
EK202310217837,128.5
EK202310142127,141.23333333333332
EK202310220280,145.7
EK202310220011,152.9
EK202310136446,141.06666666666666
EK202310167400,143.66666666666666
EK202310136757,141.4
EK202310219947,131.3
EK202310215446,150.9
EK202310113390,162.76666666666668
EK202310231430,137.66666666666666
EK202310190750,145.13333333333333
EK202310218203,129.6
EK202310232673,153.13333333333333
EK202310172719,129.46666666666667
EK202310238088,148.26666666666668
EK202310122490,133.66666666666666
EK202310141767,138.86666666666667
EK202310164189,148.86666666666667
EK202310131789,153.06666666666666
EK202310131787,150.83333333333334
EK202310111463,141.43333333333334
EK202310189888,135.8
EK202310123502,136.9
EK202310248489,142.1
EK202310104974,133.8
EK202310133434,150.6
EK202310122152,130.93333333333334
EK202310223645,146.83333333333334
EK202310218467,136.1
EK202310200984,145.9
EK202310246962,147.9
EK202310138658,147.06666666666666
EK202310135971,133.5
EK202310145071,126.8
EK202310236227,164.8
EK202310161820,140.6
EK202310116560,150.96666666666667
EK202310147855,136.9
EK202310198848,153.46666666666667
EK202310126318,136.36666666666667
EK202310168761,144.76666666666668
EK202310236060,135.16666666666666
EK202310194911,175.86666666666667
EK202310232213,132.9
EK202310123619,134.26666666666668
EK202310129238,159.03333333333333
EK202310239622,146.0
EK202310130274,166.1
EK202310136862,127.56666666666666
EK202310144925,147.36666666666667
EK202310117994,131.1
EK202310145721,152.6
EK202310166110,131.46666666666667
EK202310153689,146.8
EK202310167524,134.9
EK202310171110,158.96666666666667
EK202310194242,129.8
EK202310128824,128.0
EK202310217802,156.5
EK202310174759,144.3
EK202310163258,142.83333333333334
EK202320007136,151.2
EK202310223074,133.56666666666666
EK202310127999,147.6
EK202310210697,139.23333333333332
EK202310187479,141.63333333333333
EK202310229648,162.2
EK202310223615,167.36666666666667
EK202310205259,165.33333333333334
EK202310207915,146.96666666666667
EK202310161035,165.93333333333334
EK202310211684,137.96666666666667
EK202310217627,139.06666666666666
EK202310188184,148.26666666666668
EK202310179703,140.76666666666668
EK202310191167,146.33333333333334
EK202310206412,130.56666666666666
EK202310138851,164.13333333333333
EK202320007328,148.26666666666668
EK202310211346,144.36666666666667
EK202310169209,148.5
EK202310145302,142.86666666666667
EK202310203140,154.1
EK202310209732,141.66666666666666
EK202310117958,136.46666666666667
EK202310155922,143.06666666666666
EK202310184930,139.0
EK202310150832,133.8
EK202310208806,154.23333333333332
EK202310172410,178.6
EK202310230235,142.06666666666666
EK202310203566,144.7
EK202310123801,138.1
EK202310141762,164.0
EK202310245120,133.53333333333333
EK202310183959,130.83333333333334
EK202310128037,155.63333333333333
EK202310004669,138.4
EK202310217022,133.43333333333334
EK202310110060,156.46666666666667
EK202310231754,124.73333333333333
EK202310132866,136.26666666666668
EK202310246978,145.26666666666668
EK202310111800,145.23333333333332
EK202310141316,140.2
EK202310225078,151.5
EK202310224113,130.5
EK202310229156,141.76666666666668
EK202310158924,159.13333333333333
EK202310193952,139.36666666666667
EK202310134851,136.06666666666666
EK202310107778,133.8
EK202310201914,153.6
EK202310226477,136.33333333333334
EK202310200818,144.23333333333332
EK202310178725,144.96666666666667
EK202310136843,129.1
EK202310188878,153.5
EK202310192998,154.83333333333334
EK202310123605,142.36666666666667
EK202310109206,136.53333333333333
EK202310110309,142.33333333333334
EK202310201669,161.76666666666668
EK202310228267,161.16666666666666
EK202310120920,133.1
EK202310239638,161.43333333333334
EK202310138789,157.66666666666666
EK202310187947,168.66666666666666
EK202310143793,140.56666666666666
EK202310231992,151.3
EK202310243082,141.66666666666666
EK202310174903,152.0
EK202310004153,150.26666666666668
EK202310211574,137.8
EK202310133648,147.2
EK202310145095,150.66666666666666
EK202310180354,172.26666666666668
EK202310111206,131.96666666666667
EK202310182140,148.83333333333334
EK202310202202,138.93333333333334
EK202310158892,139.3
EK202310193967,139.8
EK202310222297,129.53333333333333
EK202310121931,144.9
EK202310170526,161.0
EK202310119454,175.66666666666666
EK202310235204,152.63333333333333
EK202310123917,143.83333333333334
EK202310157703,141.33333333333334
EK202310149315,149.43333333333334
EK202310146815,140.6
EK202310126049,166.06666666666666
EK202310232396,144.33333333333334
EK202310199056,160.8
EK202310141228,140.1
EK202310196032,146.23333333333332
EK202310107291,150.66666666666666
EK202310122690,149.3
EK202310236528,140.06666666666666
EK202320007677,138.23333333333332
EK202310210488,142.7
EK202310207172,170.96666666666667
EK202310182902,126.73333333333333
EK202310139806,181.26666666666668
EK202310148583,146.9
EK202310220644,140.33333333333334
EK202310112733,135.3
EK202310204401,146.33333333333334
EK202310160356,148.26666666666668
EK202310225435,130.03333333333333
EK202310196076,132.63333333333333
EK202310203598,140.73333333333332
EK202310140544,161.03333333333333
EK202310212327,144.86666666666667
EK202310235705,159.23333333333332
EK202310202376,130.23333333333332
EK202310196089,156.9
EK202310139122,139.33333333333334
EK202310176023,150.6
EK202310117387,138.46666666666667
EK202310192216,136.06666666666666
EK202310122067,138.96666666666667
EK202310224886,137.56666666666666
EK202310234937,147.33333333333334
EK202310196488,149.83333333333334
EK202310140986,138.8
EK202310104819,140.63333333333333
EK202310192016,167.13333333333333
EK202310230705,140.46666666666667
EK202310191079,161.26666666666668
EK202310224030,150.36666666666667
EK202310116108,127.46666666666667
EK202310216944,145.9
EK202310239270,133.5
EK202310179674,144.33333333333334
EK202310135614,142.63333333333333
EK202310196625,135.9
EK202310244109,145.06666666666666
EK202310211711,145.16666666666666
EK202310175336,171.43333333333334
EK202310155402,139.36666666666667
EK202310110776,168.26666666666668
EK202310246416,136.26666666666668
EK202310180852,132.6
EK202310173163,141.6
EK202310146639,144.16666666666666
EK202320007618,154.16666666666666
EK202310245395,147.43333333333334
EK202310175505,153.13333333333333
EK202310196444,149.33333333333334
EK202310172044,136.0
EK202310140972,170.0
EK202310236512,134.96666666666667
EK202310141653,151.8
EK202310236235,150.2
EK202310111947,138.4
EK202310129970,136.46666666666667
EK202310156921,141.16666666666666
EK202310111882,137.06666666666666
EK202310142671,148.3
EK202310225816,141.03333333333333
EK202310129016,155.5
EK202310216107,129.66666666666666
EK202310192345,128.43333333333334
EK202310115608,136.8
EK202310218293,144.93333333333334
EK202310105946,133.26666666666668
EK202310194919,144.7
EK202310138207,138.4
EK202310199908,135.26666666666668
EK202320006707,156.3
EK202310162516,158.4
EK202310121312,133.46666666666667
EK202310240696,134.4
EK202310124904,150.93333333333334
EK202310238291,140.86666666666667
EK202310127974,135.7
EK202310136024,177.16666666666666
EK202310187265,142.53333333333333
EK202310108072,132.93333333333334
EK202310240013,135.3
EK202310212042,138.66666666666666
EK202310237376,140.0
EK202310220612,130.43333333333334
EK202310194509,151.63333333333333
EK202310209569,146.1
EK202310114438,139.63333333333333
EK202310132881,159.1
EK202310175705,137.96666666666667
EK202310004055,154.6
EK202310175229,148.26666666666668
EK202310174345,154.9
EK202310212490,139.93333333333334
EK202310136810,149.6
EK202310157304,134.1
EK202310169599,132.5
EK202310107717,147.63333333333333
EK202310105279,141.23333333333332
EK202310110848,143.76666666666668
EK202310178772,166.73333333333332
EK202310245828,125.66666666666667
EK202310219817,154.4
EK202310200575,141.36666666666667
EK202310105122,141.06666666666666
EK202310162052,140.03333333333333
EK202310150697,147.0
EK202310158553,135.9
EK202310210487,136.53333333333333
EK202310219594,148.23333333333332
EK202310234064,164.33333333333334
EK202310147076,154.23333333333332
EK202310168891,144.9
EK202310230477,170.13333333333333
EK202310151700,143.7
EK202310105830,182.96666666666667
EK202310150350,140.23333333333332
EK202310221753,159.96666666666667
EK202310117832,142.66666666666666
EK202310192005,139.1
EK202310236133,141.26666666666668
EK202310128003,136.16666666666666
EK202310192879,153.9
EK202310127978,133.4
EK202310145508,139.4
EK202310112586,144.9
EK202310241863,150.6
EK202310221932,142.63333333333333
EK202310132949,130.03333333333333
EK202310223688,164.26666666666668
EK202310143982,142.5
EK202320006378,169.06666666666666
EK202310104123,142.63333333333333
EK202310185565,159.46666666666667
EK202310229086,131.9
EK202310133226,144.86666666666667
EK202310118081,147.3
EK202310150049,138.6
EK202310135400,137.13333333333333
EK202310116088,144.6
EK202310231696,140.9
EK202310146749,153.03333333333333
EK202310111238,143.16666666666666
EK202310191666,156.7
EK202310135953,139.6
EK202310161122,153.26666666666668
EK202310228253,139.9
EK202310153608,149.03333333333333
EK202310138495,166.6
EK202310145050,136.56666666666666
EK202310206747,142.66666666666666
EK202310203488,179.26666666666668
EK202310183419,149.26666666666668
EK202310129584,140.13333333333333
EK202310131950,128.53333333333333
EK202320006497,165.46666666666667
EK202310158313,153.0
EK202310156450,129.86666666666667
EK202310206931,157.76666666666668
EK202310224192,137.6
EK202310181248,152.53333333333333
EK202310139477,147.96666666666667
EK202310106863,144.63333333333333
EK202310113902,138.93333333333334
EK202310177431,145.93333333333334
EK202310189561,140.3
EK202310206223,136.23333333333332
EK202320005580,178.1
EK202310240584,136.6
EK202310193474,128.5
EK202310106515,145.36666666666667
EK202310134230,150.06666666666666
EK202310184191,138.93333333333334
EK202310120682,142.2
EK202310169684,143.26666666666668
EK202310119557,148.43333333333334
EK202310126983,141.2
EK202310167903,154.83333333333334
EK202310133442,146.86666666666667
EK202310210959,136.5
EK202310212306,132.16666666666666
EK202310230307,142.93333333333334
EK202310212565,141.93333333333334
EK202310192899,146.6
EK202310170190,135.76666666666668
EK202310153027,164.13333333333333
EK202310114380,139.76666666666668
EK202310133567,168.13333333333333
EK202310214756,137.93333333333334
EK202310114168,141.7
EK202310217065,162.76666666666668
EK202310169361,145.9
EK202310165708,156.0
EK202310228615,132.23333333333332
EK202310209019,169.26666666666668
EK202310132985,128.3
EK202310110233,137.9
EK202310143464,131.3
EK202310136141,154.2
EK202310226017,150.9
EK202310155663,145.0
EK202310195009,175.13333333333333
EK202310126196,157.53333333333333
EK202310108026,147.2
EK202310172643,140.63333333333333
EK202310153423,136.73333333333332
EK202310243003,132.83333333333334
EK202310153678,137.8
EK202310169206,146.1
EK202310196881,145.83333333333334
EK202310247696,143.33333333333334
EK202310160692,149.76666666666668
EK202310157186,169.9
EK202310156752,127.46666666666667
EK202310114419,142.43333333333334
EK202310117232,142.76666666666668
EK202310221881,150.83333333333334
EK202310202289,131.9
EK202310221155,137.83333333333334
EK202310197000,154.76666666666668
EK202310183680,137.5
EK202310166065,135.26666666666668
EK202310224104,138.43333333333334
EK202310198490,146.03333333333333
EK202310185320,140.66666666666666
EK202310112969,152.56666666666666
EK202310122531,131.33333333333334
EK202310223294,141.7
EK202310243257,155.86666666666667
EK202310227369,162.7
EK202310132379,136.1
EK202310207889,133.8
EK202310155220,139.86666666666667
EK202310149989,138.06666666666666
EK202310116304,136.5
EK202310207654,169.36666666666667
EK202310233148,136.5
EK202310133990,170.46666666666667
EK202310131881,153.6
EK202310147674,151.66666666666666
EK202310161848,144.23333333333332
EK202310113742,137.63333333333333
EK202310107292,132.16666666666666
EK202310157457,144.33333333333334
EK202310159983,130.43333333333334
EK202310222436,132.36666666666667
EK202310116722,145.6
EK202310228029,142.13333333333333
EK202310226778,137.76666666666668
EK202310223904,135.26666666666668
EK202310205019,147.06666666666666
EK202310119364,148.83333333333334
EK202310003651,144.96666666666667
EK202310212861,133.03333333333333
EK202310110710,149.9
EK202310131651,149.43333333333334
EK202310144906,132.6
EK202310188544,156.4
EK202310133839,144.16666666666666
EK202310118694,158.23333333333332
EK202310110720,128.33333333333334
EK202310128544,142.03333333333333
EK202310193628,143.66666666666666
EK202310148648,156.16666666666666
EK202310153778,142.43333333333334
EK202310188918,131.9
EK202310126546,138.03333333333333
EK202310214084,160.93333333333334
EK202310191915,159.1
EK202310230973,142.6
EK202310220076,136.63333333333333
EK202310198281,134.13333333333333
EK202310210973,138.8
EK202310116202,135.9
EK202320007382,146.33333333333334
EK202310140017,126.46666666666667
EK202310235458,143.73333333333332
EK202310224553,133.56666666666666
EK202310131411,136.1
EK202310172944,135.4
EK202310187715,149.43333333333334
EK202310117160,139.76666666666668
EK202310223783,138.66666666666666
EK202310208505,134.56666666666666
EK202310177144,146.5
EK202310141554,120.93333333333334
EK202310153806,137.23333333333332
EK202310178651,132.33333333333334
EK202310207053,144.3
EK202310121285,146.2
EK202310129917,140.5
EK202310178974,139.26666666666668
EK202310139959,142.13333333333333
EK202310240930,146.33333333333334
EK202310184143,153.3
EK202310141627,141.93333333333334
EK202310248495,139.63333333333333
EK202310210251,136.5
EK202310181393,141.46666666666667
EK202310203408,145.7
EK202310210221,143.8
EK202310153228,150.76666666666668
EK202310181161,161.0
EK202310122291,155.53333333333333
EK202310219649,141.6
EK202310108802,146.7
EK202310147915,159.53333333333333
EK202310219111,137.8
EK202310004516,135.76666666666668
EK202310187796,146.03333333333333
EK202310152632,153.7
EK202310234189,133.23333333333332
EK202310248401,136.66666666666666
EK202310198077,137.2
EK202310182281,165.43333333333334
EK202310173305,144.4
EK202310191194,139.8
EK202320006641,173.23333333333332
EK202310187839,168.33333333333334
EK202310166786,167.0
EK202310104248,145.83333333333334
EK202310140808,163.63333333333333
EK202310154881,155.86666666666667
EK202310158734,141.33333333333334
EK202310198034,138.36666666666667
EK202310210288,144.46666666666667
EK202310115555,141.8
EK202310122253,135.86666666666667
EK202310208001,166.1
EK202310247301,167.53333333333333
EK202310158412,135.5
EK202310133516,141.73333333333332
EK202310199724,147.86666666666667
EK202310203434,153.23333333333332
EK202310149601,141.93333333333334
EK202310207662,131.8
EK202310155823,165.86666666666667
EK202310155070,138.2
EK202310003692,164.73333333333332
EK202310112220,142.73333333333332
EK202310210474,133.9
EK202310174563,166.63333333333333
EK202310178481,158.2
EK202310161746,161.73333333333332
EK202310184759,139.9
EK202310214382,168.63333333333333
EK202310220383,135.8
EK202310181896,155.2
EK202310109101,165.7
EK202310111874,143.66666666666666
EK202310239939,145.03333333333333
EK202310146648,121.6
EK202310147888,162.9
EK202310228585,131.86666666666667
EK202320006300,175.3
EK202310157823,139.4
EK202310175416,145.63333333333333
EK202310191246,147.9
EK202310241025,137.0
EK202310175713,130.0
EK202310165199,149.36666666666667
EK202310229611,130.3
EK202310167463,163.76666666666668
EK202310125411,135.0
EK202310247310,130.3
EK202310131556,143.03333333333333
EK202320007526,166.56666666666666
EK202310109396,178.2
EK202310243612,146.36666666666667
EK202320006821,177.36666666666667
EK202310191818,160.0
EK202310206573,129.83333333333334
EK202310176203,165.63333333333333
EK202310113063,157.5
EK202310152411,160.5
EK202310186297,153.36666666666667
EK202320006177,147.06666666666666
EK202310184504,142.5
EK202310118343,142.36666666666667
EK202310166342,162.26666666666668
EK202310238948,170.06666666666666
EK202310226471,135.03333333333333
EK202310153486,127.1
EK202310146780,149.4
EK202310129676,147.06666666666666
EK202310230251,136.53333333333333
EK202310227178,137.56666666666666
EK202310148962,153.6
EK202310235140,165.56666666666666
EK202310158736,167.9
EK202310208299,148.6
EK202310205311,135.1
EK202310140268,135.43333333333334
EK202310158411,141.2
EK202310120168,137.53333333333333
EK202310120164,140.96666666666667
EK202310191318,130.06666666666666
EK202310124551,144.16666666666666
EK202310133393,131.53333333333333
EK202310244048,141.56666666666666
EK202310209487,146.93333333333334
EK202310130550,137.46666666666667
EK202310134976,159.13333333333333
EK202310113614,128.06666666666666
EK202310237767,142.46666666666667
EK202310120386,134.66666666666666
EK202310190693,162.86666666666667
EK202310158340,135.5
EK202310185631,135.53333333333333
EK202310193894,137.06666666666666
EK202310232391,131.76666666666668
EK202310129047,148.86666666666667
EK202310187052,143.0
EK202310174623,165.86666666666667
EK202310149978,139.76666666666668
EK202310238712,127.56666666666666
EK202310172389,168.73333333333332
EK202310187833,132.2
EK202310238335,169.93333333333334
EK202310232031,136.6
EK202310224185,135.73333333333332
EK202310166575,155.26666666666668
EK202310119974,133.43333333333334
EK202310195917,134.8
EK202310174762,156.33333333333334
EK202310237282,127.4
EK202310112142,155.96666666666667
EK202310107661,135.0
EK202310197179,160.0
EK202310154174,149.26666666666668
EK202310241892,142.2
EK202310178171,136.73333333333332
EK202310134220,146.26666666666668
EK202310200711,140.1
EK202310190031,149.8
EK202310215938,171.5
EK202310125861,136.63333333333333
EK202310143873,155.26666666666668
EK202310165035,149.06666666666666
EK202310157391,155.26666666666668
EK202310216624,143.06666666666666
EK202310136516,129.03333333333333
EK202310175267,161.9
EK202310139527,140.43333333333334
EK202310145890,141.66666666666666
EK202310207934,138.1
EK202310216534,139.13333333333333
EK202310243402,140.03333333333333
EK202310125822,144.0
EK202310210671,131.56666666666666
EK202310118842,152.6
EK202310242780,126.9
EK202310183963,135.06666666666666
EK202310192132,132.1
EK202310158172,152.16666666666666
EK202310107920,166.26666666666668
EK202310116588,140.53333333333333
EK202310157004,146.83333333333334
EK202310203397,139.2
EK202310145727,167.36666666666667
EK202310134294,162.43333333333334
EK202310161573,164.56666666666666
EK202310163914,144.83333333333334
EK202320005749,149.8
EK202310004457,137.76666666666668
EK202310198895,133.53333333333333
EK202310200079,142.9
EK202310236220,136.56666666666666
EK202310167195,142.63333333333333
EK202310190621,147.93333333333334
EK202310126857,146.16666666666666
EK202310221597,139.73333333333332
EK202310139743,145.53333333333333
EK202310173860,156.26666666666668
EK202310212130,132.03333333333333
EK202310238113,156.43333333333334
EK202310232782,148.2
EK202310231990,155.53333333333333
EK202310154189,131.6
EK202310111012,137.0
EK202310208334,128.1
EK202310222126,126.23333333333333
EK202310206217,135.23333333333332
EK202310185801,127.16666666666667
EK202310207901,140.46666666666667
EK202310121054,139.6
EK202310188410,157.76666666666668
EK202310203904,142.96666666666667
EK202310230514,142.13333333333333
EK202320007184,167.0
EK202310196925,154.36666666666667
EK202310201983,137.53333333333333
EK202310242071,150.76666666666668
EK202310242487,141.63333333333333
EK202310174134,162.0
EK202310221304,144.33333333333334
EK202310146366,140.13333333333333
EK202310242718,138.3
EK202310158582,148.86666666666667
EK202310182050,146.73333333333332
EK202310110321,139.63333333333333
EK202310126720,143.73333333333332
EK202310145134,163.3
EK202310134228,138.23333333333332
EK202310151176,130.13333333333333
EK202310159471,136.2
EK202310197298,143.1
EK202310114442,148.7
EK202310216170,137.4
EK202310126914,135.73333333333332
EK202310160897,158.6
EK202310241296,137.73333333333332
EK202310145492,128.66666666666666
EK202310142012,176.9
EK202310141538,149.6
EK202310154638,158.0
EK202310238848,161.63333333333333
EK202310139821,138.26666666666668
EK202310108173,138.63333333333333
EK202310119610,144.23333333333332
EK202310242565,158.3
EK202310186446,157.36666666666667
EK202310144153,140.06666666666666
EK202310234883,134.53333333333333
EK202310124017,171.8
EK202310163758,148.7
EK202310203597,144.7
EK202310104417,137.43333333333334
EK202310202155,138.96666666666667
EK202310245823,114.1
EK202310203079,133.96666666666667
EK202310161636,156.36666666666667
EK202310144165,136.76666666666668
EK202310204775,143.2
EK202310167770,161.5
EK202310215963,143.86666666666667
EK202310133633,141.16666666666666
EK202310214866,133.36666666666667
EK202310180646,147.33333333333334
EK202310167541,140.86666666666667
EK202310136641,161.66666666666666
EK202310148939,143.2
EK202310103722,156.56666666666666
EK202310179303,144.06666666666666
EK202310200620,148.2
EK202310125714,140.76666666666668
EK202310204522,144.4
EK202310150835,151.9
EK202310130780,133.1
EK202310105814,133.1
EK202310172033,141.26666666666668
EK202310201852,152.43333333333334
EK202310148715,144.2
EK202310221644,136.6
EK202310114274,150.93333333333334
EK202310178264,167.36666666666667
EK202310164025,157.96666666666667
EK202310204651,145.06666666666666
EK202310141344,147.0
EK202310185886,162.1
EK202310203443,149.93333333333334
EK202320007693,140.43333333333334
EK202310236673,149.8
EK202310205537,172.46666666666667
EK202310215661,141.96666666666667
EK202310116840,130.9
EK202310179840,151.73333333333332
EK202310178802,153.83333333333334
EK202310124043,146.36666666666667
EK202310160029,142.36666666666667
EK202310166756,155.53333333333333
EK202310234362,136.03333333333333
EK202310130046,132.23333333333332
EK202310175285,142.7
EK202310155324,152.76666666666668
EK202310110760,138.16666666666666
EK202310167871,146.83333333333334
EK202310111911,138.23333333333332
EK202310105964,143.83333333333334
EK202310187240,146.66666666666666
EK202310228002,137.86666666666667
EK202310202448,154.33333333333334
EK202310144304,143.4
EK202310132248,150.93333333333334
EK202310200767,134.66666666666666
EK202310246600,136.06666666666666
EK202310156024,148.06666666666666
EK202310124951,139.66666666666666
EK202310127803,123.5
EK202310212512,137.5
EK202310237901,137.46666666666667
EK202310123799,142.73333333333332
EK202310122255,136.86666666666667
EK202310140607,134.8
EK202310214168,158.96666666666667
EK202310205290,136.26666666666668
EK202310201590,151.63333333333333
EK202310246716,157.06666666666666
EK202310211043,135.46666666666667
EK202310245155,148.5
EK202310146684,142.96666666666667
EK202310224856,158.73333333333332
EK202310149244,137.16666666666666
EK202310130714,125.53333333333333
EK202310185702,149.7
EK202310105075,132.5
EK202310103937,159.66666666666666
EK202310219458,138.66666666666666
EK202310220878,130.66666666666666
EK202310114846,150.8
EK202310165810,131.43333333333334
EK202310188784,160.03333333333333
EK202310119305,131.96666666666667
EK202310142173,132.53333333333333
EK202310218752,157.16666666666666
EK202310191456,144.56666666666666
EK202310110108,143.53333333333333
EK202310159818,161.93333333333334
EK202310151468,179.46666666666667
EK202310107315,136.46666666666667
EK202310200556,145.36666666666667
EK202310217485,143.56666666666666
EK202310206013,133.2
EK202310004134,154.43333333333334
EK202310124207,131.86666666666667
EK202310216869,159.66666666666666
EK202310112622,161.63333333333333
EK202310239660,132.93333333333334
EK202310236964,139.2
EK202310182396,146.3
EK202310213788,168.16666666666666
EK202310193031,171.13333333333333
EK202310181134,136.0
EK202310232914,143.23333333333332
EK202310229534,149.03333333333333
EK202310187612,154.23333333333332
EK202310186706,151.3
EK202310146528,152.9
EK202310201671,133.06666666666666
EK202310155878,143.83333333333334
EK202310186935,149.3
EK202310165048,133.13333333333333
EK202310214244,157.23333333333332
EK202310003448,138.76666666666668
EK202310237813,136.36666666666667
EK202310229380,135.46666666666667
EK202310136410,134.56666666666666
EK202310181792,145.93333333333334
EK202310174073,140.6
EK202310230921,130.76666666666668
EK202310131346,133.13333333333333
EK202310167144,165.36666666666667
EK202310198792,137.93333333333334
EK202310230863,138.86666666666667
EK202310116803,138.2
EK202310161651,172.16666666666666
EK202310140098,139.66666666666666
EK202310147311,166.73333333333332
EK202310228798,126.9
EK202310166857,157.53333333333333
EK202310204207,139.96666666666667
EK202310181214,144.56666666666666
EK202310163102,150.4
EK202310132529,151.5
EK202310194194,161.8
EK202310185194,145.13333333333333
EK202310139315,134.33333333333334
EK202310133963,176.76666666666668
EK202310107375,133.3
EK202310183190,137.43333333333334
EK202310150967,134.43333333333334
EK202310235477,135.73333333333332
EK202310231329,136.3
EK202310151218,142.36666666666667
EK202310117961,139.83333333333334
EK202310115637,140.03333333333333
EK202310148316,141.33333333333334
EK202310189439,155.4
EK202310183291,161.16666666666666
EK202310180341,157.0
EK202310195359,154.9
EK202310168437,156.43333333333334
EK202310239724,143.96666666666667
EK202310120281,173.03333333333333
EK202310154084,135.2
EK202310202226,140.76666666666668
EK202310211847,133.86666666666667
EK202310225040,151.33333333333334
EK202310148021,138.83333333333334
EK202310219384,140.66666666666666
EK202310189651,155.83333333333334
EK202310172718,136.9
EK202310154499,143.76666666666668
EK202310199387,154.03333333333333
EK202310109346,135.93333333333334
EK202310151918,132.53333333333333
EK202310138435,134.1
EK202310208281,137.63333333333333
EK202310144236,144.76666666666668
EK202310169290,136.16666666666666
EK202310120393,131.33333333333334
EK202310183688,138.73333333333332
EK202310192046,132.13333333333333
EK202310141942,138.73333333333332
EK202310120519,132.7
EK202310226413,138.3
EK202310177117,151.26666666666668
EK202310217940,137.9
EK202310170501,145.33333333333334
EK202310223357,155.43333333333334
EK202310245835,126.63333333333334
EK202310137793,131.0
EK202310174008,139.3
EK202310209155,131.76666666666668
EK202310177866,144.3
EK202310137396,135.03333333333333
EK202320006094,147.66666666666666
EK202310237036,143.13333333333333
EK202310177476,140.76666666666668
EK202310218927,138.86666666666667
EK202320007708,171.4
EK202310150749,150.13333333333333
EK202310226921,141.56666666666666
EK202310134168,146.9
EK202310198694,183.16666666666666
EK202310153758,149.63333333333333
EK202310164887,151.53333333333333
EK202310235542,171.0
EK202310175801,141.0
EK202310201383,147.3
EK202310003604,140.6
EK202310132259,167.46666666666667
EK202310223451,142.83333333333334
EK202310232766,153.93333333333334
EK202310162702,130.3
EK202310191785,140.13333333333333
EK202310222647,137.06666666666666
EK202310120606,136.73333333333332
EK202310196738,137.13333333333333
EK202310167031,171.9
EK202320006878,153.23333333333332
EK202310128617,163.6
EK202310156730,139.4
EK202310154328,126.96666666666667
EK202310199723,165.43333333333334
EK202310204015,147.23333333333332
EK202310165125,145.96666666666667
EK202310128837,134.16666666666666
EK202310109283,143.76666666666668
EK202310140754,148.03333333333333
EK202310133445,151.3
EK202310215163,140.36666666666667
EK202310152379,151.53333333333333
EK202310222153,134.2
EK202310168369,137.33333333333334
EK202310146927,127.8
EK202310233613,154.5
EK202310194475,130.23333333333332
EK202310176902,137.93333333333334
EK202310109845,129.3
EK202310143688,146.03333333333333
EK202310223718,132.8
EK202310114527,133.93333333333334
EK202310120556,142.2
EK202310228552,134.36666666666667
EK202310149970,143.76666666666668
EK202310199626,140.96666666666667
EK202310214977,135.93333333333334
EK202310184953,154.23333333333332
EK202310004437,142.23333333333332
EK202310213912,160.36666666666667
EK202310151119,130.83333333333334
EK202310171466,121.1
EK202310152063,153.06666666666666
EK202310137186,144.63333333333333
EK202320007104,148.26666666666668
EK202310202185,147.36666666666667
EK202310226204,137.5
EK202310189423,144.56666666666666
EK202310192491,118.66666666666667
EK202310187212,133.93333333333334
EK202310192179,148.33333333333334
EK202310126111,131.76666666666668
EK202310175586,161.06666666666666
EK202310194758,144.33333333333334
EK202310214384,162.33333333333334
EK202310179433,151.66666666666666
EK202310118937,140.56666666666666
EK202310230656,141.63333333333333
EK202310212922,155.96666666666667
EK202310223591,129.46666666666667
EK202310182731,142.16666666666666
EK202310197092,143.96666666666667
EK202310188601,148.66666666666666
EK202310185962,153.46666666666667
EK202310154873,142.86666666666667
EK202310140333,132.66666666666666
EK202310239540,138.43333333333334
EK202310207256,134.0
EK202310193996,147.8
EK202310196769,136.4
EK202310123958,149.76666666666668
EK202310240085,151.63333333333333
EK202310246484,128.3
EK202310147689,138.53333333333333
EK202310189701,134.73333333333332
EK202310237575,137.0
EK202310219357,136.9
EK202310120804,133.76666666666668
EK202310125732,132.4
EK202310167873,138.06666666666666
EK202310247821,134.53333333333333
EK202310206331,151.76666666666668
EK202310131746,153.9
EK202310125465,131.93333333333334
EK202310137591,134.46666666666667
EK202310146755,140.7
EK202310145331,160.33333333333334
EK202310126909,129.33333333333334
EK202310176521,134.36666666666667
EK202310160650,137.9
EK202310114819,130.73333333333332
EK202310218236,135.6
EK202310204841,146.63333333333333
EK202310004910,142.43333333333334
EK202310146653,136.2
EK202310188782,140.33333333333334
EK202310125945,150.76666666666668
EK202310176437,147.23333333333332
EK202310193288,129.53333333333333
EK202310178658,155.76666666666668
EK202310150054,139.96666666666667
EK202310142919,160.66666666666666
EK202310222262,130.56666666666666
EK202310235742,175.16666666666666
EK202310113166,147.53333333333333
EK202310224000,151.06666666666666
EK202310198993,138.36666666666667
EK202310228553,134.76666666666668
EK202310190794,147.6
EK202310201535,141.96666666666667
EK202310165775,140.36666666666667
EK202310173099,141.16666666666666
EK202310152431,155.1
EK202310232652,146.83333333333334
EK202310182578,147.46666666666667
EK202310176081,155.0
EK202310168495,126.53333333333333
EK202310243081,150.3
EK202310214666,141.73333333333332
EK202310173376,129.1
EK202310185049,146.5
EK202310151788,142.73333333333332
EK202310142398,154.4
EK202310191734,161.6
EK202310185366,138.96666666666667
EK202310110653,129.36666666666667
EK202310197984,141.63333333333333
EK202310212461,133.26666666666668
EK202310220987,130.96666666666667
EK202310114458,126.9
EK202310167289,142.86666666666667
EK202310178582,149.76666666666668
EK202310135726,140.9
EK202310208307,133.56666666666666
EK202310186529,151.0
EK202310163685,135.46666666666667
EK202310204304,140.13333333333333
EK202310174269,135.93333333333334
EK202310169002,136.76666666666668
EK202310195183,153.96666666666667
EK202310172158,154.16666666666666
EK202310195251,147.9
EK202310217760,148.46666666666667
EK202310233545,138.2
EK202310146187,137.56666666666666
EK202310201834,144.03333333333333
EK202310172626,140.2
EK202310173313,148.36666666666667
EK202310151898,156.93333333333334
EK202310112427,136.4
EK202310202848,159.36666666666667
EK202310106441,144.1
EK202310200903,135.9
EK202310211769,136.33333333333334
EK202310210065,136.33333333333334
EK202310243416,133.53333333333333
EK202310178697,167.83333333333334
EK202310161358,144.36666666666667
EK202320006190,165.96666666666667
EK202310180462,137.83333333333334
EK202310162539,140.63333333333333
EK202310148977,142.96666666666667
EK202310194237,144.96666666666667
EK202310223514,134.96666666666667
EK202310162269,132.46666666666667
EK202310121844,145.1
EK202310124866,129.5
EK202310107700,151.83333333333334
EK202310221161,134.0
EK202310245562,130.4
EK202310179235,145.76666666666668
EK202310124532,157.43333333333334
EK202310128389,154.16666666666666
EK202310129800,149.93333333333334
EK202310207578,152.06666666666666
EK202310193457,147.36666666666667
EK202310206549,142.16666666666666
EK202310192075,143.53333333333333
EK202310234817,143.43333333333334
EK202310152042,136.1
EK202310199732,140.26666666666668
EK202310106385,148.16666666666666
EK202310232034,135.5
EK202310225160,136.1
EK202310168514,170.96666666666667
EK202310196347,147.13333333333333
EK202310132598,155.26666666666668
EK202310193609,129.66666666666666
EK202310112508,134.36666666666667
EK202310155472,149.26666666666668
EK202310177321,133.13333333333333
EK202310128022,155.0
EK202310206990,124.26666666666667
EK202310142239,135.5
EK202310129832,143.16666666666666
EK202310213810,140.26666666666668
EK202310198404,150.56666666666666
EK202310003754,129.3
EK202310133307,136.93333333333334
EK202310155718,155.36666666666667
EK202310124975,145.36666666666667
EK202310238569,132.0
EK202310155626,146.86666666666667
EK202310109451,137.2
EK202310156701,131.16666666666666
EK202310112702,134.46666666666667
EK202310219593,135.5
EK202310236091,143.66666666666666
EK202310109465,153.6
EK202310239232,135.6
EK202310153092,139.13333333333333
EK202310142926,178.8
EK202310195282,172.33333333333334
EK202310144631,149.83333333333334
EK202310158174,136.63333333333333
EK202310130498,151.4
EK202310152250,143.26666666666668
EK202310154816,149.43333333333334
EK202310187452,137.96666666666667
EK202310130712,133.33333333333334
EK202310225931,139.63333333333333
EK202310212154,141.03333333333333
EK202310180982,174.1
EK202310187065,146.86666666666667
EK202310231143,139.36666666666667
EK202310244459,136.0
EK202310117863,134.86666666666667
EK202310104458,148.13333333333333
EK202310228846,135.83333333333334
EK202310129898,147.2
EK202310160315,159.06666666666666
EK202310146629,137.6
EK202310166930,169.33333333333334
EK202310242374,160.9
EK202310210376,141.26666666666668
EK202310197387,148.33333333333334
EK202310136364,143.0
EK202310204149,136.83333333333334
EK202310107806,159.6
EK202310233474,164.26666666666668
EK202310228559,145.4
EK202310138215,132.2
EK202310143063,144.4
EK202310157985,139.4
EK202310190599,135.13333333333333
EK202310114903,130.76666666666668
EK202310133276,129.36666666666667
EK202310132588,130.46666666666667
EK202310004157,142.93333333333334
EK202310152358,161.66666666666666
EK202310111141,165.3
EK202310200435,118.36666666666666
EK202310204982,143.66666666666666
EK202310212495,131.6
EK202310183601,161.0
EK202310214375,151.93333333333334
EK202310210198,151.5
EK202310167063,165.86666666666667
EK202310149576,156.1
EK202310132215,152.53333333333333
EK202310163904,160.16666666666666
EK202310200956,144.13333333333333
EK202310180120,160.03333333333333
EK202310121104,134.7
EK202310203655,145.66666666666666
EK202310194561,157.13333333333333
EK202310222799,144.43333333333334
EK202320007041,139.63333333333333
EK202310119052,147.0
EK202310137233,138.56666666666666
EK202310187775,148.96666666666667
EK202310232434,139.73333333333332
EK202310205717,138.4
EK202310221339,141.56666666666666
EK202310123835,169.63333333333333
EK202310232532,133.96666666666667
EK202310107165,138.63333333333333
EK202310203436,141.43333333333334
EK202310169851,135.0
EK202310193274,157.2
EK202310151878,139.8
EK202310180128,136.1
EK202310150220,141.13333333333333
EK202310187751,137.86666666666667
EK202310162881,144.16666666666666
EK202310192822,150.26666666666668
EK202310195620,144.2
EK202310135344,135.06666666666666
EK202310190721,136.16666666666666
EK202310121180,150.5
EK202310197995,148.6
EK202310238294,136.1
EK202310181201,147.16666666666666
EK202320006195,165.8
EK202310144714,140.03333333333333
EK202310174694,163.76666666666668
EK202310130143,158.4
EK202310213402,126.8
EK202310164458,152.3
EK202310138233,148.0
EK202310196325,153.8
EK202310230287,130.73333333333332
EK202320007443,157.3
EK202310237310,147.53333333333333
EK202310188028,146.63333333333333
EK202310221385,150.6
EK202310201433,145.16666666666666
EK202310210894,129.63333333333333
EK202310144757,133.5
EK202310230555,124.46666666666667
EK202310127197,156.5
EK202310210367,144.5
EK202310107406,140.23333333333332
EK202310201552,151.43333333333334
EK202310163315,135.3
EK202310106204,143.7
EK202310189865,145.76666666666668
EK202310143319,168.8
EK202310187989,154.03333333333333
EK202310204280,144.2
EK202310166053,157.56666666666666
EK202310179719,152.3
EK202310119334,131.46666666666667
EK202310212088,140.03333333333333
EK202310123364,142.8
EK202310235184,151.76666666666668
EK202310150098,133.43333333333334
EK202310219013,139.33333333333334
EK202320005598,165.16666666666666
EK202310122400,150.33333333333334
EK202320006069,171.63333333333333
EK202310240606,128.33333333333334
EK202310192122,166.73333333333332
EK202310239991,151.4
EK202310129077,152.1
EK202310246377,129.46666666666667
EK202310242482,155.8
EK202310162862,147.73333333333332
EK202310217556,151.9
EK202310136375,137.26666666666668
EK202310193072,138.03333333333333
EK202310232709,136.2
EK202310137784,135.86666666666667
EK202310195933,166.16666666666666
EK202310190342,130.6
EK202310128675,152.63333333333333
EK202310156867,133.13333333333333
EK202310148670,123.73333333333333
EK202310176460,137.0
EK202310129961,171.83333333333334
EK202310146909,139.96666666666667
EK202310138497,139.13333333333333
EK202320005583,165.76666666666668
EK202310139679,150.96666666666667
EK202310138331,138.66666666666666
EK202310183937,153.03333333333333
EK202310180455,133.4
EK202310197763,136.8
EK202310196627,144.26666666666668
EK202310219790,142.26666666666668
EK202310185905,149.0
EK202310004706,129.7
EK202310181268,139.36666666666667
EK202310219922,135.06666666666666
EK202310149625,147.53333333333333
EK202310200086,146.63333333333333
EK202310214446,141.9
EK202310244555,131.7
EK202310203678,149.4
EK202310121725,162.9
EK202310178580,150.3
EK202310231258,139.5
EK202310116413,148.1
EK202310130519,142.46666666666667
EK202310114605,153.3
EK202310104328,137.4
EK202310217095,146.2
EK202310159014,143.36666666666667
EK202310240255,134.03333333333333
EK202320006678,150.03333333333333
EK202310127358,144.86666666666667
EK202310228371,144.5
EK202310212880,148.56666666666666
EK202310184252,146.16666666666666
EK202310222457,138.0
EK202310106525,151.8
EK202310212900,136.5
EK202310164200,149.63333333333333
EK202310141506,139.03333333333333
EK202310124179,122.63333333333334
EK202310210747,135.03333333333333
EK202310104325,138.73333333333332
EK202310171837,142.2
EK202310183388,133.56666666666666
EK202310175474,163.5
EK202310161361,148.63333333333333
EK202310163883,139.5
EK202310233128,138.7
EK202310199650,157.0
EK202310107707,154.7
EK202310112036,155.4
EK202310152162,145.13333333333333
EK202310115154,138.1
EK202310106295,134.8
EK202310209811,144.93333333333334
EK202310170779,138.73333333333332
EK202310132319,129.26666666666668
EK202310176117,165.66666666666666
EK202310109117,130.43333333333334
EK202310146050,137.26666666666668
EK202310189377,172.36666666666667
EK202310108901,161.96666666666667
EK202310129280,143.8
EK202310186201,152.13333333333333
EK202310125879,150.33333333333334
EK202310223489,158.16666666666666
EK202310195362,142.23333333333332
EK202310168199,140.43333333333334
EK202310123430,136.46666666666667
EK202310169481,141.56666666666666
EK202310212350,140.3
EK202310204165,148.46666666666667
EK202310116597,155.7
EK202310178940,141.9
EK202310181172,153.76666666666668
EK202310232407,132.1
EK202310120201,131.16666666666666
EK202310132088,190.76666666666668
EK202310176583,148.46666666666667
EK202310116485,146.0
EK202310232488,138.66666666666666
EK202310185248,141.9
EK202310114195,127.06666666666666
EK202310171527,142.16666666666666
EK202310239847,145.73333333333332
EK202310109025,141.33333333333334
EK202310188543,137.6
EK202310164772,146.76666666666668
EK202310220946,129.66666666666666
EK202310157893,161.9
EK202310130096,154.46666666666667
EK202310215475,137.03333333333333
EK202310175525,151.6
EK202310241739,144.0
EK202310149577,140.1
EK202320007764,146.73333333333332
EK202310162677,152.36666666666667
EK202310118455,139.43333333333334
EK202310144170,141.2
EK202310123446,148.9
EK202310111614,163.26666666666668
EK202310148681,143.7
EK202310135706,133.4
EK202310169610,142.33333333333334
EK202310154626,174.73333333333332
EK202310186396,137.96666666666667
EK202310130384,131.73333333333332
EK202310139999,134.96666666666667
EK202310173443,143.1
EK202310172753,156.06666666666666
EK202310150539,134.03333333333333
EK202310197972,172.56666666666666
EK202310167038,139.16666666666666
EK202310121549,141.7
EK202310144749,154.56666666666666
EK202310129763,137.96666666666667
EK202310105138,142.86666666666667
EK202310145803,133.33333333333334
EK202310150239,126.86666666666666
EK202310169489,139.53333333333333
EK202310138665,147.66666666666666
EK202310123078,124.43333333333334
EK202310219135,140.23333333333332
EK202310116443,139.4
EK202310195859,135.83333333333334
EK202310118292,133.4
EK202310134982,171.2
EK202310236579,137.06666666666666
EK202310145251,155.53333333333333
EK202310144320,146.13333333333333
EK202310165413,134.23333333333332
EK202310164223,150.4
EK202310178660,153.66666666666666
EK202310152292,154.8
EK202310232276,127.33333333333333
EK202310227732,133.9
EK202310155773,139.5
EK202310188232,157.36666666666667
EK202310182770,137.46666666666667
EK202310202719,145.2
EK202310138556,152.2
EK202310239172,152.6
EK202310151877,139.36666666666667
EK202310116662,138.36666666666667
EK202310206983,136.8
EK202310161922,134.16666666666666
EK202310116370,128.8
EK202310216242,136.56666666666666
EK202310223914,144.6
EK202310183638,143.63333333333333
EK202310180955,167.6
EK202310135432,145.36666666666667
EK202310220264,120.6
EK202310241824,158.36666666666667
EK202310175340,169.93333333333334
EK202310123572,130.16666666666666
EK202310228745,134.96666666666667
EK202310150402,151.93333333333334
EK202310123048,140.83333333333334
EK202310245625,147.3
EK202310004596,137.46666666666667
EK202310187568,140.93333333333334
EK202310004796,140.53333333333333
EK202310206482,149.03333333333333
EK202310152723,167.1
EK202310144324,149.5
EK202310182703,155.5
EK202310207031,151.03333333333333
EK202310224829,136.26666666666668
EK202310194916,152.53333333333333
EK202310158171,170.66666666666666
EK202310237739,152.13333333333333
EK202310233535,160.56666666666666
EK202310159582,146.13333333333333
EK202310157407,131.2
EK202310222554,138.46666666666667
EK202310209992,139.43333333333334
EK202310197773,164.83333333333334
EK202310219559,150.16666666666666
EK202310149590,131.86666666666667
EK202310172229,134.36666666666667
EK202310179759,142.76666666666668
EK202310141351,135.56666666666666
EK202310202674,144.7
EK202310150237,148.5
EK202310131854,145.93333333333334
EK202310209299,144.33333333333334
EK202310152323,170.26666666666668
EK202310130424,158.6
EK202310219110,134.53333333333333
EK202310208971,140.7
EK202310175417,129.46666666666667
EK202310178979,139.83333333333334
EK202310149330,139.5
EK202310214732,159.56666666666666
EK202310151284,136.53333333333333
EK202310246323,139.66666666666666
EK202310162754,141.9
EK202310142435,169.86666666666667
EK202310218666,155.8
EK202310221049,153.73333333333332
EK202310173708,148.73333333333332
EK202310192941,139.56666666666666
EK202310126047,171.43333333333334
EK202310241369,148.4
EK202310183820,152.16666666666666
EK202310243559,155.33333333333334
EK202310148350,151.0
EK202310224931,150.8
EK202310236248,154.76666666666668
EK202310156811,132.23333333333332
EK202310224565,139.83333333333334
EK202310203958,136.56666666666666
EK202310119312,140.53333333333333
EK202310178028,146.33333333333334
EK202310186588,157.33333333333334
EK202310139697,141.66666666666666
EK202310197136,146.76666666666668
EK202310220806,133.8
EK202310222987,145.63333333333333
EK202310161970,133.43333333333334
EK202310208174,157.63333333333333
EK202310118068,141.13333333333333
EK202310131022,137.23333333333332
EK202310122159,142.43333333333334
EK202310216067,129.26666666666668
EK202310245924,134.43333333333334
EK202310111788,138.66666666666666
EK202310127853,135.63333333333333
EK202310106238,147.36666666666667
EK202310158124,134.06666666666666
EK202310132835,143.53333333333333
EK202310148914,151.63333333333333
EK202310231691,135.63333333333333
EK202310247000,145.73333333333332
EK202310192115,149.73333333333332
EK202310104130,151.33333333333334
EK202310139212,154.96666666666667
EK202310197454,145.66666666666666
EK202310192429,131.56666666666666
EK202310167625,133.26666666666668
EK202310199497,149.86666666666667
EK202310153618,149.86666666666667
EK202310181484,136.2
EK202310198186,135.86666666666667
EK202310152220,144.16666666666666
EK202310159039,143.9
EK202310191546,152.26666666666668
EK202310133158,135.0
EK202310201688,140.7
EK202310235017,137.63333333333333
EK202310135857,159.63333333333333
EK202310218208,162.4
EK202310118595,133.9
EK202310163828,147.2
EK202310141421,144.3
EK202310180807,131.4
EK202310205637,138.0
EK202310105788,143.1
EK202310216219,145.66666666666666
EK202320007125,185.1
EK202310104911,151.93333333333334
EK202310189159,171.66666666666666
EK202310195473,150.16666666666666
EK202310118604,132.43333333333334
EK202310195319,145.43333333333334
EK202310240500,157.26666666666668
EK202310113748,147.63333333333333
EK202310004313,135.0
EK202310143650,158.73333333333332
EK202310165864,142.06666666666666
EK202310197618,147.63333333333333
EK202310147381,135.63333333333333
EK202310204456,142.43333333333334
EK202310168795,139.66666666666666
EK202310162071,160.33333333333334
EK202310155041,131.66666666666666
EK202310116293,143.03333333333333
EK202310111802,136.2
EK202310143876,149.06666666666666
EK202310170107,153.53333333333333
EK202320006604,176.2
EK202310181395,155.16666666666666
EK202310128405,144.76666666666668
EK202310172117,144.86666666666667
EK202310173280,135.46666666666667
EK202310114735,147.0
EK202310124558,136.13333333333333
EK202310122475,131.3
EK202310137618,133.6
EK202310105474,137.23333333333332
EK202310209280,128.43333333333334
EK202310142912,142.63333333333333
EK202310246004,125.2
EK202310186374,136.9
EK202310139853,158.93333333333334
EK202310243432,139.56666666666666
EK202310135700,129.1
EK202320006074,182.06666666666666
EK202310207199,151.63333333333333
EK202310114736,145.2
EK202310129145,151.36666666666667
EK202310135339,157.03333333333333
EK202310105627,137.53333333333333
EK202310114046,140.83333333333334
EK202310121749,145.6
EK202310160579,151.06666666666666
EK202310132059,149.6
EK202310158407,141.36666666666667
EK202310115805,132.06666666666666
EK202310165675,137.73333333333332
EK202310223393,143.33333333333334
EK202310166586,152.93333333333334
EK202310142763,153.2
EK202310169174,135.4
EK202310118007,143.8
EK202310188453,135.73333333333332
EK202310186603,140.63333333333333
EK202310115518,146.63333333333333
EK202310237777,161.53333333333333
EK202310245509,135.8
EK202310149571,158.56666666666666
EK202310238699,136.23333333333332
EK202310162044,146.16666666666666
EK202310178900,131.56666666666666
EK202310210189,153.86666666666667
EK202310246044,164.66666666666666
EK202310169510,159.23333333333332
EK202310224019,146.3
EK202310196916,150.56666666666666
EK202310110545,131.16666666666666
EK202310158475,147.13333333333333
EK202310240666,149.13333333333333
EK202310147702,144.33333333333334
EK202310240541,134.56666666666666
EK202310165419,151.0
EK202310158944,145.56666666666666
EK202310154741,145.5
EK202310183411,134.13333333333333
EK202310150802,137.6
EK202310236647,135.9
EK202310168877,164.43333333333334
EK202310177550,132.73333333333332
EK202310161815,134.33333333333334
EK202310205936,130.26666666666668
EK202310236918,146.93333333333334
EK202310231978,132.6
EK202310145447,125.16666666666667
EK202310113081,137.93333333333334
EK202310245380,142.73333333333332
EK202310226536,133.83333333333334
EK202310171629,146.9
EK202310142578,154.1
EK202310154571,147.26666666666668
EK202310133424,157.46666666666667
EK202310205232,132.16666666666666
EK202310125353,134.43333333333334
EK202310129062,136.23333333333332
EK202310148286,144.26666666666668
EK202310217186,156.6
EK202310240058,144.63333333333333
EK202310004925,147.36666666666667
EK202310121900,142.16666666666666
EK202310193811,135.9
EK202310236073,133.06666666666666
EK202310209661,147.13333333333333
EK202310183452,134.33333333333334
EK202310198390,146.36666666666667
EK202310194814,147.1
EK202310154258,139.43333333333334
EK202310225570,143.03333333333333
EK202310236562,136.43333333333334
EK202310125786,147.46666666666667
EK202310227228,133.86666666666667
EK202310104334,144.83333333333334
EK202310247598,139.26666666666668
EK202310163731,154.66666666666666
EK202310153854,161.86666666666667
EK202310209072,141.13333333333333
EK202310130417,137.1
EK202310161714,126.33333333333333
EK202310161726,148.73333333333332
EK202310214070,146.06666666666666
EK202310174019,138.63333333333333
EK202310197029,153.33333333333334
EK202310236341,135.13333333333333
EK202310218675,145.26666666666668
EK202310124319,133.46666666666667
EK202310231778,133.36666666666667
EK202320006401,136.66666666666666
EK202310107779,138.43333333333334
EK202310133015,136.83333333333334
EK202310181550,143.26666666666668
EK202310247332,148.7
EK202310111163,140.26666666666668
EK202310145310,141.7
EK202310126094,138.16666666666666
EK202310161397,136.4
EK202310146374,137.4
EK202310136414,141.73333333333332
EK202310141425,158.5
EK202310138405,146.63333333333333
EK202310173668,157.6
EK202310184285,146.1
EK202310176095,161.13333333333333
EK202310211570,133.3
EK202310208829,138.4
EK202310147190,162.93333333333334
EK202310191735,135.9
EK202310213951,147.36666666666667
EK202310140049,132.6
EK202310169326,145.33333333333334
EK202310157230,173.7
EK202310124090,130.0
EK202310142146,136.9
EK202310107242,139.76666666666668
EK202310192993,134.23333333333332
EK202310149787,143.56666666666666
EK202310177888,150.36666666666667
EK202310212815,146.43333333333334
EK202310223609,138.96666666666667
EK202310189733,168.4
EK202310218104,131.2
EK202310111896,144.8
EK202310132753,146.6
EK202310112173,144.16666666666666
EK202310167323,145.86666666666667
EK202310140969,137.66666666666666
EK202310214853,141.9
EK202310105928,138.5
EK202310213446,139.16666666666666
EK202310134309,140.4
EK202310177619,156.76666666666668
EK202310004283,133.33333333333334
EK202310176874,154.46666666666667
EK202310160131,141.8
EK202310201219,182.26666666666668
EK202310004099,138.66666666666666
EK202310167947,151.73333333333332
EK202310155342,145.4
EK202310209163,135.8
EK202310242285,141.56666666666666
EK202310215045,158.13333333333333
EK202310245674,127.76666666666667
EK202310192087,156.13333333333333
EK202310182851,130.76666666666668
EK202310184176,140.6
EK202310205303,144.43333333333334
EK202310108199,144.96666666666667
EK202310124913,149.76666666666668
EK202310140458,135.16666666666666
EK202310142132,131.23333333333332
EK202310147065,157.96666666666667
EK202310143393,128.93333333333334
EK202310139964,130.43333333333334
EK202310225775,148.53333333333333
EK202310127142,164.43333333333334
EK202310179582,152.93333333333334
EK202310207922,151.63333333333333
EK202310195810,164.86666666666667
EK202310178849,155.13333333333333
EK202310229124,132.86666666666667
EK202310113502,140.26666666666668
EK202310223610,146.93333333333334
EK202310147986,147.56666666666666
EK202310236813,159.8
EK202310176936,150.33333333333334
EK202310199151,142.63333333333333
EK202310192534,142.9
EK202310217624,133.23333333333332
EK202310003755,134.1
EK202310161830,132.03333333333333
EK202310243624,141.3
EK202310164105,133.36666666666667
EK202310179948,176.46666666666667
EK202310135310,140.13333333333333
EK202310004295,132.23333333333332
EK202310141079,141.06666666666666
EK202310225179,164.2
EK202310227335,151.5
EK202310161160,164.13333333333333
EK202310247623,154.76666666666668
EK202310206076,143.56666666666666
EK202310119053,139.8
EK202310139617,138.9
EK202310143241,145.43333333333334
EK202310115504,142.43333333333334
EK202320007161,145.96666666666667
EK202310183784,152.26666666666668
EK202310187344,171.86666666666667
EK202310185527,143.3
EK202310238290,141.63333333333333
EK202310140457,138.16666666666666
EK202310150648,147.46666666666667
EK202310223600,131.66666666666666
EK202310167530,145.9
EK202310224100,134.6
EK202310152786,135.96666666666667
EK202310135478,144.23333333333332
EK202310193078,142.63333333333333
EK202310155463,156.1
EK202310105582,129.26666666666668
EK202310135195,144.93333333333334
EK202320005552,168.8
EK202310228708,131.5
EK202310141498,130.83333333333334
EK202310193872,157.6
EK202310141414,175.56666666666666
EK202310151905,130.16666666666666
EK202310127407,157.9
EK202320006299,144.53333333333333
EK202310212343,143.06666666666666
EK202310168454,141.6
EK202310171479,128.0
EK202310110727,156.36666666666667
EK202310109806,153.43333333333334
EK202310229172,134.16666666666666
EK202310221527,126.63333333333334
EK202310136692,126.9
EK202310225939,133.93333333333334
EK202310128011,145.03333333333333
EK202310119451,138.6
EK202310240016,144.1
EK202310137412,137.5
EK202320006473,167.0
EK202310133714,163.93333333333334
EK202310182002,145.16666666666666
EK202310146885,131.0
EK202310228765,161.86666666666667
EK202310199335,145.5
EK202310144286,143.26666666666668
EK202310120179,148.93333333333334
EK202310125242,134.43333333333334
EK202310129853,150.53333333333333
EK202310105724,141.56666666666666
EK202310177232,129.36666666666667
EK202310240889,143.4
EK202310135626,131.73333333333332
EK202310182429,136.3
EK202310160815,155.6
EK202310161842,151.13333333333333
EK202310194125,138.0
EK202310163430,140.8
EK202310207741,131.63333333333333
EK202310202036,128.7
EK202310165652,128.9
EK202310136570,135.1
EK202310139028,144.83333333333334
EK202310163487,135.2
EK202310177984,146.9
EK202310239997,136.36666666666667
EK202310176249,157.93333333333334
EK202310152361,147.66666666666666
EK202310151709,138.06666666666666
EK202310135268,135.36666666666667
EK202310171919,149.7
EK202310122006,151.76666666666668
EK202310127839,147.36666666666667
EK202310219814,152.73333333333332
EK202310187560,161.36666666666667
EK202310113366,135.63333333333333
EK202310134748,132.13333333333333
EK202310208843,166.53333333333333
EK202310175338,136.63333333333333
EK202310124470,135.16666666666666
EK202310121775,127.73333333333333
EK202310237332,137.83333333333334
EK202310141855,155.83333333333334
EK202310154289,134.8
EK202310120044,127.7
EK202310192432,154.36666666666667
EK202310160195,144.86666666666667
EK202310105413,157.76666666666668
EK202310004863,144.06666666666666
EK202310138732,137.4
EK202310225944,141.56666666666666
EK202310239340,124.8
EK202310155959,157.56666666666666
EK202310177384,153.16666666666666
EK202310114746,128.83333333333334
EK202310156841,150.96666666666667
EK202310213654,133.06666666666666
EK202310210592,159.96666666666667
EK202310110296,131.06666666666666
EK202310240236,138.43333333333334
EK202310242957,142.0
EK202310163621,142.73333333333332
EK202310202691,168.16666666666666
EK202310127490,136.43333333333334
EK202310199512,159.8
EK202310155288,140.96666666666667
EK202310237968,142.06666666666666
EK202310118847,149.96666666666667
EK202310144769,128.73333333333332
EK202310212518,161.46666666666667
EK202320007577,134.9
EK202310244590,165.66666666666666
EK202310003432,133.36666666666667
EK202310242932,151.06666666666666
EK202310184880,151.43333333333334
EK202310208839,146.43333333333334
EK202310225707,149.93333333333334
EK202310196085,177.6
EK202310111047,144.1
EK202310149321,157.5
EK202310214602,128.66666666666666
EK202310190162,151.43333333333334
EK202310203789,135.33333333333334
EK202310165931,148.33333333333334
EK202310143768,140.93333333333334
EK202310226420,155.8
EK202310206883,134.5
EK202310230191,172.7
EK202310223966,134.43333333333334
EK202310118804,134.73333333333332
EK202310224984,130.33333333333334
EK202310221101,147.9
EK202310241759,144.7
EK202310219986,135.23333333333332
EK202310247113,132.06666666666666
EK202310136489,143.83333333333334
EK202310189176,159.06666666666666
EK202310201813,152.03333333333333
EK202310167143,142.03333333333333
EK202310245156,142.1
EK202310149980,137.6
EK202310238395,150.7
EK202310223767,137.8
EK202310118543,150.5
EK202310137202,141.4
EK202310245378,144.3
EK202310202917,153.83333333333334
EK202310120015,133.76666666666668
EK202310242744,147.66666666666666
EK202310170961,130.0
EK202310170849,137.4
EK202310108365,142.5
EK202310225302,140.13333333333333
EK202310141853,136.36666666666667
EK202310152952,148.9
EK202310118252,134.46666666666667
EK202310150764,146.0
EK202310188288,152.0
EK202310236699,133.26666666666668
EK202310228975,143.96666666666667
EK202310176364,145.3
EK202310148297,143.1
EK202310234706,133.93333333333334
EK202310202029,137.2
EK202310218635,134.16666666666666
EK202310187565,178.7
EK202310238217,142.13333333333333
EK202310144263,134.9
EK202310216046,125.4
EK202310240199,142.13333333333333
EK202310118761,143.6
EK202310118387,136.66666666666666
EK202310228319,134.13333333333333
EK202310188942,160.13333333333333
EK202310171922,139.06666666666666
EK202310205751,160.5
EK202310181387,145.43333333333334
EK202310194611,138.73333333333332
EK202310123903,133.7
EK202310201170,184.36666666666667
EK202310124579,136.6
EK202310225456,135.63333333333333
EK202310224047,140.9
EK202310168185,134.2
EK202310149367,155.43333333333334
EK202310222236,147.86666666666667
EK202310191402,138.23333333333332
EK202310216518,129.66666666666666
EK202310116323,126.9
EK202310229479,132.83333333333334
EK202310242068,140.53333333333333
EK202310172108,129.2
EK202310148960,136.03333333333333
EK202310203368,147.56666666666666
EK202310248782,135.0
EK202310130742,169.4
EK202310127431,143.03333333333333
EK202310166666,161.73333333333332
EK202310142516,141.16666666666666
EK202310171160,174.73333333333332
EK202310131980,143.33333333333334
EK202310230754,133.5
EK202310205660,133.9
EK202310195938,159.86666666666667
EK202310223018,135.43333333333334
EK202310189611,162.63333333333333
EK202310114061,134.9
EK202310168186,153.66666666666666
EK202310123079,140.33333333333334
EK202310142507,132.46666666666667
EK202310192082,131.86666666666667
EK202310116417,167.46666666666667
EK202310152679,136.43333333333334
EK202310186123,143.9
EK202310187670,135.96666666666667
EK202310199114,139.23333333333332
EK202310144744,135.46666666666667
EK202310171906,145.5
EK202310222160,128.5
EK202310202383,138.26666666666668
EK202310133543,154.26666666666668
EK202310240197,146.23333333333332
EK202310224654,144.33333333333334
EK202310159827,172.16666666666666
EK202310129302,172.73333333333332
EK202310220687,147.06666666666666
EK202310137416,136.03333333333333
EK202310195263,140.2
EK202310226117,131.46666666666667
EK202310177937,146.6
EK202310224977,134.16666666666666
EK202310104811,156.13333333333333
EK202310202225,141.86666666666667
EK202310198252,131.3
EK202310169634,143.3
EK202310141724,145.86666666666667
EK202310132515,130.33333333333334
EK202310222595,135.1
EK202310245206,159.73333333333332
EK202310206384,154.5
EK202310131595,147.0
EK202310114450,150.63333333333333
EK202310193999,139.9
EK202310153211,127.63333333333334
EK202310168571,171.3
EK202310117487,128.26666666666668
EK202310147040,158.56666666666666
EK202310164747,158.2
EK202310185539,146.1
EK202310180947,176.6
EK202310209467,140.46666666666667
EK202310197453,130.46666666666667
EK202310241952,151.66666666666666
EK202310171659,138.16666666666666
EK202310121984,142.4
EK202310145988,143.3
EK202310227472,175.8
EK202310158925,153.86666666666667
EK202310161059,144.53333333333333
EK202310246350,142.8
EK202310204768,157.3
EK202310245196,132.16666666666666
EK202310134281,154.93333333333334
EK202310232567,145.93333333333334
EK202310187864,148.1
EK202310175599,153.7
EK202310137474,144.66666666666666
EK202310214594,134.96666666666667
EK202310176570,128.53333333333333
EK202310143525,142.16666666666666
EK202310216731,134.33333333333334
EK202310182951,149.0
EK202310195606,174.13333333333333
EK202310003354,147.3
EK202310003704,150.86666666666667
EK202310207753,148.8
EK202310108512,156.7
EK202310230571,132.16666666666666
EK202310210082,149.33333333333334
EK202310191492,140.3
EK202310113969,130.56666666666666
EK202310123941,145.46666666666667
EK202310135080,168.96666666666667
EK202310117802,135.16666666666666
EK202310158376,135.86666666666667
EK202310140051,143.2
EK202310230366,139.96666666666667
EK202310138959,168.83333333333334
EK202310112243,130.93333333333334
EK202310142973,165.4
EK202310179563,159.8
EK202310213686,140.16666666666666
EK202310207985,142.0
EK202310169142,134.73333333333332
EK202310189846,151.53333333333333
EK202310217981,151.2
EK202310168427,136.33333333333334
EK202310165111,136.06666666666666
EK202310211489,132.0
EK202310164721,159.63333333333333
EK202310192084,147.36666666666667
EK202310155310,141.83333333333334
EK202310207807,157.06666666666666
EK202310167274,130.53333333333333
EK202310232098,143.66666666666666
EK202310246400,159.16666666666666
EK202310181247,148.56666666666666
EK202310146677,141.2
EK202310199983,153.7
EK202310198892,138.36666666666667
EK202310118490,159.26666666666668
EK202310218556,148.06666666666666
EK202310209766,164.6
EK202310201549,131.2
EK202310227205,136.33333333333334
EK202310201879,145.53333333333333
EK202310208984,130.36666666666667
EK202310172280,133.36666666666667
EK202310127074,138.56666666666666
EK202310003431,127.8
EK202310128481,137.8
EK202310191056,152.2
EK202310224670,138.66666666666666
EK202310148699,140.46666666666667
EK202310186655,152.86666666666667
EK202310145129,139.23333333333332
EK202310141368,148.4
EK202310215091,142.53333333333333
EK202310131768,141.1
EK202310169680,137.66666666666666
EK202310215558,144.5
EK202310235372,141.33333333333334
EK202310123185,134.26666666666668
EK202310188811,126.83333333333333
EK202310160442,137.06666666666666
EK202310190513,175.33333333333334
EK202310174071,148.26666666666668
EK202310226475,134.93333333333334
EK202310124362,135.43333333333334
EK202310217706,137.2
EK202310226498,154.4
EK202310237132,135.5
EK202310156490,185.4
EK202310161525,160.7
EK202310233261,144.5
EK202310183188,150.76666666666668
EK202310204179,139.2
EK202310221970,136.3
EK202310136055,140.26666666666668
EK202310192784,125.13333333333334
EK202310154098,148.76666666666668
EK202310195221,170.9
EK202310247669,160.5
EK202320006739,175.0
EK202310143079,130.93333333333334
EK202310157780,150.1
EK202310122685,130.93333333333334
EK202310228079,137.7
EK202310178496,142.7
EK202310108793,143.63333333333333
EK202310243880,132.6
EK202310108022,145.36666666666667
EK202310127023,125.7
EK202310114813,141.2
EK202310211046,140.66666666666666
EK202310139161,138.33333333333334
EK202310165288,142.46666666666667
EK202310245913,131.56666666666666
EK202310216026,130.26666666666668
EK202310132021,141.83333333333334
EK202310206339,144.1
EK202310216740,136.56666666666666
EK202310210301,142.4
EK202310167900,152.03333333333333
EK202310173409,145.43333333333334
EK202310144428,167.86666666666667
EK202310194970,151.66666666666666
EK202310105005,132.8
EK202310108090,139.86666666666667
EK202310229406,134.13333333333333
EK202310152037,135.66666666666666
EK202310204361,152.6
EK202310114029,140.8
EK202310158725,164.06666666666666
EK202310158027,142.83333333333334
EK202310148586,134.86666666666667
EK202310237068,138.1
EK202310144709,134.23333333333332
EK202310161357,132.46666666666667
EK202310124452,130.8
EK202310131605,173.66666666666666
EK202310162054,150.7
EK202310181680,182.53333333333333
EK202310117645,127.66666666666667
EK202310147699,133.63333333333333
EK202310153309,136.1
EK202310184492,140.56666666666666
EK202310104645,147.96666666666667
EK202310137713,138.1
EK202310243221,130.2
EK202310156335,142.23333333333332
EK202310197583,162.3
EK202310137359,153.96666666666667
EK202310130956,131.86666666666667
EK202310171369,163.06666666666666
EK202310232324,138.1
EK202310172995,132.53333333333333
EK202310134239,133.5
EK202310243506,146.8
EK202310163154,134.16666666666666
EK202310127929,145.93333333333334
EK202310202227,124.06666666666666
EK202310139348,135.63333333333333
EK202310158547,151.23333333333332
EK202310236863,143.03333333333333
EK202310179959,171.96666666666667
EK202310195894,140.53333333333333
EK202310229850,137.43333333333334
EK202310242435,144.56666666666666
EK202310135502,129.43333333333334
EK202310229084,135.46666666666667
EK202310118049,142.83333333333334
EK202310201122,173.4
EK202310109875,125.33333333333333
EK202310196757,143.2
EK202310139569,172.66666666666666
EK202310107377,131.53333333333333
EK202310116923,133.76666666666668
EK202310228873,134.23333333333332
EK202310218754,131.46666666666667
EK202310154272,135.3
EK202310231169,128.56666666666666
EK202310217977,156.86666666666667
EK202310222555,132.2
EK202310162130,152.26666666666668
EK202310112323,157.06666666666666
EK202310159262,142.03333333333333
EK202310151594,151.53333333333333
EK202310163721,130.9
EK202310149061,138.96666666666667
EK202310147880,155.3
EK202310212050,145.63333333333333
EK202310117729,122.76666666666667
EK202310107629,151.2
EK202310139317,132.46666666666667
EK202310179272,139.93333333333334
EK202310121894,139.33333333333334
EK202310139188,146.26666666666668
EK202310167435,148.33333333333334
EK202310228964,160.03333333333333
EK202310113550,133.73333333333332
EK202310180850,151.93333333333334
EK202310105563,135.13333333333333
EK202310110748,139.03333333333333
EK202310234819,143.0
EK202310154339,150.03333333333333
EK202310210307,131.2
EK202310239873,143.56666666666666
EK202310183383,135.36666666666667
EK202310193557,134.0
EK202310228033,137.43333333333334
EK202310167532,149.53333333333333
EK202310222264,130.4
EK202310106581,134.33333333333334
EK202310221125,130.4
EK202310165054,150.06666666666666
EK202310150415,158.13333333333333
EK202310233802,157.13333333333333
EK202310190617,142.8
EK202310106410,138.46666666666667
EK202310216886,151.5
EK202310115900,131.7
EK202310104935,152.83333333333334
EK202310129722,171.1
EK202310120948,134.93333333333334
EK202310164436,134.26666666666668
EK202310122507,125.7
EK202310160593,140.76666666666668
EK202310210615,134.83333333333334
EK202310132871,131.1
EK202310237902,129.46666666666667
EK202310231150,141.2
EK202310165528,150.76666666666668
EK202310244497,137.6
EK202310107512,130.56666666666666
EK202310120477,130.66666666666666
EK202310229593,134.7
EK202310126986,150.0
EK202310175535,149.23333333333332
EK202310148104,135.43333333333334
EK202310201431,154.53333333333333
EK202310148767,144.83333333333334
EK202310113034,129.93333333333334
EK202310209227,146.66666666666666
EK202310114309,129.63333333333333
EK202310174763,154.9
EK202310236793,137.73333333333332
EK202310177429,148.93333333333334
EK202310167536,133.86666666666667
EK202310141576,158.83333333333334
EK202310213488,136.13333333333333
EK202310162322,144.9
EK202310130610,132.23333333333332
EK202310152488,142.73333333333332
EK202310151734,171.76666666666668
EK202310155060,134.9
EK202310226481,140.56666666666666
EK202310119174,133.36666666666667
EK202310180130,139.46666666666667
EK202310104489,153.1
EK202310195688,153.66666666666666
EK202310132973,145.93333333333334
EK202310135035,174.43333333333334
EK202310167150,142.96666666666667
EK202310195252,130.96666666666667
EK202310127294,152.8
EK202310140484,136.3
EK202310119854,139.56666666666666
EK202310248841,139.6
EK202320007808,136.26666666666668
EK202310199228,141.7
EK202310184715,149.63333333333333
EK202320007242,138.23333333333332
EK202310147415,148.26666666666668
EK202310171570,142.9
EK202310110477,130.03333333333333
EK202310113604,146.56666666666666
EK202320006431,166.16666666666666
EK202310121838,138.4
EK202310148733,148.73333333333332
EK202310148335,138.36666666666667
EK202310113968,123.03333333333333
EK202310231455,135.96666666666667
EK202310203454,136.93333333333334
EK202310191708,140.66666666666666
EK202310109582,152.73333333333332
EK202310203719,143.16666666666666
EK202310201332,148.13333333333333
EK202310204835,130.56666666666666
EK202310131213,144.5
EK202310155687,145.76666666666668
EK202310178634,158.9
EK202310115110,145.36666666666667
EK202310201445,175.9
EK202310233989,134.53333333333333
EK202310226621,139.53333333333333
EK202310182124,138.23333333333332
EK202310129960,149.06666666666666
EK202310172024,148.6
EK202310124587,140.5
EK202310180490,139.66666666666666
EK202310218866,147.93333333333334
EK202310145486,135.43333333333334
EK202310243783,135.9
EK202310163544,159.26666666666668
EK202310245299,136.9
EK202310185466,144.83333333333334
EK202310114372,150.96666666666667
EK202310132954,143.83333333333334
EK202310156324,141.0
EK202310237016,130.0
EK202310214641,154.63333333333333
EK202310106858,144.4
EK202310182500,172.13333333333333
EK202310125749,151.9
EK202310201978,138.1
EK202310112112,145.06666666666666
EK202310243292,147.33333333333334
EK202310192897,131.56666666666666
EK202310173512,140.0
EK202310125634,136.06666666666666
EK202310165797,150.5
EK202310213138,161.23333333333332
EK202310211642,136.9
EK202310156317,149.06666666666666
EK202310154649,164.3
EK202310198938,148.5
EK202310175465,142.9
EK202310187555,132.23333333333332
EK202310183448,170.7
EK202310205101,142.1
EK202310201536,142.4
EK202310131221,129.03333333333333
EK202310242173,159.76666666666668
EK202310195317,147.4
EK202310139267,134.56666666666666
EK202310189575,163.9
EK202310186883,154.33333333333334
EK202310184286,160.06666666666666
EK202310194270,143.03333333333333
EK202310003611,137.63333333333333
EK202310189126,146.46666666666667
EK202310179964,160.5
EK202310118181,132.46666666666667
EK202310220832,157.23333333333332
EK202310203022,143.36666666666667
EK202310205592,162.7
EK202310128283,132.13333333333333
EK202310214279,160.1
EK202310175101,144.5
EK202310116399,133.3
EK202310132303,130.63333333333333
EK202310147925,152.26666666666668
EK202310219063,161.9
EK202310197713,137.5
EK202310165104,134.3
EK202310198835,144.7
EK202310230554,135.33333333333334
EK202310103890,134.23333333333332
EK202310152894,169.9
EK202310156771,157.36666666666667
EK202310239166,141.2
EK202310157043,162.96666666666667
EK202310158767,142.66666666666666
EK202310231819,161.76666666666668
EK202310162990,158.3
EK202310237033,170.83333333333334
EK202310220279,136.2
EK202310105088,147.13333333333333
EK202310183088,130.13333333333333
EK202310134719,144.03333333333333
EK202310126509,137.3
EK202310113028,142.5
EK202320007641,167.76666666666668
EK202310194771,125.36666666666666
EK202310193624,133.6
EK202310178811,170.83333333333334
EK202310127140,140.6
EK202310193675,146.36666666666667
EK202310208947,139.13333333333333
EK202310242072,130.4
EK202310129762,139.23333333333332
EK202310178638,155.3
EK202310208504,143.16666666666666
EK202310131365,143.0
EK202310118546,135.23333333333332
EK202310245144,141.56666666666666
EK202310142879,141.3
EK202310197920,168.93333333333334
EK202310182216,145.16666666666666
EK202310163824,142.56666666666666
EK202310247357,149.1
EK202310145691,144.8
EK202310176063,158.56666666666666
EK202320006459,169.0
EK202310227785,129.46666666666667
EK202310189723,176.43333333333334
EK202310182881,149.0
EK202310196251,145.3
EK202310212183,131.86666666666667
EK202310165884,133.66666666666666
EK202310162354,150.1
EK202320006915,178.33333333333334
EK202310152978,169.86666666666667
EK202310186596,175.7
EK202310184203,139.7
EK202310115228,133.86666666666667
EK202310187250,136.53333333333333
EK202310199882,156.2
EK202310247733,157.16666666666666
EK202310142093,139.76666666666668
EK202310192250,145.56666666666666
EK202310161127,172.66666666666666
EK202310227929,134.9
EK202310144416,142.53333333333333
EK202310129300,153.03333333333333
EK202310132887,129.13333333333333
EK202320007268,160.0
EK202310117763,132.13333333333333
EK202310135610,127.0
EK202310108226,150.86666666666667
EK202310197484,163.8
EK202310220905,132.13333333333333
EK202310210612,139.23333333333332
EK202310199825,143.73333333333332
EK202310167815,132.66666666666666
EK202310222270,136.46666666666667
EK202310218829,134.7
EK202310158524,150.8
EK202310227353,131.86666666666667
EK202310105993,149.5
EK202310128862,142.36666666666667
EK202320005603,165.56666666666666
EK202310145543,148.2
EK202310226964,137.0
EK202310106404,152.2
EK202310158792,145.0
EK202310169557,159.06666666666666
EK202320007615,146.96666666666667
EK202310244340,133.36666666666667
EK202310241009,145.8
EK202310173004,138.13333333333333
EK202310229814,149.86666666666667
EK202310136774,143.36666666666667
EK202310134670,156.6
EK202310125653,151.13333333333333
EK202310104378,134.93333333333334
EK202310114092,139.7
EK202310242755,133.53333333333333
EK202310175831,147.0
EK202310123102,126.66666666666667
EK202310246196,139.8
EK202310164308,140.6
EK202310164001,133.46666666666667
EK202310127733,170.7
EK202310107896,152.03333333333333
EK202310196209,164.56666666666666
EK202310164751,139.86666666666667
EK202310180897,136.76666666666668
EK202310217788,141.73333333333332
EK202310193711,167.83333333333334
EK202310244316,161.36666666666667
EK202310224163,139.16666666666666
EK202310104994,133.2
EK202310140073,150.06666666666666
EK202310188584,159.26666666666668
EK202310110511,130.2
EK202310231033,149.63333333333333
EK202310178461,171.66666666666666
EK202310167965,149.93333333333334
EK202310106027,142.66666666666666
EK202310193439,142.33333333333334
EK202310151107,140.36666666666667
EK202310196605,139.7
EK202310218318,142.8
EK202310195078,141.86666666666667
EK202310148837,170.33333333333334
EK202310127102,168.96666666666667
EK202310114514,141.5
EK202310121553,136.9
EK202310172559,132.16666666666666
EK202310151216,130.23333333333332
EK202310128073,132.16666666666666
EK202310108605,148.23333333333332
EK202310201812,141.6
EK202310190862,174.33333333333334
EK202310223367,177.63333333333333
EK202310217222,136.86666666666667
EK202310171756,154.06666666666666
EK202320006771,171.06666666666666
EK202310124052,147.13333333333333
EK202310221124,128.13333333333333
EK202310154368,152.76666666666668
EK202310155273,132.43333333333334
EK202310161608,165.3
EK202310176630,136.3
EK202310158951,149.4
EK202310223924,126.06666666666666
EK202310187178,153.06666666666666
EK202310189441,169.76666666666668
EK202310193808,160.9
EK202310117653,130.3
EK202320006281,142.83333333333334
EK202310104452,143.66666666666666
EK202310170998,158.76666666666668
EK202310247137,144.96666666666667
EK202310207587,163.56666666666666
EK202310224054,139.53333333333333
EK202310124503,140.06666666666666
EK202310111608,156.56666666666666
EK202310169517,132.26666666666668
EK202310177572,152.7
EK202320005767,139.36666666666667
EK202310194290,139.3
EK202310115205,156.83333333333334
EK202310227698,132.16666666666666
EK202310120637,140.06666666666666
EK202310143976,134.26666666666668
EK202310246533,129.83333333333334
EK202310244741,135.6
EK202310163421,141.36666666666667
EK202310169247,163.56666666666666
EK202310136860,138.23333333333332
EK202310217749,149.36666666666667
EK202310128152,139.16666666666666
EK202310193309,153.6
EK202310243321,152.26666666666668
EK202310152737,133.2
EK202310187887,160.23333333333332
EK202310150896,133.33333333333334
EK202310123219,148.66666666666666
EK202310166345,129.06666666666666
EK202310163457,157.7
EK202310218300,172.7
EK202310177093,148.2
EK202310123434,132.16666666666666
EK202310226930,145.66666666666666
EK202310210088,168.63333333333333
EK202310190936,153.4
EK202310127583,143.16666666666666
EK202310185141,137.56666666666666
EK202310138333,141.36666666666667
EK202310143408,141.16666666666666
EK202310147317,131.1
EK202310127752,140.4
EK202310248048,168.23333333333332
EK202310109094,134.06666666666666
EK202310230897,146.13333333333333
EK202310229240,142.76666666666668
EK202310158776,135.86666666666667
EK202310178235,156.76666666666668
EK202310153456,125.06666666666666
EK202310125365,130.06666666666666
EK202310228431,137.73333333333332
EK202310177613,162.43333333333334
EK202310230016,142.16666666666666
EK202310124464,132.63333333333333
EK202310160084,155.7
EK202310230147,140.06666666666666
EK202310154253,144.73333333333332
EK202310180390,131.03333333333333
EK202310126260,136.06666666666666
EK202310110447,130.3
EK202310225162,130.53333333333333
EK202310127787,132.9
EK202310127024,141.06666666666666
EK202310123897,149.86666666666667
EK202310191044,157.66666666666666
EK202310107279,142.63333333333333
EK202310222709,143.73333333333332
EK202310158190,136.83333333333334
EK202310226271,136.96666666666667
EK202310227119,139.43333333333334
EK202310180033,140.93333333333334
EK202310113831,125.76666666666667
EK202310127200,148.2
EK202310234951,144.56666666666666
EK202310113479,140.8
EK202310207326,147.2
EK202310227319,153.26666666666668
EK202310230874,142.13333333333333
EK202310139589,149.66666666666666
EK202310114753,154.2
EK202310121349,148.6
EK202310202957,153.96666666666667
EK202310159641,134.2
EK202310176020,149.26666666666668
EK202310163367,143.2
EK202310186524,134.53333333333333
EK202310221903,158.1
EK202310161048,152.03333333333333
EK202310187444,136.7
EK202310127440,136.63333333333333
EK202310218146,144.83333333333334
EK202310150639,157.26666666666668
EK202310233888,136.5
EK202310209197,150.2
EK202310143716,163.76666666666668
EK202310104198,139.06666666666666
EK202310154483,133.93333333333334
EK202310167981,143.6
EK202310180723,132.9
EK202310196829,145.16666666666666
EK202310115909,137.63333333333333
EK202310142747,168.0
EK202310168568,143.33333333333334
EK202310116790,132.5
EK202310246722,131.06666666666666
EK202310201508,151.1
EK202310184072,151.2
EK202310243865,129.36666666666667
EK202310210914,132.2
EK202310239276,136.6
EK202310215006,150.63333333333333
EK202310104899,155.03333333333333
EK202310123211,132.73333333333332
EK202310139857,140.3
EK202310229104,136.7
EK202310225758,137.03333333333333
EK202310154150,129.9
EK202310151559,158.1
EK202310121018,151.6
EK202310139751,126.13333333333334
EK202310130814,153.46666666666667
EK202310226459,137.2
EK202310144732,141.36666666666667
EK202310159300,173.33333333333334
EK202310216298,150.6
EK202310108276,136.2
EK202310132846,152.76666666666668
EK202310146926,130.66666666666666
EK202310205179,151.9
EK202310172161,163.26666666666668
EK202310206115,160.96666666666667
EK202310197301,140.23333333333332
EK202310172771,138.13333333333333
EK202310109812,144.16666666666666
EK202310152808,137.23333333333332
EK202310121442,149.1
EK202310136433,136.66666666666666
EK202310242312,134.96666666666667
EK202310104384,133.4
EK202310199318,143.4
EK202310135620,157.33333333333334
EK202310153631,152.2
EK202310133022,133.53333333333333
EK202310112038,134.1
EK202310200944,146.46666666666667
EK202310209272,147.86666666666667
EK202310221651,139.86666666666667
EK202310147889,149.53333333333333
EK202310004590,137.1
EK202310196915,148.7
EK202310186595,145.46666666666667
EK202310104696,156.46666666666667
EK202310144577,146.33333333333334
EK202310169285,129.13333333333333
EK202310184084,157.2
EK202310132378,152.33333333333334
EK202310246159,164.46666666666667
EK202310202358,128.13333333333333
EK202310159800,147.93333333333334
EK202310209349,142.6
EK202310200523,137.4
EK202310231409,144.56666666666666
EK202310125721,147.23333333333332
EK202310150276,137.33333333333334
EK202310197223,139.26666666666668
EK202310160408,147.13333333333333
EK202310213557,136.2
EK202310218382,149.06666666666666
EK202310209694,163.1
EK202310211465,156.76666666666668
EK202310227036,136.46666666666667
EK202310168055,134.73333333333332
EK202310173868,137.43333333333334
EK202310235783,140.5
EK202310182758,160.26666666666668
EK202310202200,162.3
EK202310114988,143.16666666666666
EK202310176929,147.9
EK202310121237,160.4
EK202310152253,146.23333333333332
EK202310226416,159.4
EK202310140761,154.93333333333334
EK202310200743,165.43333333333334
EK202310165360,152.7
EK202310235685,150.33333333333334
EK202310238675,144.8
EK202310191990,162.1
EK202310149927,135.8
EK202310196613,147.2
EK202310138650,153.0
EK202310135837,140.8
EK202310004179,150.63333333333333
EK202310202844,134.5
EK202310156145,140.86666666666667
EK202310137772,127.93333333333334
EK202310139643,163.33333333333334
EK202310190140,151.4
EK202310182976,137.86666666666667
EK202310140267,146.2
EK202310149614,155.46666666666667
EK202310188618,142.03333333333333
EK202310153165,131.76666666666668
EK202310239729,139.46666666666667
EK202310104290,142.53333333333333
EK202310237254,156.96666666666667
EK202310127230,148.43333333333334
EK202310133287,148.8
EK202310196943,140.73333333333332
EK202310154405,139.9
EK202310235085,138.03333333333333
EK202310144062,154.03333333333333
EK202310185906,141.96666666666667
EK202310133676,161.1
EK202310196801,164.4
EK202310223356,140.53333333333333
EK202310174845,176.23333333333332
EK202310131724,134.1
EK202310227778,131.76666666666668
EK202310139935,133.13333333333333
EK202310109785,144.73333333333332
EK202310162467,141.96666666666667
EK202310190820,148.53333333333333
EK202310111438,138.0
EK202310202344,160.9
EK202310128622,163.16666666666666
EK202310239716,136.26666666666668
EK202310206350,157.13333333333333
EK202310137152,135.66666666666666
EK202310186456,156.13333333333333
EK202310247836,126.63333333333334
EK202310239485,134.96666666666667
EK202310192860,133.96666666666667
EK202310130413,152.8
EK202310193922,147.36666666666667
EK202310181806,147.53333333333333
EK202310121213,144.23333333333332
EK202320006017,170.16666666666666
EK202310123080,132.73333333333332
EK202310155988,136.3
EK202310126966,167.1
EK202310189745,137.53333333333333
EK202310203961,137.73333333333332
EK202310118179,150.43333333333334
EK202310109004,145.1
EK202310003506,137.53333333333333
EK202310106808,137.46666666666667
EK202310242146,143.73333333333332
EK202310114687,160.03333333333333
EK202310139155,153.33333333333334
EK202310229903,137.23333333333332
EK202310170375,134.7
EK202310199839,141.26666666666668
EK202310112897,137.9
EK202310221448,136.6
EK202310191215,155.43333333333334
EK202310221051,153.13333333333333
EK202310221033,140.2
EK202310224111,135.06666666666666
EK202310217504,126.03333333333333
EK202310179120,153.9
EK202310106293,132.33333333333334
EK202310228948,133.2
EK202310192129,149.56666666666666
EK202310109160,137.03333333333333
EK202310170771,145.93333333333334
EK202310242806,132.43333333333334
EK202310175538,152.5
EK202310149012,157.73333333333332
EK202310104532,147.53333333333333
EK202310212068,143.96666666666667
EK202310123340,145.23333333333332
EK202310131077,137.73333333333332
EK202310148068,144.2
EK202310190251,146.03333333333333
EK202310174004,159.4
EK202310156599,136.06666666666666
EK202310153023,141.8
EK202310145554,152.1
EK202310160744,157.13333333333333
EK202310185195,136.8
EK202320006590,185.6
EK202310129886,139.76666666666668
EK202310124625,144.63333333333333
EK202310188309,153.06666666666666
EK202310142832,144.7
EK202310183119,142.06666666666666
EK202310105045,136.8
EK202310170611,130.53333333333333
EK202310155999,143.0
EK202310230234,144.66666666666666
EK202310103794,145.76666666666668
EK202310241301,147.03333333333333
EK202310202926,162.33333333333334
EK202310247420,159.53333333333333
EK202310165584,156.7
EK202310179695,132.96666666666667
EK202310164314,159.33333333333334
EK202310155082,149.4
EK202310145770,136.73333333333332
EK202310247538,173.2
EK202310214111,168.33333333333334
EK202310181544,141.83333333333334
EK202310151024,132.2
EK202310229794,133.06666666666666
EK202310125839,137.03333333333333
EK202310128797,137.6
EK202310147449,148.6
EK202310211288,139.0
EK202310165604,135.2
EK202310140481,137.93333333333334
EK202310154542,148.06666666666666
EK202310213091,131.66666666666666
EK202310248733,140.53333333333333
EK202310152930,174.16666666666666
EK202320006866,153.73333333333332
EK202310216477,129.5
EK202310181197,163.03333333333333
EK202310244809,148.33333333333334
EK202310111806,148.26666666666668
EK202310106490,157.06666666666666
EK202310145258,135.53333333333333
EK202310205168,142.0
EK202310157331,155.53333333333333
EK202310163882,136.4
EK202310129546,130.5
EK202310148414,138.3
EK202310224909,133.6
EK202310165479,134.93333333333334
EK202310170016,130.16666666666666
EK202310182759,138.93333333333334
EK202310111689,129.46666666666667
EK202310202711,143.0
EK202310201534,145.0
EK202310113940,143.7
EK202310114299,136.0
EK202310203251,156.23333333333332
EK202310143744,149.1
EK202310149498,153.43333333333334
EK202310217908,139.06666666666666
EK202310211929,130.3
EK202310149164,153.43333333333334
EK202310164565,143.16666666666666
EK202310210725,142.96666666666667
EK202310121120,130.6
EK202310216961,141.06666666666666
EK202310172951,141.63333333333333
EK202310230076,136.9
EK202310214365,144.96666666666667
EK202310120411,138.53333333333333
EK202310233763,153.26666666666668
EK202310189756,132.5
EK202310180908,150.43333333333334
EK202310163595,134.0
EK202310117226,140.36666666666667
EK202310133078,148.8
EK202310214364,151.9
EK202310216563,150.46666666666667
EK202310233460,127.76666666666667
EK202310145609,167.33333333333334
EK202310224257,150.53333333333333
EK202310192247,133.53333333333333
EK202310205631,144.23333333333332
EK202310231421,147.93333333333334
EK202310226086,134.56666666666666
EK202310237602,139.8
EK202310136602,143.9
EK202310122474,120.73333333333333
EK202310188932,162.26666666666668
EK202310138201,129.73333333333332
EK202310194378,159.86666666666667
EK202310214991,168.06666666666666
EK202310225525,143.46666666666667
EK202310134214,148.5
EK202310195862,140.16666666666666
EK202310159199,137.43333333333334
EK202310155737,133.26666666666668
EK202310170011,137.96666666666667
EK202310201630,153.66666666666666
EK202310226552,132.06666666666666
EK202310160002,133.76666666666668
EK202310151703,148.13333333333333
EK202310143816,130.56666666666666
EK202310232638,145.96666666666667
EK202310114002,141.0
EK202310129927,156.53333333333333
EK202310203267,143.0
EK202310177954,139.9
EK202310153060,141.86666666666667
EK202310111529,132.56666666666666
EK202310137725,142.93333333333334
EK202310166343,143.36666666666667
EK202310186809,161.23333333333332
EK202310144953,138.53333333333333
EK202310122463,132.46666666666667
EK202310134204,141.26666666666668
EK202310150378,136.06666666666666
EK202310237288,139.86666666666667
EK202310248480,161.96666666666667
EK202310004124,150.4
EK202310003566,126.23333333333333
EK202310213203,136.73333333333332
EK202310124344,129.8
EK202310228408,172.3
EK202310232131,147.93333333333334
EK202310118742,149.96666666666667
EK202310134004,155.53333333333333
EK202310247397,137.73333333333332
EK202310239190,133.06666666666666
EK202310246475,136.9
EK202310198578,152.5
EK202310215084,127.66666666666667
EK202310105260,145.36666666666667
EK202310165433,152.93333333333334
EK202310140038,150.93333333333334
EK202310107453,148.53333333333333
EK202310221064,141.66666666666666
EK202310120243,141.46666666666667
EK202310184845,142.6
EK202310176066,143.46666666666667
EK202310227077,142.2
EK202310144370,138.43333333333334
EK202310162124,126.73333333333333
EK202310110699,139.93333333333334
EK202310153084,166.93333333333334
EK202310160786,141.93333333333334
EK202310242308,136.63333333333333
EK202310194163,146.76666666666668
EK202310105869,147.66666666666666
EK202310214672,158.2
EK202310145840,149.63333333333333
EK202310178975,139.8
EK202310189351,169.86666666666667
EK202310180495,146.23333333333332
EK202310202435,135.06666666666666
EK202310111129,135.96666666666667
EK202310157646,151.96666666666667
EK202310227821,157.4
EK202310142018,125.13333333333334
EK202310176861,157.76666666666668
EK202310228822,127.13333333333334
EK202310142217,147.53333333333333
EK202310237859,149.86666666666667
EK202310146830,131.1
EK202310152183,139.36666666666667
EK202310179889,138.13333333333333
EK202310217535,141.26666666666668
EK202310111073,147.7
EK202310228103,144.83333333333334
EK202310171811,146.9
EK202310224290,141.26666666666668
EK202310108057,137.46666666666667
EK202310240225,167.3
EK202310240301,144.23333333333332
EK202310126961,140.96666666666667
EK202310235847,128.4
EK202310107011,154.6
EK202310185554,148.23333333333332
EK202310224213,140.73333333333332
EK202310132189,136.46666666666667
EK202310193327,147.06666666666666
EK202310230501,138.16666666666666
EK202310130145,149.8
EK202310188675,150.83333333333334
EK202310155036,140.33333333333334
EK202310177355,147.13333333333333
EK202310139948,147.33333333333334
EK202310119442,141.6
EK202310133620,135.96666666666667
EK202310202179,166.06666666666666
EK202310217546,148.6
EK202310182683,131.36666666666667
EK202310184843,136.1
EK202310108718,154.9
EK202310159849,153.9
EK202310004889,131.1
EK202320006575,171.93333333333334
EK202310209060,160.63333333333333
EK202310104959,156.03333333333333
EK202310182681,131.23333333333332
EK202310145101,149.93333333333334
EK202310134497,126.76666666666667
EK202310120585,135.93333333333334
EK202310198684,147.43333333333334
EK202310109466,139.3
EK202310106981,129.73333333333332
EK202310004230,131.2
EK202310173364,127.33333333333333
EK202310164220,141.13333333333333
EK202310207890,126.9
EK202310134470,137.96666666666667
EK202310124056,130.33333333333334
EK202310185859,138.43333333333334
EK202310160054,141.73333333333332
EK202310246219,157.4
EK202310196525,144.5
EK202310193933,151.63333333333333
EK202310144345,127.46666666666667
EK202310004466,147.6
EK202310168682,151.9
EK202310231230,135.2
EK202310206143,133.4
EK202310120180,138.93333333333334
EK202310208027,150.33333333333334
EK202310211315,137.83333333333334
EK202310176576,142.36666666666667
EK202310174969,148.7
EK202310210179,135.46666666666667
EK202310217528,134.66666666666666
EK202310238600,118.03333333333333
EK202310236054,139.93333333333334
EK202310137936,129.63333333333333
EK202310222493,140.86666666666667
EK202310171713,145.96666666666667
EK202310171703,141.93333333333334
EK202310132101,165.96666666666667
EK202310136177,130.76666666666668
EK202310222204,145.13333333333333
EK202310198438,153.53333333333333
EK202310198847,142.7
EK202310212204,133.83333333333334
EK202310158611,139.06666666666666
EK202310214429,136.03333333333333
EK202310197505,136.66666666666666
EK202310155317,154.43333333333334
EK202310103873,150.5
EK202310203439,147.0
EK202310205578,158.66666666666666
EK202310114493,136.66666666666666
EK202310192330,150.7
EK202310150257,130.63333333333333
EK202310212345,141.43333333333334
EK202310166764,158.56666666666666
EK202310173381,132.9
EK202310129246,145.16666666666666
EK202310198977,168.76666666666668
EK202310111435,163.3
EK202310210569,146.03333333333333
EK202310216496,144.73333333333332
EK202310159176,142.26666666666668
EK202310205779,139.86666666666667
EK202310160097,161.36666666666667
EK202310144776,136.0
EK202310232327,148.56666666666666
EK202310177826,157.76666666666668
EK202310232783,148.26666666666668
EK202310247658,142.53333333333333
EK202310192257,128.63333333333333
EK202310105522,145.0
EK202310110676,132.63333333333333
EK202310175277,141.03333333333333
EK202310222480,138.06666666666666
EK202310244692,152.53333333333333
EK202310238299,151.83333333333334
EK202310196847,151.76666666666668
EK202310219030,132.7
EK202310003531,144.36666666666667
EK202310216422,166.56666666666666
EK202310112977,131.93333333333334
EK202310184951,158.36666666666667
EK202310195157,159.86666666666667
EK202310107454,134.86666666666667
EK202310139967,130.83333333333334
EK202310150754,139.3
EK202310136822,144.36666666666667
EK202310219114,136.76666666666668
EK202310200603,176.36666666666667
EK202310141838,137.83333333333334
EK202310148763,148.86666666666667
EK202310234275,144.76666666666668
EK202310219816,137.06666666666666
EK202310105056,131.7
EK202310164743,157.76666666666668
EK202310132814,150.83333333333334
EK202310188510,147.8
EK202310190625,147.66666666666666
EK202310133363,146.43333333333334
EK202310164850,139.56666666666666
EK202310112766,131.33333333333334
EK202310242743,164.56666666666666
EK202310167944,159.76666666666668
EK202310174056,146.2
EK202310196467,140.53333333333333
EK202310112347,156.3
EK202310183616,141.1
EK202310169352,148.96666666666667
EK202310209027,152.06666666666666
EK202310223654,149.06666666666666
EK202310118853,145.56666666666666
EK202310161978,163.96666666666667
EK202310226345,144.8
EK202310229817,147.33333333333334
EK202310163424,130.7
EK202310230830,140.73333333333332
EK202310181485,154.66666666666666
EK202310173117,149.0
EK202310191342,144.76666666666668
EK202310205302,155.46666666666667
EK202310122843,133.5
EK202310201365,146.23333333333332
EK202310164039,142.26666666666668
EK202310176835,146.46666666666667
EK202310240788,134.76666666666668
EK202310112640,129.16666666666666
EK202310181638,132.93333333333334
EK202310233877,147.6
EK202310107169,134.2
EK202310178789,155.43333333333334
EK202310152645,129.66666666666666
EK202310139143,163.66666666666666
EK202310185606,139.1
EK202310236253,124.06666666666666
EK202310188369,140.63333333333333
EK202310138500,158.6
EK202310231971,143.73333333333332
EK202310194339,136.16666666666666
EK202310175771,158.26666666666668
EK202310109100,171.96666666666667
EK202310196714,142.46666666666667
EK202310135780,137.33333333333334
EK202310177286,140.3
EK202310162248,144.33333333333334
EK202310113556,148.26666666666668
EK202310225632,150.7
EK202310247856,148.83333333333334
EK202310178852,136.06666666666666
EK202310163577,130.16666666666666
EK202310151357,121.93333333333334
EK202310111121,151.9
EK202310181600,144.33333333333334
EK202310194358,133.43333333333334
EK202310202153,171.36666666666667
EK202310105466,119.53333333333333
EK202310216384,146.06666666666666
EK202310153150,169.33333333333334
EK202310230780,143.3
EK202310248548,121.53333333333333
EK202310121252,149.4
EK202310201045,138.7
EK202310208942,168.8
EK202310173243,144.66666666666666
EK202310183907,168.1
EK202310152258,135.56666666666666
EK202310151886,124.4
EK202310124883,135.53333333333333
EK202310206942,143.23333333333332
EK202310186343,139.23333333333332
EK202310199252,139.83333333333334
EK202310153785,138.36666666666667
EK202310119274,144.1
EK202310229019,136.6
EK202310003459,150.0
EK202310215837,130.93333333333334
EK202310104012,154.86666666666667
EK202310226825,155.13333333333333
EK202310112000,146.03333333333333
EK202310228139,129.76666666666668
EK202310195964,141.36666666666667
EK202310196447,136.16666666666666
EK202310133431,156.33333333333334
EK202310148207,143.9
EK202310208262,144.8
EK202310234548,135.1
EK202310110644,173.8
EK202310112284,155.5
EK202310185528,152.26666666666668
EK202310120181,127.8
EK202310155062,132.2
EK202310141339,144.7
EK202320007364,146.96666666666667
EK202310153420,129.16666666666666
EK202310168023,160.46666666666667
EK202310136980,171.56666666666666
EK202310109577,146.66666666666666
EK202310242836,138.63333333333333
EK202310245264,141.66666666666666
EK202310156259,151.1
EK202310190170,142.43333333333334
EK202310248085,131.83333333333334
EK202310236610,136.16666666666666
EK202310127984,128.3
EK202310151526,169.8
EK202310183833,135.2
EK202310181035,123.53333333333333
EK202310209277,130.7
EK202310208187,135.13333333333333
EK202310113331,136.96666666666667
EK202310130050,148.13333333333333
EK202310210098,174.6
EK202310131769,145.36666666666667
EK202310182943,157.5
EK202310245900,138.76666666666668
EK202310112562,156.36666666666667
EK202310112368,138.2
EK202310153158,138.83333333333334
EK202310246187,168.43333333333334
EK202310158259,164.2
EK202310191908,174.66666666666666
EK202310229177,127.0
EK202310173976,127.56666666666666
EK202310235029,136.1
EK202310160651,135.6
EK202310104176,146.23333333333332
EK202310163031,141.83333333333334
EK202310189284,143.73333333333332
EK202310203767,133.0
EK202310153903,136.96666666666667
EK202310163959,139.33333333333334
EK202310175696,152.16666666666666
EK202310196551,137.36666666666667
EK202310130357,138.66666666666666
EK202310227070,158.66666666666666
EK202310223980,162.36666666666667
EK202320005716,144.3
EK202310191016,154.73333333333332
EK202310159308,171.7
EK202310157506,134.86666666666667
EK202310205339,145.33333333333334
EK202310173591,143.06666666666666
EK202310212415,136.96666666666667
EK202310152400,132.26666666666668
EK202310116809,142.2
EK202310223921,165.6
EK202310136881,134.3
EK202310197683,162.3
EK202310119242,143.76666666666668
EK202310156431,154.7
EK202310142993,161.6
EK202310190357,141.63333333333333
EK202310138818,153.76666666666668
EK202310180708,135.23333333333332
EK202310171205,142.83333333333334
EK202310205536,139.9
EK202310178501,143.16666666666666
EK202310114516,150.1
EK202310217959,135.83333333333334
EK202310197130,142.8
EK202310175335,140.06666666666666
EK202310106557,150.63333333333333
EK202310228468,140.16666666666666
EK202310107166,140.33333333333334
EK202310187850,157.46666666666667
EK202310231655,141.0
EK202320005951,176.96666666666667
EK202310110395,124.16666666666667
EK202310229554,146.8
EK202310129150,143.8
EK202310245507,152.4
EK202310165967,141.03333333333333
EK202310139144,132.06666666666666
EK202310205378,140.63333333333333
EK202310118211,138.63333333333333
EK202310117975,140.36666666666667
EK202310246423,132.7
EK202310224264,136.0
EK202310157523,146.73333333333332
EK202310136806,149.63333333333333
EK202310209414,151.13333333333333
EK202310105657,142.3
EK202310227287,133.3
EK202310143495,163.8
EK202310104202,136.93333333333334
EK202310132179,145.1
EK202310192107,149.86666666666667
EK202310201701,154.53333333333333
EK202310204228,145.3
EK202310204465,163.1
EK202310220504,160.86666666666667
EK202310190283,146.13333333333333
EK202310220919,157.13333333333333
EK202310136224,156.2
EK202310229439,133.86666666666667
EK202310201973,136.53333333333333
EK202310233266,142.53333333333333
EK202310120402,135.93333333333334
EK202310203268,142.03333333333333
EK202310103759,150.33333333333334
EK202310206364,149.2
EK202310239486,129.7
EK202310167126,151.36666666666667
EK202310172738,136.83333333333334
EK202310225872,142.4
EK202310124187,133.16666666666666
EK202310230657,140.46666666666667
EK202310219193,136.06666666666666
EK202310169804,153.1
EK202310214791,135.96666666666667
EK202310130499,149.1
EK202310125258,139.63333333333333
EK202310217221,152.4
EK202310244345,145.16666666666666
EK202310130692,145.63333333333333
EK202310225290,153.03333333333333
EK202310202584,156.43333333333334
EK202310165777,129.86666666666667
EK202310173066,143.03333333333333
EK202310142994,153.4
EK202310146665,140.86666666666667
EK202310213439,131.16666666666666
EK202310239350,136.23333333333332
EK202310187146,160.83333333333334
EK202310141831,170.5
EK202310181405,163.96666666666667
EK202310218983,160.86666666666667
EK202310224271,155.6
EK202310141723,146.83333333333334
EK202310191900,144.03333333333333
EK202310179485,165.46666666666667
EK202310162868,146.3
EK202310182366,137.2
EK202310148108,139.93333333333334
EK202310160133,149.1
EK202310166838,152.86666666666667
EK202310209189,142.4
EK202310135477,156.53333333333333
EK202310136211,133.0
EK202310211907,138.73333333333332
EK202310204224,156.53333333333333
EK202310003420,126.26666666666667
EK202310111245,168.66666666666666
EK202310155528,133.4
EK202310116420,169.83333333333334
EK202310163647,136.13333333333333
EK202310004316,135.36666666666667
EK202310136565,154.16666666666666
EK202310242785,135.33333333333334
EK202310142669,144.93333333333334
EK202310113336,132.13333333333333
EK202310147196,146.33333333333334
EK202310198324,171.73333333333332
EK202310143104,162.6
EK202310112994,142.36666666666667
EK202310175359,159.53333333333333
EK202310185406,148.83333333333334
EK202310179778,149.3
EK202310112667,157.9
EK202310194252,134.23333333333332
EK202310147035,131.16666666666666
EK202310111219,151.33333333333334
EK202310214524,138.5
EK202310232716,144.2
EK202310105019,142.4
EK202310234559,136.1
EK202310173427,172.7
EK202310195378,137.03333333333333
EK202310134112,136.06666666666666
EK202310181301,132.3
EK202310214980,145.0
EK202310238261,146.93333333333334
EK202310130718,139.7
EK202310147373,138.56666666666666
EK202310168667,153.73333333333332
EK202310225226,157.3
EK202310118349,149.53333333333333
EK202310157718,150.46666666666667
EK202310187448,140.96666666666667
EK202310181860,144.93333333333334
EK202310236193,146.13333333333333
EK202310152103,151.6
EK202310136089,167.2
EK202310238835,148.26666666666668
EK202310142264,135.53333333333333
EK202310198539,147.73333333333332
EK202310190468,144.83333333333334
EK202320006389,147.33333333333334
EK202310148444,135.9
EK202310149959,140.96666666666667
EK202310228555,139.2
EK202310105501,142.23333333333332
EK202310119203,129.73333333333332
EK202310232306,143.73333333333332
EK202310182557,137.06666666666666
EK202310213342,141.26666666666668
EK202310167646,176.46666666666667
EK202310195462,149.43333333333334
EK202310171718,144.13333333333333
EK202310150737,145.16666666666666
EK202310207739,160.73333333333332
EK202310121660,136.93333333333334
EK202310205678,148.03333333333333
EK202310242815,128.16666666666666
EK202310193926,129.33333333333334
EK202310169215,164.83333333333334
EK202310121914,131.16666666666666
EK202310146443,144.13333333333333
EK202310186043,134.93333333333334
EK202310242764,147.73333333333332
EK202310125734,123.0
EK202310188093,150.53333333333333
EK202310247744,138.03333333333333
EK202310183732,163.0
EK202310120950,135.36666666666667
EK202310160943,137.63333333333333
EK202310223077,147.56666666666666
EK202310113322,137.16666666666666
EK202310171016,155.7
EK202310118992,155.63333333333333
EK202310210813,129.8
EK202310119393,142.26666666666668
EK202310165072,151.73333333333332
EK202310130476,150.9
EK202310176158,126.73333333333333
EK202310235070,133.2
EK202310108800,129.6
EK202310213698,127.46666666666667
EK202310211960,135.86666666666667
EK202310115107,144.8
EK202310154887,150.96666666666667
EK202310125964,134.26666666666668
EK202310197631,148.2
EK202310152495,154.06666666666666
EK202310138965,153.56666666666666
EK202310229751,139.0
EK202310243042,134.3
EK202310104932,138.86666666666667
EK202310196593,155.7
EK202310166871,144.83333333333334
EK202310148398,164.03333333333333
EK202310209486,133.3
EK202310136632,136.36666666666667
EK202310189646,151.1
EK202310225870,146.03333333333333
EK202310161755,128.63333333333333
EK202310228917,136.26666666666668
EK202310148074,149.93333333333334
EK202310127137,151.4
EK202310189248,139.96666666666667
EK202310125103,135.13333333333333
EK202310191210,136.56666666666666
EK202310218240,136.6
EK202310237275,127.3
EK202310162417,149.8
EK202320007302,162.53333333333333
EK202310198514,130.8
EK202310156654,163.33333333333334
EK202310171571,150.5
EK202310177305,156.13333333333333
EK202310246747,155.4
EK202310202758,172.03333333333333
EK202310106134,134.26666666666668
EK202310004263,164.76666666666668
EK202310167253,145.6
EK202310154950,141.0
EK202310104343,141.06666666666666
EK202310162981,163.93333333333334
EK202310170399,130.23333333333332
EK202310157462,144.4
EK202310222137,147.43333333333334
EK202320007745,146.9
EK202310220891,133.13333333333333
EK202310197465,146.53333333333333
EK202310169484,137.66666666666666
EK202310206857,134.43333333333334
EK202310246430,128.43333333333334
EK202310116674,132.86666666666667
EK202310143852,143.33333333333334
EK202310181630,142.9
EK202310208946,152.9
EK202310108868,139.8
EK202310175588,146.1
EK202310159547,123.46666666666667
EK202310188294,144.13333333333333
EK202310180437,161.1
EK202310212936,133.0
EK202310130231,173.03333333333333
EK202310127231,142.16666666666666
EK202310189985,139.2
EK202310116510,138.4
EK202310207462,158.06666666666666
EK202310218692,136.3
EK202310227138,133.56666666666666
EK202310209607,147.83333333333334
EK202310119774,145.4
EK202310244607,134.3
EK202310113466,162.83333333333334
EK202310117710,120.43333333333334
EK202310175467,139.76666666666668
EK202310137952,134.26666666666668
EK202310235796,131.5
EK202310248336,148.66666666666666
EK202310185289,156.4
EK202310149146,146.9
EK202310129791,153.73333333333332
EK202310122547,138.16666666666666
EK202310131673,141.83333333333334
EK202310218477,157.1
EK202310158788,144.16666666666666
EK202310243244,148.23333333333332
EK202310137064,144.83333333333334
EK202310178386,157.5
EK202310159003,131.13333333333333
EK202310127413,152.43333333333334
EK202310194146,139.63333333333333
EK202310232087,159.23333333333332
EK202310143601,155.33333333333334
EK202310127915,149.96666666666667
EK202310148535,135.8
EK202310127692,135.1
EK202310134785,131.23333333333332
EK202310196646,142.7
EK202310003600,139.7
EK202310246935,164.03333333333333
EK202310239761,141.9
EK202310216852,146.9
EK202310220984,145.33333333333334
EK202310144095,139.06666666666666
EK202310152597,162.6
EK202310168343,136.96666666666667
EK202310137883,128.36666666666667
EK202310193368,139.1
EK202310127993,159.96666666666667
EK202310141466,154.9
EK202310124906,140.7
EK202310121318,144.03333333333333
EK202310214552,155.33333333333334
EK202310242972,140.43333333333334
EK202310169356,169.83333333333334
EK202310141331,140.46666666666667
EK202310148511,177.86666666666667
EK202320006765,176.96666666666667
EK202310131274,137.43333333333334
EK202310126970,136.7
EK202310167321,147.23333333333332
EK202310215589,137.3
EK202320006107,134.43333333333334
EK202310147086,169.63333333333333
EK202310233859,140.46666666666667
EK202310141954,136.93333333333334
EK202310234852,130.6
EK202310136328,131.36666666666667
EK202310133047,140.6
EK202310136399,152.7
EK202310207760,136.86666666666667
EK202310139278,152.26666666666668
EK202310125356,135.43333333333334
EK202310146350,148.26666666666668
EK202310177090,141.7
EK202310138005,134.73333333333332
EK202310137985,140.83333333333334
EK202320005567,145.33333333333334
EK202310197087,138.43333333333334
EK202310157990,136.26666666666668
EK202310176214,141.8
EK202310128811,135.26666666666668
EK202310120029,145.5
EK202310144471,143.06666666666666
EK202310188230,145.3
EK202310154178,157.7
EK202310157814,144.56666666666666
EK202310130684,140.5
EK202310140639,147.66666666666666
EK202310233784,153.26666666666668
EK202310177044,133.6
EK202310204770,153.43333333333334
EK202310143193,126.86666666666666
EK202310229063,164.36666666666667
EK202310142428,147.0
EK202310142101,153.56666666666666
EK202310199185,139.03333333333333
EK202310122048,130.76666666666668
EK202310189594,155.16666666666666
EK202310105475,150.43333333333334
EK202310181985,148.4
EK202310111833,136.66666666666666
EK202310164318,130.9
EK202310170916,143.03333333333333
EK202310158358,154.36666666666667
EK202310106802,138.9
EK202310158510,150.36666666666667
EK202310212527,137.53333333333333
EK202310109926,139.26666666666668
EK202310114932,173.86666666666667
EK202310223038,141.9
EK202310193126,151.2
EK202310246777,144.8
EK202310189632,162.06666666666666
EK202310240945,144.56666666666666
EK202310239693,134.36666666666667
EK202310216494,143.86666666666667
EK202310183749,150.03333333333333
EK202310141275,132.1
EK202310131036,140.4
EK202310113828,155.76666666666668
EK202310207144,137.86666666666667
EK202310190451,134.23333333333332
EK202310229761,135.46666666666667
EK202320006392,173.53333333333333
EK202310227082,135.36666666666667
EK202310211827,134.36666666666667
EK202310235192,143.1
EK202310198132,148.06666666666666
EK202310189905,151.46666666666667
EK202310193570,141.46666666666667
EK202310137822,136.1
EK202310206557,134.43333333333334
EK202310127272,151.46666666666667
EK202310195399,143.46666666666667
EK202310116174,173.0
EK202310112198,155.3
EK202310163418,155.76666666666668
EK202310003339,144.83333333333334
EK202310145884,143.96666666666667
EK202310210819,132.43333333333334
EK202310188596,143.03333333333333
EK202310227740,137.7
EK202310171332,148.86666666666667
EK202310107268,138.2
EK202310232122,132.83333333333334
EK202310145739,138.43333333333334
EK202310240638,127.9
EK202310174884,160.26666666666668
EK202310213193,132.9
EK202310218429,135.7
EK202310225216,129.06666666666666
EK202310235813,132.66666666666666
EK202310223825,148.16666666666666
EK202310165260,138.23333333333332
EK202310136218,149.06666666666666
EK202310138301,157.16666666666666
EK202310217412,152.06666666666666
EK202310224143,140.23333333333332
EK202310155730,146.26666666666668
EK202310246010,134.03333333333333
EK202310111437,143.03333333333333
EK202310162583,161.0
EK202310126440,133.86666666666667
EK202310104619,142.4
EK202310172843,132.23333333333332
EK202310147555,160.5
EK202310161054,154.0
EK202310209188,136.56666666666666
EK202310144583,137.46666666666667
EK202310113571,157.23333333333332
EK202310236906,145.1
EK202310236614,137.06666666666666
EK202310153224,152.8
EK202310139052,176.2
EK202310238192,112.96666666666667
EK202310233466,126.43333333333334
EK202310215038,136.73333333333332
EK202310179617,142.66666666666666
EK202310159717,143.43333333333334
EK202310152017,158.76666666666668
EK202310190439,131.0
EK202310193413,142.4
EK202310160170,172.3
EK202310123300,134.9
EK202310204445,147.73333333333332
EK202310214835,155.93333333333334
EK202310220520,136.76666666666668
EK202310003433,132.73333333333332
EK202310159797,149.1
EK202310139535,151.03333333333333
EK202310118986,141.33333333333334
EK202310131290,136.5
EK202310145211,137.2
EK202310124121,135.63333333333333
EK202310164013,141.43333333333334
EK202310158539,174.6
EK202310157029,126.9
EK202310205071,153.53333333333333
EK202310237265,145.93333333333334
EK202310121334,151.6
EK202310169722,155.96666666666667
EK202310227972,145.2
EK202310148017,162.2
EK202310201744,143.9
EK202310178777,166.5
EK202310158599,136.73333333333332
EK202310223823,139.56666666666666
EK202310244269,147.83333333333334
EK202310145223,139.9
EK202310183001,132.56666666666666
EK202310144652,138.66666666666666
EK202310149925,154.96666666666667
EK202310232433,144.53333333333333
EK202310170505,134.66666666666666
EK202310213173,148.1
EK202310140978,143.76666666666668
EK202310003838,156.6
EK202310197038,145.7
EK202310144172,137.53333333333333
EK202310107554,155.76666666666668
EK202310145215,151.66666666666666
EK202310178423,134.23333333333332
EK202310135509,157.43333333333334
EK202310114244,143.2
EK202310143184,131.03333333333333
EK202310141247,125.63333333333334
EK202310202303,146.93333333333334
EK202310111325,139.93333333333334
EK202310167906,152.53333333333333
EK202310105431,146.96666666666667
EK202320005905,176.2
EK202310127826,170.16666666666666
EK202310104035,144.36666666666667
EK202310213387,129.66666666666666
EK202310109955,130.86666666666667
EK202310218233,140.43333333333334
EK202310115271,132.96666666666667
EK202310206248,151.2
EK202310158573,154.0
EK202310183224,141.8
EK202310231210,138.03333333333333
EK202310118684,147.96666666666667
EK202310242985,129.63333333333333
EK202310136035,136.23333333333332
EK202310231734,150.46666666666667
EK202310145163,135.76666666666668
EK202310211871,136.83333333333334
EK202310151737,133.8
EK202310165550,171.03333333333333
EK202310214955,138.33333333333334
EK202310112312,142.16666666666666
EK202310122742,148.83333333333334
EK202310202487,128.46666666666667
EK202310233089,153.9
EK202310166257,151.16666666666666
EK202310180021,147.76666666666668
EK202310149123,131.0
EK202310139242,155.5
EK202310140791,153.0
EK202310230828,141.4
EK202310242667,130.16666666666666
EK202310188077,162.1
EK202310184134,147.6
EK202310227767,156.26666666666668
EK202310206257,141.96666666666667
EK202310112535,145.86666666666667
EK202310142903,154.73333333333332
EK202310109645,133.93333333333334
EK202310153020,159.93333333333334
EK202310106726,144.23333333333332
EK202310223842,144.63333333333333
EK202310194598,159.0
EK202310148450,130.83333333333334
EK202310120806,129.76666666666668
EK202310209691,147.93333333333334
EK202310114213,135.3
EK202310152335,148.53333333333333
EK202310232377,138.83333333333334
EK202310150359,151.33333333333334
EK202310172745,132.6
EK202310201411,160.4
EK202310152893,170.33333333333334
EK202310155212,142.8
EK202310182742,147.73333333333332
EK202310183087,144.43333333333334
EK202310200379,137.7
EK202310173094,126.9
EK202310227985,137.63333333333333
EK202310238336,143.43333333333334
EK202310184224,150.73333333333332
EK202310232915,168.46666666666667
EK202310219151,132.1
EK202310213370,131.1
EK202310219745,143.43333333333334
EK202310138780,154.2
EK202310203481,160.86666666666667
EK202310174922,140.56666666666666
EK202310233758,140.46666666666667
EK202310153471,131.56666666666666
EK202310151891,159.26666666666668
EK202320005592,142.93333333333334
EK202310105631,137.83333333333334
EK202310176003,145.63333333333333
EK202310181211,132.1
EK202310144399,134.73333333333332
EK202310240649,132.16666666666666
EK202310145192,148.3
EK202310206829,144.83333333333334
EK202310110211,130.03333333333333
EK202310234760,139.66666666666666
EK202310114319,136.9
EK202310135966,135.96666666666667
EK202310183214,149.66666666666666
EK202310163942,174.76666666666668
EK202310219060,140.26666666666668
EK202310192350,151.36666666666667
EK202310130531,157.33333333333334
EK202310163172,129.93333333333334
EK202310240348,142.93333333333334
EK202310198945,163.56666666666666
EK202310004178,135.83333333333334
EK202310199537,157.0
EK202310152430,148.83333333333334
EK202310200143,144.1
EK202310190524,150.3
EK202310116645,132.36666666666667
EK202310193204,140.2
EK202310148808,145.13333333333333
EK202310231781,144.63333333333333
EK202310129095,144.43333333333334
EK202310114613,150.36666666666667
EK202310190518,137.03333333333333
EK202310180509,139.96666666666667
EK202310220514,134.1
EK202310225336,128.1
EK202310237750,139.0
EK202310182363,146.33333333333334
EK202310196291,171.56666666666666
EK202310161270,145.6
EK202310132154,134.83333333333334
EK202310181652,141.7
EK202310238306,145.3
EK202310187861,134.7
EK202310196524,147.4
EK202310218151,139.13333333333333
EK202310176813,141.73333333333332
EK202310115338,157.5
EK202320007107,169.2
EK202310190744,151.5
EK202310242292,144.2
EK202310133848,136.7
EK202310173165,151.13333333333333
EK202310201969,136.9
EK202310194094,176.4
EK202310192787,130.4
EK202310107065,128.86666666666667
EK202310247670,174.06666666666666
EK202310200824,151.8
EK202310157197,133.43333333333334
EK202310192671,136.96666666666667
EK202310189959,182.6
EK202310242747,143.23333333333332
EK202310221418,140.76666666666668
EK202310178956,129.4
EK202310162978,165.5
EK202320006792,149.33333333333334
EK202310119199,133.3
EK202310229640,147.3
EK202310136912,137.6
EK202310193691,156.13333333333333
EK202310141736,134.53333333333333
EK202310159077,147.53333333333333
EK202310199320,153.9
EK202310205972,136.36666666666667
EK202310155578,145.06666666666666
EK202310115031,139.13333333333333
EK202310143815,150.23333333333332
EK202310133150,177.36666666666667
EK202310133982,149.5
EK202310216455,155.53333333333333
EK202310206390,148.5
EK202310204338,152.63333333333333
EK202310115162,139.5
EK202310117837,128.66666666666666
EK202310211582,136.26666666666668
EK202310119713,143.53333333333333
EK202310136154,138.33333333333334
EK202310222178,129.83333333333334
EK202310143261,132.43333333333334
EK202310122388,143.5
EK202310125099,142.03333333333333
EK202310172723,130.46666666666667
EK202310226850,136.8
EK202310111054,146.6
EK202310187762,155.06666666666666
EK202310213222,142.63333333333333
EK202310105201,154.86666666666667
EK202310173124,163.9
EK202310180253,138.63333333333333
EK202310248026,167.96666666666667
EK202310177052,130.6
EK202310171106,149.23333333333332
EK202310136327,134.13333333333333
EK202310208120,145.43333333333334
EK202310004784,137.8
EK202310164690,147.8
EK202310214669,152.96666666666667
EK202310131706,149.6
EK202310104529,135.93333333333334
EK202310118248,155.8
EK202310137915,130.86666666666667
EK202310247207,161.03333333333333
EK202310185211,158.13333333333333
EK202310121850,138.03333333333333
EK202310128165,158.33333333333334
EK202310123063,123.73333333333333
EK202310219511,131.06666666666666
EK202310242037,156.46666666666667
EK202310180079,152.83333333333334
EK202310193224,159.6
EK202310191500,125.83333333333333
EK202310116444,137.33333333333334
EK202310130285,140.43333333333334
EK202310108568,137.6
EK202310136319,131.63333333333333
EK202310224242,132.0
EK202310227382,133.66666666666666
EK202310202780,148.63333333333333
EK202310137223,145.93333333333334
EK202310230312,139.83333333333334
EK202310234557,138.7
EK202310189352,147.5
EK202310226383,132.16666666666666
EK202310141535,149.66666666666666
EK202310184208,131.43333333333334
EK202310230152,151.63333333333333
EK202310160390,152.03333333333333
EK202310122632,138.6
EK202310165838,146.63333333333333
EK202310144483,174.63333333333333
EK202310108194,139.7
EK202310106793,135.36666666666667
EK202310120779,131.2
EK202310113163,146.86666666666667
EK202310115686,136.7
EK202310153049,145.3
EK202310177121,158.9
EK202310151267,142.9
EK202310214589,154.13333333333333
EK202310208963,140.13333333333333
EK202310154044,144.1
EK202310198051,150.23333333333332
EK202310105305,151.63333333333333
EK202310135168,151.73333333333332
EK202310200887,136.6
EK202310202015,132.66666666666666
EK202310211458,148.2
EK202310135559,132.7
EK202310135685,143.8
EK202310164450,130.46666666666667
EK202310195626,150.83333333333334
EK202310238957,147.56666666666666
EK202310131647,137.2
EK202310150387,153.1
EK202310121479,140.46666666666667
EK202310236900,143.16666666666666
EK202310159488,141.86666666666667
EK202310191125,141.9
EK202310132284,137.06666666666666
EK202310205918,131.96666666666667
EK202310192730,162.5
EK202310123751,149.33333333333334
EK202310157723,153.03333333333333
EK202310166159,168.86666666666667
EK202310217657,133.43333333333334
EK202310139130,163.4
EK202310176465,132.96666666666667
EK202310135907,136.83333333333334
EK202310142364,132.4
EK202310106377,133.5
EK202310246049,137.3
EK202310213693,138.13333333333333
EK202310164186,149.36666666666667
EK202310160898,147.73333333333332
EK202310217495,169.13333333333333
EK202310170927,137.83333333333334
EK202310164087,112.6
EK202310202710,139.73333333333332
EK202310161660,151.8
EK202310118714,134.16666666666666
EK202310208776,156.96666666666667
EK202310192073,159.83333333333334
EK202310149834,134.23333333333332
EK202310115300,140.6
EK202310137234,133.46666666666667
EK202310167336,134.93333333333334
EK202310130940,140.13333333333333
EK202310108363,135.53333333333333
EK202310240062,141.23333333333332
EK202310143711,136.2
EK202310126099,134.1
EK202310111701,145.3
EK202310109430,145.9
EK202310229241,132.03333333333333
EK202310224916,142.8
EK202310198104,141.9
EK202310146821,146.13333333333333
EK202310149423,165.6
EK202310189461,144.96666666666667
EK202310113093,137.96666666666667
EK202310203899,158.1
EK202310222972,134.4
EK202310122045,129.86666666666667
EK202310197655,178.26666666666668
EK202310207370,153.83333333333334
EK202310126718,148.6
EK202310239768,135.06666666666666
EK202310154953,149.2
EK202310104866,139.66666666666666
EK202310213299,148.36666666666667
EK202310152880,169.1
EK202310210510,137.96666666666667
EK202310003355,140.43333333333334
EK202310138578,131.83333333333334
EK202310221979,133.16666666666666
EK202310136372,152.4
EK202310240726,139.43333333333334
EK202310199316,149.06666666666666
EK202310180477,148.2
EK202310222146,136.1
EK202310195135,149.73333333333332
EK202310225124,137.3
EK202310197588,179.96666666666667
EK202310164715,141.36666666666667
EK202310224547,151.3
EK202310195634,160.9
EK202310233272,134.73333333333332
EK202310133354,140.23333333333332
EK202310155274,154.03333333333333
EK202310187381,147.03333333333333
EK202310181622,138.36666666666667
EK202310180891,141.2
EK202310208781,153.06666666666666
EK202310138532,132.96666666666667
EK202310158039,146.73333333333332
EK202310234759,140.23333333333332
EK202310172371,136.5
EK202310004492,131.93333333333334
EK202310167403,163.96666666666667
EK202310224663,140.7
EK202310125319,142.5
EK202310148708,168.66666666666666
EK202310199777,163.23333333333332
EK202310121002,152.96666666666667
EK202310223457,131.13333333333333
EK202310241156,170.8
EK202310242414,152.16666666666666
EK202310233868,138.9
EK202310218542,136.03333333333333
EK202310181849,166.53333333333333
EK202310199972,140.26666666666668
EK202310219891,131.7
EK202310198598,157.23333333333332
EK202310192601,157.46666666666667
EK202310192902,139.36666666666667
EK202310186540,138.83333333333334
EK202310135637,146.8
EK202310224182,176.16666666666666
EK202310245468,161.96666666666667
EK202310187476,142.66666666666666
EK202310004176,147.06666666666666
EK202310173306,139.13333333333333
EK202310174815,124.6
EK202310003528,129.0
EK202310106869,146.5
EK202310114334,133.86666666666667
EK202310128865,137.93333333333334
EK202310162698,152.63333333333333
EK202310246100,144.26666666666668
EK202310183029,140.3
EK202310138016,130.13333333333333
EK202310003652,137.53333333333333
EK202310206206,130.0
EK202310152370,149.83333333333334
EK202310168292,152.53333333333333
EK202310198068,135.66666666666666
EK202310138206,130.8
EK202310199965,139.43333333333334
EK202310108649,147.86666666666667
EK202310120575,136.0
EK202310124777,138.83333333333334
EK202310165021,140.1
EK202310183112,157.83333333333334
EK202310105459,131.4
EK202310134757,130.96666666666667
EK202310103956,128.8
EK202310222980,168.66666666666666
EK202310199522,168.66666666666666
EK202310224732,132.93333333333334
EK202310192783,139.26666666666668
EK202310194812,180.86666666666667
EK202310236020,150.1
EK202310108411,156.93333333333334
EK202310106942,145.6
EK202310110399,136.46666666666667
EK202310203809,135.06666666666666
EK202310126385,142.63333333333333
EK202310130826,148.53333333333333
EK202310143699,166.96666666666667
EK202310115466,146.16666666666666
EK202310201041,152.66666666666666
EK202310210566,153.63333333333333
EK202310142263,151.5
EK202310226772,139.46666666666667
EK202310174000,138.6
EK202310134341,161.4
EK202310213426,128.46666666666667
EK202310135863,143.06666666666666
EK202310135242,156.16666666666666
EK202310146997,152.86666666666667
EK202310243667,159.36666666666667
EK202310229674,134.33333333333334
EK202310130805,134.36666666666667
EK202310220574,146.93333333333334
EK202310164649,154.13333333333333
EK202310134408,127.16666666666667
EK202310003474,132.23333333333332
EK202310118263,142.56666666666666
EK202310161867,153.9
EK202310181365,136.1
EK202310154801,147.03333333333333
EK202310219520,140.63333333333333
EK202310200310,150.03333333333333
EK202310207883,160.3
EK202310146716,141.03333333333333
EK202310123679,138.26666666666668
EK202310240065,169.03333333333333
EK202310185668,160.43333333333334
EK202310182482,166.66666666666666
EK202310112781,137.33333333333334
EK202310105135,155.53333333333333
EK202310164531,129.0
EK202310150078,173.2
EK202310223094,173.1
EK202310247424,174.9
EK202310186061,133.16666666666666
EK202310173560,136.56666666666666
EK202310190249,156.53333333333333
EK202310160821,148.63333333333333
EK202310188946,134.36666666666667
EK202310149161,138.43333333333334
EK202310122403,139.76666666666668
EK202310195995,142.53333333333333
EK202310176442,126.73333333333333
EK202310146105,144.8
EK202310212801,160.93333333333334
EK202310227700,139.96666666666667
EK202310180756,132.8
EK202310140861,138.4
EK202310207186,144.76666666666668
EK202310225979,140.1
EK202310171463,145.36666666666667
EK202310123630,144.06666666666666
EK202310184360,134.8
EK202310176661,137.6
EK202310118436,142.36666666666667
EK202310106839,137.73333333333332
EK202310205589,137.5
EK202310224665,127.73333333333333
EK202310191707,132.86666666666667
EK202310108998,135.73333333333332
EK202310168084,154.93333333333334
EK202310222339,137.5
EK202310129697,143.8
EK202310170459,137.96666666666667
EK202310170867,139.96666666666667
EK202310004814,138.43333333333334
EK202310139330,137.53333333333333
EK202310243947,143.0
EK202310158812,153.76666666666668
EK202310246467,137.76666666666668
EK202310139605,133.83333333333334
EK202310204546,156.86666666666667
EK202310247739,155.36666666666667
EK202310163645,137.0
EK202310213374,131.9
EK202320006854,187.53333333333333
EK202310003821,143.53333333333333
EK202310154988,130.16666666666666
EK202310141484,152.16666666666666
EK202310166793,152.66666666666666
EK202310216066,138.9
EK202310209262,142.4
EK202310216292,146.96666666666667
EK202310134069,126.16666666666667
EK202310177735,147.06666666666666
EK202310213634,136.16666666666666
EK202310162478,154.9
EK202310232091,133.86666666666667
EK202310138848,147.3
EK202310233671,144.0
EK202310142473,163.3
EK202310159684,158.86666666666667
EK202310180111,149.33333333333334
EK202310229192,157.4
EK202310119588,136.06666666666666
EK202310238495,143.0
EK202310209893,131.8
EK202310234545,133.63333333333333
EK202310174703,135.23333333333332
EK202310171373,139.33333333333334
EK202310150301,152.26666666666668
EK202310198468,137.06666666666666
EK202310142834,135.43333333333334
EK202310123180,140.33333333333334
EK202310205955,133.93333333333334
EK202310227181,142.16666666666666
EK202310147163,141.2
EK202310196863,147.7
EK202310107077,124.5
EK202310224123,137.4
EK202310178723,125.16666666666667
EK202310188726,162.03333333333333
EK202310145842,154.43333333333334
EK202310126848,140.26666666666668
EK202310149653,158.06666666666666
EK202310210321,127.8
EK202310138754,147.13333333333333
EK202310190404,136.06666666666666
EK202310142661,134.63333333333333
EK202310163611,155.26666666666668
EK202310192118,158.03333333333333
EK202310209339,135.86666666666667
EK202310211087,141.66666666666666
EK202310200565,160.63333333333333
EK202310162171,132.46666666666667
EK202310239766,136.93333333333334
EK202310242115,147.3
EK202310206840,132.76666666666668
EK202310186840,144.16666666666666
EK202310122626,142.26666666666668
EK202310247532,155.23333333333332
EK202310248321,134.2
EK202310137335,144.5
EK202310164720,144.4
EK202310164776,142.4
EK202310172694,143.43333333333334
EK202310115208,144.2
EK202310140400,131.9
EK202310217155,149.2
EK202310220114,162.83333333333334
EK202310145630,140.3
EK202310246549,134.2
EK202310204696,153.66666666666666
EK202310225296,138.3
EK202310195107,153.86666666666667
EK202320006795,175.03333333333333
EK202310108157,139.26666666666668
EK202310121697,146.23333333333332
EK202310106708,137.43333333333334
EK202310181363,141.8
EK202310106364,139.5
EK202310180893,137.7
EK202310183016,140.06666666666666
EK202310004166,134.16666666666666
EK202310199838,149.8
EK202310148423,136.06666666666666
EK202310181024,146.76666666666668
EK202310114930,150.2
EK202310128476,163.4
EK202310169523,130.36666666666667
EK202310168371,170.06666666666666
EK202310195418,156.63333333333333
EK202310176857,128.56666666666666
EK202310111775,141.2
EK202310153448,143.4
EK202310141648,148.73333333333332
EK202320005982,163.33333333333334
EK202310003582,140.26666666666668
EK202310222503,135.6
EK202310202091,150.86666666666667
EK202310115161,155.63333333333333
EK202320007144,167.96666666666667
EK202310120067,143.56666666666666
EK202310156517,147.13333333333333
EK202310248466,133.5
EK202310183536,162.76666666666668
EK202310237952,146.73333333333332
EK202310205472,139.63333333333333
EK202310170132,154.03333333333333
EK202310132623,130.76666666666668
EK202310227130,141.06666666666666
EK202310131693,161.06666666666666
EK202310212847,152.26666666666668
EK202310192454,150.66666666666666
EK202310151379,172.96666666666667
EK202310166887,141.66666666666666
EK202310151838,136.03333333333333
EK202310218637,135.8
EK202320006368,160.46666666666667
EK202310110191,130.26666666666668
EK202310123397,149.13333333333333
EK202310183798,143.8
EK202310142570,145.46666666666667
EK202310123542,133.23333333333332
EK202310189606,164.76666666666668
EK202310239154,156.7
EK202310218250,132.26666666666668
EK202310222212,152.5
EK202310213689,138.93333333333334
EK202310108905,162.96666666666667
EK202310201539,138.1
EK202310241773,138.76666666666668
EK202310136938,153.93333333333334
EK202310223539,139.5
EK202310175290,143.16666666666666
EK202310167269,132.16666666666666
EK202310136276,149.8
EK202310241802,123.36666666666666
EK202310159213,152.4
EK202310163058,133.03333333333333
EK202310204661,143.33333333333334
EK202310165933,170.96666666666667
EK202310123794,139.56666666666666
EK202310191803,119.16666666666667
EK202310158551,168.53333333333333
EK202310146637,147.1
EK202310214984,136.3
EK202310191267,143.73333333333332
EK202320005702,163.76666666666668
EK202310112412,141.93333333333334
EK202310246169,163.2
EK202310173215,167.8
EK202310233468,141.33333333333334
EK202310197783,184.33333333333334
EK202310151122,138.7
EK202310248270,128.93333333333334
EK202310238332,138.4
EK202310194686,137.86666666666667
EK202310205802,143.13333333333333
EK202310205367,128.03333333333333
EK202310119704,136.3
EK202310149724,132.1
EK202320007846,150.83333333333334
EK202310108803,148.06666666666666
EK202310004799,141.7
EK202310198015,175.56666666666666
EK202310179913,135.06666666666666
EK202310180275,140.0
EK202310201100,138.26666666666668
EK202310203139,161.86666666666667
EK202310175999,157.6
EK202310205556,169.66666666666666
EK202310215029,158.36666666666667
EK202310246170,140.46666666666667
EK202310169135,148.3
EK202310132991,132.93333333333334
EK202310122441,152.93333333333334
EK202310004600,158.3
EK202310158154,165.53333333333333
EK202320006789,139.53333333333333
EK202310235205,140.5
EK202310241817,151.3
EK202310108496,158.8
EK202310159875,127.36666666666666
EK202310214914,144.6
EK202310145239,135.03333333333333
EK202310133595,151.6
EK202310144564,141.13333333333333
EK202310003645,142.36666666666667
EK202310152554,150.0
EK202310234203,148.9
EK202310119736,148.13333333333333
EK202310111683,143.46666666666667
EK202310171365,157.56666666666666
EK202310145469,146.2
EK202310104013,145.1
EK202310162563,168.2
EK202310234855,136.33333333333334
EK202310165574,160.03333333333333
EK202310128252,136.66666666666666
EK202310230398,142.4
EK202310197359,155.1
EK202310184700,148.23333333333332
EK202310139238,137.9
EK202310189435,145.36666666666667
EK202310229589,132.66666666666666
EK202310238308,132.43333333333334
EK202310119072,137.3
EK202310106928,133.6
EK202310248344,136.66666666666666
EK202310171179,165.6
EK202310247349,140.26666666666668
EK202310246070,134.43333333333334
EK202310003686,138.0
EK202310113178,135.9
EK202310228096,143.3
EK202310186013,140.93333333333334
EK202310106951,140.36666666666667
EK202310177362,161.5
EK202310158884,146.43333333333334
EK202310138608,156.96666666666667
EK202310143128,158.7
EK202310247561,146.5
EK202310204978,139.43333333333334
EK202310105695,132.9
EK202310108077,129.46666666666667
EK202310222072,129.86666666666667
EK202310140241,141.96666666666667
EK202310175319,149.66666666666666
EK202310122035,138.5
EK202310106538,144.1
EK202310178197,144.66666666666666
EK202310169222,141.2
EK202310216866,136.03333333333333
EK202310189689,142.53333333333333
EK202310228733,126.86666666666666
EK202310201271,132.26666666666668
EK202310119633,143.56666666666666
EK202310138720,135.9
EK202310108018,140.56666666666666
EK202310222345,137.8
EK202310210971,144.73333333333332
EK202310239519,147.33333333333334
EK202310111361,139.46666666666667
EK202310115072,133.66666666666666
EK202310152934,164.53333333333333
EK202310201912,154.56666666666666
EK202310213140,144.5
EK202310123466,147.83333333333334
EK202310212463,127.16666666666667
EK202310237675,156.5
EK202310161926,144.9
EK202310145150,136.96666666666667
EK202310185746,126.5
EK202310177566,146.73333333333332
EK202310244477,151.93333333333334
EK202310206745,157.8
EK202310174696,142.76666666666668
EK202310218448,145.36666666666667
EK202310131105,145.2
EK202310202457,138.23333333333332
EK202310107914,148.93333333333334
EK202310177630,128.16666666666666
EK202310167548,159.7
EK202310153531,130.76666666666668
EK202310119481,160.43333333333334
EK202310233113,135.76666666666668
EK202310200729,148.63333333333333
EK202310107842,151.46666666666667
EK202310145572,160.9
EK202310141270,147.9
EK202310180294,148.3
EK202310211781,143.43333333333334
EK202310130166,158.46666666666667
EK202310168426,133.5
EK202310238553,138.53333333333333
EK202310216542,166.3
EK202310188002,137.66666666666666
EK202310210328,132.86666666666667
EK202310125237,135.56666666666666
EK202310248501,122.0
EK202310178221,150.73333333333332
EK202310108029,146.63333333333333
EK202310111887,142.9
EK202310185328,136.6
EK202310104024,156.4
EK202310136271,139.1
EK202310204759,167.06666666666666
EK202310223434,135.03333333333333
EK202310195383,149.9
EK202310140709,131.46666666666667
EK202310195890,152.86666666666667
EK202310208311,155.23333333333332
EK202310154808,130.83333333333334
EK202310125908,131.43333333333334
EK202310128381,149.26666666666668
EK202310126417,141.03333333333333
EK202310155257,137.3
EK202310180115,150.96666666666667
EK202310134943,143.06666666666666
EK202310146571,144.26666666666668
EK202310151982,143.63333333333333
EK202310185006,141.76666666666668
EK202310141525,141.46666666666667
EK202310122362,156.16666666666666
EK202310131463,141.0
EK202310112675,131.56666666666666
EK202310214395,152.3
EK202310117362,135.96666666666667
EK202310195147,142.86666666666667
EK202310221205,141.8
EK202310108309,141.8
EK202310117176,137.93333333333334
EK202310197367,174.03333333333333
EK202310167645,171.46666666666667
EK202310216871,161.66666666666666
EK202310246466,131.1
EK202310174197,143.33333333333334
EK202310133708,174.26666666666668
EK202310214726,160.1
EK202310235715,139.13333333333333
EK202310144146,137.56666666666666
EK202310232336,140.1
EK202310126787,139.03333333333333
EK202310147504,134.46666666666667
EK202310205381,139.73333333333332
EK202310121997,138.43333333333334
EK202310212329,138.13333333333333
EK202310112068,155.2
EK202310136784,132.16666666666666
EK202310120002,128.5
EK202310226231,143.1
EK202310167029,148.63333333333333
EK202310232991,147.3
EK202310141646,166.3
EK202310217163,151.36666666666667
EK202310147198,147.73333333333332
EK202310228365,131.76666666666668
EK202310194716,147.36666666666667
EK202310199844,144.9
EK202310168777,142.7
EK202310192183,131.73333333333332
EK202310109241,157.33333333333334
EK202310222596,145.9
EK202310126978,144.6
EK202310152604,134.36666666666667
EK202310122324,133.46666666666667
EK202310112196,138.83333333333334
EK202310145565,168.53333333333333
EK202310207537,149.0
EK202310198691,168.56666666666666
EK202310193152,164.3
EK202310131752,153.0
EK202310201904,163.1
EK202310244465,135.76666666666668
EK202310233714,148.53333333333333
EK202310153449,137.8
EK202310217520,137.4
EK202310113415,137.93333333333334
EK202310172532,153.8
EK202310211969,133.16666666666666
EK202310199232,142.73333333333332
EK202310218608,144.6
EK202310122448,126.03333333333333
EK202310184841,134.53333333333333
EK202310130240,167.3
EK202310210575,128.86666666666667
EK202310175143,139.7
EK202310121434,135.8
EK202310172273,137.0
EK202310175483,146.3
EK202310197679,157.93333333333334
EK202310155037,134.96666666666667
EK202310171911,170.9
EK202310191161,122.96666666666667
EK202310244157,138.8
EK202310189824,146.33333333333334
EK202310149560,146.26666666666668
EK202310179284,131.96666666666667
EK202310203064,147.86666666666667
EK202310185974,127.6
EK202310225562,138.9
EK202310153740,135.7
EK202310225206,155.96666666666667
EK202310193780,132.03333333333333
EK202310198553,154.63333333333333
EK202310174477,149.66666666666666
EK202310200421,134.26666666666668
EK202310119138,145.5
EK202320005816,148.23333333333332
EK202310175740,135.3
EK202310116505,142.33333333333334
EK202310198911,141.33333333333334
EK202310127697,137.36666666666667
EK202310212650,152.43333333333334
EK202310150100,125.53333333333333
EK202310167937,158.33333333333334
EK202310221941,134.0
EK202310117495,134.36666666666667
EK202310143529,143.46666666666667
EK202310166968,148.06666666666666
EK202310129968,159.1
EK202310194131,136.3
EK202310186960,163.03333333333333
EK202310128028,145.0
EK202310105027,150.1
EK202310222774,128.06666666666666
EK202310244918,126.86666666666666
EK202310210086,156.3
EK202310179813,142.83333333333334
EK202310187059,161.4
EK202310195516,143.8
EK202310132170,131.73333333333332
EK202310183880,162.23333333333332
EK202310248278,141.9
EK202310221792,143.8
EK202310166778,140.6
EK202310148365,145.56666666666666
EK202310205442,128.83333333333334
EK202310201815,148.5
EK202310201915,168.96666666666667
EK202310183293,175.7
EK202310104337,142.26666666666668
EK202310120714,140.53333333333333
EK202310132745,141.46666666666667
EK202310241556,142.43333333333334
EK202310145559,145.96666666666667
EK202310140527,129.6
EK202310105180,141.2
EK202310115505,138.73333333333332
EK202310232969,150.46666666666667
EK202310168606,132.13333333333333
EK202310117990,136.23333333333332
EK202310143898,141.36666666666667
EK202310111999,143.63333333333333
EK202310133045,132.36666666666667
EK202310142041,138.9
EK202310216099,131.0
EK202310138895,136.13333333333333
EK202310147820,162.56666666666666
EK202310113918,141.7
EK202310226640,133.46666666666667
EK202310169991,160.13333333333333
EK202310195941,151.33333333333334
EK202310213195,150.4
EK202310161969,144.83333333333334
EK202310208345,157.43333333333334
EK202310180754,152.7
EK202310110267,139.13333333333333
EK202310194583,148.56666666666666
EK202320007655,145.16666666666666
EK202310142157,138.23333333333332
EK202310112664,128.36666666666667
EK202310136957,167.8
EK202310215766,129.4
EK202310167175,162.5
EK202310004831,144.43333333333334
EK202310159889,142.46666666666667
EK202310125472,143.1
EK202310166020,143.6
EK202310240418,133.16666666666666
EK202310156003,133.8
EK202310188199,144.3
EK202310213973,167.13333333333333
EK202310233649,146.83333333333334
EK202310124811,147.13333333333333
EK202310216543,143.86666666666667
EK202310121207,124.33333333333333
EK202310132104,146.36666666666667
EK202310138805,154.43333333333334
EK202310234030,136.23333333333332
EK202310172808,135.63333333333333
EK202310122536,133.8
EK202310189381,133.9
EK202310242706,160.36666666666667
EK202310239058,129.76666666666668
EK202310192990,144.4
EK202310202471,149.96666666666667
EK202310222312,162.0
EK202310202945,152.16666666666666
EK202310199092,141.3
EK202310128375,159.16666666666666
EK202310107473,139.33333333333334
EK202310170279,151.76666666666668
EK202310149133,146.23333333333332
EK202310199648,172.43333333333334
EK202320006719,164.26666666666668
EK202310234669,145.9
EK202310149973,141.0
EK202310154407,136.86666666666667
EK202310192562,154.83333333333334
EK202310158354,135.8
EK202310202377,136.3
EK202310225193,140.1
EK202310117896,151.26666666666668
EK202310122973,133.63333333333333
EK202310163485,152.76666666666668
EK202310146561,136.16666666666666
EK202310248571,143.76666666666668
EK202310145328,148.43333333333334
EK202310229897,135.16666666666666
EK202310225899,131.93333333333334
EK202310154673,149.86666666666667
EK202310242080,139.96666666666667
EK202310234618,139.93333333333334
EK202310229514,131.6
EK202310199205,149.83333333333334
EK202310189908,148.5
EK202310227654,144.1
EK202310108175,129.66666666666666
EK202310165456,136.2
EK202310204739,146.76666666666668
EK202310124368,132.23333333333332
EK202310221567,135.83333333333334
EK202310111364,129.53333333333333
EK202310166449,134.0
EK202310104016,135.6
EK202310109663,141.43333333333334
EK202310233976,139.9
EK202310116602,141.73333333333332
EK202310206707,162.83333333333334
EK202310125360,130.16666666666666
EK202310141090,154.5
EK202310187733,148.0
EK202310146874,135.2
EK202310199999,127.46666666666667
EK202310133984,159.46666666666667
EK202310239052,149.1
EK202310116872,133.66666666666666
EK202310170227,172.4
EK202320007825,144.43333333333334
EK202310247712,147.43333333333334
EK202310133557,153.2
EK202310122565,134.03333333333333
EK202310164010,133.0
EK202310176533,169.5
EK202310222265,132.63333333333333
EK202310164867,138.56666666666666
EK202310163156,138.43333333333334
EK202310183272,145.96666666666667
EK202310127914,144.73333333333332
EK202310245446,133.93333333333334
EK202310207443,151.2
EK202310197727,176.96666666666667
EK202310172576,156.4
EK202310004885,127.43333333333334
EK202310233895,147.53333333333333
EK202310210570,172.53333333333333
EK202310199572,159.0
EK202310168376,172.0
EK202310196031,148.23333333333332
EK202310208454,143.3
EK202310218454,146.26666666666668
EK202310194926,129.5
EK202310150716,141.83333333333334
EK202310169424,165.16666666666666
EK202310141489,160.03333333333333
EK202310198731,170.33333333333334
EK202310224708,141.53333333333333
EK202310220317,164.0
EK202310158723,177.9
EK202310226439,132.5
EK202310155952,136.16666666666666
EK202310235925,150.33333333333334
EK202310149483,154.83333333333334
EK202310182940,134.83333333333334
EK202310233127,170.53333333333333
EK202310198223,161.16666666666666
EK202310206595,130.8
EK202310162953,153.13333333333333
EK202310124622,137.66666666666666
EK202310199000,147.36666666666667
EK202310225515,147.13333333333333
EK202310200414,143.3
EK202310163151,145.5
EK202310147583,132.6
EK202310175959,146.73333333333332
EK202310156571,165.23333333333332
EK202310159464,136.1
EK202310133803,146.4
EK202310143242,156.93333333333334
EK202320007862,132.4
EK202310137674,132.2
EK202310158748,141.0
EK202310134807,155.93333333333334
EK202310232180,128.76666666666668
EK202310115545,150.06666666666666
EK202310106800,156.5
EK202310164487,136.13333333333333
EK202310189669,165.33333333333334
EK202310183633,133.3
EK202310160528,132.33333333333334
EK202310157424,132.96666666666667
EK202310175169,146.33333333333334
EK202310230775,133.6
EK202310176300,131.83333333333334
EK202310154141,138.03333333333333
EK202310121636,154.0
EK202310117991,130.7
EK202310114748,143.46666666666667
EK202310182305,155.16666666666666
EK202310183422,165.16666666666666
EK202310196576,150.03333333333333
EK202310212365,143.76666666666668
EK202310157851,140.56666666666666
EK202310143833,147.7
EK202310162493,156.36666666666667
EK202310200657,156.13333333333333
EK202310164870,140.6
EK202310139418,144.83333333333334
EK202310114290,142.26666666666668
EK202310206834,140.0
EK202310235641,143.06666666666666
EK202310179682,142.36666666666667
EK202310209582,141.86666666666667
EK202310225738,146.13333333333333
EK202310108381,139.33333333333334
EK202310125569,130.96666666666667
EK202310218417,136.9
EK202310228389,159.16666666666666
EK202310145963,147.63333333333333
EK202310109134,133.5
EK202310177470,140.03333333333333
EK202310162374,139.46666666666667
EK202310195949,126.0
EK202310122797,173.63333333333333
EK202310140758,130.5
EK202310232602,148.73333333333332
EK202310200151,139.96666666666667
EK202310166863,126.93333333333334
EK202310237243,129.7
EK202310120027,150.73333333333332
EK202310132524,156.3
EK202310204016,146.36666666666667
EK202310189020,153.9
EK202310202009,128.23333333333332
EK202310139108,170.0
EK202310181804,139.83333333333334
EK202310205040,146.96666666666667
EK202310141451,139.9
EK202310164866,143.5
EK202310245490,140.26666666666668
EK202310181489,159.56666666666666
EK202310147345,140.6
EK202310148300,140.33333333333334
EK202320006124,177.4
EK202310196622,136.26666666666668
EK202310182658,152.0
EK202310227451,155.63333333333333
EK202310209633,140.33333333333334
EK202310180045,147.26666666666668
EK202310240543,131.23333333333332
EK202310115142,165.93333333333334
EK202310247768,130.36666666666667
EK202320005662,134.06666666666666
EK202310182225,147.76666666666668
EK202310187393,138.7
EK202310111676,134.1
EK202310234672,173.9
EK202310217174,154.43333333333334
EK202310169712,148.96666666666667
EK202310141144,146.73333333333332
EK202310204110,139.0
EK202310217308,133.96666666666667
EK202310117170,136.2
EK202310129087,159.73333333333332
EK202310221591,149.73333333333332
EK202310209271,136.4
EK202310219363,141.3
EK202310004090,138.73333333333332
EK202310211544,135.33333333333334
EK202310224956,149.53333333333333
EK202310141398,140.13333333333333
EK202310148915,154.76666666666668
EK202310170219,131.23333333333332
EK202310191982,140.13333333333333
EK202310223575,128.53333333333333
EK202310104511,131.33333333333334
EK202310152387,153.2
EK202310218082,157.0
EK202310217177,149.73333333333332
EK202310248357,141.86666666666667
EK202310129896,141.16666666666666
EK202310152480,134.06666666666666
EK202310239767,149.86666666666667
EK202310160883,145.03333333333333
EK202310140193,134.1
EK202310207625,144.36666666666667
EK202310165482,155.7
EK202310158005,138.2
EK202310185420,127.56666666666666
EK202310187990,155.73333333333332
EK202310138441,162.2
EK202310147390,136.43333333333334
EK202310158825,127.8
EK202310183745,151.73333333333332
EK202310148680,152.53333333333333
EK202310129708,154.46666666666667
EK202310190440,150.86666666666667
EK202310157144,176.4
EK202310113257,136.73333333333332
EK202310141541,139.8
EK202310190438,137.96666666666667
EK202310243356,150.8
EK202310183196,150.86666666666667
EK202310196369,144.26666666666668
EK202310144897,129.3
EK202310144635,132.8
EK202310237276,130.96666666666667
EK202310196220,152.5
EK202310202228,152.36666666666667
EK202310123488,125.73333333333333
EK202310105805,148.36666666666667
EK202310142565,161.43333333333334
EK202310218967,128.76666666666668
EK202310120796,147.56666666666666
EK202310231531,130.13333333333333
EK202310199801,145.8
EK202310134790,135.8
EK202310203666,151.83333333333334
EK202310226666,140.56666666666666
EK202310232447,131.3
EK202310135897,137.2
EK202310168701,139.06666666666666
EK202310237343,134.6
EK202310154466,166.96666666666667
EK202310136457,148.33333333333334
EK202310121974,137.7
EK202310134631,135.13333333333333
EK202310213018,142.33333333333334
EK202310194001,140.06666666666666
EK202310136650,167.9
EK202310111505,152.06666666666666
EK202310209080,152.93333333333334
EK202310152444,141.76666666666668
EK202310121350,125.86666666666666
EK202310240365,144.96666666666667
EK202310159007,146.36666666666667
EK202310127159,148.2
EK202310226609,129.06666666666666
EK202310161102,174.16666666666666
EK202310103730,144.46666666666667
EK202310111243,158.53333333333333
EK202310156130,143.8
EK202310178873,130.03333333333333
EK202310176169,150.4
EK202320005724,178.83333333333334
EK202310150195,141.1
EK202320005792,147.33333333333334
EK202310117762,140.03333333333333
EK202310234499,150.26666666666668
EK202310176172,156.86666666666667
EK202320007254,140.83333333333334
EK202310128419,163.86666666666667
EK202310117754,144.66666666666666
EK202310222410,131.3
EK202310132750,131.03333333333333
EK202310195145,132.7
EK202310221266,138.03333333333333
EK202310156961,149.4
EK202310105175,140.43333333333334
EK202310167584,139.53333333333333
EK202310119050,138.1
EK202310127062,147.2
EK202310192052,127.3
EK202310118002,142.8
EK202310108997,133.1
EK202310160289,136.16666666666666
EK202310245922,137.3
EK202310116464,135.86666666666667
EK202310192195,146.63333333333333
EK202310237707,132.9
EK202310145422,143.7
EK202310245683,136.73333333333332
EK202310121291,141.13333333333333
EK202310209309,161.03333333333333
EK202310104450,152.13333333333333
EK202310123660,123.4
EK202310186410,142.93333333333334
EK202310151555,166.23333333333332
EK202310104952,146.93333333333334
EK202310115719,132.93333333333334
EK202310181542,141.23333333333332
EK202310150013,168.5
EK202310205849,160.76666666666668
EK202310196534,147.4
EK202310131464,139.06666666666666
EK202310210210,135.0
EK202310104249,156.3
EK202310207772,137.2
EK202310134829,132.06666666666666
EK202310179456,129.86666666666667
EK202310113484,128.66666666666666
EK202310182484,160.0
EK202310120445,133.6
EK202310213478,130.83333333333334
EK202310130129,164.4
EK202310197510,126.16666666666667
EK202310192959,144.33333333333334
EK202310203760,139.66666666666666
EK202310240021,157.83333333333334
EK202310160111,142.63333333333333
EK202310202544,149.76666666666668
EK202310195908,133.1
EK202310220917,132.46666666666667
EK202310146833,134.23333333333332
EK202310108791,142.06666666666666
EK202310225259,139.26666666666668
EK202310197958,170.9
EK202310157062,159.4
EK202310214170,132.86666666666667
EK202310243954,144.5
EK202310110033,131.56666666666666
EK202310144804,127.6
EK202310114117,140.2
EK202310165416,157.83333333333334
EK202310228479,138.03333333333333
EK202310188134,157.66666666666666
EK202320006372,145.73333333333332
EK202310111226,159.46666666666667
EK202310118404,139.13333333333333
EK202310160695,148.06666666666666
EK202310114408,145.2
EK202310182288,140.56666666666666
EK202310213633,139.5
EK202310229313,134.1
EK202310118665,134.46666666666667
EK202310233785,152.06666666666666
EK202310143238,135.03333333333333
EK202310128242,135.53333333333333
EK202310208336,131.66666666666666
EK202310216912,154.5
EK202310227300,139.06666666666666
EK202310196434,131.53333333333333
EK202310241940,172.9
EK202310140334,136.23333333333332
EK202310122524,126.5
EK202310211571,125.53333333333333
EK202310202080,145.06666666666666
EK202310155180,165.06666666666666
EK202310209752,147.3
EK202310003753,152.86666666666667
EK202310194332,162.7
EK202320005885,150.8
EK202310135026,160.56666666666666
EK202310225630,148.83333333333334
EK202310129248,146.66666666666666
EK202310118004,145.03333333333333
EK202310126344,137.66666666666666
EK202310125666,156.1
EK202310169951,128.4
EK202310159424,142.6
EK202310195617,147.93333333333334
EK202310240165,136.13333333333333
EK202310109583,141.03333333333333
EK202310127484,151.63333333333333
EK202310115422,135.43333333333334
EK202310189217,137.63333333333333
EK202310164467,126.56666666666666
EK202310160239,158.76666666666668
EK202310205148,165.4
EK202310177198,136.63333333333333
EK202310248326,135.73333333333332
EK202320007611,152.83333333333334
EK202310216806,137.03333333333333
EK202310236444,127.1
EK202310202895,160.8
EK202310189069,140.8
EK202310164095,174.9
EK202310177139,133.26666666666668
EK202310150069,153.46666666666667
EK202310217651,139.2
EK202310104531,131.3
EK202310175593,140.83333333333334
EK202310128801,130.53333333333333
EK202310226079,170.7
EK202310195896,156.2
EK202310248307,136.66666666666666
EK202310213215,151.56666666666666
EK202310126761,147.23333333333332
EK202310138077,135.96666666666667
EK202310219983,130.53333333333333
EK202310155585,143.93333333333334
EK202310224738,160.3
EK202310121398,134.96666666666667
EK202310144202,140.43333333333334
EK202310171260,149.03333333333333
EK202310224405,128.16666666666666
EK202310168192,134.83333333333334
EK202310147878,145.83333333333334
EK202310190896,150.66666666666666
EK202310114382,138.4
EK202310115319,143.66666666666666
EK202310212295,134.03333333333333
EK202310145014,138.6
EK202310153112,144.9
EK202310181859,142.9
EK202310201638,143.9
EK202310217948,151.26666666666668
EK202310126418,133.26666666666668
EK202310147842,137.36666666666667
EK202310213180,146.13333333333333
EK202310149555,161.13333333333333
EK202310162559,149.46666666666667
EK202310181969,146.26666666666668
EK202310239453,139.86666666666667
EK202310185897,149.86666666666667
EK202320007785,132.3
EK202310181407,159.36666666666667
EK202310223290,144.7
EK202310197319,142.66666666666666
EK202310128098,150.33333333333334
EK202310131498,146.06666666666666
EK202310104275,138.63333333333333
EK202310152898,165.83333333333334
EK202310207617,142.13333333333333
EK202310165239,145.43333333333334
EK202310161435,143.26666666666668
EK202310242971,156.86666666666667
EK202310111598,136.46666666666667
EK202310131958,139.63333333333333
EK202310186311,141.43333333333334
EK202310157046,143.56666666666666
EK202310115828,139.43333333333334
EK202320005888,153.4
EK202310116165,151.33333333333334
EK202310127616,151.5
EK202310190516,135.0
EK202310181145,155.8
EK202310112674,135.56666666666666
EK202310108818,147.4
EK202310137418,134.83333333333334
EK202310234306,146.86666666666667
EK202310147271,142.43333333333334
EK202310228137,126.53333333333333
EK202310208396,141.63333333333333
EK202310129360,177.53333333333333
EK202310104685,135.76666666666668
EK202310240248,173.7
EK202310111851,133.16666666666666
EK202310110232,136.5
EK202310149631,144.26666666666668
EK202310111987,142.73333333333332
EK202310149812,144.96666666666667
EK202310125394,151.23333333333332
EK202310201038,137.26666666666668
EK202310196950,132.86666666666667
EK202310130689,149.83333333333334
EK202310162831,150.7
EK202310191124,128.13333333333333
EK202310137249,141.76666666666668
EK202310221302,131.36666666666667
EK202310119496,146.5
EK202310123089,131.6
EK202310201023,130.56666666666666
EK202310200056,136.7
EK202310124074,139.86666666666667
EK202310187451,175.23333333333332
EK202310178204,159.26666666666668
EK202310176034,170.23333333333332
EK202310105275,150.56666666666666
EK202310217600,151.36666666666667
EK202310145365,129.43333333333334
EK202310179864,133.36666666666667
EK202310146164,141.63333333333333
EK202310148409,152.9
EK202310160145,152.66666666666666
EK202310211569,131.4
EK202310191535,150.5
EK202310212337,141.7
EK202310186617,136.5
EK202310200499,140.63333333333333
EK202310190255,141.3
EK202310161517,164.06666666666666
EK202310167751,147.46666666666667
EK202310230575,139.83333333333334
EK202310160889,132.96666666666667
EK202310236418,136.63333333333333
EK202310176273,129.53333333333333
EK202310104700,146.9
EK202310107420,135.9
EK202310169267,150.8
EK202310187330,177.6
EK202310140279,134.53333333333333
EK202310201773,133.43333333333334
EK202310168395,146.7
EK202310166412,131.73333333333332
EK202310175402,127.3
EK202310128581,153.66666666666666
EK202310232461,144.0
EK202310138340,147.76666666666668
EK202310175300,139.0
EK202310125041,149.63333333333333
EK202310177394,174.26666666666668
EK202310163068,152.9
EK202310128960,158.9
EK202310213859,149.2
EK202310153664,134.6
EK202310168885,140.46666666666667
EK202310211096,139.0
EK202310233212,137.0
EK202310204970,142.6
EK202310246566,140.4
EK202310181736,171.86666666666667
EK202310235583,148.2
EK202310235586,132.6
EK202310229567,134.5
EK202310237891,162.26666666666668
EK202310156320,137.2
EK202310200700,138.43333333333334
EK202310157317,132.7
EK202310165659,133.8
EK202310230462,166.2
EK202310107771,134.7
EK202310199945,131.36666666666667
EK202310239536,138.9
EK202310108719,141.16666666666666
EK202310193930,145.9
EK202310153705,156.33333333333334
EK202310230423,145.73333333333332
EK202310142088,139.5
EK202310240261,136.23333333333332
EK202310234834,135.7
EK202310175123,138.36666666666667
EK202310223459,142.56666666666666
EK202310113022,138.2
EK202310139384,134.8
EK202310127365,150.6
EK202310175890,148.0
EK202310210471,129.73333333333332
EK202310124749,135.76666666666668
EK202310107106,148.46666666666667
EK202310199447,140.5
EK202310214057,138.46666666666667
EK202310158006,174.36666666666667
EK202310183095,140.5
EK202310122989,156.7
EK202310004181,129.3
EK202310221000,149.2
EK202310216704,144.33333333333334
EK202310218492,132.1
EK202310175061,140.36666666666667
EK202310144712,144.1
EK202310230385,131.43333333333334
EK202310154951,139.76666666666668
EK202310158887,155.4
EK202310132252,132.0
EK202310160262,160.06666666666666
EK202310153966,130.5
EK202310190560,142.1
EK202310124555,146.43333333333334
EK202310114555,143.46666666666667
EK202310190493,144.33333333333334
EK202310161137,146.63333333333333
EK202310224942,136.03333333333333
EK202310230466,160.33333333333334
EK202310216178,143.83333333333334
EK202310205948,134.3
EK202320006948,158.9
EK202310224873,140.63333333333333
EK202310231707,134.33333333333334
EK202310198816,140.5
EK202310239894,140.76666666666668
EK202310212434,136.63333333333333
EK202310242399,147.0
EK202310126630,157.0
EK202310212116,143.66666666666666
EK202310116735,141.13333333333333
EK202310142424,154.33333333333334
EK202310126653,132.23333333333332
EK202310130536,136.8
EK202320007559,147.2
EK202310244114,125.76666666666667
EK202310194656,137.7
EK202310228023,144.46666666666667
EK202310184412,135.1
EK202310138297,139.03333333333333
EK202310233553,146.33333333333334
EK202310222650,129.56666666666666
EK202310148133,151.5
EK202310124138,164.23333333333332
EK202310210134,135.36666666666667
EK202310203676,149.5
EK202310120898,167.83333333333334
EK202310167341,163.86666666666667
EK202310180216,159.2
EK202310246916,135.8
EK202310157656,135.36666666666667
EK202310205414,145.53333333333333
EK202310152717,148.7
EK202310106791,147.53333333333333
EK202310105725,137.06666666666666
EK202310104432,149.9
EK202310194299,148.1
EK202310153184,136.86666666666667
EK202310240659,158.2
EK202310219840,139.6
EK202310153949,136.2
EK202310132803,158.93333333333334
EK202310146592,152.23333333333332
EK202310172131,135.9
EK202310121613,135.16666666666666
EK202310167818,136.73333333333332
EK202310200796,147.0
EK202310116481,136.4
EK202310114639,139.06666666666666
EK202310212375,135.2
EK202310235321,134.43333333333334
EK202310222322,139.2
EK202310110700,134.13333333333333
EK202310189946,151.3
EK202310162874,144.66666666666666
EK202310130785,134.96666666666667
EK202310242378,138.0
EK202310241513,131.0
EK202310160539,135.9
EK202310222342,137.73333333333332
EK202310138062,135.1
EK202310231769,137.83333333333334
EK202310158224,130.3
EK202310224139,142.33333333333334
EK202310216169,137.73333333333332
EK202310139185,135.5
EK202310110485,137.83333333333334
EK202310239046,136.13333333333333
EK202310138942,142.7
EK202310169633,135.16666666666666
EK202310109575,156.4
EK202310200090,149.33333333333334
EK202310163491,145.56666666666666
EK202310148729,138.1
EK202310140411,144.86666666666667
EK202310243532,148.33333333333334
EK202310125468,138.83333333333334
EK202310221117,146.53333333333333
EK202310232056,138.46666666666667
EK202310210091,157.36666666666667
EK202320006396,153.0
EK202310142016,129.26666666666668
EK202310235002,136.3
EK202310183074,131.5
EK202310182233,145.73333333333332
EK202310225556,135.26666666666668
EK202310179915,140.86666666666667
EK202310173349,154.33333333333334
EK202310212842,145.86666666666667
EK202310197784,159.53333333333333
EK202310138785,142.0
EK202310144444,147.26666666666668
EK202310181562,137.2
EK202310248524,142.0
EK202310216425,145.23333333333332
EK202310229912,121.4
EK202310139002,137.43333333333334
EK202310120982,129.9
EK202310221837,130.86666666666667
EK202310119947,154.16666666666666
EK202310149071,138.7
EK202310185898,158.56666666666666
EK202310117197,139.16666666666666
EK202310142908,139.43333333333334
EK202310185756,167.06666666666666
EK202310238913,167.93333333333334
EK202310204574,164.46666666666667
EK202310113564,148.86666666666667
EK202310118542,140.46666666666667
EK202310167688,138.36666666666667
EK202310212185,138.9
EK202310117088,126.16666666666667
EK202310229808,154.33333333333334
EK202310207582,149.96666666666667
EK202310154912,138.03333333333333
EK202310181168,152.06666666666666
EK202310149374,157.16666666666666
EK202310104396,142.3
EK202310109994,135.53333333333333
EK202310170860,140.96666666666667
EK202310115815,139.2
EK202310214779,160.83333333333334
EK202310109121,136.76666666666668
EK202310134158,145.56666666666666
EK202310167627,157.66666666666666
EK202310225236,135.56666666666666
EK202310181807,147.36666666666667
EK202310247389,147.6
EK202310235579,149.96666666666667
EK202310173291,141.0
EK202310192355,131.23333333333332
EK202310142541,133.5
EK202310150510,126.2
EK202310223761,137.26666666666668
EK202310175574,132.86666666666667
EK202310238511,138.23333333333332
EK202310157509,149.36666666666667
EK202310181989,148.36666666666667
EK202310003618,143.86666666666667
EK202310179471,153.76666666666668
EK202310230763,143.86666666666667
EK202310204971,146.3
EK202310233557,127.43333333333334
EK202310145292,145.33333333333334
EK202320005880,162.66666666666666
EK202310245241,139.4
EK202310212493,132.7
EK202310193001,143.33333333333334
EK202310199238,144.2
EK202310160941,140.66666666666666
EK202310155028,125.43333333333334
EK202310130868,144.46666666666667
EK202310200440,146.13333333333333
EK202310182060,147.2
EK202310111816,139.33333333333334
EK202310146969,139.63333333333333
EK202310158404,139.46666666666667
EK202310110705,149.4
EK202310186759,148.3
EK202310157536,137.63333333333333
EK202310140019,131.3
EK202310179351,141.73333333333332
EK202310183791,152.63333333333333
EK202310206480,185.2
EK202310133811,141.66666666666666
EK202310217540,148.9
EK202310132032,131.6
EK202310139504,176.56666666666666
EK202310161554,148.46666666666667
EK202310127921,146.7
EK202310140328,137.26666666666668
EK202310179259,147.13333333333333
EK202310110275,145.66666666666666
EK202310148522,147.1
EK202310245827,125.23333333333333
EK202310104601,140.6
EK202310158718,132.8
EK202310148204,143.46666666666667
EK202310152034,148.03333333333333
EK202310205880,132.1
EK202310150725,147.0
EK202310154400,156.8
EK202310120186,180.4
EK202310192712,149.2
EK202310165189,139.73333333333332
EK202310152937,174.13333333333333
EK202310234101,149.2
EK202310191564,137.16666666666666
EK202310174430,145.53333333333333
EK202310208622,162.5
EK202310233831,153.23333333333332
EK202310136566,142.76666666666668
EK202310146005,143.16666666666666
EK202310221494,136.9
EK202310239849,134.56666666666666
EK202310176728,161.36666666666667
EK202310106909,132.46666666666667
EK202310208429,143.23333333333332
EK202310174444,152.2
EK202310242098,147.7
EK202310175190,133.63333333333333
EK202310177312,141.0
EK202310229607,132.76666666666668
EK202310121574,127.56666666666666
EK202310187339,140.66666666666666
EK202310227049,148.6
EK202310135213,141.96666666666667
EK202310128318,142.4
EK202310108701,161.36666666666667
EK202310114284,126.6
EK202310108473,151.83333333333334
EK202310160235,149.4
EK202310120842,129.46666666666667
EK202310142363,148.13333333333333
EK202310163562,148.26666666666668
EK202310192991,144.83333333333334
EK202310203468,139.66666666666666
EK202310188577,133.86666666666667
EK202310240344,124.46666666666667
EK202310113690,157.3
EK202310213117,154.93333333333334
EK202310222749,133.46666666666667
EK202310004635,122.03333333333333
EK202310141613,151.26666666666668
EK202310108032,156.23333333333332
EK202310233880,145.16666666666666
EK202310205163,153.26666666666668
EK202310104692,145.43333333333334
EK202310237071,126.0
EK202310111732,138.33333333333334
EK202310137404,142.16666666666666
EK202310146556,139.53333333333333
EK202310111180,163.16666666666666
EK202310190526,145.36666666666667
EK202310119701,141.86666666666667
EK202310182123,142.1
EK202310187615,172.93333333333334
EK202310201487,132.2
EK202310144094,128.4
EK202310116261,151.16666666666666
EK202310142783,134.96666666666667
EK202310192602,153.63333333333333
EK202310167866,147.36666666666667
EK202310145551,155.56666666666666
EK202310117731,134.5
EK202310125526,122.46666666666667
EK202310128615,135.23333333333332
EK202310180563,143.3
EK202310139532,131.63333333333333
EK202310224142,132.13333333333333
EK202310233781,153.76666666666668
EK202310157368,146.2
EK202310203603,147.96666666666667
EK202310180362,170.33333333333334
EK202310198397,138.13333333333333
EK202310124770,136.23333333333332
EK202310223755,133.9
EK202310106275,134.43333333333334
EK202310205161,140.16666666666666
EK202310139936,130.53333333333333
EK202310205611,154.6
EK202310134137,133.9
EK202310127542,166.76666666666668
EK202310193128,133.13333333333333
EK202310237157,132.33333333333334
EK202310107674,142.3
EK202310149217,139.73333333333332
EK202310129309,160.53333333333333
EK202310156886,153.33333333333334
EK202310117116,135.4
EK202310225911,132.23333333333332
EK202310145676,155.4
EK202310166738,153.8
EK202310158541,124.86666666666666
EK202310106511,136.7
EK202310131343,133.8
EK202310245992,138.8
EK202310140003,134.6
EK202310174342,143.86666666666667
EK202310208385,134.56666666666666
EK202310216439,138.96666666666667
EK202310211004,145.76666666666668
EK202310106760,144.06666666666666
EK202310176087,129.33333333333334
EK202310106317,135.96666666666667
EK202310215460,131.53333333333333
EK202310201661,138.63333333333333
EK202310166937,158.73333333333332
EK202310200307,152.73333333333332
EK202310181766,176.36666666666667
EK202310214069,140.0
EK202310200177,144.93333333333334
EK202310123321,145.7
EK202310151256,146.8
EK202310171945,149.16666666666666
EK202310136311,135.36666666666667
EK202310150029,171.4
EK202310212078,139.2
EK202310210902,139.86666666666667
EK202310210594,150.76666666666668
EK202310127288,135.9
EK202310126517,140.4
EK202310161234,146.4
EK202310220266,134.66666666666666
EK202310142494,161.53333333333333
EK202310217357,140.46666666666667
EK202310132692,141.16666666666666
EK202310227115,145.76666666666668
EK202310141700,134.46666666666667
EK202310115959,134.36666666666667
EK202310230099,132.33333333333334
EK202310211438,148.4
EK202310219042,142.26666666666668
EK202310177531,147.03333333333333
EK202310233521,155.83333333333334
EK202310128329,163.5
EK202310201328,175.93333333333334
EK202310171078,158.16666666666666
EK202310138130,144.7
EK202310177993,122.16666666666667
EK202310228196,173.06666666666666
EK202310170822,133.6
EK202310184514,146.4
EK202310208895,130.66666666666666
EK202310204293,153.1
EK202310163755,156.86666666666667
EK202310112893,146.46666666666667
EK202310207633,143.33333333333334
EK202310120935,138.16666666666666
EK202310198348,142.9
EK202310216671,133.43333333333334
EK202310203558,161.6
EK202310221470,135.03333333333333
EK202310134114,131.93333333333334
EK202310161904,145.13333333333333
EK202310121193,135.23333333333332
EK202310112380,138.63333333333333
EK202310123715,134.7
EK202310182522,132.03333333333333
EK202310165246,152.13333333333333
EK202310165109,144.4
EK202310226207,153.93333333333334
EK202310189166,177.9
EK202310171824,137.56666666666666
EK202310212508,142.73333333333332
EK202310188289,138.53333333333333
EK202310161253,140.93333333333334
EK202310188025,145.13333333333333
EK202310170339,131.06666666666666
EK202310103831,138.9
EK202310214220,135.63333333333333
EK202310149031,156.03333333333333
EK202310147724,152.1
EK202310142296,155.63333333333333
EK202310176974,155.86666666666667
EK202310161334,162.96666666666667
EK202310213866,147.36666666666667
EK202310225737,135.73333333333332
EK202310156109,140.63333333333333
EK202310200303,141.76666666666668
EK202310185044,153.13333333333333
EK202320006653,171.23333333333332
EK202310111122,136.26666666666668
EK202310120782,157.83333333333334
EK202310198165,142.76666666666668
EK202310228584,125.8
EK202310205188,134.16666666666666
EK202310121258,154.76666666666668
EK202310199633,141.36666666666667
EK202310143847,141.96666666666667
EK202310135571,142.0
EK202310206110,132.76666666666668
EK202310138447,143.43333333333334
EK202310192664,131.6
EK202310187215,151.16666666666666
EK202310151514,174.5
EK202310144726,161.93333333333334
EK202310207249,132.7
EK202310161306,174.83333333333334
EK202310158826,136.93333333333334
EK202310173556,152.63333333333333
EK202310125091,138.23333333333332
EK202310142377,147.56666666666666
EK202310236947,138.63333333333333
EK202310208442,137.4
EK202310118298,123.03333333333333
EK202310219483,126.36666666666666
EK202310211212,154.96666666666667
EK202310104173,150.53333333333333
EK202310201478,147.36666666666667
EK202310158280,139.96666666666667
EK202310123070,137.5
EK202310138063,135.16666666666666
EK202310164203,136.56666666666666
EK202310190017,153.33333333333334
EK202310169668,136.03333333333333
EK202310113501,158.93333333333334
EK202310235684,142.83333333333334
EK202310137261,138.9
EK202310162355,140.36666666666667
EK202310217469,160.73333333333332
EK202310161201,131.6
EK202310157515,127.83333333333333
EK202310145284,149.06666666666666
EK202310227827,127.06666666666666
EK202310209456,135.36666666666667
EK202310211698,135.6
EK202310194731,147.13333333333333
EK202310248330,142.6
EK202310106105,135.86666666666667
EK202310160743,136.06666666666666
EK202310166605,142.66666666666666
EK202310212995,144.33333333333334
EK202310233144,136.16666666666666
EK202310230980,133.93333333333334
EK202310226067,151.7
EK202310120976,128.1
EK202310128266,136.26666666666668
EK202310106331,132.3
EK202310199325,157.4
EK202310204088,149.26666666666668
EK202310174720,133.0
EK202310240940,142.26666666666668
EK202310109263,147.53333333333333
EK202310106322,132.7
EK202310135599,130.4
EK202310145520,140.06666666666666
EK202320005632,141.06666666666666
EK202310199819,146.0
EK202310172008,138.83333333333334
EK202310199276,139.56666666666666
EK202310106548,161.9
EK202310217167,142.03333333333333
EK202310176173,161.6
EK202310221378,164.26666666666668
EK202310201211,150.1
EK202320007715,133.23333333333332
EK202310182662,126.36666666666666
EK202310177694,146.53333333333333
EK202310156023,135.23333333333332
EK202310111848,133.56666666666666
EK202310129647,159.5
EK202310170544,161.6
EK202310242820,144.13333333333333
EK202310194133,150.36666666666667
EK202310216029,136.53333333333333
EK202310107349,137.03333333333333
EK202310208265,141.73333333333332
EK202310229154,133.2
EK202310107089,132.9
EK202310112252,143.3
EK202310148875,135.33333333333334
EK202310119051,139.53333333333333
EK202310147588,125.4
EK202310113617,137.2
EK202310147037,144.63333333333333
EK202310238313,123.66666666666667
EK202310192918,138.16666666666666
EK202310155166,130.46666666666667
EK202310177734,159.13333333333333
EK202310125003,127.73333333333333
EK202310204102,150.96666666666667
EK202310127233,155.46666666666667
EK202310154507,171.5
EK202310208352,140.13333333333333
EK202310123745,144.96666666666667
EK202310147036,144.3
EK202310110497,122.73333333333333
EK202310246320,144.23333333333332
EK202310138361,139.1
EK202310167217,133.56666666666666
EK202310229839,145.43333333333334
EK202310204873,138.56666666666666
EK202310208025,135.53333333333333
EK202310139865,150.53333333333333
EK202310238834,143.7
EK202320007032,167.93333333333334
EK202310223956,126.46666666666667
EK202310205152,130.4
EK202310127859,143.63333333333333
EK202310122230,136.7
EK202310235039,139.73333333333332
EK202310172181,135.86666666666667
EK202310152472,146.93333333333334
EK202310163385,163.7
EK202310226473,127.36666666666666
EK202310196206,172.63333333333333
EK202310004942,136.1
EK202310141871,145.8
EK202310215986,134.46666666666667
EK202310211462,147.43333333333334
EK202310245537,138.46666666666667
EK202310204491,146.3
EK202310139744,157.3
EK202310138719,134.73333333333332
EK202310128437,133.83333333333334
EK202310138286,146.33333333333334
EK202310148950,139.23333333333332
EK202310225042,151.8
EK202310227372,156.63333333333333
EK202310184056,142.93333333333334
EK202310203882,131.76666666666668
EK202310108510,145.43333333333334
EK202310220594,136.26666666666668
EK202310119141,136.0
EK202310246490,141.13333333333333
EK202310143698,153.86666666666667
EK202310126746,148.43333333333334
EK202310233106,156.06666666666666
EK202310108410,157.2
EK202310186336,145.96666666666667
EK202310231142,128.9
EK202310126076,139.03333333333333
EK202310205622,145.13333333333333
EK202310220488,149.3
EK202310120527,139.93333333333334
EK202310220246,140.66666666666666
EK202310161188,150.23333333333332
EK202310155699,165.8
EK202310189021,120.73333333333333
EK202310236601,132.43333333333334
EK202310164905,146.23333333333332
EK202310128052,130.26666666666668
EK202310126712,156.16666666666666
EK202310239805,169.4
EK202310224857,149.8
EK202310173357,145.13333333333333
EK202310127584,142.8
EK202310229371,148.1
EK202310110882,135.0
EK202310160530,148.6
EK202310116477,135.13333333333333
EK202310118586,122.16666666666667
EK202310172703,141.2
EK202310136123,153.83333333333334
EK202310108114,141.73333333333332
EK202310208296,139.9
EK202310232508,146.86666666666667
EK202310220252,123.73333333333333
EK202310168728,162.66666666666666
EK202310165440,175.63333333333333
EK202310214684,134.03333333333333
EK202310107697,139.0
EK202310129545,130.8
EK202310163236,146.8
EK202310236802,140.1
EK202310153242,166.16666666666666
EK202310144615,170.1
EK202310129912,131.56666666666666
EK202310197325,128.33333333333334
EK202310216540,149.43333333333334
EK202310104778,143.6
EK202310114062,154.0
EK202310205213,137.4
EK202310227892,132.06666666666666
EK202310232305,142.56666666666666
EK202310185667,153.86666666666667
EK202310212219,136.0
EK202310214315,156.0
EK202310222807,138.53333333333333
EK202310192829,159.16666666666666
EK202310246736,134.83333333333334
EK202310144859,153.4
EK202310167652,125.63333333333334
EK202310120246,133.6
EK202310182888,133.23333333333332
EK202310150758,148.16666666666666
EK202310172256,143.63333333333333
EK202310143177,138.1
EK202310197462,131.3
EK202310196459,153.03333333333333
EK202310164019,130.8
EK202310139039,147.26666666666668
EK202310134361,169.9
EK202310147025,148.63333333333333
EK202310208999,150.93333333333334
EK202310142527,126.16666666666667
EK202310193745,175.73333333333332
EK202310167641,137.1
EK202310240938,140.96666666666667
EK202310112017,131.53333333333333
EK202310240024,148.83333333333334
EK202310244708,160.63333333333333
EK202310210230,132.0
EK202310004423,150.23333333333332
EK202310221224,143.03333333333333
EK202310157667,132.63333333333333
EK202310215430,157.53333333333333
EK202310182844,137.56666666666666
EK202310236293,135.03333333333333
EK202310123092,133.6
EK202310125798,137.93333333333334
EK202310167474,153.56666666666666
EK202310124113,140.23333333333332
EK202310232206,138.26666666666668
EK202310222185,135.36666666666667
EK202310149306,161.76666666666668
EK202310167817,166.83333333333334
EK202310212632,153.53333333333333
EK202310132358,130.66666666666666
EK202310145151,139.66666666666666
EK202310141011,176.06666666666666
EK202310200018,136.2
EK202310132356,155.96666666666667
EK202310149165,147.7
EK202310129607,130.03333333333333
EK202310194843,132.33333333333334
EK202310190635,140.96666666666667
EK202310207943,148.36666666666667
EK202310164644,143.9
EK202310241540,143.3
EK202310116312,136.23333333333332
EK202310162974,152.2
EK202310151341,127.6
EK202310158724,132.6
EK202310247924,142.73333333333332
EK202310119010,141.53333333333333
EK202310186778,129.06666666666666
EK202310183764,161.3
EK202310151317,144.33333333333334
EK202310110771,137.43333333333334
EK202310180616,145.3
EK202310162283,139.73333333333332
EK202310228393,136.2
EK202310003867,130.63333333333333
EK202310162011,154.43333333333334
EK202310192785,129.16666666666666
EK202310205984,140.96666666666667
EK202310191301,139.1
EK202310205696,157.9
EK202310003384,160.86666666666667
EK202310244834,139.7
EK202310204220,143.76666666666668
EK202310110856,145.36666666666667
EK202310134787,128.4
EK202320007820,145.53333333333333
EK202310179208,137.7
EK202310223932,164.26666666666668
EK202310216781,145.2
EK202310187602,139.03333333333333
EK202310179844,159.36666666666667
EK202310163357,136.73333333333332
EK202310137800,136.03333333333333
EK202310202504,153.86666666666667
EK202310152435,132.73333333333332
EK202310138850,152.63333333333333
EK202310120464,135.83333333333334
EK202310200493,137.4
EK202310243016,130.5
EK202310168573,149.23333333333332
EK202310163051,144.96666666666667
EK202310188721,173.13333333333333
EK202310187647,146.0
EK202310194460,141.23333333333332
EK202310199853,132.86666666666667
EK202310199354,137.13333333333333
EK202310156872,145.63333333333333
EK202310183296,131.8
EK202310105927,137.33333333333334
EK202310106682,136.96666666666667
EK202310127329,151.9
EK202310116459,135.5
EK202310192223,139.1
EK202310004549,138.16666666666666
EK202310108809,139.63333333333333
EK202310180902,125.5
EK202310104309,138.06666666666666
EK202320005779,181.3
EK202310145003,143.46666666666667
EK202310234434,143.83333333333334
EK202310228455,144.43333333333334
EK202310196294,174.33333333333334
EK202310214611,147.9
EK202310128897,156.03333333333333
EK202310140953,150.0
EK202310153523,130.23333333333332
EK202310107262,145.06666666666666
EK202310177695,140.7
EK202310133157,144.13333333333333
EK202310243662,130.2
EK202310155394,149.76666666666668
EK202310126776,140.03333333333333
EK202310241762,133.83333333333334
EK202310141862,130.3
EK202310151835,162.76666666666668
EK202310128935,135.06666666666666
EK202310114330,140.86666666666667
EK202310166988,132.83333333333334
EK202310201794,134.2
EK202310181313,162.23333333333332
EK202310186725,146.26666666666668
EK202310146475,137.36666666666667
EK202310109755,142.9
EK202310161538,163.46666666666667
EK202310186435,138.16666666666666
EK202310193897,151.96666666666667
EK202310160769,152.16666666666666
EK202310212581,140.13333333333333
EK202310248122,142.93333333333334
EK202310235931,129.7
EK202310181771,174.73333333333332
EK202310155768,143.36666666666667
EK202310111605,140.0
EK202310127306,175.83333333333334
EK202310150190,142.13333333333333
EK202320005858,157.66666666666666
EK202310236072,146.4
EK202310225439,137.1
EK202310237893,152.0
EK202310136361,132.2
EK202310191072,145.76666666666668
EK202310181865,147.03333333333333
EK202310231592,158.16666666666666
EK202310207325,134.5
EK202310172714,142.23333333333332
EK202310224865,148.13333333333333
EK202310168576,157.5
EK202310103778,150.23333333333332
EK202310217586,157.4
EK202310231160,130.26666666666668
EK202310234098,151.33333333333334
EK202310178165,140.73333333333332
EK202310135798,146.23333333333332
EK202310207159,161.26666666666668
EK202310161503,163.76666666666668
EK202310164971,137.16666666666666
EK202310227797,144.6
EK202310138476,145.16666666666666
EK202310105436,129.86666666666667
EK202310171599,137.23333333333332
EK202310155833,149.5
EK202320007748,152.33333333333334
EK202310216275,140.63333333333333
EK202310178246,146.23333333333332
EK202310233952,138.8
EK202310236351,133.6
EK202310208975,136.2
EK202310210410,138.33333333333334
EK202310179531,139.53333333333333
EK202310207618,157.1
EK202310173550,171.7
EK202310226730,137.6
EK202310129523,150.06666666666666
EK202310220746,143.8
EK202310248566,134.5
EK202310193943,155.16666666666666
EK202310119814,149.93333333333334
EK202310142248,151.86666666666667
EK202310186304,168.86666666666667
EK202310138557,168.43333333333334
EK202310245483,140.43333333333334
EK202310132300,137.6
EK202310208081,142.46666666666667
EK202310230460,157.33333333333334
EK202310140474,133.9
EK202310212083,142.26666666666668
EK202310136665,138.66666666666666
EK202310131251,148.73333333333332
EK202310232633,130.8
EK202310147477,146.76666666666668
EK202310205850,138.6
EK202310202041,149.0
EK202310173763,133.2
EK202310160578,170.66666666666666
EK202310191339,134.93333333333334
EK202310212270,137.9
EK202310145728,143.43333333333334
EK202310221046,138.0
EK202310188691,138.86666666666667
EK202310171896,160.3
EK202310139766,139.4
EK202310173220,141.06666666666666
EK202310162948,151.46666666666667
EK202310105701,131.23333333333332
EK202310197311,155.93333333333334
EK202310147640,169.46666666666667
EK202310183542,154.9
EK202310183535,169.76666666666668
EK202310245904,149.6
EK202310133031,132.76666666666668
EK202310188018,158.96666666666667
EK202310135860,141.06666666666666
EK202310236943,137.03333333333333
EK202310156470,176.86666666666667
EK202310195857,150.06666666666666
EK202310187539,149.96666666666667
EK202310004424,128.8
EK202310217002,136.6
EK202310179415,131.46666666666667
EK202310120456,139.53333333333333
EK202310200863,136.6
EK202310147545,143.0
EK202310230822,150.73333333333332
EK202310121215,144.13333333333333
EK202310177411,164.5
EK202310224282,136.93333333333334
EK202310140227,135.76666666666668
EK202310129737,142.43333333333334
EK202310140849,129.43333333333334
EK202310189202,151.13333333333333
EK202310104642,139.16666666666666
EK202310208010,148.76666666666668
EK202310166940,166.33333333333334
EK202310162024,131.93333333333334
EK202310199815,154.43333333333334
EK202310152439,137.1
EK202310233448,140.83333333333334
EK202310242843,139.4
EK202310201491,154.8
EK202310107632,136.86666666666667
EK202310198770,183.8
EK202310137566,136.4
EK202310142121,129.1
EK202310190572,137.1
EK202310205775,145.43333333333334
EK202310220844,154.06666666666666
EK202310139338,140.76666666666668
EK202310108582,153.23333333333332
EK202310158552,129.46666666666667
EK202310184301,144.0
EK202310243616,140.7
EK202310151811,158.03333333333333
EK202310125407,141.86666666666667
EK202310139375,131.73333333333332
EK202310239439,137.56666666666666
EK202310155841,132.96666666666667
EK202310215149,138.53333333333333
EK202310107124,147.63333333333333
EK202310134118,126.0
EK202310194279,152.53333333333333
EK202310246720,141.6
EK202310162584,156.4
EK202310195982,151.33333333333334
EK202310228933,136.1
EK202310116256,154.1
EK202310114568,146.0
EK202310131206,138.16666666666666
EK202310175053,149.4
EK202310221935,145.23333333333332
EK202310185735,135.9
EK202310223371,127.86666666666666
EK202310228532,138.5
EK202310201399,144.53333333333333
EK202310225779,144.96666666666667
EK202310223354,162.73333333333332
EK202310149880,140.1
EK202310182361,146.83333333333334
EK202310245495,133.73333333333332
EK202310004203,150.4
EK202310179618,151.83333333333334
EK202320007066,152.93333333333334
EK202310114050,138.63333333333333
EK202310191315,139.5
EK202310146983,158.06666666666666
EK202310130594,136.6
EK202310242203,157.33333333333334
EK202310241138,140.83333333333334
EK202310156504,157.6
EK202310197660,155.26666666666668
EK202310140136,140.73333333333332
EK202310143917,131.63333333333333
EK202310219192,136.0
EK202310134270,145.46666666666667
EK202310232270,141.93333333333334
EK202310173917,138.9
EK202310173711,134.3
EK202310112756,129.96666666666667
EK202310204172,146.63333333333333
EK202310159759,146.8
EK202310186227,144.3
EK202310185665,143.23333333333332
EK202310117309,132.7
EK202310197672,151.6
EK202310153079,140.96666666666667
EK202320006035,159.1
EK202310247525,127.96666666666667
EK202310161438,135.03333333333333
EK202310218023,152.93333333333334
EK202310150064,143.4
EK202310142573,153.76666666666668
EK202310124576,136.63333333333333
EK202310219887,137.3
EK202310120184,152.33333333333334
EK202310112918,134.6
EK202310109372,173.33333333333334
EK202310107015,137.5
EK202310150353,161.06666666666666
EK202310204484,133.56666666666666
EK202310146488,131.63333333333333
EK202310124804,142.5
EK202310185666,147.6
EK202310195519,138.46666666666667
EK202310160733,133.3
EK202310104544,152.43333333333334
EK202310184750,133.1
EK202310003740,129.16666666666666
EK202310226854,129.73333333333332
EK202310125742,149.6
EK202310168317,134.03333333333333
EK202310149766,162.13333333333333
EK202310190272,152.1
EK202310146274,139.36666666666667
EK202310112851,148.06666666666666
EK202310175254,146.46666666666667
EK202310163259,135.16666666666666
EK202310133880,143.46666666666667
EK202310217079,128.06666666666666
EK202310170637,144.1
EK202310194778,120.83333333333333
EK202310218095,150.63333333333333
EK202310135253,144.86666666666667
EK202310197692,150.53333333333333
EK202310208639,136.76666666666668
EK202310246924,135.83333333333334
EK202310189081,157.66666666666666
EK202310186006,147.43333333333334
EK202310234924,138.4
EK202310159161,163.2
EK202310118361,134.63333333333333
EK202310103934,125.3
EK202310218075,145.0
EK202310151847,144.83333333333334
EK202310227485,147.5
EK202310215170,139.1
EK202310182285,143.93333333333334
EK202320006523,168.1
EK202310226724,134.1
EK202310144268,154.13333333333333
EK202310156630,173.33333333333334
EK202310245294,154.4
EK202310223363,138.2
EK202310237800,143.8
EK202310173460,151.83333333333334
EK202310209655,152.9
EK202310119136,143.73333333333332
EK202310127314,168.83333333333334
EK202310193844,145.4
EK202310162315,140.76666666666668
EK202310218294,129.33333333333334
EK202310151071,144.4
EK202310217686,148.6
EK202310154435,146.43333333333334
EK202310191927,161.4
EK202310181837,147.4
EK202310148256,164.63333333333333
EK202310230363,140.43333333333334
EK202310156095,143.4
EK202310169939,137.86666666666667
EK202310141818,144.63333333333333
EK202310230706,140.43333333333334
EK202310138074,128.86666666666667
EK202310213136,143.53333333333333
EK202310245174,157.8
EK202310149067,158.13333333333333
EK202310215609,145.23333333333332
EK202310170363,131.16666666666666
EK202310238402,142.96666666666667
EK202310117314,135.16666666666666
EK202310241750,145.73333333333332
EK202310154247,126.53333333333333
EK202310148755,158.16666666666666
EK202310150162,130.63333333333333
EK202310189110,135.76666666666668
EK202310168769,161.5
EK202310211938,132.63333333333333
EK202310176335,143.13333333333333
EK202310113812,129.73333333333332
EK202310123004,134.5
EK202310205174,150.66666666666666
EK202310168759,148.96666666666667
EK202310213442,135.06666666666666
EK202310239610,164.23333333333332
EK202310195241,134.36666666666667
EK202310153703,161.26666666666668
EK202310150341,122.36666666666666
EK202310208289,129.06666666666666
EK202310111014,153.23333333333332
EK202310221055,148.56666666666666
EK202310201138,185.4
EK202310004391,143.63333333333333
EK202310155939,140.56666666666666
EK202310148376,141.43333333333334
EK202310116871,140.7
EK202310197518,132.33333333333334
EK202310119757,134.46666666666667
EK202320007473,166.93333333333334
EK202310134809,142.3
EK202310189457,172.73333333333332
EK202310185033,148.9
EK202310229340,140.33333333333334
EK202310122288,155.73333333333332
EK202310120743,141.1
EK202310242075,142.06666666666666
EK202310140597,140.56666666666666
EK202310242069,134.56666666666666
EK202310136890,148.4
EK202310209810,131.4
EK202310223071,134.23333333333332
EK202310218487,143.83333333333334
EK202310232696,157.56666666666666
EK202310209345,136.93333333333334
EK202310170813,135.16666666666666
EK202310153786,171.66666666666666
EK202310151789,152.73333333333332
EK202310151677,131.6
EK202310137204,138.73333333333332
EK202310218836,136.63333333333333
EK202310151080,139.93333333333334
EK202310164354,145.33333333333334
EK202310173775,159.23333333333332
EK202310121695,140.23333333333332
EK202310205477,141.7
EK202310157033,149.83333333333334
EK202310119370,135.3
EK202310126142,153.86666666666667
EK202310205658,143.83333333333334
EK202310186719,161.4
EK202310144182,139.46666666666667
EK202310246415,135.23333333333332
EK202310227129,158.36666666666667
EK202310156707,155.4
EK202320005770,154.86666666666667
EK202310166383,148.13333333333333
EK202310210479,129.7
EK202310179571,148.13333333333333
EK202310187791,136.7
EK202310171969,143.33333333333334
EK202310132165,159.16666666666666
EK202310124907,146.9
EK202310208889,162.13333333333333
EK202310247697,147.73333333333332
EK202310194854,138.83333333333334
EK202310225021,172.93333333333334
EK202310238477,145.5
EK202310239246,130.86666666666667
EK202310176503,147.73333333333332
EK202310176496,140.2
EK202310198306,163.2
EK202310188583,135.36666666666667
EK202310207194,149.46666666666667
EK202310219806,136.03333333333333
EK202310227819,130.5
EK202310164368,172.6
EK202310239912,149.36666666666667
EK202310198458,128.8
EK202310142902,137.53333333333333
EK202310240388,136.66666666666666
EK202310222895,138.06666666666666
EK202310160875,133.26666666666668
EK202310167060,151.03333333333333
EK202310224028,178.13333333333333
EK202310151657,146.26666666666668
EK202310155117,141.36666666666667
EK202310136926,135.6
EK202310143427,177.36666666666667
EK202310172189,130.7
EK202310125542,126.76666666666667
EK202310217168,147.23333333333332
EK202310121975,135.26666666666668
EK202310182960,135.73333333333332
EK202310128220,130.63333333333333
EK202310112524,151.6
EK202310212379,135.76666666666668
EK202310207577,147.6
EK202310153262,158.86666666666667
EK202310198456,151.13333333333333
EK202310108358,134.93333333333334
EK202310160189,159.8
EK202310210891,121.66666666666667
EK202310193109,128.43333333333334
EK202310181289,141.76666666666668
EK202310131577,147.96666666666667
EK202310211895,153.13333333333333
EK202310190829,159.0
EK202310127301,159.16666666666666
EK202310116811,133.6
EK202310107250,148.56666666666666
EK202310107498,129.43333333333334
EK202310192130,145.66666666666666
EK202310132040,138.26666666666668
EK202310175120,129.33333333333334
EK202310246012,139.8
EK202320006537,163.76666666666668
EK202310129645,140.16666666666666
EK202310188742,134.93333333333334
EK202310196813,134.76666666666668
EK202310125413,153.63333333333333
EK202310166995,133.4
EK202310146585,143.7
EK202310229973,148.96666666666667
EK202310247518,139.1
EK202310198340,142.76666666666668
EK202310113811,136.3
EK202310188773,162.9
EK202310109282,141.2
EK202310240034,149.46666666666667
EK202310215437,140.16666666666666
EK202310194389,166.96666666666667
EK202310172196,134.2
EK202310165827,162.9
EK202320005561,145.36666666666667
EK202310149595,142.7
EK202310168288,150.33333333333334
EK202310140892,134.73333333333332
EK202310184756,153.36666666666667
EK202310155970,151.2
EK202310219701,132.53333333333333
EK202310174732,133.8
EK202310195694,145.9
EK202310213272,142.6
EK202310140437,154.73333333333332
EK202310235734,141.96666666666667
EK202310130236,165.96666666666667
EK202310144191,137.26666666666668
EK202310190014,161.8
EK202310244140,141.86666666666667
EK202310179886,145.43333333333334
EK202310124185,138.63333333333333
EK202310153209,131.26666666666668
EK202310153141,140.1
EK202310203881,140.7
EK202310166214,163.46666666666667
EK202310165860,151.8
EK202310221150,131.43333333333334
EK202310212669,133.06666666666666
EK202310183646,131.83333333333334
EK202310161293,133.43333333333334
EK202310123374,146.3
EK202310167702,140.96666666666667
EK202310218991,135.96666666666667
EK202310153681,129.2
EK202310132053,145.7
EK202310181558,131.86666666666667
EK202310234347,148.63333333333333
EK202310205398,145.23333333333332
EK202310236180,126.6
EK202310215127,147.56666666666666
EK202310184646,173.4
EK202310248044,136.46666666666667
EK202310232425,134.83333333333334
EK202310151757,129.5
EK202310134956,166.36666666666667
EK202310203447,136.7
EK202310125366,135.53333333333333
EK202310180083,142.4
EK202310170602,152.63333333333333
EK202310189329,133.7
EK202310152190,139.03333333333333
EK202310118845,145.93333333333334
EK202310202683,138.76666666666668
EK202310131733,150.4
EK202310151659,134.96666666666667
EK202310111223,152.1
EK202310189015,156.6
EK202310204933,128.53333333333333
EK202310220311,140.53333333333333
EK202310153186,142.53333333333333
EK202310204998,152.93333333333334
EK202310206640,124.8
EK202310148731,152.66666666666666
EK202310177950,132.83333333333334
EK202310236764,140.3
EK202310149184,132.73333333333332
EK202310243178,151.7
EK202310149329,150.46666666666667
EK202310124506,141.73333333333332
EK202310175231,155.83333333333334
EK202310117163,131.4
EK202310235121,147.06666666666666
EK202310201963,143.8
EK202310177877,141.96666666666667
EK202310196442,135.13333333333333
EK202310165909,141.5
EK202310148120,158.96666666666667
EK202310165323,142.53333333333333
EK202310148717,121.9
EK202310110684,131.03333333333333
EK202310131621,156.2
EK202310155848,141.5
EK202310116241,137.2
EK202310139259,158.93333333333334
EK202310125773,135.9
EK202310233036,154.93333333333334
EK202310149022,152.7
EK202310189335,146.16666666666666
EK202310124884,135.7
EK202310120137,145.86666666666667
EK202310164298,151.8
EK202310210341,144.7
EK202310235088,139.4
EK202310187731,155.73333333333332
EK202310243618,143.36666666666667
EK202310246975,133.2
EK202310178699,178.6
EK202310208826,149.13333333333333
EK202310192931,154.7
EK202310144942,139.13333333333333
EK202310204406,139.3
EK202310228390,133.96666666666667
EK202310116598,154.86666666666667
EK202310168298,146.86666666666667
EK202310221487,155.43333333333334
EK202310129003,133.36666666666667
EK202310199518,138.06666666666666
EK202310230415,145.53333333333333
EK202310229198,135.96666666666667
EK202310191619,165.96666666666667
EK202310135624,144.33333333333334
EK202310188764,140.06666666666666
EK202310194928,158.03333333333333
EK202310136019,144.2
EK202310193486,133.63333333333333
EK202310114440,136.7
EK202310233214,138.66666666666666
EK202310228766,139.66666666666666
EK202310149990,170.0
EK202310122654,134.03333333333333
EK202310221978,135.16666666666666
EK202310166235,136.13333333333333
EK202310165801,153.9
EK202310164057,140.93333333333334
EK202310168718,127.03333333333333
EK202310108201,148.33333333333334
EK202310206343,173.6
EK202310114675,132.76666666666668
EK202310188537,156.96666666666667
EK202310179087,145.23333333333332
EK202310187084,158.46666666666667
EK202310187925,133.5
EK202310170956,155.9
EK202310212887,136.23333333333332
EK202310137413,136.7
EK202310217648,129.6
EK202310174679,153.73333333333332
EK202310229265,139.93333333333334
EK202310148461,147.16666666666666
EK202310222772,133.23333333333332
EK202310113407,145.2
EK202310206546,142.26666666666668
EK202310224810,140.56666666666666
EK202310228008,135.63333333333333
EK202310165670,133.86666666666667
EK202310188801,173.46666666666667
EK202310163428,138.86666666666667
EK202310155452,135.2
EK202310188057,150.5
EK202310191879,131.4
EK202310221170,141.13333333333333
EK202310231103,143.7
EK202310242198,164.93333333333334
EK202310187526,176.1
EK202310188098,135.36666666666667
EK202310203053,143.46666666666667
EK202310215291,137.23333333333332
EK202310175087,136.06666666666666
EK202310187624,169.73333333333332
EK202310190415,133.03333333333333
EK202310123309,171.3
EK202310148164,159.56666666666666
EK202310185918,130.56666666666666
EK202310122611,133.53333333333333
EK202310174402,137.83333333333334
EK202310165680,136.06666666666666
EK202310234342,153.93333333333334
EK202310196937,155.13333333333333
EK202310111601,144.63333333333333
EK202310115643,137.13333333333333
EK202310111554,139.56666666666666
EK202310128358,130.6
EK202310131862,148.5
EK202310207446,147.5
EK202310189921,138.4
EK202310129789,152.03333333333333
EK202310226523,133.0
EK202310231417,132.36666666666667
EK202320007285,183.1
EK202310217873,151.26666666666668
EK202310105042,140.83333333333334
EK202310136636,148.46666666666667
EK202310175915,158.6
EK202310003483,140.96666666666667
EK202310200419,145.7
EK202310117924,158.96666666666667
EK202310181210,157.83333333333334
EK202310202561,155.93333333333334
EK202310107499,144.66666666666666
EK202310107137,138.36666666666667
EK202310231924,156.06666666666666
EK202310144923,143.63333333333333
EK202310207718,149.73333333333332
EK202310212477,131.8
EK202310107846,128.96666666666667
EK202310185004,152.8
EK202310134355,161.1
EK202310170491,136.16666666666666
EK202310234495,150.5
EK202310126339,136.33333333333334
EK202310185015,141.7
EK202310208389,144.7
EK202310165712,173.33333333333334
EK202310168161,167.0
EK202310152314,149.16666666666666
EK202310207349,138.6
EK202310195623,135.76666666666668
EK202310187039,139.1
EK202310141159,141.8
EK202310209863,150.23333333333332
EK202310160465,142.66666666666666
EK202310171624,133.46666666666667
EK202310227086,149.6
EK202310177422,139.8
EK202310240033,146.83333333333334
EK202310147863,140.4
EK202310187436,145.66666666666666
EK202310210870,136.73333333333332
EK202310104543,143.26666666666668
EK202310136266,127.66666666666667
EK202310169848,139.6
EK202310134804,129.3
EK202310128125,129.1
EK202310105804,138.9
EK202310240636,128.96666666666667
EK202310128250,131.96666666666667
EK202310167986,149.76666666666668
EK202310223738,133.93333333333334
EK202310194978,145.53333333333333
EK202310174109,138.6
EK202310234407,133.86666666666667
EK202310174138,133.2
EK202310167183,139.56666666666666
EK202310111941,125.76666666666667
EK202310199956,142.16666666666666
EK202310116743,137.8
EK202310140835,145.5
EK202310179216,176.03333333333333
EK202310205539,154.8
EK202310196566,140.63333333333333
EK202310224930,155.8
EK202310120947,137.36666666666667
EK202310170902,135.76666666666668
EK202310235028,152.5
EK202310113734,137.26666666666668
EK202310204036,136.16666666666666
EK202310230642,135.0
EK202310131709,146.73333333333332
EK202310226061,140.0
EK202310175946,141.9
EK202310152205,157.86666666666667
EK202310188482,140.0
EK202310108311,131.1
EK202310191290,137.76666666666668
EK202310144489,132.43333333333334
EK202310172283,135.63333333333333
EK202310226719,141.36666666666667
EK202310159716,151.3
EK202310199594,158.0
EK202310173559,139.4
EK202310136955,145.7
EK202310116269,138.5
EK202310193704,150.3
EK202320007431,178.36666666666667
EK202310132812,166.13333333333333
EK202310180739,144.06666666666666
EK202310174941,161.96666666666667
EK202310178926,157.23333333333332
EK202310194112,143.63333333333333
EK202310133210,137.66666666666666
EK202310192212,126.86666666666666
EK202310120175,140.2
EK202310139063,147.1
EK202310110816,130.0
EK202310133264,140.83333333333334
EK202310104140,148.93333333333334
EK202310162125,149.6
EK202310144954,137.43333333333334
EK202310169762,131.06666666666666
EK202310161221,142.43333333333334
EK202310216951,156.63333333333333
EK202310231726,143.96666666666667
EK202310149140,169.46666666666667
EK202310129051,145.3
EK202310134433,139.9
EK202310247557,166.6
EK202310231514,128.93333333333334
EK202310224127,138.36666666666667
EK202310126711,129.26666666666668
EK202310145914,137.66666666666666
EK202310147010,160.66666666666666
EK202310141199,148.26666666666668
EK202310163547,138.3
EK202310204148,141.2
EK202310159997,140.6
EK202310147517,145.73333333333332
EK202310120397,143.66666666666666
EK202310154029,148.33333333333334
EK202310208628,139.53333333333333
EK202310240529,139.6
EK202310119023,156.13333333333333
EK202310171849,133.86666666666667
EK202310180911,144.73333333333332
EK202310111220,137.6
EK202310155400,135.56666666666666
EK202310205379,140.5
EK202310151041,146.86666666666667
EK202310122951,146.83333333333334
EK202310196536,151.66666666666666
EK202310160766,136.5
EK202310209097,147.06666666666666
EK202310140289,132.8
EK202310133699,157.8
EK202310193965,138.66666666666666
EK202310201530,159.7
EK202310131280,133.9
EK202310225831,129.2
EK202310197460,138.9
EK202310225230,138.2
EK202310158454,144.16666666666666
EK202310245266,156.06666666666666
EK202310175415,135.36666666666667
EK202310194223,149.1
EK202310199942,141.83333333333334
EK202310233835,137.96666666666667
EK202310220027,142.63333333333333
EK202310119464,164.23333333333332
EK202310179368,146.23333333333332
EK202320006345,144.96666666666667
EK202310124702,139.7
EK202310197937,134.66666666666666
EK202310159091,130.1
EK202310138888,126.26666666666667
EK202310216680,137.1
EK202310240252,145.13333333333333
EK202310175387,147.16666666666666
EK202310199869,134.26666666666668
EK202310140275,143.53333333333333
EK202310151577,130.86666666666667
EK202310130981,137.23333333333332
EK202310131764,137.3
EK202310121874,129.9
EK202310171868,128.23333333333332
EK202310140109,161.8
EK202310120574,131.23333333333332
EK202310151566,135.13333333333333
EK202310124827,170.36666666666667
EK202310120607,141.16666666666666
EK202320006257,154.53333333333333
EK202310220130,154.86666666666667
EK202310144885,157.93333333333334
EK202310186525,136.53333333333333
EK202310219807,151.26666666666668
EK202310167657,138.9
EK202310123275,138.3
EK202310215234,155.26666666666668
EK202310146524,159.33333333333334
EK202310169940,133.2
EK202310243649,141.83333333333334
EK202310183687,137.53333333333333
EK202310130415,163.1
EK202310188385,151.36666666666667
EK202310158217,155.13333333333333
EK202310004449,140.26666666666668
EK202310193236,144.83333333333334
EK202310151651,137.23333333333332
EK202310106009,153.86666666666667
EK202310185711,141.86666666666667
EK202310104495,131.36666666666667
EK202310144848,162.06666666666666
EK202310180048,150.2
EK202310137754,139.23333333333332
EK202310156546,173.53333333333333
EK202310137352,158.06666666666666
EK202310182441,128.86666666666667
EK202310208167,137.16666666666666
EK202310223871,141.3
EK202310172342,137.93333333333334
EK202310219366,152.3
EK202310196187,163.53333333333333
EK202310138150,139.13333333333333
EK202310172299,142.0
EK202310127364,156.4
EK202310139869,139.0
EK202310128954,129.86666666666667
EK202310146322,144.4
EK202310162849,153.06666666666666
EK202310181038,123.06666666666666
EK202310170175,138.43333333333334
EK202310112098,156.13333333333333
EK202310176673,134.1
EK202310139559,148.53333333333333
EK202310233592,145.8
EK202310224263,157.4
EK202310110134,140.2
EK202310226556,139.06666666666666
EK202310209883,138.3
EK202310231890,142.76666666666668
EK202310190968,148.96666666666667
EK202310136859,157.16666666666666
EK202310247260,133.46666666666667
EK202310172360,124.53333333333333
EK202310210416,139.8
EK202310227699,140.73333333333332
EK202310213569,143.2
EK202310224874,130.53333333333333
EK202310169709,161.96666666666667
EK202310228257,136.8
EK202310141038,150.9
EK202310129192,141.56666666666666
EK202310107751,140.66666666666666
EK202310140717,135.76666666666668
EK202310228229,140.23333333333332
EK202310207072,138.96666666666667
EK202310202830,145.03333333333333
EK202310148905,150.5
EK202310127758,163.93333333333334
EK202310178020,139.6
EK202310193951,137.53333333333333
EK202310155292,137.93333333333334
EK202310144487,129.56666666666666
EK202310121253,148.33333333333334
EK202310148088,145.03333333333333
EK202310187124,133.66666666666666
EK202310229693,132.33333333333334
EK202310201484,133.76666666666668
EK202310129571,138.36666666666667
EK202310125950,145.23333333333332
EK202310185603,171.33333333333334
EK202310114453,155.73333333333332
EK202310117950,170.26666666666668
EK202310119043,138.13333333333333
EK202310198703,180.86666666666667
EK202310140299,138.26666666666668
EK202310135296,170.4
EK202310107227,124.76666666666667
EK202310240359,147.7
EK202310240921,137.76666666666668
EK202310128737,125.26666666666667
EK202310124258,131.23333333333332
EK202310220986,136.2
EK202310120232,141.76666666666668
EK202310164246,142.36666666666667
EK202310179029,153.23333333333332
EK202310162108,178.13333333333333
EK202310117566,130.93333333333334
EK202310232452,130.73333333333332
EK202310199397,169.76666666666668
EK202310150619,160.66666666666666
EK202310112912,136.9
EK202310196213,164.0
EK202310128306,148.7
EK202310186545,147.56666666666666
EK202310245338,136.26666666666668
EK202310126833,144.93333333333334
EK202310183324,131.2
EK202310206548,141.2
EK202310162684,137.33333333333334
EK202310158471,156.4
EK202310237583,143.03333333333333
EK202310142976,136.93333333333334
EK202310181877,168.7
EK202310193411,136.43333333333334
EK202310140403,133.86666666666667
EK202310223571,133.93333333333334
EK202310200630,141.4
EK202310219428,140.3
EK202310149680,127.73333333333333
EK202310109895,142.33333333333334
EK202310204098,151.93333333333334
EK202310177412,155.56666666666666
EK202310219692,130.53333333333333
EK202310103878,144.86666666666667
EK202310193630,154.6
EK202310109504,131.46666666666667
EK202310109364,143.6
EK202310239283,138.63333333333333
EK202310104478,131.13333333333333
EK202310204048,155.93333333333334
EK202310159059,145.63333333333333
EK202310156030,159.1
EK202310245545,142.83333333333334
EK202320007416,171.96666666666667
EK202310221846,151.4
EK202310132308,140.5
EK202310197059,131.9
EK202310234332,149.13333333333333
EK202310194822,170.13333333333333
EK202310148932,133.23333333333332
EK202310128434,143.6
EK202310238922,136.73333333333332
EK202310114232,145.4
EK202310175005,150.43333333333334
EK202320007002,161.83333333333334
EK202310197439,137.63333333333333
EK202310236355,136.96666666666667
EK202310003833,138.83333333333334
EK202310204832,145.96666666666667
EK202310004506,141.9
EK202310121065,142.8
EK202310127094,178.06666666666666
EK202310213840,157.86666666666667
EK202310114333,135.8
EK202310145274,162.2
EK202310222042,132.8
EK202310213433,129.93333333333334
EK202310146144,128.93333333333334
EK202310204047,131.9
EK202310212828,136.83333333333334
EK202310138593,135.7
EK202310226806,130.56666666666666
EK202310208095,145.43333333333334
EK202310114814,138.56666666666666
EK202310186543,156.13333333333333
EK202310110336,134.56666666666666
EK202310167478,143.83333333333334
EK202310236430,127.66666666666667
EK202310217023,138.9
EK202310153953,146.26666666666668
EK202310230502,141.06666666666666
EK202310247381,132.43333333333334
EK202310208704,150.53333333333333
EK202310139824,128.63333333333333
EK202310197168,132.66666666666666
EK202310128080,142.7
EK202310123269,146.53333333333333
EK202310121955,140.1
EK202310161214,152.4
EK202310133556,136.43333333333334
EK202310197481,141.16666666666666
EK202310246538,126.06666666666666
EK202310194330,159.6
EK202310178652,150.43333333333334
EK202310209776,144.5
EK202310242382,137.03333333333333
EK202310234518,143.33333333333334
EK202310217553,142.36666666666667
EK202310003369,131.66666666666666
EK202310207859,141.1
EK202310215266,141.4
EK202310191942,147.36666666666667
EK202310113737,154.03333333333333
EK202310128655,150.56666666666666
EK202310248203,137.23333333333332
EK202310170678,153.33333333333334
EK202310225376,147.1
EK202310198236,131.03333333333333
EK202310138567,144.16666666666666
EK202310148635,150.0
EK202310121362,148.43333333333334
EK202310216537,153.3
EK202310244010,136.03333333333333
EK202310199391,170.8
EK202310150957,131.5
EK202310160956,156.9
EK202310234204,139.56666666666666
EK202310230587,153.9
EK202310212166,155.8
EK202310164638,146.4
EK202310157872,145.66666666666666
EK202310206238,155.6
EK202310137733,128.46666666666667
EK202310123238,134.56666666666666
EK202310201665,131.6
EK202310150077,137.06666666666666
EK202310140491,126.96666666666667
EK202310183010,157.63333333333333
EK202310168338,143.83333333333334
EK202310146731,139.3
EK202310201575,140.76666666666668
EK202310151646,128.13333333333333
EK202310110613,149.1
EK202310107412,161.13333333333333
EK202310110590,126.06666666666666
EK202310127237,155.6
EK202310217513,141.76666666666668
EK202310148694,150.23333333333332
EK202310223185,135.66666666666666
EK202310172511,147.46666666666667
EK202310219014,133.83333333333334
EK202310134780,142.7
EK202310117915,131.7
EK202310153389,146.5
EK202310207296,156.5
EK202310132494,132.76666666666668
EK202310187803,145.73333333333332
EK202310233954,140.96666666666667
EK202310119049,134.6
EK202310243256,139.2
EK202310244548,130.46666666666667
EK202310240124,137.93333333333334
EK202310148734,142.4
EK202310131233,130.23333333333332
EK202310220058,141.06666666666666
EK202310217202,154.86666666666667
EK202310179774,138.53333333333333
EK202310227794,136.76666666666668
EK202310132105,132.2
EK202310177761,152.86666666666667
EK202310227840,158.33333333333334
EK202310169016,138.63333333333333
EK202320006837,174.43333333333334
EK202310108574,149.33333333333334
EK202310190548,139.9
EK202310109486,133.93333333333334
EK202310200259,152.36666666666667
EK202310162701,172.23333333333332
EK202310160336,126.33333333333333
EK202310212709,131.16666666666666
EK202310226725,137.96666666666667
EK202310158681,146.83333333333334
EK202310107964,148.13333333333333
EK202310235518,148.26666666666668
EK202310123552,149.86666666666667
EK202310201865,137.9
EK202310145317,161.56666666666666
EK202310183030,146.5
EK202310200118,149.73333333333332
EK202310114422,153.23333333333332
EK202310157848,135.93333333333334
EK202310239370,154.33333333333334
EK202310131836,170.7
EK202310143421,129.73333333333332
EK202310205485,137.66666666666666
EK202310168662,164.2
EK202310154586,173.9
EK202310186744,147.83333333333334
EK202310233340,144.26666666666668
EK202310239910,129.1
EK202310245136,141.43333333333334
EK202310149851,178.7
EK202310149779,152.36666666666667
EK202310228990,141.0
EK202310242178,152.26666666666668
EK202310133873,174.46666666666667
EK202310164264,139.6
EK202310231632,134.6
EK202310144424,140.5
EK202310112760,137.5
EK202310212956,148.23333333333332
EK202310145964,139.43333333333334
EK202310126563,133.16666666666666
EK202310109694,157.8
EK202310128490,133.33333333333334
EK202310180704,178.16666666666666
EK202310126998,133.86666666666667
EK202310112115,142.6
EK202310209159,135.46666666666667
EK202310191498,133.9
EK202310216436,132.1
EK202310163197,133.33333333333334
EK202310151701,144.3
EK202310110130,133.26666666666668
EK202310226705,146.13333333333333
EK202310139340,172.2
EK202310110862,143.93333333333334
EK202310127381,166.9
EK202310202546,173.03333333333333
EK202310225643,144.23333333333332
EK202310213096,138.96666666666667
EK202310235079,146.23333333333332
EK202310109108,169.8
EK202310225137,139.16666666666666
EK202310187484,142.8
EK202310244698,163.5
EK202310182643,143.6
EK202310172470,159.96666666666667
EK202310202542,128.36666666666667
EK202310240368,129.33333333333334
EK202310103843,134.36666666666667
EK202310219530,148.6
EK202310176306,161.53333333333333
EK202310239841,151.03333333333333
EK202310216087,140.73333333333332
EK202310153817,133.83333333333334
EK202310170433,131.43333333333334
EK202310219831,133.96666666666667
EK202310232545,153.03333333333333
EK202310128070,167.0
EK202310160215,149.36666666666667
EK202310233605,133.0
EK202310004309,152.16666666666666
EK202310162940,147.66666666666666
EK202310229901,130.96666666666667
EK202310155025,150.5
EK202310127004,144.96666666666667
EK202310247408,143.73333333333332
EK202310202128,148.26666666666668
EK202310178091,133.13333333333333
EK202310123328,140.46666666666667
EK202310228444,138.33333333333334
EK202310156135,147.56666666666666
EK202310164582,140.36666666666667
EK202310120354,139.26666666666668
EK202310225755,163.46666666666667
EK202310242750,136.43333333333334
EK202310142998,155.7
EK202310224125,144.4
EK202310169891,150.13333333333333
EK202310115679,134.33333333333334
EK202310198800,178.0
EK202310105498,148.5
EK202310178156,144.36666666666667
EK202310186930,148.03333333333333
EK202310133899,142.56666666666666
EK202310156394,144.06666666666666
EK202310122250,142.66666666666666
EK202310148614,145.9
EK202310195974,157.9
EK202310140125,138.53333333333333
EK202310210027,151.93333333333334
EK202310123730,146.9
EK202310116187,130.33333333333334
EK202310159940,141.56666666666666
EK202310120469,134.0
EK202310153614,136.2
EK202310233640,136.2
EK202310185515,149.13333333333333
EK202310205120,160.8
EK202310178305,156.2
EK202310184917,171.56666666666666
EK202310194354,144.9
EK202310171208,154.3
EK202310154255,168.6
EK202310245884,131.96666666666667
EK202310179361,137.76666666666668
EK202310181720,156.83333333333334
EK202310198136,145.6
EK202310123723,146.2
EK202310162489,144.46666666666667
EK202310242175,147.56666666666666
EK202310224905,154.23333333333332
EK202310248091,150.53333333333333
EK202310123593,159.46666666666667
EK202310183684,136.53333333333333
EK202310235351,141.9
EK202310169872,136.53333333333333
EK202320006484,171.3
EK202310199450,161.13333333333333
EK202310109127,140.53333333333333
EK202320007711,178.86666666666667
EK202310156432,129.3
EK202310233998,137.8
EK202310128218,141.2
EK202310121076,128.76666666666668
EK202310161013,129.33333333333334
EK202310116233,138.16666666666666
EK202310172825,136.26666666666668
EK202310126048,168.53333333333333
EK202310238467,148.2
EK202310172112,128.83333333333334
EK202310105094,147.46666666666667
EK202310228653,132.4
EK202310166974,156.36666666666667
EK202310236937,129.43333333333334
EK202310155066,139.2
EK202310110822,142.73333333333332
EK202310117204,146.73333333333332
EK202310124699,137.63333333333333
EK202310201420,141.0
EK202310193066,150.33333333333334
EK202310103851,130.66666666666666
EK202310107858,131.26666666666668
EK202310136568,158.5
EK202310108975,151.0
EK202310123028,132.16666666666666
EK202310124327,131.0
EK202310127718,146.23333333333332
EK202310155357,154.83333333333334
EK202310230360,139.5
EK202310107277,145.4
EK202310140418,159.63333333333333
EK202310205320,145.2
EK202310111068,155.96666666666667
EK202310199336,142.6
EK202310124051,149.13333333333333
EK202310137534,129.36666666666667
EK202310134728,133.56666666666666
EK202310186537,140.66666666666666
EK202310212779,150.56666666666666
EK202310184455,147.53333333333333
EK202310243388,143.1
EK202310137422,135.43333333333334
EK202310241788,153.9
EK202310107922,165.76666666666668
EK202310193955,140.73333333333332
EK202310194721,141.53333333333333
EK202310146903,132.73333333333332
EK202310134637,138.96666666666667
EK202310115633,135.0
EK202310226326,138.8
EK202310191621,158.13333333333333
EK202310218537,151.4
EK202310140032,142.56666666666666
EK202310187906,156.73333333333332
EK202310160631,145.63333333333333
EK202310235165,127.2
EK202310226953,151.7
EK202310231462,125.2
EK202310131496,148.56666666666666
EK202310215576,175.63333333333333
EK202310122149,138.0
EK202310167024,140.83333333333334
EK202310201015,155.96666666666667
EK202310139845,167.33333333333334
EK202310206739,157.93333333333334
EK202310107474,128.63333333333333
EK202310212444,136.7
EK202310160242,157.1
EK202310151058,140.8
EK202310107745,138.56666666666666
EK202310180777,154.13333333333333
EK202310118200,139.0
EK202310110288,143.13333333333333
EK202310133962,160.76666666666668
EK202310209998,158.46666666666667
EK202310113961,144.96666666666667
EK202310125421,138.13333333333333
EK202310204604,138.1
EK202310120459,136.23333333333332
EK202310179318,167.06666666666666
EK202310188043,145.1
EK202310139621,148.53333333333333
EK202310223960,145.03333333333333
EK202310116277,150.06666666666666
EK202310173520,129.36666666666667
EK202310140244,128.2
EK202310172775,133.93333333333334
EK202310209021,162.63333333333333
EK202310137060,136.16666666666666
EK202310169472,146.96666666666667
EK202310220708,150.73333333333332
EK202310155346,147.43333333333334
EK202310203724,135.96666666666667
EK202310174172,130.76666666666668
EK202310127338,140.6
EK202310231177,138.5
EK202310110283,138.53333333333333
EK202310194192,156.2
EK202310179609,137.2
EK202310233542,166.36666666666667
EK202310223188,138.4
EK202310160161,135.03333333333333
EK202310142059,142.06666666666666
EK202310148973,151.93333333333334
EK202310185968,140.16666666666666
EK202310143375,142.9
EK202310223394,139.23333333333332
EK202310142935,141.53333333333333
EK202310128889,128.26666666666668
EK202310243694,139.2
EK202310168873,151.6
EK202310110255,138.36666666666667
EK202310217355,142.26666666666668
EK202310170477,128.63333333333333
EK202310126294,140.36666666666667
EK202310193447,153.46666666666667
EK202310208452,136.73333333333332
EK202310121117,141.9
EK202310188124,138.1
EK202310200744,163.8
EK202310246111,130.16666666666666
EK202310161343,166.66666666666666
EK202310174717,174.33333333333334
EK202310162592,144.3
EK202310199334,139.83333333333334
EK202310004427,152.7
EK202310128231,137.4
EK202310159198,133.86666666666667
EK202310190595,137.33333333333334
EK202310234887,144.76666666666668
EK202310230530,147.43333333333334
EK202310212245,133.46666666666667
EK202310247440,135.06666666666666
EK202310190679,144.8
EK202310215878,147.1
EK202310118270,141.2
EK202310109213,142.4
EK202320007685,165.43333333333334
EK202310125681,154.36666666666667
EK202310187523,144.86666666666667
EK202310185418,155.06666666666666
EK202310147002,136.73333333333332
EK202310171520,148.56666666666666
EK202310222521,138.23333333333332
EK202310200454,164.36666666666667
EK202310121658,128.66666666666666
EK202310147902,152.3
EK202310204527,137.33333333333334
EK202310202723,138.4
EK202310149975,161.66666666666666
EK202310157163,140.53333333333333
EK202310125893,136.66666666666666
EK202310121387,142.46666666666667
EK202310151762,167.5
EK202310193998,147.26666666666668
EK202310106551,148.8
EK202310245044,129.53333333333333
EK202310207864,138.26666666666668
EK202310150519,134.5
EK202310180535,142.2
EK202310140574,169.06666666666666
EK202310152351,136.1
EK202310119381,143.3
EK202310144308,133.26666666666668
EK202310204920,146.6
EK202310169039,157.03333333333333
EK202310126992,134.3
EK202310165821,145.0
EK202310218625,137.6
EK202310224581,146.6
EK202310104040,138.03333333333333
EK202310151985,157.33333333333334
EK202310151422,178.63333333333333
EK202310181497,124.26666666666667
EK202310143064,155.76666666666668
EK202310115232,156.93333333333334
EK202310160598,145.06666666666666
EK202310153804,141.06666666666666
EK202310246991,138.06666666666666
EK202310205912,139.93333333333334
EK202310147949,148.5
EK202310147713,138.3
EK202310172130,138.53333333333333
EK202310193689,145.56666666666666
EK202320007377,148.66666666666666
EK202310234778,137.86666666666667
EK202310126968,140.63333333333333
EK202310168723,139.73333333333332
EK202310205210,136.96666666666667
EK202310236972,144.66666666666666
EK202310110805,139.63333333333333
EK202310110541,157.4
EK202320006784,153.43333333333334
EK202310169268,147.03333333333333
EK202310192717,154.93333333333334
EK202310134072,126.26666666666667
EK202310109817,138.83333333333334
EK202310111416,150.43333333333334
EK202310163760,131.76666666666668
EK202310206928,151.03333333333333
EK202310222806,155.73333333333332
EK202310245025,143.03333333333333
EK202310154335,142.66666666666666
EK202310122966,144.3
EK202310147154,157.7
EK202310161786,142.53333333333333
EK202310122057,142.43333333333334
EK202310206279,155.46666666666667
EK202310241236,151.63333333333333
EK202310107469,129.4
EK202310236549,152.6
EK202310144138,148.86666666666667
EK202310212131,135.83333333333334
EK202310112701,153.7
EK202310163659,149.3
EK202310172713,136.63333333333333
EK202310175303,133.16666666666666
EK202310129678,136.8
EK202310204116,153.33333333333334
EK202310226565,137.26666666666668
EK202310177622,135.53333333333333
EK202310173275,143.13333333333333
EK202310108694,145.76666666666668
EK202310124863,143.5
EK202310209698,130.1
EK202310155502,141.63333333333333
EK202310160025,153.53333333333333
EK202310219991,139.13333333333333
EK202310229114,141.33333333333334
EK202310179717,146.33333333333334
EK202310112666,145.16666666666666
EK202310122607,141.06666666666666
EK202310203774,130.86666666666667
EK202310167012,135.4
EK202310177207,148.53333333333333
EK202310108755,134.83333333333334
EK202310235791,131.53333333333333
EK202310193173,165.16666666666666
EK202310226669,137.6
EK202310241591,150.1
EK202310139673,160.0
EK202310245678,144.13333333333333
EK202320005871,149.23333333333332
EK202310146553,145.4
EK202310110812,163.5
EK202310163248,177.6
EK202310198120,138.86666666666667
EK202310130383,159.5
EK202310165453,155.7
EK202310129296,131.56666666666666
EK202310114158,139.03333333333333
EK202310206093,163.36666666666667
EK202310178733,161.5
EK202310148785,142.9
EK202310182839,144.7
EK202310243137,137.13333333333333
EK202310180781,136.96666666666667
EK202310221757,181.73333333333332
EK202310247595,153.93333333333334
EK202310119239,148.7
EK202310174112,144.7
EK202310195036,147.96666666666667
EK202310139240,140.43333333333334
EK202310161228,143.66666666666666
EK202310124628,171.23333333333332
EK202310216201,129.3
EK202310171177,158.8
EK202310217298,132.53333333333333
EK202310105105,144.06666666666666
EK202310121917,134.66666666666666
EK202310175901,132.26666666666668
EK202310248632,138.46666666666667
EK202310168647,141.76666666666668
EK202310189433,150.5
EK202310219364,139.23333333333332
EK202310208149,139.13333333333333
EK202310115824,145.36666666666667
EK202310147437,152.6
EK202310131516,154.1
EK202310216229,147.16666666666666
EK202310143057,140.23333333333332
EK202310227618,136.16666666666666
EK202310105862,140.2
EK202310191429,172.96666666666667
EK202310114100,140.33333333333334
EK202310240658,141.43333333333334
EK202310221826,138.73333333333332
EK202310228005,141.46666666666667
EK202310114273,141.46666666666667
EK202310129611,143.13333333333333
EK202310106828,134.2
EK202310216849,153.1
EK202310217419,155.5
EK202310123260,134.53333333333333
EK202310189255,130.86666666666667
EK202310141612,144.1
EK202310115638,130.9
EK202310144626,151.5
EK202310128398,139.13333333333333
EK202310150599,144.26666666666668
EK202310209851,142.23333333333332
EK202310142306,133.43333333333334
EK202310151733,158.6
EK202310115665,144.23333333333332
EK202310144016,132.56666666666666
EK202310194248,143.43333333333334
EK202310221662,150.86666666666667
EK202310239754,134.16666666666666
EK202310183618,152.6
EK202310247966,129.0
EK202310144467,144.8
EK202310199980,128.03333333333333
EK202310147993,155.23333333333332
EK202310219732,149.53333333333333
EK202310201255,146.16666666666666
EK202310166834,163.36666666666667
EK202310188039,177.06666666666666
EK202310125812,137.56666666666666
EK202310149327,147.86666666666667
EK202310186774,177.16666666666666
EK202310131937,132.53333333333333
EK202310136858,146.96666666666667
EK202310194737,166.8
EK202310227116,132.83333333333334
EK202310188953,160.06666666666666
EK202310152825,174.46666666666667
EK202310233830,139.26666666666668
EK202310175569,154.03333333333333
EK202310127649,130.8
EK202310189873,167.73333333333332
EK202310164363,140.9
EK202310122930,130.43333333333334
EK202310159410,142.5
EK202310150191,134.0
EK202310174699,132.76666666666668
EK202310184344,165.66666666666666
EK202310142972,144.93333333333334
EK202310136313,151.2
EK202310159605,161.76666666666668
EK202310211606,137.36666666666667
EK202310194487,137.16666666666666
EK202310109553,142.33333333333334
EK202310121906,126.6
EK202310132283,142.43333333333334
EK202310156330,162.46666666666667
EK202310109685,137.7
EK202310166453,160.03333333333333
EK202310235141,141.43333333333334
EK202310242155,137.46666666666667
EK202310171093,127.86666666666666
EK202310157094,155.06666666666666
EK202310157497,143.56666666666666
EK202310112679,144.0
EK202310201020,140.76666666666668
EK202310137760,131.8
EK202310152523,143.4
EK202310227728,123.86666666666666
EK202310194083,140.16666666666666
EK202310194984,162.2
EK202310145213,138.73333333333332
EK202310216337,141.73333333333332
EK202310189326,173.8
EK202310145361,130.6
EK202310209596,133.26666666666668
EK202310147914,150.96666666666667
EK202310210977,136.26666666666668
EK202310169601,130.76666666666668
EK202310218627,134.96666666666667
EK202310222818,146.66666666666666
EK202310175529,151.16666666666666
EK202310201612,163.5
EK202310174062,145.26666666666668
EK202310223170,135.03333333333333
EK202310225186,147.56666666666666
EK202310243838,147.9
EK202310241520,145.46666666666667
EK202310166518,131.13333333333333
EK202310113920,146.93333333333334
EK202310164784,132.7
EK202310159164,141.3
EK202310149463,156.86666666666667
EK202310227499,147.3
EK202310217794,133.03333333333333
EK202310225560,141.16666666666666
EK202310147201,152.06666666666666
EK202310128156,152.83333333333334
EK202310115240,139.16666666666666
EK202310238532,138.9
EK202310183846,150.36666666666667
EK202310144731,140.16666666666666
EK202310162390,139.36666666666667
EK202310197431,135.13333333333333
EK202310105951,131.43333333333334
EK202310204990,140.86666666666667
EK202310210191,137.53333333333333
EK202310126933,140.1
EK202310202480,129.63333333333333
EK202310111923,144.8
EK202310119216,135.73333333333332
EK202310157432,145.66666666666666
EK202310177567,145.13333333333333
EK202310131552,139.6
EK202310179248,153.4
EK202310151456,156.5
EK202310168955,143.93333333333334
EK202320007813,152.5
EK202310117010,127.5
EK202310151990,155.1
EK202310125852,138.7
EK202310136345,145.7
EK202310107482,145.06666666666666
EK202310136674,134.73333333333332
EK202310162359,169.1
EK202310130813,140.43333333333334
EK202310242095,144.93333333333334
EK202310112314,145.16666666666666
EK202310234433,134.3
EK202310202458,140.03333333333333
EK202310129103,152.63333333333333
EK202310177132,146.63333333333333
EK202310242050,160.1
EK202310232456,141.6
EK202310200214,162.86666666666667
EK202310163472,161.76666666666668
EK202310185311,148.4
EK202310228179,135.23333333333332
EK202310130371,147.76666666666668
EK202310179660,144.36666666666667
EK202310190711,151.43333333333334
EK202310246542,145.56666666666666
EK202310231496,133.8
EK202310222179,133.36666666666667
EK202310132158,145.76666666666668
EK202310167423,166.0
EK202310201349,150.43333333333334
EK202310142224,138.06666666666666
EK202310179938,152.4
EK202310223135,138.0
EK202310205817,153.53333333333333
EK202310246593,153.16666666666666
EK202310176304,151.86666666666667
EK202310130059,138.0
EK202310111192,145.5
EK202310165881,137.43333333333334
EK202310127812,155.76666666666668
EK202310190156,144.33333333333334
EK202310216483,134.33333333333334
EK202310144414,138.96666666666667
EK202310132901,126.13333333333334
EK202310154231,144.73333333333332
EK202310145897,149.76666666666668
EK202310209392,149.33333333333334
EK202310178084,129.96666666666667
EK202310125343,129.96666666666667
EK202310146816,142.73333333333332
EK202310155084,149.73333333333332
EK202310168900,151.76666666666668
EK202310185047,148.63333333333333
EK202310237486,138.03333333333333
EK202310203671,177.2
EK202310135522,158.6
EK202310159093,143.6
EK202310189257,139.73333333333332
EK202310177736,147.03333333333333
EK202310105312,133.63333333333333
EK202310242607,158.13333333333333
EK202310206314,170.26666666666668
EK202310125578,129.86666666666667
EK202310217187,154.43333333333334
EK202310239344,126.26666666666667
EK202310148598,137.1
EK202310211006,141.53333333333333
EK202310141573,154.86666666666667
EK202310208369,139.13333333333333
EK202310143928,144.8
EK202310149152,146.6
EK202310150945,138.56666666666666
EK202310158400,151.9
EK202310117629,134.46666666666667
EK202310104031,153.2
EK202310110083,140.2
EK202310178368,138.93333333333334
EK202310119686,142.03333333333333
EK202310143618,168.46666666666667
EK202310120487,132.46666666666667
EK202310219395,138.73333333333332
EK202310112376,136.9
EK202310201306,137.33333333333334
EK202310228811,163.96666666666667
EK202310171144,133.73333333333332
EK202310196110,157.13333333333333
EK202310115076,137.5
EK202310106850,136.3
EK202310224133,129.7
EK202310138595,137.23333333333332
EK202310197537,136.53333333333333
EK202310190665,141.76666666666668
EK202310148759,151.33333333333334
EK202310243283,138.86666666666667
EK202310159395,156.06666666666666
EK202310114620,138.5
EK202310111786,149.4
EK202310179340,130.46666666666667
EK202310246360,145.53333333333333
EK202310165546,126.83333333333333
EK202310231626,132.9
EK202310154298,136.83333333333334
EK202310234468,134.3
EK202310216859,165.1
EK202310159904,159.6
EK202310122874,138.53333333333333
EK202310226448,136.86666666666667
EK202310109658,137.6
EK202310248327,138.06666666666666
EK202310240275,131.96666666666667
EK202310160292,142.63333333333333
EK202310130749,136.1
EK202310208708,136.43333333333334
EK202310184600,141.73333333333332
EK202310136202,139.06666666666666
EK202310118993,156.96666666666667
EK202310135570,161.96666666666667
EK202310144234,137.33333333333334
EK202310232831,141.46666666666667
EK202310190714,126.16666666666667
EK202310237590,156.4
EK202310105068,140.0
EK202310233087,134.6
EK202310174797,157.16666666666666
EK202310241325,150.03333333333333
EK202310003548,151.86666666666667
EK202310226491,147.43333333333334
EK202310111356,129.03333333333333
EK202310246019,144.43333333333334
EK202310104422,136.03333333333333
EK202310140919,131.16666666666666
EK202310247367,154.36666666666667
EK202310108141,142.33333333333334
EK202310202875,156.66666666666666
EK202310132953,127.06666666666666
EK202310163551,157.13333333333333
EK202310155719,137.76666666666668
EK202310128169,165.03333333333333
EK202310227798,132.1
EK202310112895,162.03333333333333
EK202310110637,148.2
EK202310111099,147.43333333333334
EK202310160891,143.8
EK202310174833,138.46666666666667
EK202310133014,133.26666666666668
EK202310229258,140.96666666666667
EK202310191591,139.46666666666667
EK202310190178,144.83333333333334
EK202310227882,146.5
EK202310248423,148.86666666666667
EK202310199669,168.1
EK202310178419,139.2
EK202310229489,128.63333333333333
EK202310109158,150.83333333333334
EK202310167700,146.16666666666666
EK202310183769,135.3
EK202320007189,157.5
EK202310119946,144.96666666666667
EK202310171685,143.76666666666668
EK202310237171,133.4
EK202310114451,138.0
EK202310200193,143.63333333333333
EK202310211187,136.23333333333332
EK202310163649,143.06666666666666
EK202310128906,151.7
EK202310155349,166.9
EK202310226103,142.9
EK202310130867,135.53333333333333
EK202310144735,142.06666666666666
EK202310131002,138.36666666666667
EK202310147837,152.53333333333333
EK202310182788,127.5
EK202310130743,143.53333333333333
EK202310195554,149.8
EK202310111296,143.96666666666667
EK202310109329,145.2
EK202310003505,134.46666666666667
EK202310182130,149.76666666666668
EK202310158028,143.2
EK202310156165,144.43333333333334
EK202310210442,146.23333333333332
EK202310182184,132.23333333333332
EK202310198996,126.8
EK202310141171,132.83333333333334
EK202310223224,133.26666666666668
EK202310186527,135.03333333333333
EK202310155114,142.66666666666666
EK202310176069,150.13333333333333
EK202310129120,151.03333333333333
EK202310189707,138.73333333333332
EK202310116275,137.36666666666667
EK202310208833,136.36666666666667
EK202310197309,148.0
EK202310213895,149.56666666666666
EK202310208737,149.13333333333333
EK202310200447,141.16666666666666
EK202310152283,151.8
EK202310220449,163.2
EK202310110949,136.53333333333333
EK202310209106,152.2
EK202310223835,138.0
EK202310230881,137.53333333333333
EK202310122186,141.93333333333334
EK202310170304,150.5
EK202310193993,147.73333333333332
EK202310141761,155.13333333333333
EK202310127568,135.63333333333333
EK202310128895,141.23333333333332
EK202310228433,140.06666666666666
EK202310118632,140.06666666666666
EK202310104226,144.83333333333334
EK202310164491,159.36666666666667
EK202310216438,144.43333333333334
EK202310214077,167.96666666666667
EK202310247400,167.8
EK202310174422,152.3
EK202310122877,138.23333333333332
EK202310128301,165.73333333333332
EK202310121029,138.2
EK202310156904,131.7
EK202310228463,162.7
EK202310197399,135.53333333333333
EK202310210314,143.26666666666668
EK202310114247,151.73333333333332
EK202320005931,170.33333333333334
EK202310129928,147.26666666666668
EK202310213491,140.23333333333332
EK202310117524,155.36666666666667
EK202310118755,140.83333333333334
EK202310184404,135.6
EK202310227256,132.56666666666666
EK202310179166,135.06666666666666
EK202310136432,141.23333333333332
EK202310176274,140.06666666666666
EK202310151297,146.2
EK202310125109,139.73333333333332
EK202310116780,141.33333333333334
EK202310135569,133.83333333333334
EK202310134565,135.33333333333334
EK202310186448,142.33333333333334
EK202310178115,126.2
EK202310113148,158.56666666666666
EK202310228489,135.23333333333332
EK202310179723,143.3
EK202310157269,156.56666666666666
EK202310199275,135.83333333333334
EK202310233646,155.06666666666666
EK202310154900,139.06666666666666
EK202310140705,143.33333333333334
EK202310148303,140.23333333333332
EK202310216595,139.06666666666666
EK202310109916,141.83333333333334
EK202310115675,139.06666666666666
EK202310155830,130.4
EK202310218005,144.63333333333333
EK202310141563,155.9
EK202310228213,177.76666666666668
EK202310212791,134.26666666666668
EK202310194782,147.4
EK202310231645,142.26666666666668
EK202310241926,155.3
EK202310210213,129.43333333333334
EK202310134817,132.23333333333332
EK202310133386,144.43333333333334
EK202310142531,149.9
EK202310187663,175.36666666666667
EK202310117777,130.96666666666667
EK202310158245,138.6
EK202310195137,138.26666666666668
EK202310142488,157.53333333333333
EK202310187991,155.66666666666666
EK202310150662,143.26666666666668
EK202310217688,134.63333333333333
EK202310179171,141.33333333333334
EK202310127405,144.36666666666667
EK202310135392,159.3
EK202310171859,132.73333333333332
EK202310105858,138.6
EK202310158319,154.0
EK202310230414,145.26666666666668
EK202310118707,143.06666666666666
EK202310128139,150.7
EK202310186693,154.3
EK202310179495,153.03333333333333
EK202310199992,139.76666666666668
EK202310107900,132.53333333333333
EK202310139759,135.4
EK202310109278,152.43333333333334
EK202310126409,131.53333333333333
EK202310207784,142.46666666666667
EK202310236292,145.46666666666667
EK202310154556,137.26666666666668
EK202310134873,136.9
EK202310132640,148.8
EK202310228961,146.8
EK202310185810,146.4
EK202310149986,149.83333333333334
EK202310131518,137.53333333333333
EK202310121880,136.4
EK202310191180,162.16666666666666
EK202310177003,158.66666666666666
EK202310215011,168.56666666666666
EK202310146470,130.63333333333333
EK202310200272,140.3
EK202310172780,135.26666666666668
EK202310225929,136.7
EK202310145639,145.56666666666666
EK202310246707,145.03333333333333
EK202310196529,137.43333333333334
EK202310232839,138.36666666666667
EK202310140369,146.16666666666666
EK202310141325,148.33333333333334
EK202310151532,164.36666666666667
EK202310217721,128.7
EK202310189960,179.63333333333333
EK202310132726,133.63333333333333
EK202310182587,146.23333333333332
EK202310216789,155.93333333333334
EK202310187849,140.93333333333334
EK202310234305,135.3
EK202310142640,137.46666666666667
EK202310211367,141.36666666666667
EK202310237820,145.5
EK202310128311,151.23333333333332
EK202310234908,139.66666666666666
EK202310104928,153.46666666666667
EK202310124402,134.76666666666668
EK202310170954,131.0
EK202310238908,164.5
EK202310138176,133.46666666666667
EK202310150598,163.53333333333333
EK202310108952,158.83333333333334
EK202310147721,130.2
EK202310164148,152.86666666666667
EK202310164879,135.33333333333334
EK202310170715,143.86666666666667
EK202310169418,139.3
EK202310133466,139.66666666666666
EK202310133903,135.73333333333332
EK202310204671,137.83333333333334
EK202310156209,151.66666666666666
EK202310243873,144.5
EK202310134929,145.16666666666666
EK202310216695,148.0
EK202310158237,129.36666666666667
EK202310194292,140.26666666666668
EK202310103856,168.66666666666666
EK202310126627,160.56666666666666
EK202310121161,127.7
EK202310191392,156.36666666666667
EK202310245531,134.56666666666666
EK202310126763,141.8
EK202310161498,155.83333333333334
EK202310112456,148.26666666666668
EK202310191483,140.96666666666667
EK202310140746,142.9
EK202310175247,141.46666666666667
EK202310112978,150.06666666666666
EK202310115781,131.16666666666666
EK202310150028,138.43333333333334
EK202310204581,147.6
EK202310137480,147.1
EK202310191514,135.83333333333334
EK202310201678,147.23333333333332
EK202310117265,132.63333333333333
EK202310112369,134.56666666666666
EK202310208647,145.7
EK202310142602,128.16666666666666
EK202310113073,143.63333333333333
EK202310149092,130.06666666666666
EK202310162989,132.56666666666666
EK202320006610,148.26666666666668
EK202310177443,135.1
EK202310104850,132.36666666666667
EK202310126368,130.93333333333334
EK202310248204,137.1
EK202310190956,143.56666666666666
EK202310110980,135.03333333333333
EK202310154273,150.83333333333334
EK202310242223,143.73333333333332
EK202310117698,135.6
EK202310195417,164.03333333333333
EK202310145942,133.66666666666666
EK202310152887,173.33333333333334
EK202310169297,171.86666666666667
EK202310221863,134.46666666666667
EK202310199131,136.53333333333333
EK202310185529,145.7
EK202310113311,130.6
EK202310209762,144.96666666666667
EK202310164806,137.36666666666667
EK202310134642,130.9
EK202310146968,147.83333333333334
EK202310107027,139.3
EK202310226716,142.66666666666666
EK202310243795,142.93333333333334
EK202310138740,140.3
EK202310144607,136.66666666666666
EK202310244471,153.06666666666666
EK202310159052,153.63333333333333
EK202310123055,130.53333333333333
EK202310113885,142.63333333333333
EK202310199531,133.93333333333334
EK202310236118,123.93333333333334
EK202310137888,142.0
EK202310215531,140.53333333333333
EK202310185054,143.86666666666667
EK202310129573,146.03333333333333
EK202310163633,149.63333333333333
EK202310202282,155.33333333333334
EK202310143694,133.83333333333334
EK202320006080,164.7
EK202310232132,141.56666666666666
EK202310138363,155.5
EK202310193434,149.0
EK202310175511,140.66666666666666
EK202310133748,134.5
EK202310106718,140.83333333333334
EK202310188899,148.8
EK202310232574,150.56666666666666
EK202310212172,142.86666666666667
EK202310190446,135.9
EK202310113384,129.06666666666666
EK202310181368,165.76666666666668
EK202310003999,137.73333333333332
EK202310141115,152.23333333333332
EK202310109981,153.16666666666666
EK202310166769,129.03333333333333
EK202310138115,144.3
EK202310128203,169.8
EK202310206649,138.73333333333332
EK202310110780,142.9
EK202310240635,133.76666666666668
EK202310190614,161.13333333333333
EK202310129881,153.23333333333332
EK202310127835,137.73333333333332
EK202310121093,128.13333333333333
EK202310150408,129.63333333333333
EK202310164894,134.43333333333334
EK202310109584,138.06666666666666
EK202310173464,151.23333333333332
EK202310204837,146.56666666666666
EK202310152348,151.46666666666667
EK202310164097,148.4
EK202310127163,145.76666666666668
EK202310244695,159.73333333333332
EK202310229812,151.33333333333334
EK202310134538,128.76666666666668
EK202310210536,155.56666666666666
EK202310140667,150.76666666666668
EK202310141775,153.56666666666666
EK202310214180,141.3
EK202310164023,141.76666666666668
EK202310173588,139.96666666666667
EK202310170905,135.43333333333334
EK202310114396,147.63333333333333
EK202310183841,145.36666666666667
EK202310201453,141.6
EK202310113439,147.16666666666666
EK202310238212,130.76666666666668
EK202310127261,135.86666666666667
EK202310238188,137.56666666666666
EK202310206294,159.33333333333334
EK202310144833,157.8
EK202310211732,125.9
EK202310224752,162.8
EK202310193699,159.9
EK202310143520,154.96666666666667
EK202310115211,133.66666666666666
EK202310164360,143.2
EK202310117381,131.93333333333334
EK202310229483,142.86666666666667
EK202310188649,165.86666666666667
EK202310200724,148.93333333333334
EK202310144431,162.36666666666667
EK202310133572,143.83333333333334
EK202310208802,142.0
EK202310248659,138.26666666666668
EK202310131585,144.56666666666666
EK202310233777,166.36666666666667
EK202310129212,136.63333333333333
EK202310155799,153.6
EK202310229572,142.3
EK202310128875,134.13333333333333
EK202310148223,163.06666666666666
EK202310142900,160.3
EK202310183384,153.36666666666667
EK202310111421,146.53333333333333
EK202310212086,144.1
EK202310239476,124.3
EK202310131957,148.56666666666666
EK202310204264,172.96666666666667
EK202310178704,155.16666666666666
EK202310227864,126.06666666666666
EK202310169538,126.43333333333334
EK202310173784,174.8
EK202310216416,150.33333333333334
EK202310196443,148.66666666666666
EK202310214690,146.3
EK202310224533,137.06666666666666
EK202310171089,152.13333333333333
EK202310213256,155.96666666666667
EK202310136488,140.43333333333334
EK202310199625,137.86666666666667
EK202310171589,139.53333333333333
EK202310226351,138.83333333333334
EK202310106984,147.1
EK202310212070,137.96666666666667
EK202310183076,172.5
EK202310232081,144.63333333333333
EK202310126981,137.0
EK202310154523,157.93333333333334
EK202310184085,134.4
EK202310170300,149.63333333333333
EK202310218531,161.33333333333334
EK202310206452,144.46666666666667
EK202310004184,141.83333333333334
EK202310177618,124.06666666666666
EK202310222352,140.93333333333334
EK202310106506,132.5
EK202310186819,136.16666666666666
EK202310140723,132.0
EK202310238611,139.46666666666667
EK202310120555,130.2
EK202310147094,135.06666666666666
EK202310155462,140.66666666666666
EK202310105723,143.83333333333334
EK202310136398,142.03333333333333
EK202310233819,145.4
EK202310133289,138.86666666666667
EK202310230003,129.66666666666666
EK202310144991,152.53333333333333
EK202310172964,146.86666666666667
EK202310238178,158.6
EK202310126938,157.56666666666666
EK202310231506,139.96666666666667
EK202310190088,150.0
EK202310172578,152.66666666666666
EK202310153732,140.5
EK202310179604,135.86666666666667
EK202310129682,135.33333333333334
EK202310143507,134.53333333333333
EK202310155560,154.36666666666667
EK202310127202,160.5
EK202310143252,143.7
EK202310217653,129.8
EK202310173062,179.63333333333333
EK202310105294,140.03333333333333
EK202310117821,130.0
EK202310215199,132.46666666666667
EK202310241483,152.13333333333333
EK202310174150,154.5
EK202310219893,150.86666666666667
EK202310219552,144.86666666666667
EK202310136028,129.16666666666666
EK202310225636,139.36666666666667
EK202310150738,157.7
EK202310176837,139.73333333333332
EK202310172368,140.3
EK202310184904,158.03333333333333
EK202310191265,152.53333333333333
EK202310144201,139.26666666666668
EK202310139926,142.0
EK202310133343,155.2
EK202310193942,147.8
EK202310181626,144.36666666666667
EK202310138065,131.46666666666667
EK202310175111,139.23333333333332
EK202310242001,138.4
EK202310160431,139.6
EK202310169578,149.93333333333334
EK202310137385,142.06666666666666
EK202310136468,159.73333333333332
EK202310158374,154.33333333333334
EK202310108318,129.93333333333334
EK202310122270,137.9
EK202310144491,162.16666666666666
EK202310123031,140.13333333333333
EK202310155418,137.3
EK202320006341,163.2
EK202310110341,138.56666666666666
EK202310103961,150.66666666666666
EK202310003695,159.46666666666667
EK202310200040,140.5
EK202310119278,155.36666666666667
EK202310174626,168.96666666666667
EK202310153937,141.56666666666666
EK202310189548,181.6
EK202310149005,161.53333333333333
EK202310184006,149.2
EK202310129614,160.26666666666668
EK202310178276,149.83333333333334
EK202310124293,139.13333333333333
EK202310199434,138.6
EK202310111178,158.76666666666668
EK202310143329,171.26666666666668
EK202310229141,134.7
EK202310225446,135.8
EK202310133140,169.96666666666667
EK202310204388,135.03333333333333
EK202310127528,133.6
EK202310175944,156.5
EK202310205185,153.2
EK202310220142,143.93333333333334
EK202310188984,141.06666666666666
EK202310117484,176.56666666666666
EK202310222387,138.83333333333334
EK202310238376,148.5
EK202310190275,163.6
EK202310127517,139.93333333333334
EK202310148647,148.1
EK202310144619,144.23333333333332
EK202310172144,131.0
EK202310105902,139.56666666666666
EK202310169293,144.33333333333334
EK202310231168,143.26666666666668
EK202310147200,151.53333333333333
EK202310193258,144.43333333333334
EK202310134686,158.8
EK202310184958,150.73333333333332
EK202310172029,146.16666666666666
EK202310199176,133.63333333333333
EK202310232628,130.63333333333333
EK202310230800,140.66666666666666
EK202310169188,145.56666666666666
EK202310143652,147.53333333333333
EK202310210776,151.36666666666667
EK202310243268,129.46666666666667
EK202310219929,146.36666666666667
EK202320006873,140.4
EK202310142750,150.3
EK202310105033,145.26666666666668
EK202310171957,149.46666666666667
EK202310167819,143.63333333333333
EK202310224575,147.96666666666667
EK202310218984,142.93333333333334
EK202310148378,176.63333333333333
EK202310124296,126.5
EK202310153505,127.43333333333334
EK202310202475,159.73333333333332
EK202310105768,148.1
EK202310155150,155.2
EK202310131403,134.73333333333332
EK202310236965,134.33333333333334
EK202310128158,159.73333333333332
EK202310244898,146.9
EK202310168438,165.4
EK202310191063,134.76666666666668
EK202310247883,151.63333333333333
EK202310144879,145.0
EK202310248004,177.56666666666666
EK202310129311,170.03333333333333
EK202310159341,137.8
EK202310186599,146.03333333333333
EK202310003714,148.3
EK202310141937,147.3
EK202310141516,153.86666666666667
EK202310211399,125.0
EK202310133332,144.53333333333333
EK202310245637,135.36666666666667
EK202310195191,122.03333333333333
EK202310120028,150.13333333333333
EK202310238137,138.8
EK202310155822,144.9
EK202310178814,160.16666666666666
EK202310117251,135.26666666666668
EK202310134938,159.86666666666667
EK202310209690,143.13333333333333
EK202310203758,141.2
EK202310115669,138.9
EK202310104134,138.43333333333334
EK202310145861,130.33333333333334
EK202310150671,132.03333333333333
EK202310240589,136.7
EK202310212301,142.43333333333334
EK202310142614,161.56666666666666
EK202310141457,142.93333333333334
EK202310245972,147.23333333333332
EK202310150051,176.73333333333332
EK202310170670,139.4
EK202310211033,141.9
EK202310206028,151.93333333333334
EK202310116009,134.56666666666666
EK202310119459,158.93333333333334
EK202310205201,143.2
EK202320005999,143.13333333333333
EK202310137068,139.6
EK202310125205,135.26666666666668
EK202310111843,131.66666666666666
EK202310155744,160.5
EK202310189271,149.03333333333333
EK202310200042,144.06666666666666
EK202310234396,133.56666666666666
EK202310203600,138.4
EK202310206171,147.1
EK202310206072,140.83333333333334
EK202310163819,154.73333333333332
EK202310241837,146.23333333333332
EK202310122958,128.53333333333333
EK202310143934,172.3
EK202310108166,163.86666666666667
EK202310157169,180.33333333333334
EK202310152923,155.1
EK202310194312,137.56666666666666
EK202310176406,131.93333333333334
EK202310150358,158.96666666666667
EK202310219917,131.7
EK202310196050,140.06666666666666
EK202310199317,156.23333333333332
EK202310214061,141.2
EK202310122593,138.86666666666667
EK202310244955,138.23333333333332
EK202310156822,148.66666666666666
EK202310207476,137.2
EK202310158934,147.76666666666668
EK202310201930,144.63333333333333
EK202310119122,140.3
EK202310196169,152.03333333333333
EK202310201449,138.4
EK202310130630,132.7
EK202310216667,159.8
EK202310109941,128.43333333333334
EK202310200400,133.76666666666668
EK202310137456,145.4
EK202310196853,143.0
EK202310215704,149.5
EK202310135405,136.76666666666668
EK202310169616,129.33333333333334
EK202310216148,137.36666666666667
EK202310243354,138.0
EK202310228967,134.06666666666666
EK202310243234,147.4
EK202310192532,158.6
EK202310214813,144.83333333333334
EK202310104914,142.96666666666667
EK202310153816,156.03333333333333
EK202310202614,138.0
EK202310210862,157.4
EK202310170135,137.4
EK202310188088,135.83333333333334
EK202310221249,139.73333333333332
EK202310232182,137.73333333333332
EK202310185589,137.76666666666668
EK202310220140,142.23333333333332
EK202310151225,143.03333333333333
EK202310120905,155.36666666666667
EK202310125281,138.06666666666666
EK202310129594,125.9
EK202310131652,149.33333333333334
EK202310178780,145.3
EK202310199546,152.6
EK202310184333,142.06666666666666
EK202310129518,142.7
EK202310125847,153.03333333333333
EK202310146303,168.43333333333334
EK202310175806,130.03333333333333
EK202310220347,152.3
EK202310225734,141.06666666666666
EK202310240284,137.23333333333332
EK202310114155,149.86666666666667
EK202310208667,134.93333333333334
EK202310247128,161.53333333333333
EK202310218283,145.46666666666667
EK202310227443,144.03333333333333
EK202310157358,142.36666666666667
EK202310205155,147.33333333333334
EK202310189640,139.6
EK202310219047,124.2
EK202310155307,132.5
EK202310190346,132.5
EK202310186825,160.5
EK202310203583,156.26666666666668
EK202310122872,130.53333333333333
EK202310223579,152.5
EK202310134595,163.86666666666667
EK202310199315,131.53333333333333
EK202310197280,135.66666666666666
EK202310105445,148.66666666666666
EK202310170127,132.8
EK202310124087,129.43333333333334
EK202310186812,152.76666666666668
EK202310175470,153.96666666666667
EK202310178249,159.36666666666667
EK202310246428,134.36666666666667
EK202310206906,152.83333333333334
EK202320007523,183.9
EK202310106696,128.06666666666666
EK202310139497,185.8
EK202310135104,132.16666666666666
EK202310165444,159.86666666666667
EK202310150670,160.5
EK202310141326,140.26666666666668
EK202310206479,127.3
EK202310182003,149.2
EK202310240148,149.66666666666666
EK202310246934,160.83333333333334
EK202310157908,167.33333333333334
EK202310233790,138.43333333333334
EK202310227231,144.93333333333334
EK202310104197,135.73333333333332
EK202310003919,144.53333333333333
EK202310134161,133.86666666666667
EK202310132637,138.23333333333332
EK202310112692,133.33333333333334
EK202310004804,134.0
EK202310188449,143.46666666666667
EK202310161514,150.93333333333334
EK202310121257,141.36666666666667
EK202310165460,174.83333333333334
EK202310246582,140.9
EK202310182549,148.46666666666667
EK202310153021,152.4
EK202310155857,146.56666666666666
EK202310112710,152.5
EK202310193527,146.86666666666667
EK202310210851,127.16666666666667
EK202310166991,142.93333333333334
EK202310153617,149.9
EK202310162029,145.36666666666667
EK202310150898,141.73333333333332
EK202310119566,147.0
EK202310172046,153.66666666666666
EK202310113364,156.4
EK202310104697,162.53333333333333
EK202310110438,132.83333333333334
EK202310139792,135.26666666666668
EK202310108044,133.56666666666666
EK202310191154,150.93333333333334
EK202310162199,135.96666666666667
EK202310159050,142.73333333333332
EK202310127404,133.56666666666666
EK202310216583,145.33333333333334
EK202310233658,129.63333333333333
EK202310141492,138.8
EK202310203883,120.26666666666667
EK202310219043,164.53333333333333
EK202310145653,142.03333333333333
EK202310228503,137.93333333333334
EK202310179347,133.6
EK202310132009,143.7
EK202310212361,127.3
EK202310124879,141.03333333333333
EK202320006785,175.03333333333333
EK202310245990,132.23333333333332
EK202310177823,161.66666666666666
EK202310229376,144.83333333333334
EK202310181146,150.76666666666668
EK202310201989,126.73333333333333
EK202310192148,139.8
EK202310185865,132.0
EK202310149322,139.0
EK202310154759,159.23333333333332
EK202310142366,151.33333333333334
EK202310225136,146.7
EK202310140657,145.23333333333332
EK202310181056,150.46666666666667
EK202310147652,147.56666666666666
EK202310195069,134.23333333333332
EK202310186330,150.5
EK202310170880,139.33333333333334
EK202310104902,136.93333333333334
EK202310137021,148.13333333333333
EK202310112219,158.9
EK202310114567,137.53333333333333
EK202310174050,148.83333333333334
EK202310146459,148.16666666666666
EK202310125401,135.4
EK202310232042,134.96666666666667
EK202310137842,132.16666666666666
EK202310235166,135.53333333333333
EK202310123303,131.66666666666666
EK202310204672,153.96666666666667
EK202310147206,151.13333333333333
EK202310165103,174.73333333333332
EK202310246536,151.86666666666667
EK202310204665,145.16666666666666
EK202310139971,172.1
EK202310230726,145.46666666666667
EK202310217044,135.5
EK202310175720,142.3
EK202310208548,131.46666666666667
EK202310213825,136.63333333333333
EK202310196825,139.4
EK202310117004,131.43333333333334
EK202310164666,144.73333333333332
EK202310195792,147.9
EK202310195121,142.2
EK202310188217,143.03333333333333
EK202310178996,132.8
EK202310107580,144.4
EK202310163974,162.6
EK202310237799,139.6
EK202310232053,137.86666666666667
EK202310178319,159.3
EK202310126202,131.3
EK202310227911,146.3
EK202310109084,131.16666666666666
EK202310143067,142.36666666666667
EK202310206930,153.8
EK202310201884,141.1
EK202310130641,147.16666666666666
EK202310157121,176.3
EK202310220877,129.53333333333333
EK202310149540,139.8
EK202310169600,136.5
EK202310163175,152.8
EK202310106277,140.73333333333332
EK202310209667,131.8
EK202310119877,120.63333333333334
EK202310204499,143.63333333333333
EK202310190780,157.4
EK202310115565,141.46666666666667
EK202310195056,135.16666666666666
EK202310111373,164.53333333333333
EK202310161299,147.83333333333334
EK202310245424,142.23333333333332
EK202310246906,122.26666666666667
EK202310120316,154.03333333333333
EK202310144965,148.33333333333334
EK202310211133,144.6
EK202310167406,154.2
EK202310162901,153.76666666666668
EK202310107075,137.2
EK202310140916,151.5
EK202310143120,160.3
EK202310114506,130.93333333333334
EK202310175480,153.56666666666666
EK202310118790,126.26666666666667
EK202310169280,131.43333333333334
EK202310129297,147.56666666666666
EK202310198282,133.33333333333334
EK202310240512,139.73333333333332
EK202310192236,137.93333333333334
EK202310177577,142.2
EK202310161068,157.0
EK202310111934,125.86666666666666
EK202310155260,145.86666666666667
EK202310124483,143.7
EK202310155315,138.76666666666668
EK202310123325,138.83333333333334
EK202310149045,150.83333333333334
EK202310222163,131.26666666666668
EK202310108935,138.43333333333334
EK202310188397,146.53333333333333
EK202310110895,144.56666666666666
EK202310146042,137.1
EK202310116291,137.56666666666666
EK202310214128,157.06666666666666
EK202310122572,140.8
EK202310246206,138.9
EK202310190227,151.86666666666667
EK202310137442,143.83333333333334
EK202310240613,143.23333333333332
EK202310171036,146.1
EK202310165619,172.7
EK202310135508,173.3
EK202310203859,133.43333333333334
EK202310208937,135.5
EK202310190964,145.93333333333334
EK202310157232,149.73333333333332
EK202310233329,132.96666666666667
EK202310004857,134.13333333333333
EK202310114112,156.93333333333334
EK202310231381,136.56666666666666
EK202310183273,145.66666666666666
EK202310198133,129.83333333333334
EK202310243118,140.1
EK202310179772,155.63333333333333
EK202310177045,139.76666666666668
EK202310129608,139.6
EK202310146699,138.3
EK202310118550,152.93333333333334
EK202310236716,124.2
EK202310225924,146.66666666666666
EK202310137908,128.7
EK202310136472,153.26666666666668
EK202310227498,151.66666666666666
EK202310197540,145.26666666666668
EK202310177606,136.4
EK202310233230,141.03333333333333
EK202310129471,145.76666666666668
EK202310240950,135.93333333333334
EK202320007590,166.13333333333333
EK202310163887,148.43333333333334
EK202320007425,176.56666666666666
EK202310127560,171.5
EK202310155824,144.46666666666667
EK202310187346,139.13333333333333
EK202310200413,137.06666666666666
EK202310185717,154.36666666666667
EK202310217975,134.93333333333334
EK202310216468,134.2
EK202310201451,136.96666666666667
EK202310187386,144.46666666666667
EK202310113263,140.96666666666667
EK202310129498,129.0
EK202310168744,148.53333333333333
EK202310142626,148.53333333333333
EK202310190880,155.93333333333334
EK202310131573,130.53333333333333
EK202310220638,134.86666666666667
EK202310207069,149.2
EK202310116824,131.53333333333333
EK202310231727,146.46666666666667
EK202310184770,147.16666666666666
EK202310197350,160.3
EK202310147966,146.23333333333332
EK202310160556,163.8
EK202310242942,133.03333333333333
EK202310207659,149.93333333333334
EK202310189516,137.56666666666666
EK202310214218,143.03333333333333
EK202310105070,137.4
EK202310218843,152.03333333333333
EK202310163176,164.7
EK202310109656,137.86666666666667
EK202310004202,134.56666666666666
EK202310203545,155.7
EK202310153518,134.5
EK202310119723,136.43333333333334
EK202310122303,147.86666666666667
EK202310113636,151.46666666666667
EK202310216948,138.43333333333334
EK202310154167,131.66666666666666
EK202310122355,137.83333333333334
EK202310150417,121.26666666666667
EK202310218226,142.8
EK202310191370,137.66666666666666
EK202310146010,138.63333333333333
EK202310242320,146.56666666666666
EK202310182162,157.8
EK202310129315,137.63333333333333
EK202310106705,159.3
EK202310240258,138.63333333333333
EK202310241039,170.26666666666668
EK202310204816,135.63333333333333
EK202310142491,142.43333333333334
EK202310200125,159.7
EK202310111662,155.26666666666668
EK202310141792,147.46666666666667
EK202310242215,156.0
EK202310227322,152.1
EK202310206010,144.03333333333333
EK202310220576,135.06666666666666
EK202310169744,157.86666666666667
EK202310236130,148.56666666666666
EK202310117603,140.06666666666666
EK202310164018,132.9
EK202310173758,154.96666666666667
EK202310169263,146.4
EK202310220742,136.1
EK202310234928,168.0
EK202310133036,138.5
EK202310134185,145.86666666666667
EK202310185530,145.9
EK202310218330,139.56666666666666
EK202310220164,130.7
EK202310136625,133.0
EK202310190327,148.06666666666666
EK202310156810,131.83333333333334
EK202310235883,150.36666666666667
EK202310135135,173.26666666666668
EK202310232747,139.03333333333333
EK202310146074,147.93333333333334
EK202310170263,147.23333333333332
EK202310117439,124.73333333333333
EK202310155695,137.13333333333333
EK202310180749,143.56666666666666
EK202310165733,163.93333333333334
EK202310122820,130.1
EK202310132148,153.6
EK202310174037,149.66666666666666
EK202310116351,147.86666666666667
EK202320007454,181.33333333333334
EK202310126404,142.06666666666666
EK202310179147,125.53333333333333
EK202310119107,144.33333333333334
EK202310232208,128.0
EK202310146308,146.03333333333333
EK202310221836,159.4
EK202310241730,149.23333333333332
EK202310126972,145.7
EK202310190112,160.26666666666668
EK202310189550,157.46666666666667
EK202310167601,157.83333333333334
EK202310129178,154.0
EK202310208362,145.13333333333333
EK202310108633,131.56666666666666
EK202310119330,127.66666666666667
EK202310241595,136.2
EK202310133580,139.5
EK202310184140,142.2
EK202310243629,153.46666666666667
EK202310240837,137.33333333333334
EK202310133514,155.5
EK202310248438,143.16666666666666
EK202310144323,145.26666666666668
EK202310199263,164.4
EK202310170561,135.0
EK202320006441,158.33333333333334
EK202310156158,153.1
EK202310160966,135.2
EK202310170924,135.93333333333334
EK202310166196,138.16666666666666
EK202310180519,144.23333333333332
EK202310163021,137.5
EK202310217277,126.23333333333333
EK202310182542,152.2
EK202310187706,160.03333333333333
EK202310177424,138.63333333333333
EK202310116469,136.06666666666666
EK202310126864,151.4
EK202310171044,141.5
EK202310159422,139.33333333333334
EK202310126564,153.8
EK202310136978,142.83333333333334
EK202310227254,151.56666666666666
EK202310241407,136.16666666666666
EK202310151596,159.03333333333333
EK202310143155,137.53333333333333
EK202310003368,143.23333333333332
EK202310225579,150.03333333333333
EK202310142662,135.5
EK202310124623,171.73333333333332
EK202310117099,128.66666666666666
EK202310209488,141.9
EK202310218949,160.7
EK202310163688,129.23333333333332
EK202310233616,157.83333333333334
EK202310181063,151.33333333333334
EK202310122017,151.56666666666666
EK202310232279,138.33333333333334
EK202310188255,152.7
EK202310222087,130.03333333333333
EK202310235863,146.43333333333334
EK202310142201,156.83333333333334
EK202310142028,143.0
EK202310105750,129.5
EK202310192986,157.6
EK202310183238,162.0
EK202310184211,140.26666666666668
EK202310114501,129.23333333333332
EK202310183815,139.26666666666668
EK202310239065,134.43333333333334
EK202310203010,145.23333333333332
EK202310119934,130.13333333333333
EK202310245690,134.46666666666667
EK202310228481,136.16666666666666
EK202310115026,142.43333333333334
EK202310227715,126.56666666666666
EK202310147211,153.93333333333334
EK202310112774,141.06666666666666
EK202310213753,141.0
EK202310115799,143.0
EK202310158491,167.96666666666667
EK202310224855,134.6
EK202310175378,132.33333333333334
EK202310120852,130.93333333333334
EK202310115724,141.1
EK202310188278,139.83333333333334
EK202310218258,144.06666666666666
EK202310187357,139.43333333333334
EK202310170314,133.36666666666667
EK202310219875,148.0
EK202310198138,151.2
EK202310238879,149.63333333333333
EK202310179039,133.7
EK202310221294,133.16666666666666
EK202310181636,149.86666666666667
EK202310180030,139.6
EK202310188261,142.03333333333333
EK202310109627,147.43333333333334
EK202310218359,143.56666666666666
EK202310221160,138.53333333333333
EK202310210517,141.43333333333334
EK202310231490,126.73333333333333
EK202310142904,160.13333333333333
EK202310228183,132.76666666666668
EK202310190608,143.16666666666666
EK202310229652,141.6
EK202310201677,136.43333333333334
EK202310161948,152.3
EK202310164852,149.5
EK202310130019,129.46666666666667
EK202310137201,145.03333333333333
EK202310199958,145.33333333333334
EK202310168651,163.9
EK202310163750,134.06666666666666
EK202310164255,173.93333333333334
EK202310112200,143.56666666666666
EK202310226582,147.93333333333334
EK202310150983,147.86666666666667
EK202310117868,139.1
EK202310104519,131.36666666666667
EK202310112900,141.33333333333334
EK202310175950,150.23333333333332
EK202310132832,157.9
EK202310177022,133.76666666666668
EK202310224847,151.33333333333334
EK202310220893,136.13333333333333
EK202310140282,157.96666666666667
EK202310140130,163.06666666666666
EK202310111884,134.36666666666667
EK202310169119,131.23333333333332
EK202310114003,151.9
EK202310204840,145.76666666666668
EK202310227423,142.06666666666666
EK202310243266,145.86666666666667
EK202310224568,139.26666666666668
EK202310129159,146.43333333333334
EK202310216851,149.6
EK202310173637,135.56666666666666
EK202310137694,147.86666666666667
EK202310224949,145.56666666666666
EK202310182755,166.06666666666666
EK202310121872,154.23333333333332
EK202310199590,137.7
EK202310237216,131.83333333333334
EK202310152666,140.8
EK202310119202,162.9
EK202310154055,147.86666666666667
EK202310131194,128.8
EK202310205515,127.93333333333334
EK202310226482,133.66666666666666
EK202310131717,147.43333333333334
EK202310116461,153.66666666666666
EK202310209370,148.93333333333334
EK202310112844,140.46666666666667
EK202310148195,149.03333333333333
EK202310205500,133.16666666666666
EK202310180785,168.16666666666666
EK202310114659,143.13333333333333
EK202310206704,154.86666666666667
EK202310194100,137.0
EK202310192316,135.9
EK202310227158,155.4
EK202310210960,135.03333333333333
EK202310201569,151.7
EK202310208440,148.83333333333334
EK202310159738,159.36666666666667
EK202310167571,175.73333333333332
EK202310133506,152.46666666666667
EK202310206074,166.93333333333334
EK202310189737,162.56666666666666
EK202310168575,143.23333333333332
EK202310159786,134.06666666666666
EK202310241528,145.96666666666667
EK202310135551,163.0
EK202310154421,159.86666666666667
EK202310229939,158.43333333333334
EK202310199977,140.16666666666666
EK202310212346,141.23333333333332
EK202310240842,148.06666666666666
EK202310188648,138.1
EK202310204867,146.7
EK202310221803,132.46666666666667
EK202310216991,137.4
EK202310234267,154.2
EK202310164050,134.26666666666668
EK202310160606,131.6
EK202310163801,139.8
EK202310202607,151.9
EK202310211679,140.1
EK202310161289,132.36666666666667
EK202310216723,150.5
EK202310241675,132.36666666666667
EK202310227693,155.36666666666667
EK202310153006,135.13333333333333
EK202310152517,149.0
EK202310119296,154.06666666666666
EK202310135167,144.16666666666666
EK202310129365,156.5
EK202310224938,121.93333333333334
EK202310246031,132.73333333333332
EK202310227934,154.73333333333332
EK202310155888,143.3
EK202310112003,156.33333333333334
EK202310110042,133.53333333333333
EK202310202481,137.66666666666666
EK202310119852,146.66666666666666
EK202310191910,147.66666666666666
EK202310208404,133.4
EK202310175620,129.36666666666667
EK202310162522,162.3
EK202310141148,130.7
EK202310173552,132.06666666666666
EK202310235762,136.8
EK202310170630,132.2
EK202310215013,152.8
EK202310233350,129.13333333333333
EK202310189297,165.46666666666667
EK202310201145,135.1
EK202310128701,131.63333333333333
EK202310135409,134.26666666666668
EK202310117705,149.16666666666666
EK202310122677,120.33333333333333
EK202310193307,148.0
EK202310150126,159.7
EK202310203066,143.53333333333333
EK202310243263,158.9
EK202310147744,139.86666666666667
EK202310115839,138.5
EK202310120766,158.3
EK202310141591,149.56666666666666
EK202310171912,138.06666666666666
EK202310105341,135.83333333333334
EK202320005577,164.53333333333333
EK202310168922,138.43333333333334
EK202310241884,145.76666666666668
EK202310231171,128.0
EK202310160293,145.4
EK202310177237,129.36666666666667
EK202310003836,139.4
EK202310159624,139.76666666666668
EK202310201626,148.43333333333334
EK202310109032,151.06666666666666
EK202310139930,142.1
EK202310004116,136.13333333333333
EK202310186841,139.16666666666666
EK202310118029,140.33333333333334
EK202310239323,136.3
EK202310204171,128.23333333333332
EK202310190000,161.03333333333333
EK202310220235,133.26666666666668
EK202310200517,133.7
EK202310124822,151.76666666666668
EK202310206677,144.8
EK202310173092,134.33333333333334
EK202310140031,137.4
EK202310118392,153.03333333333333
EK202310241116,135.66666666666666
EK202310162167,132.8
EK202310165764,138.46666666666667
EK202310109757,139.5
EK202310166993,129.83333333333334
EK202310178462,157.6
EK202310236406,136.23333333333332
EK202310168692,148.76666666666668
EK202310221373,153.93333333333334
EK202310144973,133.16666666666666
EK202310125785,134.13333333333333
EK202310187049,132.43333333333334
EK202310216907,145.96666666666667
EK202310129517,154.4
EK202310195530,134.5
EK202310177392,168.6
EK202310224171,154.1
EK202310195298,135.46666666666667
EK202310196360,133.36666666666667
EK202310197685,137.9
EK202310127212,149.86666666666667
EK202310194711,135.1
EK202310134995,151.33333333333334
EK202310215322,138.0
EK202310129156,151.53333333333333
EK202310194573,151.06666666666666
EK202310107850,159.83333333333334
EK202310224151,138.9
EK202310236621,133.6
EK202310240110,143.9
EK202310151137,174.8
EK202310245976,136.43333333333334
EK202310201981,145.66666666666666
EK202310128852,145.36666666666667
EK202310105479,135.73333333333332
EK202310134237,131.06666666666666
EK202310186135,133.66666666666666
EK202310126691,144.0
EK202310230960,135.9
EK202310167746,143.76666666666668
EK202310220451,143.56666666666666
EK202310187367,124.46666666666667
EK202310211918,139.83333333333334
EK202310218758,142.5
EK202310170030,140.03333333333333
EK202310182773,139.83333333333334
EK202310132214,148.76666666666668
EK202310004044,150.1
EK202310210481,141.36666666666667
EK202310233818,145.56666666666666
EK202310134772,132.4
EK202310190788,145.96666666666667
EK202310245891,160.43333333333334
EK202310152473,140.53333333333333
EK202310173468,135.76666666666668
EK202310134860,140.3
EK202310219927,139.63333333333333
EK202310242547,134.23333333333332
EK202310190542,157.86666666666667
EK202310248304,146.36666666666667
EK202310234323,148.43333333333334
EK202310116774,150.8
EK202310162192,133.03333333333333
EK202310200226,140.06666666666666
EK202310223298,139.2
EK202310131109,149.06666666666666
EK202310170422,134.56666666666666
EK202310247958,131.16666666666666
EK202310150344,128.43333333333334
EK202310186547,145.73333333333332
EK202310159511,141.5
EK202310107832,130.23333333333332
EK202310157429,141.76666666666668
EK202310206031,133.93333333333334
EK202310153162,168.23333333333332
EK202310246453,137.2
EK202310169465,128.23333333333332
EK202310127917,149.36666666666667
EK202310230060,132.33333333333334
EK202310115986,141.43333333333334
EK202310231341,131.76666666666668
EK202310207431,147.46666666666667
EK202310115427,134.3
EK202310148216,149.5
EK202310236465,133.73333333333332
EK202310214889,146.86666666666667
EK202310183344,141.1
EK202310115563,142.23333333333332
EK202310204127,144.1
EK202310148558,167.73333333333332
EK202310239253,141.36666666666667
EK202310223421,155.3
EK202310164157,139.63333333333333
EK202310191038,133.56666666666666
EK202310206653,161.23333333333332
EK202310189587,134.73333333333332
EK202320007832,153.2
EK202310107195,136.03333333333333
EK202310154834,151.4
EK202310225399,124.63333333333334
EK202310200244,128.63333333333333
EK202310181369,142.7
EK202310238327,137.93333333333334
EK202310119929,156.26666666666668
EK202310199445,172.53333333333333
EK202310167881,134.16666666666666
EK202310134304,134.06666666666666
EK202310206774,154.2
EK202310217924,149.76666666666668
EK202310114025,141.86666666666667
EK202310153648,141.2
EK202310168223,153.86666666666667
EK202310217182,153.1
EK202310228108,156.2
EK202310106503,135.16666666666666
EK202310132704,135.8
EK202310146469,138.86666666666667
EK202310190547,150.56666666666666
EK202310131045,145.2
EK202310120149,137.8
EK202310188786,148.43333333333334
EK202310164309,163.1
EK202310141856,123.5
EK202310174571,151.26666666666668
EK202310191248,134.76666666666668
EK202310228497,133.0
EK202310248650,142.06666666666666
EK202310003518,134.26666666666668
EK202310184477,140.7
EK202310177306,136.63333333333333
EK202310124268,134.96666666666667
EK202310207962,153.13333333333333
EK202310187364,141.16666666666666
EK202310188630,168.7
EK202310183825,168.13333333333333
EK202310228647,143.23333333333332
EK202310242814,136.2
EK202310190403,145.36666666666667
EK202310152077,150.23333333333332
EK202310127706,137.0
EK202310142346,142.1
EK202310140834,153.9
EK202310124143,135.46666666666667
EK202310158418,159.2
EK202310104315,151.36666666666667
EK202310186057,130.5
EK202310175318,149.03333333333333
EK202310170196,134.83333333333334
EK202310222979,149.03333333333333
EK202310179579,130.8
EK202310131268,141.13333333333333
EK202310232636,132.03333333333333
EK202310240941,141.43333333333334
EK202310162473,133.9
EK202310214960,138.93333333333334
EK202310158148,161.2
EK202310240646,158.46666666666667
EK202310190660,142.33333333333334
EK202310137900,137.76666666666668
EK202310105369,137.76666666666668
EK202310182640,132.06666666666666
EK202310222831,144.73333333333332
EK202310158111,162.8
EK202310137268,136.86666666666667
EK202310172836,143.03333333333333
EK202310130602,128.3
EK202310116478,133.7
EK202310176354,140.1
EK202310136605,145.23333333333332
EK202310120400,165.1
EK202310138807,134.36666666666667
EK202310158128,150.26666666666668
EK202320007743,162.76666666666668
EK202310240290,149.36666666666667
EK202310176995,159.26666666666668
EK202310178489,160.0
EK202310125320,134.63333333333333
EK202310158248,148.2
EK202310115199,147.03333333333333
EK202310214342,143.63333333333333
EK202310164698,136.53333333333333
EK202310181281,158.8
EK202310105605,134.96666666666667
EK202310117153,136.7
EK202310169108,143.86666666666667
EK202310135565,136.16666666666666
EK202310176476,133.56666666666666
EK202310245673,154.9
EK202310200545,128.43333333333334
EK202310147448,157.86666666666667
EK202310195084,127.6
EK202310228420,146.13333333333333
EK202310136789,139.76666666666668
EK202310141614,152.86666666666667
EK202310151545,167.36666666666667
EK202310183497,143.43333333333334
EK202320005693,173.93333333333334
EK202310160617,168.33333333333334
EK202310207236,147.56666666666666
EK202310123254,133.0
EK202310131721,138.53333333333333
EK202310129551,140.63333333333333
EK202310125982,132.9
EK202310129231,139.96666666666667
EK202310237005,125.06666666666666
EK202310138431,160.7
EK202310107167,137.66666666666666
EK202310180405,136.33333333333334
EK202310185138,143.16666666666666
EK202310207362,140.66666666666666
EK202310188914,148.36666666666667
EK202310157622,137.96666666666667
EK202310209933,134.4
EK202310191168,148.46666666666667
EK202310168227,132.0
EK202310211342,132.4
EK202310166980,144.9
EK202310206475,143.6
EK202310186567,142.56666666666666
EK202310227651,130.73333333333332
EK202310157161,158.03333333333333
EK202310171211,148.06666666666666
EK202310132575,132.8
EK202310135453,147.76666666666668
EK202310219005,146.86666666666667
EK202310186299,149.23333333333332
EK202310122783,161.53333333333333
EK202310112879,132.66666666666666
EK202310236548,137.36666666666667
EK202310156862,165.83333333333334
EK202310158283,168.4
EK202310220175,142.86666666666667
EK202310205692,140.73333333333332
EK202310104703,135.66666666666666
EK202310201863,126.96666666666667
EK202310175191,129.06666666666666
EK202310143809,142.83333333333334
EK202310228164,147.93333333333334
EK202310227395,148.13333333333333
EK202310170797,143.56666666666666
EK202310147520,178.76666666666668
EK202310241613,140.2
EK202310135976,138.03333333333333
EK202310248616,142.66666666666666
EK202310246754,130.23333333333332
EK202310197862,148.46666666666667
EK202310177128,142.9
EK202310232113,150.76666666666668
EK202310141746,151.93333333333334
EK202310168387,146.16666666666666
EK202310245345,160.8
EK202310209506,135.16666666666666
EK202310180792,168.0
EK202310230504,150.13333333333333
EK202310207171,146.13333333333333
EK202310123678,129.7
EK202310116185,149.53333333333333
EK202310237515,137.73333333333332
EK202310168029,155.4
EK202310226787,153.1
EK202310171773,141.96666666666667
EK202310213797,139.8
EK202310210449,133.33333333333334
EK202310200138,138.73333333333332
EK202310124561,142.36666666666667
EK202310104095,136.46666666666667
EK202310173838,130.93333333333334
EK202310188790,142.06666666666666
EK202320006026,144.76666666666668
EK202310175964,137.9
EK202310246749,144.86666666666667
EK202310211166,133.7
EK202310130296,157.36666666666667
EK202310133656,140.9
EK202310162528,153.3
EK202310232172,132.83333333333334
EK202310126678,143.7
EK202310175006,139.83333333333334
EK202310195947,140.53333333333333
EK202310175965,145.4
EK202310194000,131.13333333333333
EK202310109642,132.93333333333334
EK202310234602,137.3
EK202310216505,154.76666666666668
EK202310182057,163.13333333333333
EK202310205348,176.4
EK202310231919,131.03333333333333
EK202310143248,131.96666666666667
EK202310170516,145.63333333333333
EK202310228644,136.63333333333333
EK202310162365,166.5
EK202310221959,135.76666666666668
EK202310135830,132.43333333333334
EK202310132773,132.26666666666668
EK202310116452,154.66666666666666
EK202310125827,146.1
EK202310153615,138.33333333333334
EK202310104234,139.83333333333334
EK202310171291,136.1
EK202310143530,148.4
EK202310199377,140.0
EK202310148675,142.9
EK202310136051,140.9
EK202310108210,139.2
EK202310199466,134.06666666666666
EK202310227747,151.4
EK202310247834,137.03333333333333
EK202310241529,139.46666666666667
EK202310112144,147.36666666666667
EK202310182993,155.46666666666667
EK202310189245,146.56666666666666
EK202310160406,137.86666666666667
EK202310200045,132.9
EK202310220419,157.06666666666666
EK202310139976,146.13333333333333
EK202310004037,125.03333333333333
EK202310151229,151.3
EK202310124255,137.8
EK202310112236,144.23333333333332
EK202310169836,118.26666666666667
EK202310206379,154.56666666666666
EK202310237044,126.6
EK202310156899,172.33333333333334
EK202310135286,134.63333333333333
EK202310233848,147.3
EK202310243867,143.43333333333334
EK202310193719,136.3
EK202310115856,128.2
EK202310152769,146.5
EK202310208931,143.26666666666668
EK202310166273,134.16666666666666
EK202310174146,157.1
EK202310216893,138.3
EK202310200816,149.03333333333333
EK202310117687,145.16666666666666
EK202310109308,134.36666666666667
EK202310130253,154.93333333333334
EK202310129353,168.13333333333333
EK202310232695,129.36666666666667
EK202310168934,147.53333333333333
EK202320006147,184.73333333333332
EK202310131865,174.5
EK202310154389,171.26666666666668
EK202310144452,135.3
EK202310109772,134.53333333333333
EK202310142187,167.8
EK202310220392,140.8
EK202310185327,143.23333333333332
EK202310147396,150.96666666666667
EK202310207907,128.6
EK202310137274,128.2
EK202310192264,147.53333333333333
EK202310217353,144.93333333333334
EK202310169024,135.96666666666667
EK202310168820,149.83333333333334
EK202310156728,131.73333333333332
EK202310172897,158.16666666666666
EK202310141606,150.23333333333332
EK202310209150,164.33333333333334
EK202310242727,142.4
EK202310172918,121.16666666666667
EK202310238608,142.5
EK202310118817,139.03333333333333
EK202310209232,155.86666666666667
EK202310246528,149.1
EK202310225110,152.66666666666666
EK202310196139,145.46666666666667
EK202310183805,112.3
EK202310109611,145.86666666666667
EK202310165156,127.13333333333334
EK202310169977,168.2
EK202320005840,172.56666666666666
EK202310164548,170.93333333333334
EK202310200636,149.06666666666666
EK202310175371,150.7
EK202310149850,155.83333333333334
EK202310192563,149.83333333333334
EK202310150786,145.66666666666666
EK202310232852,139.03333333333333
EK202310129104,147.9
EK202310222400,140.8
EK202310238847,133.36666666666667
EK202310215409,134.63333333333333
EK202310132626,158.26666666666668
EK202310209457,141.8
EK202310191648,148.6
EK202310211924,138.93333333333334
EK202310123972,171.73333333333332
EK202320006941,148.56666666666666
EK202310172894,150.8
EK202310201352,140.13333333333333
EK202310246908,141.16666666666666
EK202310159957,146.56666666666666
EK202310208067,148.26666666666668
EK202310132399,155.76666666666668
EK202310154363,141.23333333333332
EK202310190672,131.0
EK202310191938,154.9
EK202310190279,149.3
EK202310205127,159.4
EK202310202799,139.0
EK202310169811,164.86666666666667
EK202310131611,158.63333333333333
EK202310124021,144.06666666666666
EK202310105652,134.7
EK202310133772,138.23333333333332
EK202310222132,138.23333333333332
EK202310187623,148.53333333333333
EK202310138088,127.63333333333334
EK202310203335,142.0
EK202310139562,169.1
EK202310239042,139.23333333333332
EK202310231151,137.26666666666668
EK202310142022,140.26666666666668
EK202310227265,133.33333333333334
EK202310122491,142.93333333333334
EK202310246498,136.46666666666667
EK202310237745,147.1
EK202310230083,137.83333333333334
EK202310239818,140.2
EK202310109374,135.03333333333333
EK202310188938,138.53333333333333
EK202310239985,145.3
EK202310190536,138.9
EK202310108454,141.9
EK202310185187,138.43333333333334
EK202310214929,146.9
EK202310163742,140.6
EK202310133341,132.5
EK202310123932,132.53333333333333
EK202310224048,143.23333333333332
EK202310194734,134.46666666666667
EK202310233579,137.83333333333334
EK202310111120,149.7
EK202310202005,125.9
EK202310170430,138.93333333333334
EK202310215966,139.8
EK202310142957,157.0
EK202310238877,132.4
EK202310197380,152.3
EK202310242798,141.23333333333332
EK202310118054,149.7
EK202310171995,132.76666666666668
EK202310156378,140.33333333333334
EK202310209380,147.3
EK202320005988,170.0
EK202310132771,140.36666666666667
EK202310196985,184.1
EK202310209813,143.6
EK202310156025,142.23333333333332
EK202310119261,133.16666666666666
EK202310200800,137.8
EK202310113114,141.9
EK202310176337,150.36666666666667
EK202310116221,139.7
EK202310185787,145.06666666666666
EK202310161101,171.16666666666666
EK202310109179,132.3
EK202310211864,128.93333333333334
EK202310233086,144.76666666666668
EK202310203086,136.63333333333333
EK202310209153,142.1
EK202320006944,144.3
EK202310124624,154.63333333333333
EK202310160066,161.0
EK202310212610,144.93333333333334
EK202310176922,149.86666666666667
EK202310221476,165.4
EK202310178896,132.73333333333332
EK202310242101,146.9
EK202310208004,142.3
EK202310217499,142.3
EK202310133817,136.23333333333332
EK202310169528,134.83333333333334
EK202310239561,160.73333333333332
EK202310158179,145.16666666666666
EK202310145688,151.83333333333334
EK202310242791,127.86666666666666
EK202310152257,140.0
EK202310137070,142.16666666666666
EK202310146130,135.66666666666666
EK202310204201,158.9
EK202310155505,141.26666666666668
EK202310154019,143.93333333333334
EK202310233453,154.7
EK202310217804,140.7
EK202310172949,138.36666666666667
EK202310188635,161.5
EK202310117443,121.06666666666666
EK202310160841,131.93333333333334
EK202310125406,151.33333333333334
EK202310182154,140.26666666666668
EK202310118807,137.6
EK202310159569,166.93333333333334
EK202310185202,166.83333333333334
EK202310240184,133.93333333333334
EK202310180957,167.1
EK202310208211,146.03333333333333
EK202310152382,142.4
EK202310174048,136.06666666666666
EK202310150319,158.93333333333334
EK202310152702,144.36666666666667
EK202310170820,134.0
EK202320007378,136.6
EK202310131773,142.43333333333334
EK202310185301,166.2
EK202310175383,158.2
EK202310170884,137.03333333333333
EK202310178300,156.56666666666666
EK202310246617,152.26666666666668
EK202310238047,132.53333333333333
EK202310208163,180.9
EK202310124260,133.53333333333333
EK202310128456,145.23333333333332
EK202310212256,133.3
EK202310234312,133.73333333333332
EK202310104195,142.03333333333333
EK202310148897,172.63333333333333
EK202310158080,135.16666666666666
EK202310219877,146.83333333333334
EK202310165158,131.36666666666667
EK202310109254,147.03333333333333
EK202310185727,146.0
EK202310143277,138.96666666666667
EK202310194994,156.23333333333332
EK202310243012,163.76666666666668
EK202310134903,135.63333333333333
EK202310231333,134.4
EK202310156732,172.76666666666668
EK202310216366,141.6
EK202310220643,155.26666666666668
EK202310165968,138.06666666666666
EK202310246411,131.66666666666666
EK202310155750,145.46666666666667
EK202310190049,149.06666666666666
EK202310004189,158.63333333333333
EK202310184691,181.16666666666666
EK202310111760,145.96666666666667
EK202310176428,139.16666666666666
EK202310152951,143.43333333333334
EK202310104263,151.96666666666667
EK202310103997,135.1
EK202310229279,140.63333333333333
EK202310157826,140.66666666666666
EK202310142511,136.73333333333332
EK202310232992,153.73333333333332
EK202320007132,179.73333333333332
EK202310180745,137.96666666666667
EK202310225853,150.63333333333333
EK202310198235,137.8
EK202310196329,141.56666666666666
EK202310223113,144.9
EK202310166045,144.63333333333333
EK202310174983,131.43333333333334
EK202310197554,151.7
EK202310215823,149.06666666666666
EK202310122372,149.23333333333332
EK202310157463,135.73333333333332
EK202310175294,144.6
EK202310004183,145.0
EK202310111002,134.13333333333333
EK202310132507,173.56666666666666
EK202310226239,139.66666666666666
EK202310160993,124.96666666666667
EK202310177494,137.13333333333333
EK202310247179,159.3
EK202310159413,167.4
EK202310205675,132.3
EK202310204805,140.3
EK202310104970,149.76666666666668
EK202310143326,150.3
EK202310104508,150.43333333333334
EK202310109138,141.33333333333334
EK202310155067,137.8
EK202310180368,160.4
EK202310174283,166.16666666666666
EK202310164563,164.56666666666666
EK202310248605,140.36666666666667
EK202310144814,159.03333333333333
EK202310151103,146.86666666666667
EK202310137749,131.9
EK202310244871,150.5
EK202310231958,138.16666666666666
EK202320006420,169.06666666666666
EK202310180132,128.73333333333332
EK202310208818,134.6
EK202310242680,147.8
EK202310124810,166.7
EK202310179535,142.23333333333332
EK202310180039,136.76666666666668
EK202310142068,151.93333333333334
EK202310241810,148.53333333333333
EK202310142213,144.06666666666666
EK202310205835,140.3
EK202310176395,132.2
EK202310108817,152.5
EK202310144432,129.8
EK202310164208,141.33333333333334
EK202310125282,138.6
EK202310110364,144.0
EK202310147767,141.36666666666667
EK202310175310,146.63333333333333
EK202310169612,127.73333333333333
EK202310177089,131.53333333333333
EK202310164613,133.63333333333333
EK202310214491,138.13333333333333
EK202310159145,164.56666666666666
EK202310148143,151.43333333333334
EK202310130196,159.5
EK202310140526,136.7
EK202310220135,142.6
EK202310116422,143.83333333333334
EK202310121781,135.2
EK202310108897,146.43333333333334
EK202310110908,159.4
EK202310219796,140.23333333333332
EK202310109152,150.36666666666667
EK202310217807,141.06666666666666
EK202310115494,130.6
EK202310221948,137.0
EK202320006012,172.1
EK202310119926,135.7
EK202310212680,133.3
EK202310004522,146.1
EK202310200665,150.8
EK202310159142,137.33333333333334
EK202310217394,158.26666666666668
EK202310247390,166.7
EK202310153429,135.76666666666668
EK202310133009,165.76666666666668
EK202310183153,163.0
EK202310223238,140.73333333333332
EK202310189167,147.5
EK202310167404,158.56666666666666
EK202310123436,157.73333333333332
EK202310201161,164.46666666666667
EK202310202874,138.63333333333333
EK202310205144,148.5
EK202310211825,136.66666666666666
EK202310119888,141.83333333333334
EK202310187594,152.26666666666668
EK202310127146,161.66666666666666
EK202310115361,148.13333333333333
EK202310122062,129.63333333333333
EK202310161120,173.1
EK202310119640,144.06666666666666
EK202310196025,156.23333333333332
EK202310239045,142.0
EK202310197374,146.8
EK202310201644,147.9
EK202310239463,138.9
EK202310234006,142.9
EK202310209744,142.3
EK202310138496,178.13333333333333
EK202310159749,172.06666666666666
EK202310199933,136.83333333333334
EK202310121772,149.7
EK202310150984,145.96666666666667
EK202310245852,133.5
EK202310129919,146.93333333333334
EK202310203657,156.23333333333332
EK202320007279,173.03333333333333
EK202310213923,137.46666666666667
EK202310004091,135.53333333333333
EK202310142372,160.7
EK202320007651,134.96666666666667
EK202310188243,161.66666666666666
EK202310162087,153.33333333333334
EK202310124791,164.4
EK202310111667,133.93333333333334
EK202310105642,125.9
EK202310196224,142.0
EK202310159474,130.26666666666668
EK202310137962,136.4
EK202310194276,149.8
EK202310155765,156.56666666666666
EK202310222240,137.6
EK202310175830,149.06666666666666
EK202310115286,146.3
EK202310179252,139.2
EK202310216929,145.56666666666666
EK202310158567,136.63333333333333
EK202310124273,133.2
EK202310162224,159.0
EK202310165570,177.96666666666667
EK202310151292,123.26666666666667
EK202310123293,136.73333333333332
EK202310151984,128.46666666666667
EK202310133891,146.83333333333334
EK202310108554,138.5
EK202310108056,143.0
EK202310208276,143.73333333333332
EK202310106720,129.33333333333334
EK202310164462,132.33333333333334
EK202310153370,164.3
EK202310156354,143.9
EK202310120895,137.76666666666668
EK202310204021,148.2
EK202310144453,168.93333333333334
EK202310187876,144.3
EK202310234386,136.76666666666668
EK202310223302,131.43333333333334
EK202310198885,141.46666666666667
EK202310133774,159.96666666666667
EK202310216355,146.73333333333332
EK202310170923,138.73333333333332
EK202310190308,139.5
EK202310116974,142.16666666666666
EK202310147600,156.06666666666666
EK202310134725,166.16666666666666
EK202310205939,130.66666666666666
EK202310166068,131.43333333333334
EK202310228965,142.2
EK202310106007,134.76666666666668
EK202310192113,154.33333333333334
EK202310168030,135.16666666666666
EK202310119751,149.56666666666666
EK202310196784,145.36666666666667
EK202310147073,149.73333333333332
EK202310215585,142.03333333333333
EK202310176737,132.36666666666667
EK202310191426,154.8
EK202310234686,137.13333333333333
EK202310173981,136.3
EK202310238285,150.63333333333333
EK202310004398,137.4
EK202310227760,149.93333333333334
EK202310228813,137.46666666666667
EK202310108999,146.5
EK202310170661,142.73333333333332
EK202310107069,130.16666666666666
EK202310107605,155.8
EK202310149427,168.86666666666667
EK202310235767,133.3
EK202310146513,146.6
EK202310134095,146.03333333333333
EK202310212824,157.1
EK202310187784,168.4
EK202310220588,140.4
EK202310171664,140.26666666666668
EK202310213580,130.36666666666667
EK202310117169,134.76666666666668
EK202310225689,138.7
EK202310228834,135.63333333333333
EK202310199085,144.63333333333333
EK202310115337,142.46666666666667
EK202310222451,139.93333333333334
EK202310120450,133.9
EK202310196902,146.43333333333334
EK202310213448,144.66666666666666
EK202310194551,153.26666666666668
EK202310210607,139.6
EK202310240625,139.43333333333334
EK202310232826,144.5
EK202310115580,146.13333333333333
EK202310230496,128.73333333333332
EK202310153896,146.33333333333334
EK202310167421,163.5
EK202310185386,142.13333333333333
EK202310226162,149.53333333333333
EK202320006296,163.63333333333333
EK202310122211,132.6
EK202310120410,134.46666666666667
EK202310135887,128.03333333333333
EK202310123262,138.2
EK202310116308,129.33333333333334
EK202310141964,139.16666666666666
EK202310114738,131.43333333333334
EK202320007799,146.9
EK202310135945,149.06666666666666
EK202310152049,139.36666666666667
EK202310159468,144.0
EK202310137922,139.43333333333334
EK202310137799,142.33333333333334
EK202310185003,160.03333333333333
EK202310183141,136.4
EK202310179706,145.4
EK202310226300,138.26666666666668
EK202310209408,152.3
EK202310224094,142.23333333333332
EK202310155840,136.26666666666668
EK202310153392,151.56666666666666
EK202310119916,149.8
EK202310189485,132.06666666666666
EK202310153973,164.36666666666667
EK202310143859,140.86666666666667
EK202310209322,161.56666666666666
EK202310219928,138.1
EK202310177843,148.66666666666666
EK202310235521,145.8
EK202310227218,136.1
EK202310120634,122.63333333333334
EK202310237236,126.5
EK202310174275,169.13333333333333
EK202310207517,137.6
EK202310197066,139.2
EK202310235418,134.7
EK202310229043,136.03333333333333
EK202310232518,136.86666666666667
EK202310127726,135.93333333333334
EK202310216259,145.5
EK202310132033,129.73333333333332
EK202310204271,154.6
EK202310194461,150.56666666666666
EK202310202541,140.3
EK202310201397,137.3
EK202310169275,138.7
EK202310115278,140.9
EK202310157300,155.46666666666667
EK202310111329,138.4
EK202310132731,168.66666666666666
EK202310107770,145.96666666666667
EK202310131063,145.93333333333334
EK202310212722,131.6
EK202310172610,154.5
EK202310243791,130.3
EK202310219499,142.7
EK202310131588,149.8
EK202310217120,136.96666666666667
EK202310172169,152.0
EK202310133205,130.63333333333333
EK202310190824,162.6
EK202310119229,133.76666666666668
EK202310172059,147.23333333333332
EK202320006521,164.7
EK202310221989,154.3
EK202310178785,163.2
EK202310183830,137.36666666666667
EK202310168297,139.5
EK202310127675,133.03333333333333
EK202310172854,129.5
EK202310176515,154.46666666666667
EK202310154731,142.86666666666667
EK202310213784,154.8
EK202310150574,163.5
EK202310130454,142.23333333333332
EK202310131489,159.33333333333334
EK202310174498,138.93333333333334
EK202310103853,140.46666666666667
EK202320007395,149.56666666666666
EK202310182375,150.2
EK202310146376,151.56666666666666
EK202310236179,130.6
EK202310149241,144.13333333333333
EK202310135136,136.66666666666666
EK202310140867,153.6
EK202310223502,145.56666666666666
EK202310243943,142.6
EK202310174164,145.7
EK202310158044,150.1
EK202310148103,131.93333333333334
EK202310156336,160.2
EK202310190263,153.46666666666667
EK202310176162,164.2
EK202310129272,142.9
EK202310199173,132.7
EK202310150794,153.7
EK202310207717,164.23333333333332
EK202310109712,138.06666666666666
EK202310142567,165.33333333333334
EK202310117141,143.56666666666666
EK202310204093,126.9
EK202310241706,160.6
EK202310183611,171.3
EK202310233211,140.56666666666666
EK202320005748,153.1
EK202310124159,126.56666666666666
EK202310138315,133.93333333333334
EK202310193796,162.96666666666667
EK202310218166,158.53333333333333
EK202310229779,147.33333333333334
EK202310131658,154.3
EK202310229978,127.76666666666667
EK202310171658,138.93333333333334
EK202310121521,140.76666666666668
EK202310190841,149.8
EK202310104228,142.7
EK202310113040,146.5
EK202310131735,145.26666666666668
EK202310170151,145.33333333333334
EK202310124366,127.86666666666666
EK202310149451,151.96666666666667
EK202310206552,136.3
EK202310129905,133.76666666666668
EK202310227850,140.06666666666666
EK202310235398,145.3
EK202310218108,130.73333333333332
EK202310157681,123.33333333333333
EK202310214538,142.3
EK202310201752,163.2
EK202310105353,153.26666666666668
EK202310106768,128.1
EK202310200116,155.66666666666666
EK202310127715,129.76666666666668
EK202310105124,148.46666666666667
EK202310198102,139.33333333333334
EK202310106141,152.86666666666667
EK202310165059,140.3
EK202310163969,145.96666666666667
EK202310163911,170.43333333333334
EK202310160055,151.76666666666668
EK202310126497,142.33333333333334
EK202310189545,138.83333333333334
EK202310187535,137.23333333333332
EK202310224997,123.7
EK202310147587,135.26666666666668
EK202310130969,145.46666666666667
EK202310157178,152.56666666666666
EK202310150244,139.3
EK202310114255,155.13333333333333
EK202310214855,143.9
EK202310158832,158.43333333333334
EK202310143631,141.0
EK202310206903,150.03333333333333
EK202310213965,143.53333333333333
EK202310140974,155.66666666666666
EK202310243752,152.0
EK202310230647,163.3
EK202310110490,134.96666666666667
EK202310168466,129.53333333333333
EK202310138755,164.53333333333333
EK202310169502,130.9
EK202310203430,175.73333333333332
EK202310163679,138.8
EK202310157628,135.93333333333334
EK202310224841,138.06666666666666
EK202310153096,182.5
EK202310116043,130.76666666666668
EK202310201955,133.5
EK202310240755,129.2
EK202310215391,165.23333333333332
EK202310120508,136.3
EK202310166816,139.56666666666666
EK202310197615,164.2
EK202310149113,166.7
EK202310187571,143.06666666666666
EK202310234394,144.6
EK202310204787,137.0
EK202310170562,170.33333333333334
EK202310158575,154.8
EK202310200164,158.0
EK202310167493,142.7
EK202310181034,146.0
EK202310167070,136.83333333333334
EK202310221166,138.06666666666666
EK202310157175,136.4
EK202310148464,147.03333333333333
EK202310143208,139.1
EK202310139027,130.33333333333334
EK202310224872,138.33333333333334
EK202310173761,134.33333333333334
EK202310234649,137.66666666666666
EK202310134946,170.0
EK202310132145,142.96666666666667
EK202310124351,129.7
EK202310240711,148.2
EK202310228181,133.1
EK202310152792,145.5
EK202310218480,155.2
EK202310233680,179.43333333333334
EK202310226082,136.56666666666666
EK202310166293,159.16666666666666
EK202310178413,165.73333333333332
EK202310192848,146.63333333333333
EK202310169316,145.23333333333332
EK202320006913,172.53333333333333
EK202310108324,135.0
EK202310209693,148.7
EK202310108004,163.26666666666668
EK202310198846,150.3
EK202310219677,145.23333333333332
EK202310164857,124.9
EK202310147656,145.06666666666666
EK202310145013,133.96666666666667
EK202310147368,148.36666666666667
EK202310170036,130.9
EK202310120376,134.06666666666666
EK202310150683,131.23333333333332
EK202310240238,151.73333333333332
EK202310217185,170.26666666666668
EK202310164586,140.4
EK202310198428,132.56666666666666
EK202310233407,143.46666666666667
EK202310163412,127.13333333333334
EK202310151118,145.9
EK202310206940,164.56666666666666
EK202310229350,125.9
EK202310118968,127.26666666666667
EK202320006106,173.76666666666668
EK202310201360,127.86666666666666
EK202310214617,148.46666666666667
EK202310230798,136.63333333333333
EK202310131993,125.23333333333333
EK202310165856,160.03333333333333
EK202310208421,131.53333333333333
EK202310140732,143.86666666666667
EK202310134224,141.73333333333332
EK202310108759,144.26666666666668
EK202310115586,142.13333333333333
EK202310166328,129.13333333333333
EK202310104171,147.13333333333333
EK202310218466,128.46666666666667
EK202310186769,147.96666666666667
EK202310231774,148.9
EK202310130856,131.96666666666667
EK202310199243,168.7
EK202310178583,150.2
EK202310231077,135.76666666666668
EK202310232984,137.03333333333333
EK202310204584,136.03333333333333
EK202310210808,136.06666666666666
EK202310243853,134.5
EK202310114871,132.76666666666668
EK202310220680,151.26666666666668
EK202310225716,132.83333333333334
EK202310171582,158.33333333333334
EK202310153093,158.83333333333334
EK202310170911,146.5
EK202310165452,168.26666666666668
EK202310235729,138.46666666666667
EK202310175158,138.8
EK202310161650,173.96666666666667
EK202310179057,148.5
EK202310173343,148.03333333333333
EK202310188221,136.6
EK202310207572,143.43333333333334
EK202310126999,153.2
EK202310121103,147.76666666666668
EK202310186391,149.23333333333332
EK202310210239,146.4
EK202310195085,143.86666666666667
EK202310160300,137.06666666666666
EK202310199891,144.1
EK202310163707,129.73333333333332
EK202310196523,144.23333333333332
EK202310234859,137.33333333333334
EK202310231803,141.93333333333334
EK202310136798,127.96666666666667
EK202310244538,136.7
EK202310004017,140.3
EK202320006492,160.93333333333334
EK202310185950,132.96666666666667
EK202310130639,133.23333333333332
EK202320005689,136.73333333333332
EK202320006687,147.4
EK202310167248,127.23333333333333
EK202310134731,134.2
EK202310179818,134.5
EK202310147913,160.2
EK202310153980,136.5
EK202310117979,141.7
EK202310149501,143.76666666666668
EK202310236960,146.23333333333332
EK202310181994,142.23333333333332
EK202310170364,129.93333333333334
EK202310173530,155.63333333333333
EK202310111439,133.13333333333333
EK202310222093,137.4
EK202310144055,136.13333333333333
EK202310214164,141.06666666666666
EK202310177168,157.56666666666666
EK202310233756,146.1
EK202310154451,140.1
EK202310193603,143.66666666666666
EK202310210012,128.6
EK202310109490,140.2
EK202310161365,150.1
EK202310153596,141.66666666666666
EK202310171021,164.26666666666668
EK202310135046,144.76666666666668
EK202310105468,130.36666666666667
EK202310180678,165.16666666666666
EK202310123763,147.93333333333334
EK202310137466,145.53333333333333
EK202310138581,156.16666666666666
EK202310221347,144.03333333333333
EK202310175567,146.73333333333332
EK202310136752,144.83333333333334
EK202310129734,154.7
EK202310120365,145.06666666666666
EK202310127797,144.1
EK202310183416,144.76666666666668
EK202310239153,155.16666666666666
EK202310222246,149.7
EK202310144082,138.36666666666667
EK202310226435,135.33333333333334
EK202310110236,144.36666666666667
EK202310172009,145.4
EK202310152432,164.5
EK202310219667,145.6
EK202310202548,152.4
EK202310179444,135.46666666666667
EK202310110933,161.36666666666667
EK202310112714,153.66666666666666
EK202310129776,167.6
EK202310184025,149.93333333333334
EK202310199495,140.3
EK202310120853,141.83333333333334
EK202310110965,137.03333333333333
EK202310125670,141.2
EK202310129995,155.33333333333334
EK202310228248,126.83333333333333
EK202310128534,128.33333333333334
EK202310183479,150.1
EK202310159882,136.7
EK202310224442,134.8
EK202310119875,142.93333333333334
EK202310165118,131.76666666666668
EK202310003461,132.8
EK202310127902,131.46666666666667
EK202310241227,143.16666666666666
EK202310177075,131.0
EK202310195321,141.93333333333334
EK202310109724,173.3
EK202310224884,135.6
EK202310246986,134.43333333333334
EK202310180027,142.46666666666667
EK202310143531,140.83333333333334
EK202310180604,134.43333333333334
EK202310241988,136.56666666666666
EK202310109076,151.43333333333334
EK202310117902,138.06666666666666
EK202310215898,148.26666666666668
EK202310134539,133.5
EK202310239440,137.33333333333334
EK202310230665,132.1
EK202310172063,142.43333333333334
EK202310126450,131.4
EK202310229116,138.33333333333334
EK202310178898,162.56666666666666
EK202310111721,143.2
EK202310170101,164.9
EK202310158581,143.9
EK202310157015,175.2
EK202310229038,141.03333333333333
EK202310222680,138.83333333333334
EK202310111285,148.93333333333334
EK202310222575,161.3
EK202310156621,174.06666666666666
EK202310199481,143.03333333333333
EK202310204046,168.76666666666668
EK202310219609,135.66666666666666
EK202310222642,137.66666666666666
EK202310199140,135.23333333333332
EK202310200730,140.63333333333333
EK202310139007,136.86666666666667
EK202310126900,136.63333333333333
EK202310228039,140.56666666666666
EK202310177276,149.33333333333334
EK202310233570,130.7
EK202310237169,151.46666666666667
EK202310238023,159.9
EK202310127838,130.4
EK202310232618,136.73333333333332
EK202310114863,139.4
EK202310196485,146.46666666666667
EK202310128223,135.1
EK202310121663,143.26666666666668
EK202310111075,155.9
EK202310131404,130.73333333333332
EK202310104361,145.43333333333334
EK202310188771,139.76666666666668
EK202310166069,152.06666666666666
EK202310225476,120.16666666666667
EK202310118945,138.03333333333333
EK202310203625,138.5
EK202310245898,146.96666666666667
EK202310197749,134.36666666666667
EK202310185073,147.06666666666666
EK202310114565,140.36666666666667
EK202310151446,171.13333333333333
EK202310206021,134.23333333333332
EK202310179791,147.7
EK202310205394,137.5
EK202310166488,162.0
EK202310106840,130.5
EK202310115082,139.36666666666667
EK202310173564,138.73333333333332
EK202310205877,171.0
EK202310152051,143.1
EK202310144703,133.66666666666666
EK202310130259,173.76666666666668
EK202310177228,139.36666666666667
EK202310218957,125.83333333333333
EK202310142498,155.43333333333334
EK202310119549,141.2
EK202310233725,130.53333333333333
EK202310233810,146.8
EK202310210342,145.96666666666667
EK202310142303,156.53333333333333
EK202310227362,131.16666666666666
EK202310212631,143.73333333333332
EK202310148066,133.56666666666666
EK202310115133,160.8
EK202310145502,134.33333333333334
EK202310151385,164.4
EK202310245859,135.26666666666668
EK202310222753,140.13333333333333
EK202310170556,158.83333333333334
EK202310186591,129.6
EK202310141795,157.96666666666667
EK202310129475,145.63333333333333
EK202310117335,135.2
EK202310219091,150.23333333333332
EK202310224742,129.33333333333334
EK202310153827,169.56666666666666
EK202310159244,137.56666666666666
EK202310218618,143.66666666666666
EK202310229622,134.5
EK202310212905,131.2
EK202310190075,131.33333333333334
EK202310190265,149.36666666666667
EK202310168559,135.86666666666667
EK202310215223,137.13333333333333
EK202310231305,132.13333333333333
EK202310220211,133.63333333333333
EK202310183222,147.2
EK202310141182,141.16666666666666
EK202310227695,130.06666666666666
EK202310233303,132.1
EK202310108658,130.93333333333334
EK202310157889,150.93333333333334
EK202310176473,144.13333333333333
EK202310235635,133.66666666666666
EK202310127390,154.16666666666666
EK202310137562,149.83333333333334
EK202310104205,149.03333333333333
EK202310174206,128.73333333333332
EK202310212816,170.8
EK202310147436,144.66666666666666
EK202310180611,142.1
EK202310210354,151.96666666666667
EK202310189663,133.4
EK202310119259,135.83333333333334
EK202310235125,137.7
EK202310246750,133.86666666666667
EK202310218896,150.16666666666666
EK202310203786,136.16666666666666
EK202310180913,134.16666666666666
EK202310124372,137.16666666666666
EK202310165379,154.8
EK202310180954,165.3
EK202310145852,147.06666666666666
EK202310236766,135.03333333333333
EK202310134276,160.86666666666667
EK202310121348,138.03333333333333
EK202310141601,148.4
EK202310128602,132.2
EK202310110423,131.53333333333333
EK202310145558,156.0
EK202310155126,157.76666666666668
EK202310148031,162.53333333333333
EK202310174648,135.66666666666666
EK202310107125,148.2
EK202310206336,172.0
EK202310244639,134.63333333333333
EK202310225703,121.73333333333333
EK202310246590,155.46666666666667
EK202310162037,139.53333333333333
EK202310214389,152.96666666666667
EK202310186078,131.6
EK202310237892,132.93333333333334
EK202310139019,136.96666666666667
EK202310144411,148.56666666666666
EK202310121887,145.86666666666667
EK202310182472,135.43333333333334
EK202310110577,135.7
EK202310217458,144.1
EK202310206751,154.6
EK202310135834,146.43333333333334
EK202310129936,137.96666666666667
EK202310193629,156.3
EK202310109058,144.43333333333334
EK202310229608,140.23333333333332
EK202310201686,156.86666666666667
EK202310206823,132.96666666666667
EK202310109660,132.6
EK202310202418,161.46666666666667
EK202310140335,134.56666666666666
EK202310198168,138.13333333333333
EK202310117989,142.43333333333334
EK202310110082,131.76666666666668
EK202310227199,132.86666666666667
EK202310219307,173.9
EK202310236825,129.43333333333334
EK202310114629,141.53333333333333
EK202310180370,167.16666666666666
EK202310145206,160.63333333333333
EK202310108111,139.86666666666667
EK202310226175,141.26666666666668
EK202310227223,162.8
EK202310199795,149.73333333333332
EK202310228694,133.46666666666667
EK202310217385,133.8
EK202310104812,137.4
EK202310216111,140.6
EK202310176703,157.3
EK202310240602,133.03333333333333
EK202310103728,143.46666666666667
EK202310220868,125.13333333333334
EK202310114579,134.16666666666666
EK202310165033,152.66666666666666
EK202310150030,136.43333333333334
EK202310201296,160.1
EK202310105195,144.56666666666666
EK202310213553,132.53333333333333
EK202310162788,156.86666666666667
EK202310216325,146.63333333333333
EK202310144613,153.56666666666666
EK202310226580,130.0
EK202310229109,132.96666666666667
EK202310124954,170.73333333333332
EK202310205954,141.03333333333333
EK202310179712,129.6
EK202310193847,135.2
EK202310175822,129.4
EK202310116359,129.06666666666666
EK202320006662,187.53333333333333
EK202310111520,139.06666666666666
EK202310213288,143.83333333333334
EK202310191137,156.23333333333332
EK202310132404,138.46666666666667
EK202310201570,166.5
EK202310203322,134.93333333333334
EK202310143258,151.3
EK202310241669,136.73333333333332
EK202310190261,163.8
EK202310145096,129.26666666666668
EK202310231686,145.56666666666666
EK202310163789,142.06666666666666
EK202310196402,164.73333333333332
EK202310230132,142.0
EK202310155673,142.56666666666666
EK202310210437,129.76666666666668
EK202310107353,139.23333333333332
EK202310219475,134.5
EK202310232408,129.26666666666668
EK202310152774,127.83333333333333
EK202310200770,159.56666666666666
EK202310185372,154.46666666666667
EK202310119209,137.53333333333333
EK202310131238,135.53333333333333
EK202310162969,135.5
EK202310127182,141.03333333333333
EK202310245830,126.3
EK202310205893,129.2
EK202310104756,139.43333333333334
EK202310153892,150.56666666666666
EK202310244027,145.2
EK202310163145,142.6
EK202310165966,139.16666666666666
EK202310185338,156.2
EK202310004564,142.66666666666666
EK202310246545,131.4
EK202310243927,149.03333333333333
EK202310171098,135.8
EK202310226637,135.8
EK202310240501,139.46666666666667
EK202310213124,136.93333333333334
EK202310185369,154.03333333333333
EK202310184650,168.43333333333334
EK202310191710,134.63333333333333
EK202310186505,143.46666666666667
EK202310246315,157.8
EK202310128179,137.43333333333334
EK202310218717,137.0
EK202310140183,135.6
EK202310218416,137.03333333333333
EK202310104512,148.1
EK202310148024,144.36666666666667
EK202310211056,129.2
EK202310212788,142.5
EK202310151708,156.0
EK202310192193,137.13333333333333
EK202310147119,171.36666666666667
EK202310134171,159.36666666666667
EK202310120405,141.7
EK202310197432,127.16666666666667
EK202310116473,137.53333333333333
EK202310148941,135.26666666666668
EK202310225424,139.66666666666666
EK202310160249,172.96666666666667
EK202310177564,132.8
EK202310147712,137.46666666666667
EK202310130033,139.8
EK202310161738,141.43333333333334
EK202310225844,140.93333333333334
EK202310200581,168.0
EK202310155845,132.1
EK202310121666,133.46666666666667
EK202310124396,131.6
EK202310234458,138.3
EK202310122157,126.3
EK202310122028,157.2
EK202310178168,139.86666666666667
EK202320006120,167.46666666666667
EK202310104089,149.93333333333334
EK202310130047,133.8
EK202310233902,140.13333333333333
EK202310145593,144.03333333333333
EK202310145435,147.66666666666666
EK202310121638,156.2
EK202310175711,141.13333333333333
EK202310178650,145.6
EK202310209932,131.5
EK202310150842,146.76666666666668
EK202310176075,126.53333333333333
EK202310225913,151.5
EK202310223616,139.46666666666667
EK202310177498,135.66666666666666
EK202310210293,136.9
EK202310243077,137.8
EK202310120981,134.83333333333334
EK202310161599,150.4
EK202310199852,140.53333333333333
EK202310152182,139.33333333333334
EK202310201657,149.16666666666666
EK202310108940,153.3
EK202310167429,161.46666666666667
EK202310245926,153.46666666666667
EK202310152784,142.1
EK202310124342,127.63333333333334
EK202310161267,145.06666666666666
EK202310145118,131.8
EK202310124701,131.83333333333334
EK202310144618,145.8
EK202310233384,146.63333333333333
EK202310207039,155.06666666666666
EK202310190234,126.76666666666667
EK202310198686,136.83333333333334
EK202310120341,156.33333333333334
EK202310247847,142.53333333333333
EK202310003450,139.93333333333334
EK202310134573,137.73333333333332
EK202310116321,126.06666666666666
EK202310202729,138.26666666666668
EK202310225102,162.33333333333334
EK202320007842,171.66666666666666
EK202310185093,146.53333333333333
EK202310147662,144.76666666666668
EK202310202843,137.43333333333334
EK202310233390,134.43333333333334
EK202310136750,136.06666666666666
EK202310132231,143.13333333333333
EK202310229820,135.16666666666666
EK202310198900,132.03333333333333
EK202310112722,138.7
EK202310124481,136.1
EK202310168703,149.83333333333334
EK202310215506,136.0
EK202310227298,139.7
EK202310162425,149.53333333333333
EK202310147420,127.4
EK202310230006,143.8
EK202310107551,166.3
EK202310245496,133.86666666666667
EK202310121500,137.1
EK202310137045,140.56666666666666
EK202310004368,139.9
EK202310124048,133.86666666666667
EK202310123230,141.53333333333333
EK202310003475,148.4
EK202310129436,137.5
EK202310202223,145.83333333333334
EK202310135682,139.73333333333332
EK202310113775,158.4
EK202310143850,141.63333333333333
EK202310199362,157.5
EK202310206686,138.73333333333332
EK202310134277,148.7
EK202310244824,128.4
EK202310127241,149.0
EK202310153015,150.96666666666667
EK202310183863,136.13333333333333
EK202310194062,132.16666666666666
EK202310137570,160.46666666666667
EK202310105406,158.16666666666666
EK202310211726,139.93333333333334
EK202310140163,150.2
EK202310151370,138.4
EK202310183307,146.33333333333334
EK202310209242,138.63333333333333
EK202310201596,142.26666666666668
EK202310148319,155.2
EK202310212091,134.2
EK202310231030,145.53333333333333
EK202310111993,149.83333333333334
EK202310156211,157.66666666666666
EK202310104592,142.76666666666668
EK202310133538,144.16666666666666
EK202310143489,125.23333333333333
EK202310108608,147.6
EK202310209410,144.86666666666667
EK202310196298,177.53333333333333
EK202310200348,140.63333333333333
EK202310130825,134.0
EK202310211388,150.1
EK202310151265,132.6
EK202310161779,155.3
EK202310117949,153.86666666666667
EK202310204507,171.2
EK202310104001,136.06666666666666
EK202310217266,142.43333333333334
EK202310210738,139.4
EK202310179516,130.8
EK202310185260,150.26666666666668
EK202310117134,130.9
EK202310218620,134.83333333333334
EK202310118920,133.83333333333334
EK202310174953,165.36666666666667
EK202310235880,169.53333333333333
EK202310246765,143.86666666666667
EK202310151192,134.13333333333333
EK202310218327,136.46666666666667
EK202310184977,148.53333333333333
EK202310106156,130.8
EK202310174601,139.73333333333332
EK202310242933,141.7
EK202320006248,151.4
EK202310155266,143.13333333333333
EK202310118205,152.66666666666666
EK202320007868,141.26666666666668
EK202310122476,136.03333333333333
EK202310246704,136.7
EK202310154390,144.23333333333332
EK202310208154,143.86666666666667
EK202310130903,142.73333333333332
EK202310244992,137.83333333333334
EK202310141315,136.2
EK202310119220,136.93333333333334
EK202310245411,147.63333333333333
EK202310122328,138.1
EK202310145979,134.53333333333333
EK202310137109,138.06666666666666
EK202310107808,146.16666666666666
EK202310237598,139.8
EK202310150637,145.6
EK202310115093,136.2
EK202310121973,139.33333333333334
EK202310201313,131.16666666666666
EK202310171481,156.86666666666667
EK202310151406,170.03333333333333
EK202310201141,145.93333333333334
EK202310179223,137.7
EK202310195934,168.03333333333333
EK202310142396,138.96666666666667
EK202310161167,148.63333333333333
EK202310166581,144.43333333333334
EK202310247520,158.5
EK202310113867,133.76666666666668
EK202310124498,141.73333333333332
EK202310156133,141.0
EK202310199597,151.66666666666666
EK202310161135,164.56666666666666
EK202310215679,143.7
EK202310238774,129.3
EK202310196868,140.03333333333333
EK202310112295,156.63333333333333
EK202310235239,151.16666666666666
EK202310127731,144.66666666666666
EK202310230868,145.46666666666667
EK202310217903,151.2
EK202310172613,142.06666666666666
EK202310129229,160.46666666666667
EK202310190368,154.23333333333332
EK202310162297,122.9
EK202310222739,129.3
EK202310161749,129.86666666666667
EK202310155297,140.76666666666668
EK202310108502,151.86666666666667
EK202310130801,154.2
EK202310231593,127.66666666666667
EK202310125919,147.4
EK202310209411,142.6
EK202310179339,133.63333333333333
EK202310187200,171.6
EK202310146890,141.43333333333334
EK202310166979,149.2
EK202310237165,146.06666666666666
EK202310152579,143.5
EK202310003917,153.63333333333333
EK202310235269,172.73333333333332
EK202310108468,147.73333333333332
EK202310143968,150.86666666666667
EK202310160042,136.1
EK202310203662,150.0
EK202310151437,152.76666666666668
EK202310144465,149.8
EK202310190402,147.9
EK202310134264,131.43333333333334
EK202310234082,141.66666666666666
EK202310210958,137.6
EK202310139701,132.6
EK202310143670,171.1
EK202310144634,135.23333333333332
EK202310141663,149.46666666666667
EK202310137665,142.9
EK202310205722,134.96666666666667
EK202310151909,150.1
EK202310221195,136.43333333333334
EK202310137582,144.9
EK202310194278,122.3
EK202310128272,142.33333333333334
EK202310106468,147.7
EK202310144004,139.63333333333333
EK202310128173,152.76666666666668
EK202310111420,135.0
EK202310120296,135.1
EK202310200950,149.26666666666668
EK202310175501,146.9
EK202310120331,138.16666666666666
EK202310228878,168.96666666666667
EK202310182513,164.8
EK202310146179,131.5
EK202310122722,139.0
EK202310105824,144.9
EK202310153125,167.9
EK202310245447,154.23333333333332
EK202310119032,141.23333333333332
EK202310121833,134.7
EK202310241687,145.43333333333334
EK202310239324,127.93333333333334
EK202310164441,128.73333333333332
EK202310140020,154.26666666666668
EK202310130010,144.23333333333332
EK202310121272,144.03333333333333
EK202310155947,151.63333333333333
EK202310235396,137.8
EK202310142223,164.33333333333334
EK202310112225,146.03333333333333
EK202310169440,143.86666666666667
EK202310136706,150.53333333333333
EK202310216973,131.83333333333334
EK202310226784,148.13333333333333
EK202310221041,131.23333333333332
EK202310231770,147.93333333333334
EK202310145329,151.4
EK202310134603,140.03333333333333
EK202310186803,146.46666666666667
EK202310004747,132.76666666666668
EK202310140470,131.06666666666666
EK202310195581,131.86666666666667
EK202310150690,148.3
EK202310107903,136.56666666666666
EK202310192146,134.13333333333333
EK202310148551,176.43333333333334
EK202310106261,130.4
EK202310146170,135.63333333333333
EK202310136162,144.46666666666667
EK202310113122,134.33333333333334
EK202310163718,133.1
EK202310183205,156.53333333333333
EK202310200858,157.86666666666667
EK202310196929,177.53333333333333
EK202310171438,169.56666666666666
EK202310174765,152.63333333333333
EK202310124046,147.6
EK202310152264,152.3
EK202310213792,163.76666666666668
EK202310165171,164.0
EK202310162758,146.6
EK202310143468,139.16666666666666
EK202310180043,131.33333333333334
EK202310147871,153.13333333333333
EK202310164549,144.06666666666666
EK202310201642,144.73333333333332
EK202310109113,138.83333333333334
EK202310174688,138.6
EK202310248259,147.7
EK202310185782,135.46666666666667
EK202310110936,135.23333333333332
EK202310117421,148.3
EK202310142478,122.06666666666666
EK202310141930,143.03333333333333
EK202310243981,133.43333333333334
EK202310172266,135.56666666666666
EK202310228140,140.3
EK202310176614,143.46666666666667
EK202310233607,176.5
EK202310106233,128.86666666666667
EK202310162621,175.93333333333334
EK202310190940,149.13333333333333
EK202310219344,160.96666666666667
EK202310154188,163.23333333333332
EK202310219915,137.86666666666667
EK202310166730,147.63333333333333
EK202310117725,127.1
EK202310166726,142.53333333333333
EK202310163657,162.73333333333332
EK202310228898,141.7
EK202310184184,131.13333333333333
EK202310125372,135.76666666666668
EK202310119495,141.93333333333334
EK202310117082,133.6
EK202310146291,140.1
EK202310241466,144.03333333333333
EK202310150849,145.43333333333334
EK202310202757,149.46666666666667
EK202310182560,139.63333333333333
EK202310112973,136.1
EK202310213514,132.1
EK202310221393,150.53333333333333
EK202310158310,156.53333333333333
EK202310140347,139.73333333333332
EK202310175551,143.63333333333333
EK202310180868,145.66666666666666
EK202320006868,178.46666666666667
EK202310248257,142.43333333333334
EK202310180309,151.36666666666667
EK202310229558,137.1
EK202310115971,142.2
EK202310160935,133.56666666666666
EK202310157633,139.0
EK202310146143,137.2
EK202310186183,158.33333333333334
EK202310211422,146.96666666666667
EK202310161977,168.16666666666666
EK202320006500,177.8
EK202310150314,141.3
EK202310110846,157.53333333333333
EK202310203222,141.63333333333333
EK202310129532,131.5
EK202310129904,141.23333333333332
EK202310186467,154.0
EK202310147117,152.0
EK202310116424,151.26666666666668
EK202310149442,136.2
EK202310104505,151.43333333333334
EK202310121773,153.43333333333334
EK202310127109,155.23333333333332
EK202310201894,157.5
EK202310188361,162.13333333333333
EK202310193295,163.0
EK202310177870,142.1
EK202310113628,131.26666666666668
EK202310139300,150.2
EK202310142961,159.63333333333333
EK202310105639,138.13333333333333
EK202310200187,140.4
EK202310235386,145.8
EK202310201587,165.9
EK202310139029,140.76666666666668
EK202310170332,152.4
EK202310104539,145.76666666666668
EK202310221009,152.53333333333333
EK202310111917,143.06666666666666
EK202310155020,150.5
EK202310209995,147.63333333333333
EK202310201277,137.13333333333333
EK202310142737,153.1
EK202310226601,139.6
EK202310248195,148.3
EK202310181017,152.13333333333333
EK202310141427,146.56666666666666
EK202310231407,138.6
EK202310137086,144.0
EK202310125507,141.53333333333333
EK202310122987,128.36666666666667
EK202310200912,150.06666666666666
EK202310104251,139.5
EK202310195674,157.93333333333334
EK202310223438,140.4
EK202310153194,172.16666666666666
EK202310213990,152.46666666666667
EK202310162781,134.16666666666666
EK202310187211,153.7
EK202310176227,140.63333333333333
EK202310234676,145.86666666666667
EK202310125148,140.33333333333334
EK202310177679,139.73333333333332
EK202310120787,135.6
EK202310145311,140.3
EK202310122627,148.36666666666667
EK202310201377,151.66666666666666
EK202310212640,146.83333333333334
EK202310123690,123.53333333333333
EK202310111428,152.16666666666666
EK202310231233,141.7
EK202310205587,136.9
EK202310126571,148.36666666666667
EK202310145090,150.06666666666666
EK202320006877,151.23333333333332
EK202310172065,137.73333333333332
EK202310198983,136.73333333333332
EK202310169546,129.96666666666667
EK202310111317,133.3
EK202310119424,131.03333333333333
EK202310135345,152.8
EK202310118372,137.33333333333334
EK202310170295,145.4
EK202310190557,148.0
EK202310200195,139.56666666666666
EK202310131868,172.8
EK202310158562,146.03333333333333
EK202310150891,134.86666666666667
EK202310151386,175.63333333333333
EK202310243101,125.9
EK202310146970,132.83333333333334
EK202310194638,156.73333333333332
EK202310142085,127.43333333333334
EK202310155341,147.43333333333334
EK202310226663,143.16666666666666
EK202310183726,168.26666666666668
EK202310189308,174.0
EK202310198713,177.76666666666668
EK202310202117,164.2
EK202310163684,132.63333333333333
EK202310111102,140.66666666666666
EK202310127044,131.86666666666667
EK202310118453,140.93333333333334
EK202310128214,139.6
EK202310135042,175.96666666666667
EK202310126915,139.66666666666666
EK202310147166,165.76666666666668
EK202310233052,135.56666666666666
EK202310141703,129.9
EK202310164168,149.63333333333333
EK202310156751,152.76666666666668
EK202310146541,134.56666666666666
EK202310184817,175.0
EK202310195187,151.5
EK202310168677,149.46666666666667
EK202310188486,145.13333333333333
EK202310224018,161.5
EK202310172986,140.83333333333334
EK202310161060,171.03333333333333
EK202310178666,137.4
EK202310166665,127.3
EK202310141091,155.53333333333333
EK202310191127,145.26666666666668
EK202310189382,146.76666666666668
EK202310172890,146.26666666666668
EK202310171361,140.5
EK202310186346,144.03333333333333
EK202310189932,135.23333333333332
EK202310189293,185.13333333333333
EK202310171610,154.43333333333334
EK202310239231,138.5
EK202310201004,133.7
EK202310178301,164.56666666666666
EK202310246066,141.7
EK202310243993,144.06666666666666
EK202310240850,148.76666666666668
EK202310115127,146.3
EK202310232199,127.3
EK202310217063,132.16666666666666
EK202310115674,137.5
EK202310110226,131.7
EK202310181037,175.8
EK202310004136,151.0
EK202310159843,146.9
EK202310126952,130.6
EK202310230766,139.3
EK202310110797,140.36666666666667
EK202310231475,127.2
EK202310135719,152.53333333333333
EK202310145051,134.6
EK202310113543,144.9
EK202310159237,136.06666666666666
EK202310238856,131.13333333333333
EK202310121123,132.36666666666667
EK202310192625,150.7
EK202310170391,144.26666666666668
EK202310141783,144.4
EK202310117317,133.33333333333334
EK202310159443,131.93333333333334
EK202310224692,153.0
EK202310129133,149.1
EK202310118922,149.76666666666668
EK202310187333,139.73333333333332
EK202310149791,150.86666666666667
EK202310231752,135.63333333333333
EK202310130461,143.0
EK202310151790,140.2
EK202310156693,138.16666666666666
EK202310138274,165.2
EK202310217407,137.76666666666668
EK202310115388,136.6
EK202310145689,149.36666666666667
EK202310104824,140.06666666666666
EK202310247570,158.73333333333332
EK202310197035,136.46666666666667
EK202310230114,142.13333333333333
EK202310105854,149.3
EK202310187457,142.2
EK202310192506,139.5
EK202310140455,137.73333333333332
EK202310226538,130.63333333333333
EK202310175408,141.9
EK202310132765,134.0
EK202310193721,156.8
EK202310151285,166.6
EK202310178760,165.8
EK202310149663,152.0
EK202310219711,122.93333333333334
EK202310217272,156.53333333333333
EK202310238355,138.76666666666668
EK202310188659,140.36666666666667
EK202310205449,129.63333333333333
EK202310233265,155.16666666666666
EK202310109651,132.7
EK202310226933,131.03333333333333
EK202310159603,129.06666666666666
EK202310105868,144.46666666666667
EK202310171812,141.5
EK202310176259,151.23333333333332
EK202310122912,172.76666666666668
EK202310184013,180.83333333333334
EK202310179868,136.2
EK202310176252,156.0
EK202310239466,143.6
EK202310228949,135.2
EK202310169903,148.03333333333333
EK202310209528,143.66666666666666
EK202310213123,147.16666666666666
EK202310173452,117.6
EK202310230252,145.96666666666667
EK202310106835,132.2
EK202320007700,169.26666666666668
EK202310198359,131.6
EK202310180758,143.0
EK202310227440,130.96666666666667
EK202310239839,154.2
EK202310145401,136.5
EK202310131446,137.93333333333334
EK202310121079,134.36666666666667
EK202310159312,171.16666666666666
EK202310167080,149.4
EK202310110131,134.93333333333334
EK202310173862,140.86666666666667
EK202310184021,159.8
EK202310223793,146.16666666666666
EK202310190740,143.1
EK202310165164,147.66666666666666
EK202310136762,134.2
EK202310187434,135.13333333333333
EK202310212919,145.2
EK202310147933,151.03333333333333
EK202310217428,140.5
EK202310163195,130.5
EK202310144020,132.2
EK202310226546,135.93333333333334
EK202310172034,138.73333333333332
EK202310113666,143.06666666666666
EK202310189588,130.73333333333332
EK202310107725,141.0
EK202310195274,137.13333333333333
EK202310180008,135.7
EK202310164031,133.0
EK202310229645,141.9
EK202310125934,139.56666666666666
EK202310218196,133.43333333333334
EK202310119725,147.8
EK202310133573,137.93333333333334
EK202310219254,169.46666666666667
EK202310105775,150.66666666666666
EK202310163730,136.56666666666666
EK202310119408,158.86666666666667
EK202310134331,150.8
EK202310138761,157.7
EK202310126020,131.86666666666667
EK202310128964,146.0
EK202310225868,147.53333333333333
EK202310217967,131.26666666666668
EK202310222323,152.6
EK202310206855,139.2
EK202310152085,160.6
EK202310004023,158.63333333333333
EK202310211193,158.9
EK202310189925,146.8
EK202310152235,143.0
EK202310189056,159.53333333333333
EK202310242595,125.63333333333334
EK202310140195,134.26666666666668
EK202310181500,138.53333333333333
EK202310171216,140.36666666666667
EK202310209110,138.16666666666666
EK202310246479,135.56666666666666
EK202310194938,149.83333333333334
EK202310224895,137.93333333333334
EK202310195509,152.4
EK202310173849,129.3
EK202310116837,138.1
EK202310105574,131.66666666666666
EK202310196041,170.96666666666667
EK202310122385,161.66666666666666
EK202310193454,151.03333333333333
EK202310124125,149.63333333333333
EK202310180862,129.56666666666666
EK202310234723,143.33333333333334
EK202310126036,137.16666666666666
EK202310171137,161.33333333333334
EK202310233393,132.1
EK202310132926,138.26666666666668
EK202310160365,139.2
EK202310211274,141.53333333333333
EK202310225058,169.93333333333334
EK202310194840,141.13333333333333
EK202310216072,137.46666666666667
EK202310224888,156.63333333333333
EK202310003930,139.93333333333334
EK202310187789,171.86666666666667
EK202310237317,127.9
EK202310188643,148.06666666666666
EK202310163618,178.2
EK202310216984,160.8
EK202310243216,139.8
EK202310111010,135.13333333333333
EK202310140852,136.86666666666667
EK202310114085,143.7
EK202310123385,141.56666666666666
EK202310222159,128.26666666666668
EK202310203038,143.7
EK202320005703,179.96666666666667
EK202320006527,148.4
EK202310234277,132.0
EK202310135781,148.2
EK202310157465,151.96666666666667
EK202310178744,158.2
EK202310238253,154.76666666666668
EK202310122583,130.03333333333333
EK202310214372,146.63333333333333
EK202310174457,141.93333333333334
EK202310167149,142.96666666666667
EK202310228958,141.5
EK202310157246,153.73333333333332
EK202310148323,143.3
EK202310174823,165.46666666666667
EK202310165142,139.23333333333332
EK202310207746,142.83333333333334
EK202310245090,133.0
EK202310181612,147.93333333333334
EK202310217652,125.96666666666667
EK202310161957,139.36666666666667
EK202310116818,132.36666666666667
EK202310180631,138.13333333333333
EK202310158422,154.66666666666666
EK202310195969,165.7
EK202310226142,133.6
EK202310199652,175.43333333333334
EK202310150930,155.2
EK202310148331,150.5
EK202310189171,136.36666666666667
EK202310194950,151.8
EK202310242729,148.9
EK202310221050,132.4
EK202310105169,150.5
EK202310231810,134.76666666666668
EK202310201600,169.83333333333334
EK202310173892,138.76666666666668
EK202310103909,170.03333333333333
EK202310207543,140.86666666666667
EK202310217532,134.5
EK202310131408,127.46666666666667
EK202310216303,149.86666666666667
EK202310207214,150.33333333333334
EK202310237069,141.9
EK202310130210,150.33333333333334
EK202310148179,160.73333333333332
EK202310230098,138.56666666666666
EK202310106540,135.5
EK202310247875,134.8
EK202310131197,162.26666666666668
EK202310213017,152.66666666666666
EK202310226797,138.9
EK202310124853,129.9
EK202310219648,137.56666666666666
EK202310242013,153.13333333333333
EK202310190443,134.1
EK202310142718,132.73333333333332
EK202310173178,140.43333333333334
EK202310125534,136.4
EK202310122118,134.63333333333333
EK202310151782,154.06666666666666
EK202310142165,135.86666666666667
EK202310120956,135.16666666666666
EK202310158163,146.66666666666666
EK202310110021,130.83333333333334
EK202310196057,167.66666666666666
EK202310199008,143.4
EK202310003987,136.26666666666668
EK202310240352,162.33333333333334
EK202310165694,138.96666666666667
EK202310232204,141.96666666666667
EK202310125243,145.26666666666668
EK202310171212,144.33333333333334
EK202310165904,136.3
EK202310156703,140.13333333333333
EK202310161254,135.8
EK202310141589,138.96666666666667
EK202310139870,160.3
EK202310003550,156.73333333333332
EK202310004721,139.56666666666666
EK202310237716,138.36666666666667
EK202310162213,145.16666666666666
EK202310231470,134.26666666666668
EK202310165710,159.23333333333332
EK202310219597,129.86666666666667
EK202310177018,164.2
EK202310113173,137.83333333333334
EK202310161177,136.4
EK202310105482,133.73333333333332
EK202310178942,151.7
EK202310105694,138.96666666666667
EK202310120998,149.96666666666667
EK202310216864,166.56666666666666
EK202310198211,138.4
EK202310118620,157.93333333333334
EK202310221238,136.4
EK202310161217,162.83333333333334
EK202310218766,136.76666666666668
EK202310128213,139.7
EK202310137523,168.33333333333334
EK202310210262,140.43333333333334
EK202310155407,135.93333333333334
EK202310156355,156.6
EK202310171504,148.9
EK202310205541,136.53333333333333
EK202310165351,139.83333333333334
EK202310247442,145.13333333333333
EK202310131239,136.13333333333333
EK202310169672,141.53333333333333
EK202310118977,138.53333333333333
EK202310235793,154.3
EK202310200392,152.23333333333332
EK202310164965,135.46666666666667
EK202310171249,156.86666666666667
EK202310106318,134.83333333333334
EK202310237266,139.93333333333334
EK202310147471,139.66666666666666
EK202310194031,123.4
EK202310192307,149.43333333333334
EK202310181117,132.16666666666666
EK202310116526,150.66666666666666
EK202310194824,142.8
EK202310162842,145.56666666666666
EK202310181349,128.06666666666666
EK202310164261,150.36666666666667
EK202310131101,147.0
EK202310151625,139.7
EK202310141286,149.46666666666667
EK202310241249,141.1
EK202310212872,125.43333333333334
EK202310226815,135.16666666666666
EK202310141152,144.63333333333333
EK202310235794,148.0
EK202310229993,143.23333333333332
EK202310147668,157.73333333333332
EK202310164475,161.5
EK202310110039,143.23333333333332
EK202310187421,132.26666666666668
EK202310215044,153.1
EK202310105965,151.83333333333334
EK202310120150,140.06666666666666
EK202310201212,154.0
EK202310127536,139.26666666666668
EK202310165403,132.16666666666666
EK202310135385,155.93333333333334
EK202310159428,149.63333333333333
EK202310214834,139.73333333333332
EK202310130931,149.93333333333334
EK202310206054,155.56666666666666
EK202310112744,130.33333333333334
EK202310242341,149.76666666666668
EK202310159100,141.0
EK202310186817,124.63333333333334
EK202310187749,142.86666666666667
EK202310246213,149.06666666666666
EK202310202813,144.33333333333334
EK202310119983,129.23333333333332
EK202310241219,143.63333333333333
EK202310195435,170.1
EK202310199454,149.83333333333334
EK202310194920,141.9
EK202310151167,130.7
EK202310204930,145.93333333333334
EK202310210621,137.9
EK202310234981,144.56666666666666
EK202310218747,157.4
EK202310125674,142.66666666666666
EK202310004025,165.4
EK202310131481,141.4
EK202310162994,145.0
EK202310232677,132.23333333333332
EK202310004278,141.03333333333333
EK202310108810,146.3
EK202310225683,133.6
EK202310115846,144.93333333333334
EK202310003668,163.6
EK202310153044,151.56666666666666
EK202310206782,166.33333333333334
EK202310198360,154.93333333333334
EK202310103708,144.16666666666666
EK202310138116,136.3
EK202310160576,136.9
EK202310183081,142.1
EK202310105137,138.73333333333332
EK202310170115,148.9
EK202310116604,151.63333333333333
EK202310236944,134.23333333333332
EK202310175444,169.86666666666667
EK202310150908,149.13333333333333
EK202310204946,140.16666666666666
EK202310139272,136.36666666666667
EK202310173841,155.4
EK202310241566,136.56666666666666
EK202310140944,157.0
EK202310166702,134.3
EK202310172479,150.5
EK202310209418,138.73333333333332
EK202310165364,149.33333333333334
EK202310170685,146.06666666666666
EK202310137383,133.66666666666666
EK202310208374,139.9
EK202310124992,162.56666666666666
EK202310227242,153.43333333333334
EK202310200684,144.43333333333334
EK202310137981,125.4
EK202310183855,157.1
EK202310120432,149.6
EK202310128607,147.23333333333332
EK202310146775,142.1
EK202310175473,137.7
EK202310194578,159.56666666666666
EK202310199456,135.3
EK202310114576,140.23333333333332
EK202310232002,157.7
EK202310133113,153.13333333333333
EK202310177757,156.76666666666668
EK202310106035,136.2
EK202310161565,161.7
EK202310110506,146.6
EK202310206193,143.93333333333334
EK202310134593,171.73333333333332
EK202310157521,134.33333333333334
EK202310142924,151.33333333333334
EK202310237263,150.76666666666668
EK202310170297,164.83333333333334
EK202310106326,141.6
EK202310128380,133.76666666666668
EK202310222238,135.26666666666668
EK202310194876,140.83333333333334
EK202310228783,156.16666666666666
EK202310186905,164.0
EK202310116223,142.26666666666668
EK202310124674,140.63333333333333
EK202310164997,141.9
EK202310164834,136.86666666666667
EK202310207829,132.2
EK202310156532,179.23333333333332
EK202310129196,135.73333333333332
EK202310119383,165.76666666666668
EK202310246942,144.8
EK202310108008,137.6
EK202310209225,147.13333333333333
EK202310191622,157.73333333333332
EK202310207087,154.1
EK202310152145,152.66666666666666
EK202310130483,142.56666666666666
EK202310218772,135.06666666666666
EK202310202740,152.86666666666667
EK202310189738,140.56666666666666
EK202310150713,155.6
EK202310235780,133.56666666666666
EK202310245036,141.33333333333334
EK202310003439,124.3
EK202310231070,131.06666666666666
EK202320006731,156.63333333333333
EK202310244442,157.6
EK202310132886,142.26666666666668
EK202310147295,174.83333333333334
EK202310133587,175.03333333333333
EK202310186397,148.46666666666667
EK202310123728,147.9
EK202310232420,138.86666666666667
EK202310233200,148.56666666666666
EK202310187145,145.8
EK202310238519,130.13333333333333
EK202310122640,159.5
EK202310114892,152.53333333333333
EK202310172340,143.6
EK202310109402,150.0
EK202310229865,136.8
EK202310202666,150.66666666666666
EK202310106916,139.26666666666668
EK202320005781,181.9
EK202310127666,142.33333333333334
EK202310224319,136.53333333333333
EK202310164602,162.36666666666667
EK202310118941,146.86666666666667
EK202310234012,140.96666666666667
EK202310199233,132.76666666666668
EK202310214877,142.6
EK202310179245,139.5
EK202310160250,148.9
EK202310219316,143.13333333333333
EK202310175330,137.9
EK202310156975,154.2
EK202310115055,145.63333333333333
EK202310112754,143.73333333333332
EK202310175770,151.46666666666667
EK202310218114,139.66666666666666
EK202310135889,132.8
EK202310245028,156.96666666666667
EK202310104852,158.16666666666666
EK202310216044,137.16666666666666
EK202310230940,133.1
EK202310198398,156.1
EK202310152619,168.13333333333333
EK202310168477,135.06666666666666
EK202310236502,126.26666666666667
EK202310112037,142.4
EK202310159871,141.93333333333334
EK202310213645,139.4
EK202310120040,131.6
EK202310183203,150.1
EK202310109200,145.3
EK202310132933,140.76666666666668
EK202310137560,134.5
EK202310177041,141.43333333333334
EK202310137910,135.96666666666667
EK202310104847,128.33333333333334
EK202310200423,145.7
EK202310187271,136.83333333333334
EK202310213803,144.6
EK202310246954,144.4
EK202310118188,145.26666666666668
EK202310134413,158.16666666666666
EK202310232546,137.1
EK202310158497,169.36666666666667
EK202320007533,154.46666666666667
EK202310174045,165.76666666666668
EK202310232493,147.7
EK202310121025,142.1
EK202310203256,159.26666666666668
EK202310142445,171.06666666666666
EK202310184247,162.16666666666666
EK202310192611,133.4
EK202310119937,156.46666666666667
EK202310231831,147.66666666666666
EK202310208214,150.16666666666666
EK202310237790,146.36666666666667
EK202310187705,135.26666666666668
EK202310209139,144.46666666666667
EK202310170634,136.33333333333334
EK202310146481,141.46666666666667
EK202310198380,143.13333333333333
EK202310226702,137.26666666666668
EK202310222936,138.93333333333334
EK202310197081,135.9
EK202310116985,145.1
EK202310223669,133.3
EK202310204735,147.06666666666666
EK202310184616,137.83333333333334
EK202310148138,150.36666666666667
EK202310134199,154.96666666666667
EK202310149246,149.2
EK202310237457,147.0
EK202310160240,164.46666666666667
EK202310177402,157.13333333333333
EK202310231985,143.83333333333334
EK202310171409,132.36666666666667
EK202310176316,139.9
EK202310164869,138.43333333333334
EK202310134160,127.73333333333333
EK202310213361,144.16666666666666
EK202310204421,139.43333333333334
EK202310209884,137.96666666666667
EK202310136308,143.33333333333334
EK202310242777,148.4
EK202310193657,147.2
EK202310188052,155.7
EK202310147057,129.3
EK202310153768,136.53333333333333
EK202310144579,137.6
EK202310198362,140.86666666666667
EK202310105880,181.73333333333332
EK202310171799,148.06666666666666
EK202310120109,138.7
EK202310216065,133.83333333333334
EK202310170495,162.93333333333334
EK202310125667,180.9
EK202310105906,137.2
EK202310003424,148.4
EK202310195264,132.3
EK202310130646,122.16666666666667
EK202310115346,157.96666666666667
EK202310106003,135.16666666666666
EK202310193189,165.56666666666666
EK202310120005,129.0
EK202310225659,156.1
EK202310187329,174.26666666666668
EK202310234854,149.2
EK202310245195,144.93333333333334
EK202310245177,140.63333333333333
EK202310229481,143.53333333333333
EK202310218683,153.06666666666666
EK202310232957,149.6
EK202310244525,133.8
EK202310238364,130.7
EK202310233731,137.93333333333334
EK202310114718,151.43333333333334
EK202310152186,180.46666666666667
EK202310217521,125.73333333333333
EK202310183796,152.63333333333333
EK202310218461,135.23333333333332
EK202310113523,139.5
EK202310149413,172.16666666666666
EK202310115324,144.9
EK202310104367,150.2
EK202310124772,122.53333333333333
EK202310195448,150.1
EK202310211731,122.36666666666666
EK202310162193,133.3
EK202310187308,144.6
EK202310129859,134.76666666666668
EK202310170962,166.9
EK202310235749,134.63333333333333
EK202320007870,182.36666666666667
EK202310154838,168.0
EK202310206242,147.3
EK202310209717,140.8
EK202310247573,141.66666666666666
EK202310113989,135.1
EK202310152196,142.03333333333333
EK202310183083,136.8
EK202310234475,136.26666666666668
EK202310234459,139.3
EK202310106650,164.86666666666667
EK202310117634,133.7
EK202310128279,140.9
EK202310158721,141.43333333333334
EK202310234607,145.13333333333333
EK202310149804,134.5
EK202310242352,139.3
EK202310126148,157.3
EK202310165882,130.0
EK202310137378,156.46666666666667
EK202310112801,130.3
EK202310119995,132.83333333333334
EK202310123123,144.33333333333334
EK202310190387,160.36666666666667
EK202310226519,131.43333333333334
EK202310129375,132.93333333333334
EK202310245192,146.33333333333334
EK202310215168,135.66666666666666
EK202310137434,136.43333333333334
EK202310194720,135.7
EK202310201666,163.03333333333333
EK202310193830,145.16666666666666
EK202310178910,144.23333333333332
EK202310110446,144.63333333333333
EK202310166237,129.06666666666666
EK202310180109,144.83333333333334
EK202310146375,158.2
EK202310227332,136.53333333333333
EK202310241765,157.26666666666668
EK202310229368,124.73333333333333
EK202310135373,133.73333333333332
EK202310169663,162.73333333333332
EK202310236365,125.8
EK202310182601,137.86666666666667
EK202310144591,132.4
EK202310203065,140.23333333333332
EK202310185758,153.96666666666667
EK202310105204,139.3
EK202310150175,136.53333333333333
EK202310172599,133.46666666666667
EK202310145266,150.0
EK202310004647,149.6
EK202310242466,150.33333333333334
EK202310167834,143.36666666666667
EK202310225932,132.23333333333332
EK202310132329,127.86666666666666
EK202310123888,164.8
EK202310208707,156.1
EK202310201294,141.66666666666666
EK202310233641,139.5
EK202310140113,139.56666666666666
EK202310218544,154.63333333333333
EK202310219472,137.16666666666666
EK202310143848,150.33333333333334
EK202310134434,139.33333333333334
EK202310236630,135.13333333333333
EK202310198379,137.93333333333334
EK202310222797,130.2
EK202310248842,135.13333333333333
EK202310132974,132.7
EK202310235130,140.86666666666667
EK202310238228,133.66666666666666
EK202310226782,150.6
EK202310210339,131.43333333333334
EK202310189790,146.03333333333333
EK202310187315,157.0
EK202310171801,132.93333333333334
EK202310123573,130.46666666666667
EK202310172773,140.0
EK202310139716,150.3
EK202310110431,136.96666666666667
EK202310189055,146.63333333333333
EK202310124983,144.33333333333334
EK202310190155,142.6
EK202310238929,167.6
EK202310180436,144.76666666666668
EK202310230021,153.23333333333332
EK202310181912,141.93333333333334
EK202310178377,143.63333333333333
EK202310145374,132.0
EK202310126596,138.43333333333334
EK202310225731,142.7
EK202310138678,158.73333333333332
EK202310172372,137.36666666666667
EK202310116119,133.16666666666666
EK202310167609,149.16666666666666
EK202310244078,151.76666666666668
EK202310217427,134.06666666666666
EK202310182904,136.6
EK202310208329,160.66666666666666
EK202310189009,144.43333333333334
EK202310114945,134.63333333333333
EK202310139882,125.83333333333333
EK202310206869,145.0
EK202310192874,147.73333333333332
EK202310216134,143.2
EK202310203212,139.0
EK202310156888,153.16666666666666
EK202310182240,141.43333333333334
EK202310141092,171.06666666666666
EK202310124359,133.6
EK202310152947,140.86666666666667
EK202310114595,141.1
EK202310146656,133.76666666666668
EK202310223051,136.2
EK202310134381,127.96666666666667
EK202310208234,138.03333333333333
EK202310169332,163.86666666666667
EK202310103907,147.76666666666668
EK202310143678,153.86666666666667
EK202310114762,131.16666666666666
EK202310120679,146.86666666666667
EK202310153376,149.76666666666668
EK202310207113,145.73333333333332
EK202310229661,133.23333333333332
EK202310219333,168.4
EK202310131040,132.53333333333333
EK202310120192,129.96666666666667
EK202310114032,138.23333333333332
EK202310178367,152.9
EK202310195835,145.73333333333332
EK202310154385,132.83333333333334
EK202310215393,177.56666666666666
EK202310107773,134.53333333333333
EK202310164250,152.26666666666668
EK202310158284,148.43333333333334
EK202310181120,151.16666666666666
EK202320007585,139.13333333333333
EK202310182248,158.76666666666668
EK202310178445,157.3
EK202310151607,151.73333333333332
EK202310114270,131.33333333333334
EK202310237697,136.83333333333334
EK202310141166,135.23333333333332
EK202310153773,137.6
EK202310129425,142.13333333333333
EK202310114483,150.63333333333333
EK202310235872,131.6
EK202310140448,134.73333333333332
EK202310140940,163.63333333333333
EK202310173832,140.03333333333333
EK202310131844,143.13333333333333
EK202310236956,132.3
EK202310166354,154.53333333333333
EK202310122182,144.7
EK202310212213,142.96666666666667
EK202310165400,161.56666666666666
EK202310148714,141.63333333333333
EK202310126880,137.2
EK202310191702,138.33333333333334
EK202310161903,142.5
EK202310223034,136.66666666666666
EK202310188051,172.06666666666666
EK202310205595,143.16666666666666
EK202310171306,151.5
EK202310246135,139.63333333333333
EK202310210097,149.26666666666668
EK202310191192,147.56666666666666
EK202310216619,148.83333333333334
EK202310153794,157.83333333333334
EK202310122914,174.33333333333334
EK202310122058,139.9
EK202310138004,127.06666666666666
EK202310221367,171.56666666666666
EK202310158770,137.73333333333332
EK202310145695,163.23333333333332
EK202310125582,129.03333333333333
EK202310136243,127.33333333333333
EK202310194117,130.43333333333334
EK202310107078,143.93333333333334
EK202310190139,139.5
EK202310156770,150.63333333333333
EK202310178929,146.36666666666667
EK202310164953,152.53333333333333
EK202310118034,143.83333333333334
EK202310227978,130.5
EK202310144597,135.96666666666667
EK202310176112,171.13333333333333
EK202310162357,132.76666666666668
EK202310176897,159.7
EK202310134145,137.96666666666667
EK202310129907,136.23333333333332
EK202310229306,135.1
EK202310198497,132.13333333333333
EK202310163561,131.36666666666667
EK202310221369,150.03333333333333
EK202310176645,143.33333333333334
EK202310157146,171.66666666666666
EK202310120273,158.8
EK202310192592,139.5
EK202310169221,174.8
EK202310191453,139.93333333333334
EK202310131848,139.46666666666667
EK202310127626,144.06666666666666
EK202310213244,149.36666666666667
EK202310137030,141.53333333333333
EK202310146412,139.16666666666666
EK202310173918,167.83333333333334
EK202310161898,170.83333333333334
EK202310106892,145.5
EK202310110349,132.36666666666667
EK202310209540,139.1
EK202310191336,137.2
EK202310114498,134.63333333333333
EK202310181006,175.33333333333334
EK202310212668,134.13333333333333
EK202310158230,157.96666666666667
EK202310004318,134.36666666666667
EK202310247144,143.16666666666666
EK202310107710,143.86666666666667
EK202310228147,142.2
EK202310143106,165.3
EK202310167345,134.76666666666668
EK202310208077,133.06666666666666
EK202320006983,172.23333333333332
EK202310243790,136.23333333333332
EK202310126443,129.03333333333333
EK202310245699,133.5
EK202310194114,140.63333333333333
EK202310195998,167.73333333333332
EK202310198935,139.03333333333333
EK202310164465,149.26666666666668
EK202310181559,138.26666666666668
EK202310194595,161.63333333333333
EK202310158381,136.83333333333334
EK202310155757,143.4
EK202310180220,173.26666666666668
EK202310179540,139.63333333333333
EK202310161312,152.96666666666667
EK202310185555,139.7
EK202310186696,134.53333333333333
EK202310161004,140.33333333333334
EK202310124318,129.46666666666667
EK202310162537,152.86666666666667
EK202310246753,139.73333333333332
EK202310225958,125.66666666666667
EK202310186853,146.33333333333334
EK202310171921,166.46666666666667
EK202310114970,133.76666666666668
EK202310215111,160.66666666666666
EK202310211062,148.86666666666667
EK202310189772,167.8
EK202310136766,145.93333333333334
EK202310126300,142.2
EK202310221810,143.36666666666667
EK202310204369,144.8
EK202310169470,156.66666666666666
EK202310189339,152.9
EK202310190063,142.03333333333333
EK202310220996,120.43333333333334
EK202310164885,137.56666666666666
EK202310191557,150.56666666666666
EK202310210576,136.83333333333334
EK202320006385,147.56666666666666
EK202310192386,134.2
EK202310129301,142.86666666666667
EK202310212266,134.43333333333334
EK202310248678,140.1
EK202310121007,147.93333333333334
EK202310158409,142.0
EK202310230262,149.16666666666666
EK202310105099,154.03333333333333
EK202310225197,134.83333333333334
EK202310141113,150.36666666666667
EK202310112350,137.76666666666668
EK202310220805,130.03333333333333
EK202310220038,135.93333333333334
EK202310153113,161.13333333333333
EK202320006647,180.46666666666667
EK202310145953,152.7
EK202310209351,140.5
EK202310202126,139.6
EK202310191102,139.36666666666667
EK202310127097,158.4
EK202310126540,132.76666666666668
EK202310202419,142.46666666666667
EK202310116857,131.93333333333334
EK202320006346,152.03333333333333
EK202310216539,146.53333333333333
EK202310224958,146.76666666666668
EK202310222877,164.73333333333332
EK202310104924,156.9
EK202310230930,140.6
EK202310176678,146.2
EK202310144934,142.96666666666667
EK202310148649,138.2
EK202310168500,167.46666666666667
EK202310150427,135.83333333333334
EK202310205648,143.86666666666667
EK202310159787,128.43333333333334
EK202310131529,141.8
EK202310173679,141.86666666666667
EK202310216340,137.26666666666668
EK202310113807,154.16666666666666
EK202310189797,140.43333333333334
EK202310172848,138.63333333333333
EK202320007206,147.06666666666666
EK202310183124,144.6
EK202310202871,138.33333333333334
EK202310195901,141.26666666666668
EK202310108242,135.03333333333333
EK202310209662,139.43333333333334
EK202310186506,142.86666666666667
EK202310241427,143.03333333333333
EK202310104646,153.73333333333332
EK202310110500,151.2
EK202310140229,125.66666666666667
EK202310197951,137.46666666666667
EK202310204251,131.06666666666666
EK202310218413,132.56666666666666
EK202310111117,145.5
EK202310153521,143.36666666666667
EK202310163012,157.4
EK202310238189,163.06666666666666
EK202310139597,141.03333333333333
EK202310239588,148.33333333333334
EK202310197135,150.23333333333332
EK202310105473,148.66666666666666
EK202310142438,157.33333333333334
EK202310238026,144.7
EK202310194838,149.1
EK202310218361,145.13333333333333
EK202310192741,148.46666666666667
EK202310193265,148.3
EK202310216986,135.2
EK202310230537,148.26666666666668
EK202310119794,150.0
EK202310170043,134.0
EK202310108833,133.1
EK202310161240,156.0
EK202310234010,138.0
EK202310109182,136.86666666666667
EK202310230972,133.13333333333333
EK202310149335,143.43333333333334
EK202310107970,151.26666666666668
EK202310149458,145.33333333333334
EK202310144815,127.83333333333333
EK202310155738,138.33333333333334
EK202310204043,146.2
EK202310150762,131.93333333333334
EK202310177738,136.5
EK202310156587,141.56666666666666
EK202310157016,155.3
EK202310206235,160.36666666666667
EK202310220646,131.0
EK202310173733,154.0
EK202310245161,155.86666666666667
EK202310246615,149.7
EK202310107283,158.6
EK202310172948,136.06666666666666
EK202310223104,131.16666666666666
EK202310137920,133.0
EK202310237485,134.93333333333334
EK202310185339,139.36666666666667
EK202310150373,133.7
EK202310181031,138.6
EK202310246036,137.0
EK202310211321,131.43333333333334
EK202310166021,154.06666666666666
EK202310104995,146.43333333333334
EK202310154804,142.66666666666666
EK202310207957,137.26666666666668
EK202310115976,145.06666666666666
EK202310146527,148.56666666666666
EK202310241764,150.9
EK202310242749,151.5
EK202310174079,146.36666666666667
EK202310246052,139.0
EK202310224322,137.0
EK202310136529,129.23333333333332
EK202320005962,167.53333333333333
EK202310220450,135.5
EK202310212212,143.26666666666668
EK202310153182,147.8
EK202310105480,129.73333333333332
EK202310125339,133.9
EK202310237988,152.86666666666667
EK202310159218,147.86666666666667
EK202310178861,150.96666666666667
EK202310146447,146.33333333333334
EK202310242533,135.76666666666668
EK202310239148,145.73333333333332
EK202310206069,143.03333333333333
EK202310209438,142.43333333333334
EK202310203458,136.76666666666668
EK202310139769,140.56666666666666
EK202310192295,158.4
EK202310213849,157.93333333333334
EK202310117386,132.36666666666667
EK202310148126,153.53333333333333
EK202310141622,138.93333333333334
EK202310203974,159.63333333333333
EK202310124862,140.7
EK202310238082,153.2
EK202310131352,131.33333333333334
EK202310123750,162.7
EK202310165127,130.56666666666666
EK202310166390,164.43333333333334
EK202310245131,146.33333333333334
EK202310191228,163.4
EK202310218338,125.86666666666666
EK202310229880,135.2
EK202310139618,154.83333333333334
EK202310166418,136.9
EK202310114847,144.8
EK202310129128,132.03333333333333
EK202310129085,135.93333333333334
EK202310208641,164.73333333333332
EK202310241385,155.86666666666667
EK202310231427,149.1
EK202310183819,131.83333333333334
EK202310103894,139.23333333333332
EK202310115562,146.73333333333332
EK202310153110,147.86666666666667
EK202310107637,134.23333333333332
EK202310003429,148.8
EK202310141699,143.63333333333333
EK202310200793,124.76666666666667
EK202310107984,161.33333333333334
EK202310113752,150.76666666666668
EK202310136157,132.76666666666668
EK202310207954,144.83333333333334
EK202310135579,141.3
EK202310166104,143.3
EK202310127366,163.56666666666666
EK202310121696,158.56666666666666
EK202310138993,144.93333333333334
EK202310207033,137.96666666666667
EK202310122660,139.83333333333334
EK202310132081,171.16666666666666
EK202310198420,134.86666666666667
EK202310144336,121.96666666666667
EK202310238656,155.06666666666666
EK202310230161,146.76666666666668
EK202310202206,152.8
EK202310213571,137.1
EK202310203092,156.63333333333333
EK202310194418,166.7
EK202310128430,146.86666666666667
EK202310225153,156.4
EK202310160344,132.6
EK202310130554,133.33333333333334
EK202310165569,173.5
EK202310199349,130.46666666666667
EK202310129160,176.76666666666668
EK202310169725,164.96666666666667
EK202310160348,148.46666666666667
EK202310126901,135.1
EK202310199923,152.63333333333333
EK202310214691,136.8
EK202310202989,170.2
EK202310117244,133.86666666666667
EK202310162223,137.0
EK202310178451,165.3
EK202310233563,140.83333333333334
EK202310109378,171.3
EK202310177478,152.2
EK202310109053,137.93333333333334
EK202310125187,139.33333333333334
EK202320005814,146.5
EK202310211630,137.23333333333332
EK202310156552,160.8
EK202310148023,157.1
EK202310166593,154.23333333333332
EK202310215548,150.53333333333333
EK202310111952,139.2
EK202310187710,146.86666666666667
EK202310157541,138.46666666666667
EK202310171275,140.43333333333334
EK202310113025,142.16666666666666
EK202310197258,156.9
EK202310112846,144.2
EK202310127206,135.56666666666666
EK202310115243,137.56666666666666
EK202310124158,138.8
EK202310145344,149.93333333333334
EK202310115574,131.2
EK202310157721,165.06666666666666
EK202310122313,134.56666666666666
EK202310139139,174.73333333333332
EK202310225769,142.46666666666667
EK202310238365,128.93333333333334
EK202310237637,134.46666666666667
EK202310109616,157.33333333333334
EK202310133259,137.73333333333332
EK202310228157,134.43333333333334
EK202310198466,152.86666666666667
EK202310106809,144.4
EK202310165950,144.66666666666666
EK202310128641,141.66666666666666
EK202310148916,150.3
EK202310114147,148.93333333333334
EK202310232304,138.4
EK202310188415,124.33333333333333
EK202310232540,151.3
EK202310207576,130.83333333333334
EK202310231963,136.7
EK202310229805,144.03333333333333
EK202310161625,144.86666666666667
EK202310223364,138.83333333333334
EK202310145207,172.76666666666668
EK202310154942,147.56666666666666
EK202310177414,146.0
EK202310151135,148.73333333333332
EK202320005867,148.56666666666666
EK202310199483,133.3
EK202310193069,141.56666666666666
EK202310231001,131.46666666666667
EK202310153397,133.7
EK202320006411,155.06666666666666
EK202310178129,130.76666666666668
EK202310158178,139.0
EK202320006728,167.5
EK202310168603,151.13333333333333
EK202310188957,148.3
EK202310134962,162.56666666666666
EK202320006232,160.46666666666667
EK202310216197,145.66666666666666
EK202310205473,136.96666666666667
EK202310177138,140.5
EK202310003578,129.33333333333334
EK202310125915,141.76666666666668
EK202310163847,149.13333333333333
EK202310175723,145.46666666666667
EK202310167304,139.33333333333334
EK202310231580,127.06666666666666
EK202310224672,132.4
EK202310231849,171.83333333333334
EK202310118283,137.03333333333333
EK202310108021,142.73333333333332
EK202310244191,163.8
EK202310176446,147.06666666666666
EK202310153144,158.4
EK202310192762,156.86666666666667
EK202310155944,138.9
EK202310122042,134.26666666666668
EK202310139279,130.63333333333333
EK202310124333,134.73333333333332
EK202310222309,144.23333333333332
EK202310237489,137.36666666666667
EK202310225285,149.9
EK202310205925,147.5
EK202310146849,128.66666666666666
EK202310155584,135.8
EK202310127840,137.2
EK202310159012,140.16666666666666
EK202310171367,138.83333333333334
EK202310179659,143.7
EK202310147533,142.66666666666666
EK202310134101,130.93333333333334
EK202310167244,146.26666666666668
EK202310134522,139.83333333333334
EK202310188890,158.06666666666666
EK202310152081,178.0
EK202310168749,140.06666666666666
EK202310185345,144.46666666666667
EK202310212863,142.86666666666667
EK202310104615,138.8
EK202310188714,136.43333333333334
EK202310148084,142.1
EK202310211875,138.43333333333334
EK202310134441,151.3
EK202310187368,160.6
EK202310142139,130.83333333333334
EK202310216736,159.36666666666667
EK202310148523,131.13333333333333
EK202310177638,146.9
EK202310191439,131.4
EK202310184957,154.5
EK202310229730,134.23333333333332
EK202310171653,141.76666666666668
EK202310119614,149.3
EK202310193277,134.13333333333333
EK202310221106,141.16666666666666
EK202310196517,149.46666666666667
EK202310186815,134.76666666666668
EK202310118791,142.4
EK202310236202,141.3
EK202310121642,144.83333333333334
EK202310228637,134.76666666666668
EK202310171042,149.56666666666666
EK202310218012,131.16666666666666
EK202310238955,140.36666666666667
EK202310169993,152.9
EK202310227859,137.63333333333333
EK202310175628,133.6
EK202310225536,127.3
EK202310194964,152.4
EK202310170946,127.06666666666666
EK202310201972,141.23333333333332
EK202310204049,140.96666666666667
EK202310238497,144.73333333333332
EK202310231256,135.9
EK202310231579,132.23333333333332
EK202310174311,135.06666666666666
EK202310192651,142.33333333333334
EK202310114496,140.33333333333334
EK202310230770,131.73333333333332
EK202310242388,143.0
EK202310114424,144.16666666666666
EK202310166798,157.73333333333332
EK202310246359,139.63333333333333
EK202310165038,142.13333333333333
EK202310197955,138.93333333333334
EK202310121307,170.73333333333332
EK202310151932,150.73333333333332
EK202310242488,145.1
EK202310105346,149.16666666666666
EK202310133118,141.96666666666667
EK202310125218,134.16666666666666
EK202310104440,141.6
EK202310238581,161.76666666666668
EK202310128830,136.1
EK202310111289,140.36666666666667
EK202310218154,127.36666666666666
EK202310184481,149.06666666666666
EK202310151857,149.5
EK202310107393,146.83333333333334
EK202310150289,143.7
EK202310113235,151.56666666666666
EK202310154628,159.03333333333333
EK202310183234,148.33333333333334
EK202310193060,136.86666666666667
EK202310142940,133.9
EK202310177291,141.8
EK202310214941,148.1
EK202310123810,147.0
EK202310234861,137.6
EK202310166088,147.76666666666668
EK202310175230,133.33333333333334
EK202310173351,149.1
EK202310246599,142.9
EK202310121468,139.3
EK202310115870,140.23333333333332
EK202310122689,146.46666666666667
EK202310104457,136.6
EK202310239958,153.26666666666668
EK202310108834,137.46666666666667
EK202310242150,148.86666666666667
EK202310127460,138.56666666666666
EK202310150161,137.33333333333334
EK202310220593,134.43333333333334
EK202310208892,136.6
EK202310116640,147.8
EK202310228102,129.8
EK202310178599,153.06666666666666
EK202310211615,133.16666666666666
EK202310208762,157.93333333333334
EK202310118517,140.2
EK202310187114,147.23333333333332
EK202310119172,144.53333333333333
EK202310131645,147.93333333333334
EK202310106254,133.3
EK202310132336,128.76666666666668
EK202310226404,151.73333333333332
EK202310196510,156.96666666666667
EK202310116508,147.56666666666666
EK202310188534,154.56666666666666
EK202310177793,141.3
EK202310206591,138.1
EK202310192097,145.66666666666666
EK202310119525,146.66666666666666
EK202310168918,147.46666666666667
EK202310004052,150.06666666666666
EK202310155004,130.2
EK202310113224,132.1
EK202310168827,142.43333333333334
EK202310151452,128.93333333333334
EK202310233171,130.23333333333332
EK202310189316,133.56666666666666
EK202310165015,136.53333333333333
EK202310191520,143.46666666666667
EK202310154021,157.5
EK202310142035,144.66666666666666
EK202310136677,142.36666666666667
EK202310193692,136.93333333333334
EK202310217638,132.43333333333334
EK202310152626,156.73333333333332
EK202310130527,141.4
EK202310219621,128.7
EK202310117231,139.43333333333334
EK202310184541,157.73333333333332
EK202310123337,139.3
EK202310004825,155.53333333333333
EK202310004105,138.8
EK202310222141,132.63333333333333
EK202310223687,128.36666666666667
EK202310004753,131.16666666666666
EK202310138231,129.6
EK202310230297,145.8
EK202310123109,137.4
EK202310118394,132.33333333333334
EK202310236285,146.06666666666666
EK202310142984,138.63333333333333
EK202310228922,133.66666666666666
EK202310180656,155.26666666666668
EK202310198343,133.83333333333334
EK202310213613,139.16666666666666
EK202310143759,142.73333333333332
EK202310243098,148.06666666666666
EK202310140826,161.36666666666667
EK202310219432,140.36666666666667
EK202310235984,139.56666666666666
EK202310112132,152.03333333333333
EK202310207139,170.26666666666668
EK202310123515,135.03333333333333
EK202310147539,132.6
EK202310201614,153.23333333333332
EK202310242651,140.26666666666668
EK202310116831,138.96666666666667
EK202310142528,151.03333333333333
EK202310158275,132.2
EK202310119240,144.36666666666667
EK202310189798,140.0
EK202310140182,136.16666666666666
EK202310104020,143.03333333333333
EK202310144562,165.73333333333332
EK202310211897,135.9
EK202310209649,142.9
EK202310224584,138.46666666666667
EK202310149915,172.96666666666667
EK202310205659,142.26666666666668
EK202310150345,145.7
EK202310228952,135.43333333333334
EK202310126648,136.5
EK202310243579,143.0
EK202310164006,142.33333333333334
EK202310108668,140.13333333333333
EK202310137775,136.1
EK202310233150,124.4
EK202310152386,137.26666666666668
EK202310166882,130.9
EK202310231895,147.9
EK202310170539,151.9
EK202310115226,137.76666666666668
EK202310214376,154.93333333333334
EK202310137712,135.56666666666666
EK202310186209,143.6
EK202310205015,148.5
EK202310106040,133.33333333333334
EK202310170557,142.96666666666667
EK202310201318,146.23333333333332
EK202310230025,131.73333333333332
EK202310112264,139.43333333333334
EK202310187559,176.13333333333333
EK202310126729,148.53333333333333
EK202310208910,145.5
EK202310131942,133.16666666666666
EK202310154020,142.0
EK202310245865,135.63333333333333
EK202310192165,151.33333333333334
EK202310172699,138.9
EK202310157236,162.96666666666667
EK202310131791,149.2
EK202310200367,143.33333333333334
EK202310152638,155.06666666666666
EK202310229854,141.83333333333334
EK202310176423,145.46666666666667
EK202310229737,129.93333333333334
EK202310203806,134.73333333333332
EK202310115409,131.43333333333334
EK202310118234,151.66666666666666
EK202310140636,147.9
EK202310240942,142.26666666666668
EK202310197687,160.66666666666666
EK202310124485,144.23333333333332
EK202310144257,144.03333333333333
EK202310218871,144.36666666666667
EK202310210772,133.1
EK202310195971,169.4
EK202310135577,139.76666666666668
EK202310203323,148.1
EK202310128855,123.16666666666667
EK202310209533,157.6
EK202310174860,154.6
EK202310132988,134.16666666666666
EK202310210555,126.9
EK202310229724,133.0
EK202310159406,159.83333333333334
EK202310206212,134.4
EK202310105258,141.43333333333334
EK202310197230,163.76666666666668
EK202310146776,132.9
EK202310171620,134.2
EK202310241357,140.9
EK202310138908,132.1
EK202310144141,166.96666666666667
EK202310183530,161.1
EK202310241996,138.33333333333334
EK202310143198,134.83333333333334
EK202310240754,141.23333333333332
EK202310120793,153.1
EK202310152995,158.6
EK202310168076,136.26666666666668
EK202310194434,142.6
EK202310231667,147.13333333333333
EK202310117230,145.03333333333333
EK202310188291,136.2
EK202310149424,161.46666666666667
EK202310128832,144.03333333333333
EK202310196168,166.83333333333334
EK202310197883,148.3
EK202310138276,170.86666666666667
EK202310170757,133.3
EK202310191340,131.03333333333333
EK202310145811,156.66666666666666
EK202310227194,139.13333333333333
EK202310111485,138.36666666666667
EK202310157083,171.06666666666666
EK202310171852,146.2
EK202310207366,135.23333333333332
EK202310145654,146.43333333333334
EK202310108850,139.96666666666667
EK202310231758,144.66666666666666
EK202310144301,137.23333333333332
EK202310201304,133.76666666666668
EK202310178159,136.83333333333334
EK202310239482,147.16666666666666
EK202310144262,148.4
EK202310143929,132.1
EK202310235952,130.86666666666667
EK202310183241,153.6
EK202310189101,165.63333333333333
EK202310171584,139.7
EK202310131328,133.76666666666668
EK202310226641,140.26666666666668
EK202310166552,141.86666666666667
EK202310196910,142.86666666666667
EK202310166692,136.4
EK202310184651,175.56666666666666
EK202310194347,132.0
EK202310208716,133.2
EK202310187760,149.1
EK202310243524,149.1
EK202310155787,128.16666666666666
EK202310114204,160.53333333333333
EK202310160396,145.33333333333334
EK202310172512,181.8
EK202310157332,141.16666666666666
EK202310209704,140.16666666666666
EK202310154943,149.9
EK202310189036,153.9
EK202310133173,137.96666666666667
EK202310130199,177.63333333333333
EK202310182622,155.16666666666666
EK202310167778,157.76666666666668
EK202310163301,134.5
EK202310184220,125.0
EK202310172679,143.73333333333332
EK202310171532,136.5
EK202310200942,135.93333333333334
EK202310141847,147.2
EK202310122343,138.7
EK202310174760,146.33333333333334
EK202310225953,141.63333333333333
EK202310159867,139.4
EK202310174529,139.2
EK202310239197,141.06666666666666
EK202310142275,144.5
EK202310235069,148.93333333333334
EK202310173910,144.9
EK202310155908,158.96666666666667
EK202310221001,132.06666666666666
EK202310113086,144.8
EK202310200755,154.93333333333334
EK202310152545,148.83333333333334
EK202310185434,151.76666666666668
EK202310110043,142.3
EK202310116474,148.23333333333332
EK202310203902,135.3
EK202310157771,156.6
EK202310209652,158.5
EK202310115313,142.1
EK202310149967,138.46666666666667
EK202310226488,134.3
EK202310004820,141.5
EK202310240136,144.63333333333333
EK202310201496,149.96666666666667
EK202310224644,134.0
EK202310168634,141.8
EK202310120438,141.5
EK202310104992,137.63333333333333
EK202310152772,135.26666666666668
EK202310189045,135.6
EK202310180854,149.1
EK202310162939,165.76666666666668
EK202310202787,154.13333333333333
EK202310132425,135.03333333333333
EK202310106638,135.73333333333332
EK202310130488,153.96666666666667
EK202310216320,141.96666666666667
EK202310174034,143.13333333333333
EK202310167069,151.43333333333334
EK202310119791,146.0
EK202310191561,151.33333333333334
EK202310141924,146.86666666666667
EK202310155116,139.96666666666667
EK202310194530,147.73333333333332
EK202310148342,145.9
EK202310115218,141.26666666666668
EK202310208496,135.13333333333333
EK202310242665,141.6
EK202310247657,156.23333333333332
EK202310228469,134.6
EK202310233886,155.3
EK202310169400,160.93333333333334
EK202310161344,159.43333333333334
EK202310236712,127.6
EK202310118866,147.26666666666668
EK202310221584,139.63333333333333
EK202310107825,149.73333333333332
EK202310110196,147.63333333333333
EK202310159979,136.93333333333334
EK202310195875,150.43333333333334
EK202310163166,160.06666666666666
EK202310206462,147.8
EK202310109481,138.26666666666668
EK202310245477,129.53333333333333
EK202310129738,164.13333333333333
EK202320005730,165.96666666666667
EK202310104244,160.43333333333334
EK202310227658,133.86666666666667
EK202310227290,160.13333333333333
EK202310201250,137.83333333333334
EK202310170654,147.3
EK202310225211,144.7
EK202310181404,131.16666666666666
EK202310175856,147.26666666666668
EK202310167250,157.3
EK202310225198,143.2
EK202310247108,146.63333333333333
EK202310228244,144.86666666666667
EK202310206266,141.3
EK202310215876,146.0
EK202310130596,148.66666666666666
EK202310224249,136.6
EK202310154491,138.56666666666666
EK202310233669,140.73333333333332
EK202310111293,145.23333333333332
EK202310120077,140.43333333333334
EK202310190354,151.33333333333334
EK202310180848,148.5
EK202310206991,141.76666666666668
EK202310127954,141.03333333333333
EK202310125079,138.1
EK202310211424,152.33333333333334
EK202310134279,122.66666666666667
EK202310206851,134.36666666666667
EK202310164397,166.16666666666666
EK202310235148,149.86666666666667
EK202310190060,169.43333333333334
EK202310240587,137.93333333333334
EK202310234152,140.03333333333333
EK202310161209,172.23333333333332
EK202310187254,135.4
EK202310219785,141.06666666666666
EK202310160063,141.66666666666666
EK202310225782,155.96666666666667
EK202310166126,146.86666666666667
EK202310104397,135.03333333333333
EK202310195068,138.9
EK202310148964,146.23333333333332
EK202310105544,134.23333333333332
EK202310190157,134.96666666666667
EK202310177029,129.3
EK202310134822,162.66666666666666
EK202310188505,147.46666666666667
EK202310131430,139.83333333333334
EK202310197663,133.26666666666668
EK202310150719,158.73333333333332
EK202310004834,143.6
EK202310200921,136.93333333333334
EK202320005684,148.43333333333334
EK202310179009,130.3
EK202310248177,145.4
EK202310132766,132.76666666666668
EK202310237026,141.3
EK202310193021,137.6
EK202310190757,134.33333333333334
EK202310173200,129.2
EK202310219771,154.63333333333333
EK202310109597,136.53333333333333
EK202310206771,144.9
EK202310127671,168.0
EK202310167676,139.43333333333334
EK202310232944,130.13333333333333
EK202310168061,143.8
EK202310105714,132.03333333333333
EK202310147632,166.93333333333334
EK202310244606,144.53333333333333
EK202310118560,142.46666666666667
EK202310194271,131.96666666666667
EK202310142720,182.66666666666666
EK202310166900,166.8
EK202310164794,156.33333333333334
EK202310115042,147.86666666666667
EK202310174373,130.83333333333334
EK202310214507,159.9
EK202310223225,137.36666666666667
EK202310107151,145.43333333333334
EK202310189175,164.5
EK202310161808,134.0
EK202310121994,139.76666666666668
EK202310219449,125.8
EK202310136206,133.8
EK202310111739,145.06666666666666
EK202310229388,145.0
EK202310224978,143.3
EK202310149730,134.56666666666666
EK202310163504,131.83333333333334
EK202310156148,145.26666666666668
EK202310150249,134.53333333333333
EK202310224329,139.63333333333333
EK202310147011,158.86666666666667
EK202310192326,138.16666666666666
EK202310245006,139.4
EK202310224053,138.06666666666666
EK202310228581,135.33333333333334
EK202310113047,137.03333333333333
EK202310149808,144.3
EK202310175027,134.43333333333334
EK202310234758,138.43333333333334
EK202310175412,146.33333333333334
EK202310132176,167.16666666666666
EK202310205739,143.13333333333333
EK202310153994,126.63333333333334
EK202310200714,144.06666666666666
EK202310247869,139.06666666666666
EK202310186589,143.16666666666666
EK202310145135,132.1
EK202310193164,156.53333333333333
EK202310222960,137.7
EK202310116552,147.43333333333334
EK202310123971,170.9
EK202310113406,159.73333333333332
EK202310234777,153.5
EK202310109531,141.86666666666667
EK202310186502,144.7
EK202310190436,134.23333333333332
EK202310198804,171.16666666666666
EK202310188371,151.16666666666666
EK202310189870,159.1
EK202310179411,145.33333333333334
EK202310233363,140.5
EK202310104971,139.56666666666666
EK202310191357,130.5
EK202310172762,143.33333333333334
EK202310199936,144.83333333333334
EK202310153452,136.66666666666666
EK202310160325,141.23333333333332
EK202310240026,130.23333333333332
EK202310134117,132.1
EK202310214971,128.1
EK202310210492,136.93333333333334
EK202310200943,142.36666666666667
EK202310233114,150.23333333333332
EK202310209755,134.4
EK202310114040,137.7
EK202310231262,135.63333333333333
EK202310196982,146.4
EK202310168935,149.3
EK202310209663,134.6
EK202310171963,164.53333333333333
EK202310128429,149.46666666666667
EK202310243988,134.0
EK202310131432,141.73333333333332
EK202310170157,160.03333333333333
EK202310135062,168.16666666666666
EK202310180073,167.46666666666667
EK202310154392,160.5
EK202310211600,139.0
EK202310221370,141.93333333333334
EK202310135902,129.6
EK202310248071,142.83333333333334
EK202310140056,143.66666666666666
EK202310113087,149.2
EK202310140280,149.13333333333333
EK202310231029,142.9
EK202310003876,130.46666666666667
EK202310110872,145.26666666666668
EK202310110803,147.9
EK202310234005,142.43333333333334
EK202310195582,143.73333333333332
EK202310216699,110.93333333333334
EK202310161870,151.43333333333334
EK202310207634,154.63333333333333
EK202310154729,127.93333333333334
EK202310119219,143.1
EK202310216260,142.3
EK202310241741,142.83333333333334
EK202310127099,133.7
EK202310142543,149.8
EK202310159437,137.66666666666666
EK202310139226,134.63333333333333
EK202310145866,131.8
EK202310240067,147.56666666666666
EK202310242685,126.43333333333334
EK202310158289,138.8
EK202310145943,155.2
EK202310196762,153.63333333333333
EK202310141743,176.5
EK202310222881,134.3
EK202310170624,127.1
EK202310139072,146.56666666666666
EK202310168507,146.06666666666666
EK202310141768,151.3
EK202310111130,129.9
EK202310217027,142.2
EK202310224945,155.16666666666666
EK202310188108,153.93333333333334
EK202310200577,164.23333333333332
EK202310152955,148.73333333333332
EK202310184966,161.93333333333334
EK202310133181,135.03333333333333
EK202310209985,130.33333333333334
EK202310195572,139.76666666666668
EK202310199966,126.46666666666667
EK202310109052,144.7
EK202310173422,148.6
EK202310216493,141.16666666666666
EK202310234480,136.63333333333333
EK202310239882,145.66666666666666
EK202310151506,180.5
EK202310231481,147.3
EK202310173660,129.26666666666668
EK202310124885,130.66666666666666
EK202310226112,133.26666666666668
EK202310169770,164.43333333333334
EK202310112146,153.2
EK202310126447,132.33333333333334
EK202310197865,149.86666666666667
EK202310144993,132.13333333333333
EK202320007830,133.6
EK202310134803,139.56666666666666
EK202310247257,143.83333333333334
EK202310189213,162.76666666666668
EK202310163523,138.86666666666667
EK202310177884,140.43333333333334
EK202310168374,146.63333333333333
EK202310181460,140.06666666666666
EK202310164324,141.43333333333334
EK202320006373,170.4
EK202310240516,153.6
EK202310106433,163.56666666666666
EK202310104794,134.36666666666667
EK202310179826,143.3
EK202310220482,133.36666666666667
EK202310144501,176.1
EK202310236116,145.53333333333333
EK202310143566,131.0
EK202310244286,150.86666666666667
EK202310117364,131.6
EK202310182812,142.2
EK202310165290,150.03333333333333
EK202310175655,142.7
EK202310191765,146.56666666666666
EK202310175575,135.26666666666668
EK202310190556,134.3
EK202310109849,127.4
EK202310125361,147.76666666666668
EK202310117657,134.4
EK202310166741,149.76666666666668
EK202310152997,144.63333333333333
EK202310197388,146.93333333333334
EK202310131984,139.63333333333333
EK202310219422,134.86666666666667
EK202310121522,135.36666666666667
EK202310175245,152.23333333333332
EK202310195205,168.96666666666667
EK202310108650,136.76666666666668
EK202310181782,136.1
EK202310115038,150.06666666666666
EK202310158797,127.16666666666667
EK202310170666,149.2
EK202310168966,128.03333333333333
EK202310214825,179.13333333333333
EK202310120494,138.13333333333333
EK202310220603,141.66666666666666
EK202310225685,136.53333333333333
EK202310223164,143.33333333333334
EK202310162099,139.36666666666667
EK202310181378,142.06666666666666
EK202310206274,160.96666666666667
EK202310245110,128.8
EK202310149953,159.93333333333334
EK202310200512,133.73333333333332
EK202310195166,127.6
EK202310181696,142.36666666666667
EK202310246293,132.3
EK202310112958,137.66666666666666
EK202310144239,140.16666666666666
EK202310112531,132.03333333333333
EK202310215394,164.16666666666666
EK202310214916,144.0
EK202310135655,138.2
EK202310234936,129.6
EK202310216594,153.1
EK202310221025,137.7
EK202310111609,138.1
EK202310213129,142.2
EK202310117137,133.03333333333333
EK202310239490,131.6
EK202310157671,142.03333333333333
EK202310188165,139.1
EK202310134859,143.43333333333334
EK202310183908,156.1
EK202310147406,147.73333333333332
EK202310175129,139.83333333333334
EK202310164780,156.03333333333333
EK202310227743,129.76666666666668
EK202310120706,151.6
EK202310118366,137.06666666666666
EK202310106692,147.86666666666667
EK202310190791,146.66666666666666
EK202310208607,158.36666666666667
EK202310170692,145.56666666666666
EK202310225887,133.66666666666666
EK202310182352,139.4
EK202310185880,139.03333333333333
EK202310178297,149.93333333333334
EK202310195149,144.83333333333334
EK202310231610,147.43333333333334
EK202310137276,129.83333333333334
EK202310184484,158.63333333333333
EK202310121199,139.43333333333334
EK202310125536,142.2
EK202310213706,153.2
EK202310135204,146.86666666666667
EK202310247699,143.4
EK202310217787,139.36666666666667
EK202310182191,154.76666666666668
EK202310198529,154.46666666666667
EK202310220299,136.03333333333333
EK202310188677,137.2
EK202310232253,134.06666666666666
EK202310164691,142.2
EK202310103832,132.4
EK202310149722,141.33333333333334
EK202310198859,155.13333333333333
EK202310234749,142.36666666666667
EK202310104566,152.23333333333332
EK202310211383,142.0
EK202310170287,130.86666666666667
EK202310150824,155.33333333333334
EK202310171304,132.83333333333334
EK202310193205,167.23333333333332
EK202320006114,158.16666666666666
EK202310135524,136.1
EK202310192025,140.56666666666666
EK202310170020,153.46666666666667
EK202310198095,164.2
EK202310105801,143.66666666666666
EK202310177479,144.63333333333333
EK202310108455,138.76666666666668
EK202310165998,133.03333333333333
EK202310122714,144.33333333333334
EK202310164202,142.1
EK202310226026,127.86666666666666
EK202310223682,153.7
EK202310116148,132.93333333333334
EK202310210129,157.13333333333333
EK202310242087,146.8
EK202310116328,147.13333333333333
EK202310217261,153.6
EK202310106484,143.66666666666666
EK202310157473,143.83333333333334
EK202310198511,134.36666666666667
EK202310217751,134.43333333333334
EK202310168432,157.66666666666666
EK202310151251,146.36666666666667
EK202310120767,128.66666666666666
EK202310127801,138.7
EK202310118354,133.16666666666666
EK202310209195,140.9
EK202310172035,145.0
EK202310114626,153.83333333333334
EK202310144629,136.4
EK202310185061,152.06666666666666
EK202310174592,138.7
EK202310164708,167.83333333333334
EK202310149304,139.6
EK202310170289,138.9
EK202310213861,139.53333333333333
EK202310126098,132.06666666666666
EK202310133915,139.03333333333333
EK202310148594,126.23333333333333
EK202310116687,135.43333333333334
EK202310171866,130.56666666666666
EK202310147735,135.0
EK202310105679,170.43333333333334
EK202310248635,137.66666666666666
EK202310139369,137.73333333333332
EK202310105974,154.7
EK202310104978,146.36666666666667
EK202310174467,142.96666666666667
EK202310124199,132.43333333333334
EK202310135676,135.8
EK202310146763,127.83333333333333
EK202310205937,131.46666666666667
EK202310135445,166.5
EK202310109193,142.96666666666667
EK202310161169,139.1
EK202310204092,143.73333333333332
EK202310202680,139.8
EK202310172794,143.03333333333333
EK202310217791,137.33333333333334
EK202310158468,148.43333333333334
EK202310149937,136.23333333333332
EK202310166789,143.43333333333334
EK202310159167,138.7
EK202310125029,138.46666666666667
EK202310203531,143.46666666666667
EK202310181665,122.6
EK202310142148,154.93333333333334
EK202310166843,168.53333333333333
EK202310161022,136.23333333333332
EK202310118997,143.0
EK202310239449,132.93333333333334
EK202310210440,143.36666666666667
EK202310205614,133.76666666666668
EK202310179227,131.13333333333333
EK202310143023,134.86666666666667
EK202310178605,153.5
EK202310151926,159.56666666666666
EK202310205156,165.9
EK202310227477,160.23333333333332
EK202310118582,148.9
EK202310145669,155.16666666666666
EK202310181578,173.53333333333333
EK202310193806,160.13333333333333
EK202310233863,139.5
EK202310111982,135.03333333333333
EK202310228092,167.36666666666667
EK202310117791,127.06666666666666
EK202310174095,162.2
EK202310199167,132.43333333333334
EK202310147864,143.0
EK202310136545,139.03333333333333
EK202310004781,128.23333333333332
EK202310110648,134.1
EK202310187608,126.13333333333334
EK202310212121,138.76666666666668
EK202310200654,141.26666666666668
EK202310110670,129.8
EK202310148332,157.83333333333334
EK202310198602,133.93333333333334
EK202310162570,157.76666666666668
EK202310105840,155.73333333333332
EK202310216931,148.9
EK202310152841,172.56666666666666
EK202310107705,157.93333333333334
EK202310178316,149.8
EK202310147750,128.83333333333334
EK202310110434,134.6
EK202310219134,129.13333333333333
EK202310207502,138.76666666666668
EK202310137524,153.66666666666666
EK202310237806,128.36666666666667
EK202310248546,137.6
EK202310246510,149.26666666666668
EK202310215312,144.73333333333332
EK202310135935,131.06666666666666
EK202310246337,133.13333333333333
EK202310133292,148.3
EK202310208105,138.56666666666666
EK202310221927,145.6
EK202310185220,140.33333333333334
EK202310195012,152.63333333333333
EK202310220382,136.16666666666666
EK202310228071,133.76666666666668
EK202310139303,153.66666666666666
EK202310146446,139.9
EK202310113629,155.76666666666668
EK202310121125,134.1
EK202310179172,154.53333333333333
EK202310135030,170.0
EK202310154871,153.76666666666668
EK202310104446,147.96666666666667
EK202310112990,140.76666666666668
EK202310189753,145.13333333333333
EK202310239147,139.7
EK202310170148,165.86666666666667
EK202310227849,157.9
EK202310206204,146.76666666666668
EK202310160122,129.96666666666667
EK202310131964,135.93333333333334
EK202310111949,134.66666666666666
EK202310122396,126.5
EK202310187780,136.23333333333332
EK202310205438,142.13333333333333
EK202310153038,180.33333333333334
EK202310152163,163.76666666666668
EK202310192310,133.13333333333333
EK202310174795,152.03333333333333
EK202310193009,150.53333333333333
EK202310150434,150.23333333333332
EK202310118338,131.03333333333333
EK202310197441,164.96666666666667
EK202310142091,166.73333333333332
EK202310117239,136.1
EK202310179745,141.26666666666668
EK202310219687,139.8
EK202310176027,149.13333333333333
EK202310104893,139.53333333333333
EK202310227192,137.26666666666668
EK202310146856,160.2
EK202310107173,134.03333333333333
EK202310211813,137.46666666666667
EK202310188253,138.86666666666667
EK202310233335,135.73333333333332
EK202310217329,148.93333333333334
EK202310155219,135.03333333333333
EK202310157321,155.5
EK202310153713,145.63333333333333
EK202310120830,161.23333333333332
EK202310229321,146.76666666666668
EK202310130365,152.56666666666666
EK202310202308,154.73333333333332
EK202310203388,167.13333333333333
EK202310185835,129.13333333333333
EK202310188805,173.6
EK202310159594,152.66666666666666
EK202310147573,140.4
EK202310190109,163.4
EK202310180140,147.7
EK202310149775,153.06666666666666
EK202310238274,137.83333333333334
EK202310242923,131.73333333333332
EK202310107321,123.96666666666667
EK202310204141,131.9
EK202310219133,139.16666666666666
EK202310139067,175.16666666666666
EK202310140520,135.73333333333332
EK202310248527,145.43333333333334
EK202310003682,132.7
EK202310162432,144.93333333333334
EK202310179950,163.1
EK202310240868,138.0
EK202310116267,155.86666666666667
EK202310221765,133.96666666666667
EK202310173563,150.86666666666667
EK202310143455,127.63333333333334
EK202310207343,144.83333333333334
EK202310217689,137.16666666666666
EK202310146102,127.13333333333334
EK202310168973,131.2
EK202310222519,131.96666666666667
EK202310129680,144.2
EK202310178200,153.23333333333332
EK202310170870,139.5
EK202310126872,169.36666666666667
EK202310148891,164.33333333333334
EK202310173852,136.63333333333333
EK202310125523,134.4
EK202310159491,148.03333333333333
EK202310157366,130.46666666666667
EK202310178992,148.8
EK202310143866,135.93333333333334
EK202310152326,135.43333333333334
EK202310202864,138.86666666666667
EK202310218888,138.1
EK202310209358,133.66666666666666
EK202310227775,140.26666666666668
EK202310186270,160.3
EK202310203414,163.83333333333334
EK202310225866,136.36666666666667
EK202310234055,144.43333333333334
EK202310129825,156.96666666666667
EK202310209772,152.7
EK202310182146,162.8
EK202310180456,153.76666666666668
EK202310182353,151.6
EK202310199926,127.96666666666667
EK202310226078,133.96666666666667
EK202310212125,131.4
EK202310149668,158.96666666666667
EK202310234903,135.3
EK202310205875,128.66666666666666
EK202310157799,150.33333333333334
EK202310211749,133.96666666666667
EK202310224314,148.13333333333333
EK202310124274,132.73333333333332
EK202310127800,150.13333333333333
EK202310238415,132.96666666666667
EK202310229891,143.7
EK202310145946,145.86666666666667
EK202310181109,154.26666666666668
EK202310147129,163.23333333333332
EK202310178177,151.46666666666667
EK202310113395,151.26666666666668
EK202310217919,144.26666666666668
EK202310154751,153.53333333333333
EK202310130965,150.86666666666667
EK202310190874,140.4
EK202310195521,140.26666666666668
EK202310201613,145.43333333333334
EK202310214697,150.76666666666668
EK202310191560,157.46666666666667
EK202310121406,140.5
EK202310114089,133.1
EK202310159340,131.5
EK202310113700,144.33333333333334
EK202310126654,125.2
EK202310144476,146.23333333333332
EK202310131321,135.73333333333332
EK202310187814,131.9
EK202310220881,120.63333333333334
EK202310189638,159.56666666666666
EK202310178407,150.86666666666667
EK202310180651,166.16666666666666
EK202310239749,125.93333333333334
EK202310171046,129.06666666666666
EK202310164907,132.56666666666666
EK202310147112,159.66666666666666
EK202310181779,140.2
EK202310177716,162.26666666666668
EK202310211440,135.3
EK202310205701,157.66666666666666
EK202310116151,126.76666666666667
EK202310183859,179.83333333333334
EK202310135998,139.2
EK202310201975,150.43333333333334
EK202310170925,141.36666666666667
EK202310104593,138.56666666666666
EK202310110432,138.8
EK202310129862,137.46666666666667
EK202310189525,151.3
EK202310111229,156.0
EK202310188865,139.06666666666666
EK202310146283,136.1
EK202310178823,164.86666666666667
EK202310147049,148.5
EK202310221900,144.0
EK202310182664,161.73333333333332
EK202310115895,129.6
EK202310137882,135.93333333333334
EK202310142987,167.0
EK202310230693,136.46666666666667
EK202310105910,132.1
EK202310176888,135.6
EK202310179407,139.43333333333334
EK202310113511,147.33333333333334
EK202310226410,137.6
EK202310194828,147.06666666666666
EK202310209526,152.13333333333333
EK202310232266,135.5
EK202310190901,144.03333333333333
EK202310120320,149.63333333333333
EK202310109391,145.8
EK202310126276,142.83333333333334
EK202310223714,130.06666666666666
EK202310211517,157.26666666666668
EK202310110636,125.56666666666666
EK202310235623,128.5
EK202310186004,150.76666666666668
EK202310004261,138.23333333333332
EK202310193375,148.83333333333334
EK202310218449,117.6
EK202310179058,138.13333333333333
EK202310133795,134.26666666666668
EK202310164408,134.93333333333334
EK202310159492,152.9
EK202310214283,137.93333333333334
EK202310133551,148.0
EK202310190061,159.23333333333332
EK202320007557,163.23333333333332
EK202310114241,141.1
EK202310203894,147.73333333333332
EK202310186487,147.6
EK202310004631,139.66666666666666
EK202310172845,136.7
EK202310124858,133.43333333333334
EK202320006937,144.93333333333334
EK202310164626,150.2
EK202310109948,148.03333333333333
EK202310112053,128.26666666666668
EK202310184712,134.83333333333334
EK202310122821,134.5
EK202310179754,146.36666666666667
EK202310230071,152.73333333333332
EK202310169385,145.3
EK202310205297,140.06666666666666
EK202310176789,134.96666666666667
EK202310234641,134.0
EK202310216672,158.3
EK202310218187,157.23333333333332
EK202310163653,133.23333333333332
EK202310173938,140.73333333333332
EK202310144779,131.36666666666667
EK202310105452,130.6
EK202310203289,134.8
EK202310244916,148.4
EK202310212913,155.4
EK202310195593,153.0
EK202310109392,143.63333333333333
EK202310239794,150.8
EK202310156466,154.7
EK202310234091,144.2
EK202310202246,153.93333333333334
EK202310208070,133.56666666666666
EK202310199529,139.76666666666668
EK202310191597,140.73333333333332
EK202310232873,153.6
EK202310245305,147.3
EK202310196018,157.36666666666667
EK202310205608,137.56666666666666
EK202310211776,132.86666666666667
EK202310219819,139.7
EK202310152910,175.4
EK202310244549,145.46666666666667
EK202310123421,159.33333333333334
EK202310205600,136.73333333333332
EK202310219535,129.6
EK202310247105,140.06666666666666
EK202310223625,141.13333333333333
EK202310135177,155.46666666666667
EK202310167858,141.86666666666667
EK202310193232,136.5
EK202310144624,135.63333333333333
EK202310132627,144.46666666666667
EK202310213967,161.23333333333332
EK202310236061,130.2
EK202310177659,169.6
EK202310145236,153.5
EK202310118399,133.33333333333334
EK202310215365,144.83333333333334
EK202320006049,150.73333333333332
EK202310185900,136.06666666666666
EK202310133957,160.16666666666666
EK202310234170,129.23333333333332
EK202310126261,131.56666666666666
EK202310118103,176.46666666666667
EK202310118678,148.56666666666666
EK202310113678,142.5
EK202310111849,149.73333333333332
EK202310218593,133.36666666666667
EK202310145457,129.5
EK202310174907,154.63333333333333
EK202310004460,138.03333333333333
EK202310194109,141.1
EK202310108378,130.8
EK202310200664,138.9
EK202310167993,127.16666666666667
EK202310157089,164.06666666666666
EK202310210287,141.86666666666667
EK202310148250,144.6
EK202310207303,152.83333333333334
EK202310206507,152.2
EK202310243704,139.83333333333334
EK202310179019,131.73333333333332
EK202310243866,161.4
EK202310137648,141.9
EK202310173887,141.66666666666666
EK202310235491,166.76666666666668
EK202310212645,137.43333333333334
EK202310190281,156.73333333333332
EK202310220934,133.63333333333333
EK202310230719,144.46666666666667
EK202310201074,134.0
EK202310178051,145.86666666666667
EK202310181204,149.83333333333334
EK202310135829,143.56666666666666
EK202310170445,134.8
EK202310238141,143.8
EK202310135822,139.96666666666667
EK202310227546,137.43333333333334
EK202310140976,146.53333333333333
EK202310246668,158.96666666666667
EK202310105632,133.86666666666667
EK202310109270,149.36666666666667
EK202310131782,141.96666666666667
EK202310233567,148.56666666666666
EK202310161598,146.06666666666666
EK202310110724,149.5
EK202310229148,152.6
EK202310159146,139.9
EK202310195696,148.93333333333334
EK202310117218,135.16666666666666
EK202310205895,148.43333333333334
EK202310194401,143.53333333333333
EK202310126710,155.66666666666666
EK202310152278,150.2
EK202310190916,153.43333333333334
EK202310110549,130.1
EK202310177514,149.7
EK202310175686,152.86666666666667
EK202310223432,142.56666666666666
EK202310244466,152.7
EK202310134231,140.73333333333332
EK202310236274,142.8
EK202310195863,158.96666666666667
EK202310241144,152.9
EK202310202269,144.5
EK202310231316,141.1
EK202310211605,139.36666666666667
EK202310200954,150.2
EK202310224489,135.73333333333332
EK202310165476,146.3
EK202310204173,134.86666666666667
EK202310178369,151.46666666666667
EK202310170774,123.93333333333334
EK202310205764,143.63333333333333
EK202310236659,152.36666666666667
EK202310170743,141.4
EK202310136793,143.86666666666667
EK202310187675,149.36666666666667
EK202310156962,136.26666666666668
EK202310216942,171.33333333333334
EK202310168321,137.2
EK202310243793,133.9
EK202310235437,139.7
EK202310118510,152.86666666666667
EK202310139337,156.5
EK202310120961,148.73333333333332
EK202310214076,146.46666666666667
EK202310241228,142.43333333333334
EK202310212101,140.53333333333333
EK202310199696,165.1
EK202310163542,150.43333333333334
EK202310232836,135.53333333333333
EK202310189334,140.33333333333334
EK202310239101,138.66666666666666
EK202310156523,143.73333333333332
EK202310201002,153.4
EK202310003364,138.5
EK202310179389,145.93333333333334
EK202310163130,127.86666666666666
EK202310232481,126.96666666666667
EK202310186459,130.53333333333333
EK202310164481,139.63333333333333
EK202310169941,144.1
EK202310131128,151.06666666666666
EK202310228174,128.26666666666668
EK202310173249,147.4
EK202310202077,139.86666666666667
EK202310225477,156.76666666666668
EK202310247572,127.13333333333334
EK202310181799,156.2
EK202310119740,156.96666666666667
EK202310131395,135.7
EK202310224529,127.0
EK202310156156,146.8
EK202310200552,186.8
EK202310169146,141.03333333333333
EK202310143038,150.5
EK202310170406,135.76666666666668
EK202310200533,132.96666666666667
EK202310119387,134.03333333333333
EK202310202355,128.66666666666666
EK202310225013,129.7
EK202310214250,142.56666666666666
EK202310210556,132.5
EK202310201139,151.5
EK202310130429,153.66666666666666
EK202310224863,142.13333333333333
EK202310153482,129.33333333333334
EK202310241062,142.6
EK202310164485,137.53333333333333
EK202310245636,133.43333333333334
EK202310157534,134.83333333333334
EK202310229118,138.46666666666667
EK202310171426,129.7
EK202310210127,142.33333333333334
EK202310111733,145.56666666666666
EK202310141203,133.73333333333332
EK202310232387,142.26666666666668
EK202310188639,147.0
EK202310190835,165.66666666666666
EK202310201801,156.56666666666666
EK202310175974,141.36666666666667
EK202310187326,143.03333333333333
EK202310212155,136.53333333333333
EK202310151022,152.83333333333334
EK202310211125,141.33333333333334
EK202310219268,131.53333333333333
EK202310110245,136.3
EK202310238069,139.76666666666668
EK202310199559,155.93333333333334
EK202310167739,139.26666666666668
EK202310142979,139.36666666666667
EK202310191202,141.1
EK202310144654,172.93333333333334
EK202310224039,132.63333333333333
EK202310150921,139.66666666666666
EK202320006004,162.83333333333334
EK202310108116,132.93333333333334
EK202310226608,142.76666666666668
EK202310237947,147.46666666666667
EK202310245724,153.66666666666666
EK202310216589,133.93333333333334
EK202310242883,138.56666666666666
EK202310192702,152.63333333333333
EK202310168445,130.3
EK202310205542,150.16666666666666
EK202310150929,154.23333333333332
EK202310173039,131.83333333333334
EK202310139742,141.76666666666668
EK202310138564,150.83333333333334
EK202310145764,130.76666666666668
EK202310148134,153.43333333333334
EK202310180451,146.7
EK202310149802,138.9
EK202310247608,167.73333333333332
EK202310130999,135.9
EK202310141610,161.8
EK202310224015,149.3
EK202310229698,139.86666666666667
EK202310197753,141.53333333333333
EK202310152255,136.66666666666666
EK202310133838,165.53333333333333
EK202310192249,177.13333333333333
EK202310195834,157.66666666666666
EK202310186510,145.06666666666666
EK202310177054,130.76666666666668
EK202310107524,159.73333333333332
EK202310128174,150.46666666666667
EK202310187413,150.2
EK202310234580,136.9
EK202310104409,168.03333333333333
EK202310125276,152.46666666666667
EK202310113893,148.06666666666666
EK202310179353,152.2
EK202310240438,140.43333333333334
EK202310229420,154.06666666666666
EK202310116112,133.43333333333334
EK202310117942,135.23333333333332
EK202310163339,138.26666666666668
EK202310166509,135.76666666666668
EK202310185556,141.93333333333334
EK202310227524,145.46666666666667
EK202310109010,170.73333333333332
EK202310183425,128.76666666666668
EK202310191714,169.53333333333333
EK202310155039,131.23333333333332
EK202310169140,156.1
EK202310177573,140.06666666666666
EK202310170318,131.6
EK202310207697,136.26666666666668
EK202310199740,158.83333333333334
EK202310149864,147.66666666666666
EK202310150264,137.93333333333334
EK202310189933,128.36666666666667
EK202310218127,153.26666666666668
EK202310108083,132.33333333333334
EK202310154872,159.03333333333333
EK202310160785,144.43333333333334
EK202310206282,145.43333333333334
EK202310124253,130.03333333333333
EK202310196633,142.1
EK202310105966,144.43333333333334
EK202310141033,147.7
EK202310197213,143.4
EK202310206024,132.8
EK202310113110,129.06666666666666
EK202310114366,141.76666666666668
EK202310133810,151.76666666666668
EK202310135192,153.06666666666666
EK202310233334,140.6
EK202310148079,137.16666666666666
EK202310109276,140.3
EK202310124568,135.86666666666667
EK202310162273,138.7
EK202310126242,135.8
EK202310106288,149.76666666666668
EK202310190761,148.63333333333333
EK202310003653,128.06666666666666
EK202310111116,135.86666666666667
EK202310193002,149.2
EK202310107463,137.93333333333334
EK202310237608,153.9
EK202310213418,128.8
EK202310204153,156.63333333333333
EK202310104707,140.3
EK202310238820,127.7
EK202310141697,147.96666666666667
EK202310178269,155.63333333333333
EK202310229367,133.23333333333332
EK202310172017,170.26666666666668
EK202310223139,140.63333333333333
EK202310125096,131.53333333333333
EK202310143070,163.06666666666666
EK202310234470,136.33333333333334
EK202310131911,134.36666666666667
EK202310176053,150.7
EK202310158201,144.0
EK202310113896,153.43333333333334
EK202310217246,138.26666666666668
EK202310202878,158.1
EK202310179418,173.36666666666667
EK202310106198,129.06666666666666
EK202310130287,147.8
EK202310203618,133.56666666666666
EK202310144069,143.73333333333332
EK202310225997,162.5
EK202310137087,145.23333333333332
EK202310114093,162.03333333333333
EK202310125025,131.73333333333332
EK202310169960,153.26666666666668
EK202310211027,143.86666666666667
EK202310156374,167.53333333333333
EK202310184239,130.56666666666666
EK202310193887,153.63333333333333
EK202310169120,143.8
EK202310214116,177.4
EK202310004097,136.33333333333334
EK202310156682,130.7
EK202310154604,150.3
EK202310218245,142.16666666666666
EK202310224853,134.56666666666666
EK202310164480,138.43333333333334
EK202310130017,143.7
EK202310142314,141.03333333333333
EK202310104271,144.46666666666667
EK202310245758,143.4
EK202310229784,136.53333333333333
EK202310110502,149.16666666666666
EK202310121032,165.56666666666666
EK202310233632,147.56666666666666
EK202310126266,139.03333333333333
EK202310109825,129.8
EK202320007054,144.56666666666666
EK202310166953,146.53333333333333
EK202310227160,146.8
EK202310215524,158.63333333333333
EK202310221415,159.66666666666666
EK202310224669,130.8
EK202310182834,158.8
EK202310155348,149.66666666666666
EK202310186571,156.33333333333334
EK202310130542,137.3
EK202310108675,135.46666666666667
EK202310147107,149.93333333333334
EK202310175270,135.2
EK202310223760,137.6
EK202310124746,132.2
EK202310170040,169.93333333333334
EK202310004065,132.9
EK202310221363,138.56666666666666
EK202310209500,136.96666666666667
EK202310178304,161.2
EK202310133005,161.93333333333334
EK202310120850,137.53333333333333
EK202310213264,137.9
EK202310149096,150.83333333333334
EK202310177683,137.46666666666667
EK202310242597,139.76666666666668
EK202310177919,146.3
EK202310134733,142.03333333333333
EK202310181823,133.6
EK202310136672,143.16666666666666
EK202310151585,148.6
EK202310117995,135.93333333333334
EK202320007252,173.6
EK202310231786,133.6
EK202310241673,126.9
EK202310161732,161.66666666666666
EK202310161656,179.06666666666666
EK202310212063,132.83333333333334
EK202310217895,156.4
EK202310138774,142.23333333333332
EK202310126590,153.4
EK202310123141,136.46666666666667
EK202310224982,132.6
EK202310206262,143.76666666666668
EK202310139370,133.26666666666668
EK202310224820,139.93333333333334
EK202310130273,141.16666666666666
EK202310133523,131.43333333333334
EK202310239621,138.1
EK202310190678,134.66666666666666
EK202310125061,139.36666666666667
EK202310234940,136.4
EK202310178076,134.03333333333333
EK202310153610,148.03333333333333
EK202310179234,141.66666666666666
EK202310159634,146.53333333333333
EK202310186548,148.13333333333333
EK202310135839,169.03333333333333
EK202310136969,157.2
EK202310145737,160.6
EK202310164062,142.63333333333333
EK202310237524,134.96666666666667
EK202310225600,143.83333333333334
EK202310130766,133.43333333333334
EK202310198060,133.46666666666667
EK202310202900,156.43333333333334
EK202310180295,141.1
EK202310161819,138.9
EK202310182490,156.9
EK202310151915,157.36666666666667
EK202310114135,149.86666666666667
EK202310155620,136.66666666666666
EK202310156539,154.4
EK202310164137,156.46666666666667
EK202310172602,156.13333333333333
EK202310161051,174.83333333333334
EK202310225217,172.96666666666667
EK202310220749,138.76666666666668
EK202310135024,161.03333333333333
EK202310236167,130.93333333333334
EK202310106428,135.53333333333333
EK202310191224,150.06666666666666
EK202310126171,146.66666666666666
EK202310152423,147.2
EK202310168273,152.43333333333334
EK202310129168,142.0
EK202310176927,142.53333333333333
EK202310172428,164.56666666666666
EK202310181185,154.3
EK202310004161,146.9
EK202310221234,131.93333333333334
EK202310161711,164.96666666666667
EK202310240221,146.0
EK202310222828,134.0
EK202310210279,129.36666666666667
EK202310170097,144.53333333333333
EK202310188723,155.63333333333333
EK202310166478,149.86666666666667
EK202310221027,164.16666666666666
EK202310114979,143.63333333333333
EK202310242042,134.43333333333334
EK202310140021,146.53333333333333
EK202310130000,151.93333333333334
EK202310186640,151.23333333333332
EK202310004760,132.8
EK202310122844,151.2
EK202310153842,132.7
EK202310177802,131.83333333333334
EK202310004581,140.53333333333333
EK202310246710,146.46666666666667
EK202310113952,148.9
EK202310151035,144.53333333333333
EK202310216428,140.93333333333334
EK202310144070,169.83333333333334
EK202310169605,135.76666666666668
EK202310159620,134.03333333333333
EK202310105550,143.43333333333334
EK202310240970,148.8
EK202310182151,144.06666666666666
EK202310231587,154.43333333333334
EK202310118075,136.5
EK202310133019,137.23333333333332
EK202310206992,150.2
EK202310220008,155.23333333333332
EK202310234156,127.8
EK202310162641,160.43333333333334
EK202310142907,142.26666666666668
EK202310154115,147.06666666666666
EK202310130815,125.73333333333333
EK202310150846,134.13333333333333
EK202320007669,153.6
EK202310227486,150.4
EK202320007572,145.96666666666667
EK202310137639,139.43333333333334
EK202310103836,142.63333333333333
EK202310202037,161.6
EK202310223420,134.73333333333332
EK202310185672,146.6
EK202310229956,146.83333333333334
EK202310183246,149.7
EK202310138498,153.13333333333333
EK202310191631,142.6
EK202310197089,138.33333333333334
EK202310133822,114.93333333333334
EK202310245494,140.53333333333333
EK202310207684,132.96666666666667
EK202310170631,136.56666666666666
EK202310230054,127.46666666666667
EK202310229119,145.36666666666667
EK202310162261,146.63333333333333
EK202310134206,153.26666666666668
EK202310126114,134.26666666666668
EK202310202130,139.16666666666666
EK202310201610,149.96666666666667
EK202310140475,131.63333333333333
EK202310134356,142.4
EK202320007186,173.1
EK202310120790,140.06666666666666
EK202310245157,151.53333333333333
EK202310208016,148.23333333333332
EK202310174476,136.66666666666666
EK202310188403,141.0
EK202310142082,139.06666666666666
EK202310126792,141.76666666666668
EK202310182973,136.6
EK202310236318,134.0
EK202310191185,143.53333333333333
EK202310135600,141.2
EK202310212912,154.86666666666667
EK202310109044,154.86666666666667
EK202310220665,130.73333333333332
EK202310209857,139.76666666666668
EK202310136210,128.0
EK202310241948,154.76666666666668
EK202310147383,141.46666666666667
EK202310119158,141.03333333333333
EK202310225656,130.73333333333332
EK202310115771,136.8
EK202310115861,133.7
EK202310156104,150.6
EK202310168339,138.46666666666667
EK202310186770,137.6
EK202310227679,144.9
EK202310198604,140.16666666666666
EK202310126896,163.96666666666667
EK202310119992,127.86666666666666
EK202310194849,140.93333333333334
EK202310224912,148.76666666666668
EK202310163124,137.96666666666667
EK202310181144,152.13333333333333
EK202310147897,145.46666666666667
EK202310177921,148.0
EK202310199607,148.16666666666666
EK202310172680,135.1
EK202310129543,147.16666666666666
EK202310161704,155.83333333333334
EK202310193784,133.36666666666667
EK202310243291,143.36666666666667
EK202310208991,149.33333333333334
EK202310140086,139.8
EK202310136481,135.46666666666667
EK202310178220,155.13333333333333
EK202310210109,151.9
EK202310128687,148.16666666666666
EK202310213632,142.53333333333333
EK202310215453,169.53333333333333
EK202310235764,134.3
EK202310216758,154.6
EK202310163056,156.3
EK202310125899,138.6
EK202310180181,151.46666666666667
EK202310224630,145.23333333333332
EK202310118929,145.8
EK202310178808,166.56666666666666
EK202310234570,133.2
EK202310127428,141.83333333333334
EK202310213472,145.2
EK202310192759,143.63333333333333
EK202310210638,135.43333333333334
EK202310104955,132.86666666666667
EK202310124793,123.36666666666666
EK202310154265,138.06666666666666
EK202310136853,130.73333333333332
EK202310160020,134.76666666666668
EK202310129715,175.66666666666666
EK202310208844,157.13333333333333
EK202310165769,148.13333333333333
EK202310119276,167.43333333333334
EK202310155853,132.13333333333333
EK202310148019,136.76666666666668
EK202310158588,150.6
EK202320005915,161.36666666666667
EK202310139760,131.9
EK202310235740,153.4
EK202310163003,166.06666666666666
EK202310166151,143.26666666666668
EK202310205151,139.36666666666667
EK202310163809,142.13333333333333
EK202310195046,139.3
EK202310190606,141.16666666666666
EK202310201185,180.2
EK202310244204,141.46666666666667
EK202310221873,134.46666666666667
EK202310213079,137.06666666666666
EK202310167878,145.56666666666666
EK202310108748,143.96666666666667
EK202310231105,137.46666666666667
EK202310162450,138.83333333333334
EK202310106681,142.13333333333333
EK202310175585,154.56666666666666
EK202310216131,128.1
EK202310247112,135.43333333333334
EK202310133778,132.56666666666666
EK202310226737,160.9
EK202310149352,163.9
EK202310125918,139.2
EK202310163682,139.4
EK202310189571,147.83333333333334
EK202310128706,133.46666666666667
EK202310227554,142.56666666666666
EK202310149106,146.53333333333333
EK202310200290,139.5
EK202310192844,146.83333333333334
EK202310229985,134.7
EK202310196907,140.2
EK202310148131,153.1
EK202310223289,136.6
EK202310169529,129.6
EK202310169806,162.4
EK202310212585,143.83333333333334
EK202310196857,152.13333333333333
EK202310190419,136.6
EK202310219008,139.16666666666666
EK202310142486,138.26666666666668
EK202310192709,156.93333333333334
EK202310182822,132.83333333333334
EK202310136899,142.03333333333333
EK202310115463,140.26666666666668
EK202310146582,159.06666666666666
EK202310132422,145.23333333333332
EK202310112592,140.16666666666666
EK202310226203,145.66666666666666
EK202310121586,156.96666666666667
EK202310181107,156.66666666666666
EK202310213474,140.7
EK202310138830,149.23333333333332
EK202310168849,137.96666666666667
EK202310229317,139.2
EK202310204390,133.06666666666666
EK202310192992,142.1
EK202310152280,145.76666666666668
EK202310155151,151.43333333333334
EK202310174087,139.73333333333332
EK202310212165,132.06666666666666
EK202310152752,136.9
EK202310168592,136.43333333333334
EK202310191895,147.2
EK202310200059,132.36666666666667
EK202310243745,134.43333333333334
EK202310158852,148.83333333333334
EK202310157579,156.8
EK202310225059,126.9
EK202310183337,137.23333333333332
EK202310198264,128.53333333333333
EK202310114412,148.66666666666666
EK202310227155,140.66666666666666
EK202310234975,156.6
EK202310197349,132.23333333333332
EK202310208018,139.93333333333334
EK202310200505,128.43333333333334
EK202310115897,141.63333333333333
EK202310202707,167.2
EK202310207442,154.9
EK202310185479,143.06666666666666
EK202310237037,178.4
EK202310136200,136.13333333333333
EK202310154113,151.3
EK202310114492,137.76666666666668
EK202310176297,164.73333333333332
EK202310107640,127.66666666666667
EK202310209670,134.7
EK202310105256,156.73333333333332
EK202310108117,135.83333333333334
EK202310214550,125.36666666666666
EK202310175559,160.86666666666667
EK202310148239,131.36666666666667
EK202310181548,133.33333333333334
EK202310216342,140.7
EK202310160035,137.0
EK202310168843,138.1
EK202310131732,148.33333333333334
EK202310209477,163.0
EK202310237971,161.33333333333334
EK202310129891,152.23333333333332
EK202310171726,154.8
EK202310229665,130.46666666666667
EK202310204967,149.8
EK202310174899,125.5
EK202310116238,156.1
EK202310114560,142.03333333333333
EK202310238506,136.83333333333334
EK202310234905,134.56666666666666
EK202310229020,129.43333333333334
EK202320006240,153.5
EK202310142292,150.76666666666668
EK202310150080,174.53333333333333
EK202310159478,135.53333333333333
EK202310158699,155.13333333333333
EK202310245027,147.13333333333333
EK202310152722,139.56666666666666
EK202310233081,139.2
EK202310246556,136.43333333333334
EK202310105650,130.56666666666666
EK202310190838,148.33333333333334
EK202310218394,155.43333333333334
EK202310118154,139.46666666666667
EK202310131520,150.13333333333333
EK202310139487,133.03333333333333
EK202310146562,144.43333333333334
EK202310205269,152.1
EK202310139486,151.43333333333334
EK202310106738,128.7
EK202310196849,129.36666666666667
EK202310181949,149.53333333333333
EK202310201469,132.06666666666666
EK202310163916,153.0
EK202310221312,168.0
EK202310138582,151.46666666666667
EK202310135507,153.9
EK202310179372,137.33333333333334
EK202310004219,140.1
EK202310158089,139.06666666666666
EK202310150765,142.56666666666666
EK202310191391,139.43333333333334
EK202310112611,146.73333333333332
EK202310107389,142.63333333333333
EK202310233851,144.83333333333334
EK202310151219,141.46666666666667
EK202310232601,136.7
EK202310202073,143.2
EK202310225289,141.86666666666667
EK202310166576,142.1
EK202310224067,139.26666666666668
EK202310136837,140.03333333333333
EK202310177674,134.53333333333333
EK202310246493,150.66666666666666
EK202310183092,148.03333333333333
EK202310109401,144.9
EK202310145629,142.56666666666666
EK202310130973,126.56666666666666
EK202310208348,139.3
EK202310184342,143.7
EK202320007150,149.9
EK202310237789,136.53333333333333
EK202310114883,135.8
EK202310205366,154.16666666666666
EK202310124191,134.53333333333333
EK202310155262,137.7
EK202310220998,143.03333333333333
EK202310220544,120.4
EK202310143757,139.33333333333334
EK202310106423,160.16666666666666
EK202310221380,126.83333333333333
EK202310126488,138.23333333333332
EK202310161364,146.43333333333334
EK202310239501,134.63333333333333
EK202310164868,140.76666666666668
EK202310203126,140.66666666666666
EK202310137546,142.46666666666667
EK202310121376,153.5
EK202310105109,140.3
EK202310205221,162.63333333333333
EK202310188382,165.83333333333334
EK202310241423,163.33333333333334
EK202310167391,134.66666666666666
EK202310228119,161.13333333333333
EK202310207564,146.16666666666666
EK202310141877,135.43333333333334
EK202310244134,138.76666666666668
EK202310148484,148.16666666666666
EK202310213947,140.03333333333333
EK202310189815,143.86666666666667
EK202310196971,152.13333333333333
EK202310170035,134.23333333333332
EK202310118616,141.1
EK202310202991,172.83333333333334
EK202310193605,147.13333333333333
EK202310142332,171.86666666666667
EK202310107201,158.26666666666668
EK202310196602,139.9
EK202310112787,151.9
EK202310237416,127.6
EK202310234910,135.63333333333333
EK202310190727,148.23333333333332
EK202310114532,171.4
EK202310202380,134.03333333333333
EK202310196667,131.86666666666667
EK202310118771,142.26666666666668
EK202310112695,142.53333333333333
EK202310196403,132.26666666666668
EK202310214197,162.96666666666667
EK202310204797,134.36666666666667
EK202310107958,155.8
EK202310130013,142.13333333333333
EK202310135758,139.8
EK202310193054,130.03333333333333
EK202310148141,133.4
EK202310166034,160.0
EK202310158033,156.23333333333332
EK202310150288,160.33333333333334
EK202310113821,130.06666666666666
EK202310179440,167.5
EK202310217819,139.8
EK202310162109,154.26666666666668
EK202310200554,169.9
EK202310115242,136.83333333333334
EK202310154839,152.3
EK202310208688,154.46666666666667
EK202310191490,134.96666666666667
EK202310137318,130.76666666666668
EK202310142738,171.9
EK202310180609,141.0
EK202310158752,156.26666666666668
EK202310181525,142.76666666666668
EK202310236876,144.9
EK202310151933,139.73333333333332
EK202310203259,152.4
EK202310158609,151.03333333333333
EK202310142468,136.73333333333332
EK202310178475,153.46666666666667
EK202310113000,149.2
EK202310112010,148.26666666666668
EK202310141067,173.6
EK202310228986,135.36666666666667
EK202310123898,147.93333333333334
EK202310247624,136.66666666666666
EK202310110313,140.5
EK202310148786,146.5
EK202310200971,139.03333333333333
EK202310202596,153.23333333333332
EK202310196164,151.2
EK202310106209,136.3
EK202310177374,161.63333333333333
EK202310179062,148.23333333333332
EK202310222889,129.26666666666668
EK202310144590,134.9
EK202310136010,139.26666666666668
EK202310157710,143.06666666666666
EK202310168920,139.4
EK202310194908,132.5
EK202310245967,129.83333333333334
EK202310210453,139.86666666666667
EK202310223279,138.76666666666668
EK202310146923,127.7
EK202310231717,133.23333333333332
EK202310133833,154.8
EK202310108447,125.3
EK202310156614,172.93333333333334
EK202310124987,139.1
EK202310215881,131.96666666666667
EK202310161152,171.5
EK202310224348,134.3
EK202310242122,154.73333333333332
EK202310173831,142.73333333333332
EK202310122353,134.36666666666667
EK202310238723,139.0
EK202310232778,159.5
EK202310198262,139.33333333333334
EK202310206795,128.36666666666667
EK202310105061,150.3
EK202310147550,136.83333333333334
EK202310169793,141.8
EK202310174721,128.63333333333333
EK202310197557,163.53333333333333
EK202320007058,167.66666666666666
EK202310201254,138.46666666666667
EK202310243393,130.56666666666666
EK202310225384,137.43333333333334
EK202310004551,136.6
EK202310187388,147.53333333333333
EK202310221213,139.23333333333332
EK202310206186,136.36666666666667
EK202310118966,130.23333333333332
EK202310126228,141.86666666666667
EK202310143806,145.23333333333332
EK202310134776,130.3
EK202310222461,140.56666666666666
EK202310125996,133.6
EK202310219494,127.83333333333333
EK202310110685,136.33333333333334
EK202310222225,134.7
EK202310191983,168.0
EK202310144685,152.16666666666666
EK202310179138,140.43333333333334
EK202310179457,133.96666666666667
EK202310217372,161.86666666666667
EK202310158103,168.0
EK202310167022,136.36666666666667
EK202310148101,135.03333333333333
EK202310174010,139.3
EK202310247906,175.56666666666666
EK202310146964,151.23333333333332
EK202310195616,155.3
EK202310187966,133.13333333333333
EK202310172204,133.86666666666667
EK202310201348,138.03333333333333
EK202310125866,136.6
EK202310107865,141.53333333333333
EK202310116596,143.16666666666666
EK202310247975,164.13333333333333
EK202310118528,138.23333333333332
EK202310148683,142.26666666666668
EK202310158367,158.96666666666667
EK202310126019,125.1
EK202310163868,130.36666666666667
EK202310125121,144.56666666666666
EK202310152576,140.63333333333333
EK202310170352,126.46666666666667
EK202310233529,139.1
EK202310186906,155.73333333333332
EK202310144083,168.7
EK202310184975,145.06666666666666
EK202310178056,142.26666666666668
EK202310188978,154.03333333333333
EK202310217567,131.36666666666667
EK202310184281,176.63333333333333
EK202310140673,141.23333333333332
EK202310228899,136.6
EK202310196162,130.56666666666666
EK202310135089,153.03333333333333
EK202310115752,137.1
EK202310214385,161.1
EK202310232516,147.43333333333334
EK202310220873,140.36666666666667
EK202310172989,147.73333333333332
EK202310240149,142.3
EK202310212616,141.6
EK202310187474,146.76666666666668
EK202310156838,152.96666666666667
EK202310183007,165.8
EK202310227341,174.63333333333333
EK202310110343,156.33333333333334
EK202310198412,153.6
EK202310150894,138.43333333333334
EK202310181422,144.76666666666668
EK202310198432,132.63333333333333
EK202310187779,145.0
EK202310159706,156.46666666666667
EK202310127815,149.66666666666666
EK202310242438,145.8
EK202310145323,145.63333333333333
EK202310130401,158.0
EK202310116797,137.6
EK202310123002,140.46666666666667
EK202310152154,169.1
EK202310117372,140.93333333333334
EK202310116670,124.43333333333334
EK202310237203,130.73333333333332
EK202310162551,152.7
EK202310113370,142.36666666666667
EK202310228900,137.6
EK202310175209,153.36666666666667
EK202310236343,143.03333333333333
EK202310236383,140.43333333333334
EK202310131357,141.2
EK202310159166,133.7
EK202310170247,159.63333333333333
EK202310222379,155.73333333333332
EK202310154909,143.33333333333334
EK202310146442,135.06666666666666
EK202310003774,139.4
EK202310112911,126.6
EK202310227351,157.96666666666667
EK202310209062,139.53333333333333
EK202310238802,131.26666666666668
EK202310210919,149.33333333333334
EK202310232835,136.13333333333333
EK202310117128,135.53333333333333
EK202310219225,152.26666666666668
EK202310174933,158.3
EK202310204676,174.86666666666667
EK202310107148,150.86666666666667
EK202310181371,169.2
EK202310146220,142.36666666666667
EK202310224369,137.6
EK202310114927,144.43333333333334
EK202310177552,136.03333333333333
EK202310221588,167.5
EK202310107465,140.46666666666667
EK202310135932,138.56666666666666
EK202310110876,143.3
EK202310237021,141.7
EK202310109014,141.43333333333334
EK202310140401,138.0
EK202310137294,137.06666666666666
EK202310163064,146.03333333333333
EK202310147482,162.13333333333333
EK202310127284,158.0
EK202310201694,149.26666666666668
EK202310198350,144.53333333333333
EK202310208750,143.46666666666667
EK202310004741,141.43333333333334
EK202310164975,132.9
EK202310219480,137.06666666666666
EK202310213044,135.13333333333333
EK202310225710,138.2
EK202310174791,148.86666666666667
EK202310110800,132.8
EK202310208627,160.43333333333334
EK202310191043,142.36666666666667
EK202310154022,137.6
EK202310224070,135.9
EK202310119217,136.53333333333333
EK202310166221,131.4
EK202310135615,133.36666666666667
EK202310184260,138.2
EK202310123132,144.86666666666667
EK202310234461,141.5
EK202310167872,150.93333333333334
EK202310174913,162.03333333333333
EK202310199190,133.2
EK202310207044,143.3
EK202310121394,136.1
EK202310191133,148.66666666666666
EK202310222955,137.36666666666667
EK202310193537,132.56666666666666
EK202310131922,135.26666666666668
EK202310241321,151.5
EK202310223125,145.13333333333333
EK202310177034,162.9
EK202310189208,147.06666666666666
EK202320006578,176.23333333333332
EK202310204325,137.66666666666666
EK202310104387,150.4
EK202310188941,163.8
EK202310163981,139.13333333333333
EK202310222266,133.83333333333334
EK202310108713,139.3
EK202310201346,143.83333333333334
EK202310218638,130.1
EK202310161345,144.56666666666666
EK202310241526,130.93333333333334
EK202310199356,132.63333333333333
EK202310134515,134.2
EK202310004519,137.4
EK202310135276,163.7
EK202310219279,131.6
EK202310136740,134.53333333333333
EK202310200952,166.43333333333334
EK202310110068,131.73333333333332
EK202310157132,166.03333333333333
EK202310149621,143.53333333333333
EK202310138788,156.66666666666666
EK202310224324,129.4
EK202310239811,140.9
EK202310201046,143.06666666666666
EK202310165503,135.03333333333333
EK202310238259,161.66666666666666
EK202310165302,141.56666666666666
EK202310191144,133.06666666666666
EK202310185640,134.13333333333333
EK202310120926,134.56666666666666
EK202310197879,149.4
EK202310196320,147.7
EK202310220563,141.2
EK202310221699,149.73333333333332
EK202310229519,152.76666666666668
EK202310108573,153.66666666666666
EK202310184582,142.8
EK202310211294,147.53333333333333
EK202310195625,142.33333333333334
EK202310139587,167.3
EK202310118764,134.56666666666666
EK202310110542,139.9
EK202310173704,164.66666666666666
EK202310136262,134.13333333333333
EK202310237271,131.63333333333333
EK202310205898,136.8
EK202310245831,123.93333333333334
EK202310193909,138.4
EK202310204263,144.43333333333334
EK202310105876,134.46666666666667
EK202310192947,144.23333333333332
EK202310183403,136.3
EK202310133788,153.5
EK202310222018,134.83333333333334
EK202310129042,144.1
EK202310227808,136.86666666666667
EK202310218437,170.8
EK202310237736,135.36666666666667
EK202310141333,150.56666666666666
EK202310156395,148.53333333333333
EK202310004469,145.8
EK202310114436,141.8
EK202310118411,135.83333333333334
EK202310163568,141.8
EK202310183481,152.93333333333334
EK202310124719,153.46666666666667
EK202320006725,157.36666666666667
EK202310166370,161.86666666666667
EK202310133824,143.4
EK202310210325,133.63333333333333
EK202310144287,132.96666666666667
EK202310130686,158.46666666666667
EK202310177102,129.7
EK202310168931,137.03333333333333
EK202310235183,135.1
EK202310228458,167.3
EK202310207703,158.23333333333332
EK202310203188,172.3
EK202310111430,132.46666666666667
EK202310244894,141.06666666666666
EK202310113983,135.9
EK202310202824,169.5
EK202310138446,132.76666666666668
EK202310176444,140.8
EK202310126844,137.3
EK202310226840,147.53333333333333
EK202310109459,131.46666666666667
EK202310118743,150.43333333333334
EK202310129553,149.96666666666667
EK202310199845,170.16666666666666
EK202310228563,147.2
EK202310218219,141.7
EK202310197921,154.6
EK202310233068,133.66666666666666
EK202310159242,153.86666666666667
EK202310198622,152.13333333333333
EK202310203352,145.2
EK202310164418,144.43333333333334
EK202310119871,148.93333333333334
EK202310207409,150.86666666666667
EK202310109177,159.63333333333333
EK202310165988,146.93333333333334
EK202310199785,143.66666666666666
EK202310196659,182.06666666666666
EK202310169272,135.9
EK202310197425,137.03333333333333
EK202310175738,138.06666666666666
EK202310135941,130.4
EK202310139904,137.56666666666666
EK202310194855,124.9
EK202310221332,133.33333333333334
EK202310126755,140.13333333333333
EK202310220018,153.73333333333332
EK202310134041,149.76666666666668
EK202310210951,149.63333333333333
EK202310122540,132.0
EK202310205978,141.63333333333333
EK202310159579,145.83333333333334
EK202310118408,144.23333333333332
EK202310115221,140.23333333333332
EK202310120155,144.16666666666666
EK202310163240,144.2
EK202310147464,150.76666666666668
EK202310248306,139.63333333333333
EK202310152592,140.9
EK202310192478,132.23333333333332
EK202310126785,132.46666666666667
EK202310110706,137.2
EK202310182765,149.36666666666667
EK202310248138,140.83333333333334
EK202310186154,133.56666666666666
EK202310181675,175.93333333333334
EK202310217987,148.03333333333333
EK202310179130,129.16666666666666
EK202310135992,139.56666666666666
EK202310221623,142.9
EK202310113128,153.7
EK202310210010,133.0
EK202310163945,155.13333333333333
EK202310239487,136.1
EK202310238588,135.7
EK202310146898,146.46666666666667
EK202310147158,140.73333333333332
EK202310187097,139.63333333333333
EK202310195731,146.1
EK202310105999,147.93333333333334
EK202310200746,156.13333333333333
EK202310129579,135.93333333333334
EK202310197982,165.43333333333334
EK202310183465,141.23333333333332
EK202310105248,135.66666666666666
EK202310142138,132.93333333333334
EK202310171408,132.66666666666666
EK202310131832,142.63333333333333
EK202310211971,138.73333333333332
EK202310240690,139.4
EK202310003608,132.63333333333333
EK202310145836,141.3
EK202310171399,146.93333333333334
EK202310137705,138.9
EK202310136000,153.03333333333333
EK202310133882,133.1
EK202310141636,159.36666666666667
EK202310147290,141.0
EK202310241487,141.53333333333333
EK202310137723,136.0
EK202310140855,138.63333333333333
EK202310177098,152.83333333333334
EK202320006676,180.83333333333334
EK202310112514,143.33333333333334
EK202310141677,145.83333333333334
EK202310175682,160.03333333333333
EK202310236633,138.53333333333333
EK202310196176,135.16666666666666
EK202310156999,137.56666666666666
EK202310213305,133.96666666666667
EK202310200333,159.06666666666666
EK202310196550,137.23333333333332
EK202310226257,134.9
EK202310210514,134.23333333333332
EK202310185954,132.23333333333332
EK202310239737,154.33333333333334
EK202310231636,137.13333333333333
EK202310167744,131.46666666666667
EK202310227786,141.93333333333334
EK202310234832,151.0
EK202310126608,153.26666666666668
EK202310231942,138.66666666666666
EK202310107679,150.0
EK202310154939,148.4
EK202310191434,139.06666666666666
EK202310143462,139.83333333333334
EK202310228890,137.83333333333334
EK202310181791,137.16666666666666
EK202310147122,154.23333333333332
EK202310114485,132.43333333333334
EK202310104634,143.1
EK202310183103,139.93333333333334
EK202310003449,140.86666666666667
EK202310220154,123.96666666666667
EK202310215919,127.06666666666666
EK202310183173,140.93333333333334
EK202310136581,141.76666666666668
EK202310135891,156.26666666666668
EK202310234960,136.63333333333333
EK202310213672,143.6
EK202310160012,140.7
EK202310112248,139.9
EK202310136825,150.73333333333332
EK202310243733,135.03333333333333
EK202310235540,138.36666666666667
EK202310241172,126.73333333333333
EK202310189939,139.23333333333332
EK202310115473,134.46666666666667
EK202310188980,171.4
EK202310248520,143.7
EK202320006015,158.43333333333334
EK202310156531,146.73333333333332
EK202310146465,146.33333333333334
EK202310104718,152.96666666666667
EK202310208272,141.4
EK202310170862,138.53333333333333
EK202310235381,154.63333333333333
EK202310171376,141.36666666666667
EK202310167650,146.03333333333333
EK202310160990,151.2
EK202310195882,132.6
EK202310190552,130.8
EK202310120695,145.06666666666666
EK202310177689,142.8
EK202310116634,138.1
EK202310110519,134.4
EK202310125017,164.76666666666668
EK202310182959,132.9
EK202310181811,154.7
EK202310214725,147.9
EK202310212263,141.2
EK202310122692,161.33333333333334
EK202310215131,137.5
EK202310202575,141.56666666666666
EK202310167856,140.06666666666666
EK202310196698,141.23333333333332
EK202310226483,140.13333333333333
EK202310162014,145.9
EK202310125942,146.03333333333333
EK202310106367,130.13333333333333
EK202310229140,141.46666666666667
EK202310207884,147.36666666666667
EK202310152869,158.26666666666668
EK202310178619,152.36666666666667
EK202310211976,137.86666666666667
EK202310229203,138.93333333333334
EK202310192119,165.16666666666666
EK202310202715,138.8
EK202320007183,167.3
EK202310218337,128.26666666666668
EK202310146967,150.43333333333334
EK202310184808,165.76666666666668
EK202310190764,146.86666666666667
EK202310156823,144.86666666666667
EK202310199791,144.63333333333333
EK202310128548,142.63333333333333
EK202310156699,134.8
EK202310191011,157.7
EK202310192556,139.53333333333333
EK202310201947,142.63333333333333
EK202310180835,140.96666666666667
EK202310218514,138.8
EK202310235403,147.46666666666667
EK202310222338,143.73333333333332
EK202310129625,140.7
EK202320005601,131.8
EK202310167199,151.43333333333334
EK202310216271,164.46666666666667
EK202310186219,156.93333333333334
EK202310200112,147.36666666666667
EK202310240709,136.3
EK202310140388,141.7
EK202310167460,147.96666666666667
EK202310207710,165.06666666666666
EK202310136954,134.13333333333333
EK202310238009,175.5
EK202310241135,150.36666666666667
EK202310118669,134.2
EK202310177676,134.33333333333334
EK202310110622,151.6
EK202310106125,155.53333333333333
EK202310137730,133.03333333333333
EK202310169952,144.6
EK202310201586,148.0
EK202310199082,154.1
EK202310110230,122.3
EK202310169093,163.16666666666666
EK202310151384,171.23333333333332
EK202310118353,133.0
EK202310217860,136.4
EK202310155832,150.8
EK202310192043,153.8
EK202310227031,143.1
EK202310181504,139.9
EK202310123944,144.7
EK202310155457,133.76666666666668
EK202310121127,145.5
EK202310004367,149.9
EK202310113745,127.96666666666667
EK202310121643,147.9
EK202310126640,136.6
EK202310203242,160.1
EK202310144892,139.5
EK202310108440,145.76666666666668
EK202310169807,153.13333333333333
EK202310247122,137.76666666666668
EK202310129519,162.0
EK202310235954,151.13333333333333
EK202310122880,159.66666666666666
EK202310231944,133.96666666666667
EK202310244881,143.33333333333334
EK202310124312,139.03333333333333
EK202310193201,168.86666666666667
EK202310229571,131.76666666666668
EK202310157769,141.26666666666668
EK202310109164,132.33333333333334
EK202310188000,153.86666666666667
EK202310109289,124.7
EK202310157844,137.36666666666667
EK202310237961,165.1
EK202310138503,161.4
EK202310155205,129.66666666666666
EK202310199658,161.16666666666666
EK202310168116,153.2
EK202310236349,129.73333333333332
EK202310003984,153.56666666666666
EK202310227800,148.16666666666666
EK202310238162,133.83333333333334
EK202310207863,136.9
EK202310104629,145.03333333333333
EK202310199877,142.86666666666667
EK202310242313,156.2
EK202310180497,146.06666666666666
EK202310205863,149.33333333333334
EK202310198959,161.6
EK202310150579,150.13333333333333
EK202310142769,166.6
EK202310198383,146.66666666666666
EK202310114099,138.86666666666667
EK202310189094,160.26666666666668
EK202310128005,138.63333333333333
EK202310210639,131.23333333333332
EK202310247606,168.13333333333333
EK202310161724,128.76666666666668
EK202310141881,132.3
EK202310131694,140.33333333333334
EK202310204730,136.83333333333334
EK202310171972,139.53333333333333
EK202310208602,126.46666666666667
EK202310154432,120.8
EK202310122263,126.4
EK202310192830,153.6
EK202310211505,164.16666666666666
EK202310247017,152.13333333333333
EK202310106742,151.43333333333334
EK202310160358,144.13333333333333
EK202310241263,139.06666666666666
EK202310109888,147.83333333333334
EK202310119208,137.23333333333332
EK202310138383,130.06666666666666
EK202310195693,147.13333333333333
EK202310150042,149.46666666666667
EK202310233867,162.7
EK202310151155,137.63333333333333
EK202310152450,143.03333333333333
EK202310216227,140.16666666666666
EK202310119674,150.33333333333334
EK202310151394,167.4
EK202310198198,140.4
EK202310231585,133.4
EK202310220310,172.16666666666666
EK202310133553,131.13333333333333
EK202310119758,146.3
EK202310154895,166.73333333333332
EK202310166029,150.73333333333332
EK202310209935,137.96666666666667
EK202310106150,156.03333333333333
EK202310220446,142.2
EK202310138946,156.6
EK202310136698,136.16666666666666
EK202310237887,137.16666666666666
EK202310133476,152.8
EK202310219601,136.43333333333334
EK202310171218,148.76666666666668
EK202310235182,135.23333333333332
EK202310132648,131.83333333333334
EK202310244452,131.5
EK202310138113,130.6
EK202310187317,136.93333333333334
EK202310179142,135.4
EK202310165891,138.16666666666666
EK202310177495,146.5
EK202310150032,167.36666666666667
EK202310133680,137.46666666666667
EK202310133975,159.0
EK202310203779,134.1
EK202320007546,131.86666666666667
EK202310191528,141.4
EK202310129147,151.83333333333334
EK202310181778,142.4
EK202310230476,161.8
EK202310110448,135.36666666666667
EK202310107980,135.23333333333332
EK202310150018,167.13333333333333
EK202310222076,137.66666666666666
EK202310178437,140.2
EK202310206209,130.33333333333334
EK202310211038,144.5
EK202310130172,174.13333333333333
EK202310166466,169.1
EK202310183473,126.66666666666667
EK202310196150,154.23333333333332
EK202310157693,131.1
EK202310104605,147.43333333333334
EK202310235306,158.26666666666668
EK202310107563,142.36666666666667
EK202310163320,136.2
EK202310136756,134.56666666666666
EK202310211564,133.86666666666667
EK202310232534,129.46666666666667
EK202310132550,136.93333333333334
EK202310160312,158.03333333333333
EK202310234805,145.2
EK202310185938,136.8
EK202310144699,172.93333333333334
EK202310191954,171.6
EK202310146126,131.9
EK202320006284,170.13333333333333
EK202310185460,162.9
EK202310191567,171.83333333333334
EK202310222307,158.8
EK202310105032,136.66666666666666
EK202310230256,144.43333333333334
EK202310220456,148.6
EK202310125059,148.46666666666667
EK202320006649,191.33333333333334
EK202310170919,136.56666666666666
EK202310244926,141.16666666666666
EK202310123389,143.03333333333333
EK202310122848,136.73333333333332
EK202310211774,133.23333333333332
EK202310197231,136.56666666666666
EK202310138568,141.53333333333333
EK202310198554,131.0
EK202310121478,137.2
EK202310236719,139.6
EK202310168801,166.8
EK202310224443,140.06666666666666
EK202310206512,141.53333333333333
EK202310220836,159.6
EK202310247269,143.13333333333333
EK202310131994,130.46666666666667
EK202310134008,129.26666666666668
EK202310157322,145.16666666666666
EK202310143414,164.56666666666666
EK202310173429,145.76666666666668
EK202310217512,127.1
EK202310166684,137.83333333333334
EK202310203358,135.0
EK202310135525,163.4
EK202310190632,144.16666666666666
EK202310109605,153.83333333333334
EK202310209788,136.76666666666668
EK202310184706,140.23333333333332
EK202320006994,144.6
EK202310184357,134.63333333333333
EK202320007190,132.0
EK202310105990,149.23333333333332
EK202310168348,133.43333333333334
EK202310138422,134.03333333333333
EK202310136152,143.96666666666667
EK202310126424,129.1
EK202310147111,157.76666666666668
EK202310231544,129.8
EK202310149122,137.86666666666667
EK202310212352,136.4
EK202310178385,146.46666666666667
EK202310224803,170.76666666666668
EK202310004063,154.5
EK202310206156,151.7
EK202310157699,135.76666666666668
EK202310154414,162.26666666666668
EK202310149221,139.56666666666666
EK202310171384,164.06666666666666
EK202310153408,137.23333333333332
EK202310109654,136.03333333333333
EK202310158683,140.63333333333333
EK202310206976,152.16666666666666
EK202310186788,139.53333333333333
EK202310187515,148.0
EK202310153792,151.76666666666668
EK202310144321,142.36666666666667
EK202310222822,140.63333333333333
EK202310152281,161.6
EK202310003851,160.8
EK202310205656,169.86666666666667
EK202310239556,128.9
EK202310145427,147.86666666666667
EK202310107329,132.56666666666666
EK202310135305,150.26666666666668
EK202310225618,143.06666666666666
EK202310212945,138.56666666666666
EK202310244567,146.4
EK202310188392,141.63333333333333
EK202310188450,161.43333333333334
EK202310119188,141.56666666666666
EK202310156387,145.16666666666666
EK202310154237,138.4
EK202310232890,141.06666666666666
EK202310219207,132.5
EK202310247057,137.26666666666668
EK202310229305,142.13333333333333
EK202310128710,141.4
EK202310179533,144.83333333333334
EK202310115467,127.06666666666666
EK202310237723,130.56666666666666
EK202310197376,153.73333333333332
EK202310135350,145.9
EK202310135038,174.33333333333334
EK202310190843,151.83333333333334
EK202310148220,149.06666666666666
EK202310193335,157.1
EK202310201565,149.5
EK202310108505,147.03333333333333
EK202310236715,144.03333333333333
EK202310149792,142.63333333333333
EK202310193733,160.06666666666666
EK202310248391,139.26666666666668
EK202310134202,152.7
EK202310174938,168.06666666666666
EK202310104253,139.13333333333333
EK202310178227,149.96666666666667
EK202310200622,134.93333333333334
EK202310162938,134.36666666666667
EK202310136715,140.06666666666666
EK202310219551,147.93333333333334
EK202310213720,163.56666666666666
EK202310197334,156.33333333333334
EK202310162409,157.86666666666667
EK202310176758,132.53333333333333
EK202310106155,136.1
EK202310178600,150.5
EK202310181111,138.1
EK202310237737,125.93333333333334
EK202310135634,136.76666666666668
EK202310222019,154.53333333333333
EK202310211690,134.4
EK202310223930,137.46666666666667
EK202310159564,133.93333333333334
EK202310123361,151.0
EK202310154711,174.4
EK202310196284,171.53333333333333
EK202310142525,145.76666666666668
EK202310185635,140.4
EK202310163743,142.0
EK202310176119,147.8
EK202310243732,141.9
EK202310153106,156.93333333333334
EK202310105266,145.73333333333332
EK202310192211,132.06666666666666
EK202310109959,134.26666666666668
EK202310124347,129.26666666666668
EK202310215657,141.53333333333333
EK202310181609,150.03333333333333
EK202310166089,147.66666666666666
EK202310180562,142.26666666666668
EK202310220766,135.5
EK202310208527,147.33333333333334
EK202310197946,136.13333333333333
EK202310165805,134.83333333333334
EK202310184781,149.4
EK202310212044,152.96666666666667
EK202310182865,128.93333333333334
EK202310187564,147.9
EK202310187093,144.96666666666667
EK202310243295,139.03333333333333
EK202310156858,140.7
EK202310123996,169.16666666666666
EK202310120097,128.0
EK202310135094,176.96666666666667
EK202310189874,139.53333333333333
EK202310210390,136.53333333333333
EK202310108372,149.06666666666666
EK202310217559,139.63333333333333
EK202310136995,143.46666666666667
EK202310119918,147.43333333333334
EK202310108102,133.26666666666668
EK202310205335,136.93333333333334
EK202310192571,143.36666666666667
EK202310122214,151.3
EK202310111079,151.36666666666667
EK202310143134,150.76666666666668
EK202310244019,131.7
EK202310238237,141.0
EK202310136960,134.43333333333334
EK202310140905,149.83333333333334
EK202310207571,130.46666666666667
EK202310185887,154.96666666666667
EK202310179874,146.93333333333334
EK202310228155,141.23333333333332
EK202320006551,170.3
EK202310198810,176.83333333333334
EK202310197956,134.16666666666666
EK202310109446,163.06666666666666
EK202310145921,148.5
EK202310127078,138.63333333333333
EK202310106661,135.16666666666666
EK202310107868,138.33333333333334
EK202310137756,124.83333333333333
EK202310112214,150.73333333333332
EK202310223082,133.2
EK202310180270,146.0
EK202310164239,158.2
EK202310126360,134.7
EK202320007775,164.06666666666666
EK202310212210,136.7
EK202310154670,138.06666666666666
EK202310225780,141.93333333333334
EK202310159250,141.56666666666666
EK202310189634,158.53333333333333
EK202310140814,131.06666666666666
EK202310127508,183.2
EK202310218677,136.53333333333333
EK202310128068,140.13333333333333
EK202310113414,130.13333333333333
EK202310127227,137.76666666666668
EK202310119514,134.86666666666667
EK202310228944,133.8
EK202310109272,135.23333333333332
EK202310181673,159.56666666666666
EK202310213638,133.3
EK202310244798,138.56666666666666
EK202310204831,143.6
EK202310208541,141.3
EK202310226684,146.93333333333334
EK202310106021,128.93333333333334
EK202310186790,159.43333333333334
EK202310134623,137.33333333333334
EK202310004353,155.83333333333334
EK202310120823,134.16666666666666
EK202310193351,132.06666666666666
EK202310129759,137.46666666666667
EK202310211069,152.63333333333333
EK202310145710,137.4
EK202310129442,168.06666666666666
EK202310157511,137.06666666666666
EK202310210155,144.43333333333334
EK202310240481,130.16666666666666
EK202310182044,148.86666666666667
EK202310180996,150.43333333333334
EK202310130678,142.0
EK202310003775,129.53333333333333
EK202310155552,143.73333333333332
EK202310111202,139.23333333333332
EK202310108361,142.2
EK202310224126,137.33333333333334
EK202310115508,132.0
EK202310225464,133.3
EK202310198925,129.76666666666668
EK202310143314,144.9
EK202310231386,147.36666666666667
EK202310120970,132.4
EK202310179304,136.86666666666667
EK202310222188,136.63333333333333
EK202310173726,156.23333333333332
EK202310151318,140.36666666666667
EK202310139619,146.06666666666666
EK202310175938,162.26666666666668
EK202310178847,141.86666666666667
EK202310191627,145.3
EK202310180100,144.5
EK202310237846,131.3
EK202310136435,137.26666666666668
EK202310104391,135.1
EK202310182074,144.46666666666667
EK202310197546,166.66666666666666
EK202310237183,158.2
EK202310113688,154.93333333333334
EK202310168496,137.9
EK202310140650,139.16666666666666
EK202310202579,151.66666666666666
EK202310173337,149.0
EK202310148159,143.76666666666668
EK202310177447,136.5
EK202310172439,167.53333333333333
EK202310193776,147.76666666666668
EK202310126160,136.13333333333333
EK202310129091,141.13333333333333
EK202310180011,138.26666666666668
EK202310219524,161.76666666666668
EK202310188997,141.13333333333333
EK202310183044,159.96666666666667
EK202310192813,137.96666666666667
EK202310148696,157.56666666666666
EK202310197244,167.9
EK202310243949,131.8
EK202310223004,165.63333333333333
EK202310159964,141.33333333333334
EK202310226266,145.2
EK202310227381,161.83333333333334
EK202310143706,134.6
EK202310156505,148.6
EK202310146977,145.26666666666668
EK202310207164,152.56666666666666
EK202310115033,138.16666666666666
EK202310197774,168.13333333333333
EK202310183602,163.63333333333333
EK202310163574,131.9
EK202310139474,150.96666666666667
EK202310139787,130.13333333333333
EK202310151771,147.26666666666668
EK202310141474,162.4
EK202310201682,144.73333333333332
EK202310235051,147.03333333333333
EK202310197036,140.9
EK202310208162,135.33333333333334
EK202310192736,145.8
EK202310239207,135.1
EK202310213359,132.56666666666666
EK202310165987,141.96666666666667
EK202310144351,134.23333333333332
EK202310192377,157.66666666666666
EK202310178661,149.46666666666667
EK202310133799,132.26666666666668
EK202310167137,147.13333333333333
EK202310196182,164.93333333333334
EK202310239217,135.83333333333334
EK202310163146,150.53333333333333
EK202310139455,145.93333333333334
EK202310164544,126.66666666666667
EK202310105037,145.6
EK202310168936,165.06666666666666
EK202310182321,135.33333333333334
EK202310223204,139.3
EK202310124648,143.3
EK202310133402,126.7
EK202310189249,138.9
EK202310211896,134.53333333333333
EK202310153695,136.56666666666666
EK202310197047,152.0
EK202310115358,133.13333333333333
EK202310178231,149.7
EK202310140750,165.6
EK202310196690,140.33333333333334
EK202310180158,130.0
EK202310118819,152.7
EK202310129172,124.43333333333334
EK202310160427,155.43333333333334
EK202310217514,142.23333333333332
EK202310228544,130.46666666666667
EK202310129411,150.03333333333333
EK202310120076,131.63333333333333
EK202310147682,142.2
EK202310119579,150.03333333333333
EK202310231294,137.0
EK202310205896,137.6
EK202310168792,156.03333333333333
EK202310194600,134.2
EK202310231773,135.63333333333333
EK202310197094,136.7
EK202310159125,143.23333333333332
EK202310145220,139.53333333333333
EK202310109432,145.83333333333334
EK202310154128,132.9
EK202310226955,133.66666666666666
EK202310232457,121.93333333333334
EK202310196244,149.33333333333334
EK202310246079,141.76666666666668
EK202310168088,144.53333333333333
EK202310128614,135.63333333333333
EK202310156766,151.53333333333333
EK202310208139,139.63333333333333
EK202310167951,146.86666666666667
EK202310140914,137.16666666666666
EK202310123858,145.36666666666667
EK202310246678,164.7
EK202310231310,148.66666666666666
EK202310145596,156.4
EK202310227515,140.73333333333332
EK202310124946,142.43333333333334
EK202310146823,132.3
EK202310135586,142.8
EK202310201307,138.26666666666668
EK202310182403,160.26666666666668
EK202310215443,134.63333333333333
EK202310126298,134.56666666666666
EK202310189734,144.56666666666666
EK202310150496,155.43333333333334
EK202310201647,143.6
EK202310236856,140.96666666666667
EK202310141840,147.93333333333334
EK202310129012,136.16666666666666
EK202310191859,137.4
EK202310128135,132.4
EK202310140784,149.4
EK202310106371,142.13333333333333
EK202310189118,140.63333333333333
EK202310185786,140.23333333333332
EK202310177437,153.23333333333332
EK202310183495,140.13333333333333
EK202310183166,133.33333333333334
EK202310121858,130.73333333333332
EK202310128877,136.53333333333333
EK202310155995,157.33333333333334
EK202310158905,144.53333333333333
EK202310197700,145.5
EK202310135362,145.73333333333332
EK202310238208,159.06666666666666
EK202310225984,140.26666666666668
EK202310196965,155.7
EK202310244512,154.03333333333333
EK202310113816,136.16666666666666
EK202310141423,143.46666666666667
EK202310226411,134.23333333333332
EK202310217081,148.46666666666667
EK202310161000,145.3
EK202310141027,166.66666666666666
EK202310231746,144.0
EK202310209069,143.86666666666667
EK202310142345,156.06666666666666
EK202310117104,140.5
EK202310108603,141.16666666666666
EK202310196141,145.3
EK202310192522,159.76666666666668
EK202310144266,142.9
EK202310203451,163.4
EK202310161877,162.8
EK202310155543,152.7
EK202310123638,157.16666666666666
EK202310145309,144.63333333333333
EK202310138293,146.83333333333334
EK202310227474,132.66666666666666
EK202310227560,133.43333333333334
EK202310152889,169.0
EK202310107200,142.13333333333333
EK202310205243,124.03333333333333
EK202310203128,147.7
EK202310176303,154.76666666666668
EK202310236159,136.1
EK202310146226,146.93333333333334
EK202310114477,130.1
EK202310193701,169.46666666666667
EK202310132862,130.4
EK202310146635,132.33333333333334
EK202310118476,152.13333333333333
EK202310207776,137.93333333333334
EK202310165877,134.33333333333334
EK202320006410,149.26666666666668
EK202310111513,147.43333333333334
EK202310143909,154.13333333333333
EK202310132541,139.7
EK202310209469,153.53333333333333
EK202310103777,128.06666666666666
EK202310138311,148.93333333333334
EK202310155715,154.6
EK202310161111,165.3
EK202310231380,131.86666666666667
EK202310129520,136.06666666666666
EK202310234907,146.63333333333333
EK202310107216,135.6
EK202310106843,137.03333333333333
EK202310204308,149.96666666666667
EK202310214592,162.1
EK202310116839,143.03333333333333
EK202310180647,130.1
EK202310142824,134.83333333333334
EK202310196639,145.56666666666666
EK202310231947,141.1
EK202310135996,147.96666666666667
EK202310225970,129.03333333333333
EK202310232921,140.2
EK202310229671,141.46666666666667
EK202310143117,136.13333333333333
EK202310235001,135.7
EK202310223296,139.96666666666667
EK202310166180,157.7
EK202310144778,138.33333333333334
EK202310140206,161.3
EK202310146221,132.23333333333332
EK202310191931,134.83333333333334
EK202310139195,139.03333333333333
EK202310110326,136.63333333333333
EK202310198683,142.03333333333333
EK202310108642,137.26666666666668
EK202310147919,149.43333333333334
EK202310120403,140.3
EK202310148663,146.43333333333334
EK202310194369,149.1
EK202310188744,139.63333333333333
EK202310197143,140.8
EK202310188007,153.83333333333334
EK202310230690,136.6
EK202310109322,146.46666666666667
EK202310122503,135.9
EK202310208466,145.96666666666667
EK202310169759,141.76666666666668
EK202310004770,142.6
EK202310197055,144.03333333333333
EK202310190099,149.5
EK202310238226,133.66666666666666
EK202310166147,145.56666666666666
EK202320006000,168.93333333333334
EK202310214036,149.4
EK202310004510,139.13333333333333
EK202310144131,129.73333333333332
EK202310182006,151.93333333333334
EK202310115418,138.26666666666668
EK202310203399,153.23333333333332
EK202310219700,147.33333333333334
EK202310141585,136.36666666666667
EK202310236911,146.56666666666666
EK202310153553,144.43333333333334
EK202310152777,154.56666666666666
EK202310216006,150.36666666666667
EK202310159334,153.2
EK202310200189,130.33333333333334
EK202310176376,143.0
EK202310177091,148.1
EK202310135092,171.63333333333333
EK202310152730,154.1
EK202310194718,138.73333333333332
EK202310174761,170.56666666666666
EK202310187516,155.83333333333334
EK202310225948,145.8
EK202310159500,146.73333333333332
EK202320005628,135.2
EK202310150262,177.5
EK202310197555,156.56666666666666
EK202310224652,136.46666666666667
EK202310239239,128.6
EK202310222699,133.7
EK202310115560,153.63333333333333
EK202310179277,133.16666666666666
EK202310202696,150.9
EK202310154234,134.26666666666668
EK202310113254,136.7
EK202310139630,145.2
EK202310202764,154.7
EK202310121640,141.1
EK202310142534,140.13333333333333
EK202310239215,141.43333333333334
EK202310244715,144.56666666666666
EK202310185779,123.96666666666667
EK202310221201,141.43333333333334
EK202310206833,136.63333333333333
EK202310171904,147.5
EK202310178044,159.1
EK202310168114,165.86666666666667
EK202310138587,140.53333333333333
EK202310173356,133.13333333333333
EK202310197110,136.93333333333334
EK202310242357,142.06666666666666
EK202310208746,130.63333333333333
EK202310217847,137.43333333333334
EK202310199265,129.3
EK202310182895,133.63333333333333
EK202310107553,139.8
EK202310107608,141.96666666666667
EK202320005608,172.2
EK202310199563,138.16666666666666
EK202310141002,147.76666666666668
EK202310187238,149.43333333333334
EK202310187741,148.9
EK202310189994,142.13333333333333
EK202310147256,132.36666666666667
EK202310118527,149.63333333333333
EK202310229103,139.2
EK202310135696,125.26666666666667
EK202310165074,140.76666666666668
EK202310205649,128.5
EK202310174231,138.33333333333334
EK202310181105,154.56666666666666
EK202310173608,148.7
EK202310147350,137.96666666666667
EK202310145408,129.56666666666666
EK202310163214,131.06666666666666
EK202310141179,152.7
EK202310235877,140.96666666666667
EK202310168519,154.76666666666668
EK202310111852,138.13333333333333
EK202310120721,137.23333333333332
EK202310239396,148.96666666666667
EK202310125811,173.9
EK202310122414,166.4
EK202310109063,143.53333333333333
EK202310136944,136.3
EK202310112504,146.7
EK202310187424,139.1
EK202310107467,132.96666666666667
EK202310170488,149.2
EK202310221856,130.56666666666666
EK202310146245,134.56666666666666
EK202310211446,145.7
EK202310234464,129.0
EK202310216823,137.9
EK202310158691,141.86666666666667
EK202310130435,135.9
EK202310173064,139.36666666666667
EK202310159177,145.56666666666666
EK202310164312,133.33333333333334
EK202310190628,139.76666666666668
EK202310108846,139.3
EK202310180445,173.86666666666667
EK202310131205,162.83333333333334
EK202310164126,136.56666666666666
EK202310107936,147.8
EK202310243521,148.63333333333333
EK202310208141,139.93333333333334
EK202310190781,137.73333333333332
EK202310172000,134.56666666666666
EK202310190053,154.03333333333333
EK202310233066,131.06666666666666
EK202310131018,131.6
EK202310149945,156.0
EK202310205501,128.06666666666666
EK202310248483,132.06666666666666
EK202310129538,143.9
EK202310167469,166.53333333333333
EK202310106330,143.8
EK202310225391,142.53333333333333
EK202310125703,155.06666666666666
EK202310208418,142.53333333333333
EK202310147781,137.93333333333334
EK202310164598,143.43333333333334
EK202310214120,174.93333333333334
EK202310118444,134.73333333333332
EK202310145109,141.2
EK202310150661,161.56666666666666
EK202310134650,135.76666666666668
EK202310170695,177.46666666666667
EK202310171347,153.73333333333332
EK202310118507,139.16666666666666
EK202310135088,168.03333333333333
EK202310169570,128.66666666666666
EK202310198285,146.4
EK202310244339,134.16666666666666
EK202310218458,155.73333333333332
EK202310167361,139.66666666666666
EK202320006358,148.96666666666667
EK202310155685,144.3
EK202310193521,143.93333333333334
EK202310178456,143.53333333333333
EK202310120435,138.63333333333333
EK202310229594,133.0
EK202310204793,143.26666666666668
EK202310128806,143.6
EK202310145561,145.7
EK202310218298,128.8
EK202310185508,140.7
EK202310169152,151.6
EK202310119338,131.33333333333334
EK202310172073,158.7
EK202310164403,162.4
EK202310228535,134.16666666666666
EK202310233245,133.83333333333334
EK202310247155,147.73333333333332
EK202310184707,147.13333333333333
EK202310244628,141.93333333333334
EK202310184991,126.66666666666667
EK202310200030,147.16666666666666
EK202310131926,135.1
EK202310183294,171.56666666666666
EK202310156979,142.66666666666666
EK202310196008,142.6
EK202310124917,137.26666666666668
EK202310182478,134.73333333333332
EK202310206853,145.9
EK202310131555,148.53333333333333
EK202310134282,145.96666666666667
EK202310120141,169.23333333333332
EK202310246441,142.2
EK202310195921,141.93333333333334
EK202310214428,131.43333333333334
EK202310124519,134.1
EK202310153352,151.36666666666667
EK202310155554,143.93333333333334
EK202310193684,128.86666666666667
EK202310225319,130.8
EK202310148621,130.63333333333333
EK202310237907,141.93333333333334
EK202310202805,133.36666666666667
EK202310161990,146.3
EK202310200477,130.86666666666667
EK202310114915,139.46666666666667
EK202310242909,147.26666666666668
EK202310142330,147.2
EK202310221377,139.33333333333334
EK202310137957,142.46666666666667
EK202310151180,143.06666666666666
EK202310182686,134.16666666666666
EK202310244166,139.06666666666666
EK202310242349,132.43333333333334
EK202310121472,133.53333333333333
EK202310192151,158.13333333333333
EK202310112554,130.66666666666666
EK202310225810,135.9
EK202310235008,125.23333333333333
EK202310217946,154.7
EK202310197822,157.03333333333333
EK202310003944,153.1
EK202310135754,138.9
EK202310235898,137.06666666666666
EK202310171140,133.86666666666667
EK202310145149,161.83333333333334
EK202310202195,146.4
EK202310220091,139.66666666666666
EK202310232376,133.86666666666667
EK202310189509,148.36666666666667
EK202310113709,141.63333333333333
EK202310119993,132.1
EK202310223647,147.23333333333332
EK202310227478,143.46666666666667
EK202310174661,145.7
EK202310165728,164.13333333333333
EK202310182436,169.0
EK202310181591,127.83333333333333
EK202310233458,141.23333333333332
EK202310138708,132.2
EK202310107419,138.76666666666668
EK202310242771,136.96666666666667
EK202310110825,121.9
EK202310148516,146.3
EK202310169259,150.4
EK202310139428,149.9
EK202320005946,176.23333333333332
EK202310212395,139.43333333333334
EK202310211186,141.4
EK202310124150,137.73333333333332
EK202310172970,137.3
EK202310212383,144.86666666666667
EK202310152532,135.66666666666666
EK202310174856,135.83333333333334
EK202310150761,136.73333333333332
EK202310192707,148.83333333333334
EK202320006514,160.16666666666666
EK202310230857,133.56666666666666
EK202310209642,152.63333333333333
EK202310244831,138.26666666666668
EK202310004958,147.2
EK202310222994,154.53333333333333
EK202310122972,142.53333333333333
EK202310240517,159.16666666666666
EK202310154489,144.73333333333332
EK202310149568,164.4
EK202310173750,139.06666666666666
EK202310127136,159.16666666666666
EK202310162460,130.53333333333333
EK202310237884,154.46666666666667
EK202310128591,132.8
EK202310167782,164.5
EK202310173162,144.9
EK202310176040,159.56666666666666
EK202310180187,132.8
EK202310205385,141.8
EK202310189417,146.83333333333334
EK202310110265,135.43333333333334
EK202310175081,156.83333333333334
EK202310241247,145.33333333333334
EK202310210940,127.03333333333333
EK202310239869,147.0
EK202310208022,136.56666666666666
EK202310186683,135.63333333333333
EK202310244974,146.6
EK202310196503,127.86666666666666
EK202310147774,155.86666666666667
EK202310194263,164.06666666666666
EK202310188228,146.83333333333334
EK202310164624,142.8
EK202310153042,159.56666666666666
EK202310157883,152.73333333333332
EK202310110532,144.66666666666666
EK202310166599,143.86666666666667
EK202310153767,153.1
EK202310126138,133.43333333333334
EK202310121044,148.53333333333333
EK202310133142,154.53333333333333
EK202310128385,137.4
EK202310175042,135.83333333333334
EK202310189448,148.96666666666667
EK202310190050,141.0
EK202310172092,144.36666666666667
EK202310207334,132.13333333333333
EK202310182559,130.3
EK202310137090,159.56666666666666
EK202310190532,141.03333333333333
EK202310236425,136.06666666666666
EK202310203185,123.3
EK202310168314,142.73333333333332
EK202310151263,171.36666666666667
EK202310108095,146.5
EK202310232838,149.53333333333333
EK202310135295,155.06666666666666
EK202310163910,152.83333333333334
EK202310194553,150.3
EK202310174190,139.66666666666666
EK202310231328,133.33333333333334
EK202310147991,156.33333333333334
EK202310161571,172.26666666666668
EK202310240598,136.76666666666668
EK202310236106,141.73333333333332
EK202310109500,141.63333333333333
EK202320005589,159.53333333333333
EK202310143413,145.76666666666668
EK202310153498,153.46666666666667
EK202310181818,129.86666666666667
EK202310137951,139.53333333333333
EK202310158889,141.2
EK202310147118,148.8
EK202310153978,164.86666666666667
EK202310107126,145.53333333333333
EK202310145858,135.0
EK202310220104,137.16666666666666
EK202310112400,137.3
EK202310236894,143.03333333333333
EK202310217550,145.36666666666667
EK202310236693,137.46666666666667
EK202310217785,132.76666666666668
EK202310235143,149.9
EK202310182831,149.96666666666667
EK202310117677,155.8
EK202310207224,145.5
EK202310217694,142.7
EK202310144000,143.7
EK202310165837,155.0
EK202310211421,150.76666666666668
EK202310004270,160.16666666666666
EK202310189309,140.43333333333334
EK202310127417,131.1
EK202310197347,174.83333333333334
EK202310209401,162.03333333333333
EK202310180542,134.56666666666666
EK202310162786,133.93333333333334
EK202310223059,141.53333333333333
EK202310147692,144.36666666666667
EK202310244440,159.93333333333334
EK202310180779,135.6
EK202310189325,133.5
EK202310110924,136.6
EK202310157687,136.0
EK202310154799,142.5
EK202310169628,134.36666666666667
EK202310169107,153.23333333333332
EK202310105506,139.63333333333333
EK202310154969,137.46666666666667
EK202310122511,139.2
EK202310156453,166.7
EK202310246928,128.13333333333333
EK202310203362,157.26666666666668
EK202310138843,145.7
EK202310157857,156.46666666666667
EK202310236705,144.2
EK202310236064,131.7
EK202310190655,138.7
EK202310232773,161.6
EK202310209352,128.76666666666668
EK202310196574,138.23333333333332
EK202310153431,136.63333333333333
EK202310213738,142.26666666666668
EK202310159195,177.3
EK202310192497,138.73333333333332
EK202310179803,131.33333333333334
EK202310122219,129.43333333333334
EK202310121778,163.96666666666667
EK202310240799,144.56666666666666
EK202310186388,151.0
EK202310227442,140.83333333333334
EK202310236831,134.1
EK202310146534,135.36666666666667
EK202310108548,129.86666666666667
EK202310127039,133.36666666666667
EK202310239867,152.93333333333334
EK202310140091,159.36666666666667
EK202320007345,144.06666666666666
EK202310181587,143.83333333333334
EK202310183586,179.53333333333333
EK202310161537,157.53333333333333
EK202310221929,142.46666666666667
EK202310115533,136.16666666666666
EK202310245422,129.16666666666666
EK202310134303,146.86666666666667
EK202310206878,140.26666666666668
EK202310143077,130.96666666666667
EK202310187766,141.03333333333333
EK202310233861,158.0
EK202310145715,134.76666666666668
EK202310186238,131.43333333333334
EK202310168663,135.56666666666666
EK202310230983,137.8
EK202310139816,142.3
EK202310206473,137.3
EK202310153829,148.0
EK202310182371,164.8
EK202310173647,134.2
EK202310114150,133.1
EK202310242508,140.86666666666667
EK202310203427,154.43333333333334
EK202310132984,135.76666666666668
EK202310117793,129.6
EK202310138841,147.7
EK202310139058,146.16666666666666
EK202310164995,147.5
EK202310202198,153.46666666666667
EK202310160037,139.06666666666666
EK202310138091,144.6
EK202310183753,137.1
EK202310211184,143.1
EK202310187233,142.13333333333333
EK202310225971,134.36666666666667
EK202310155927,135.6
EK202310123628,129.66666666666666
EK202310183593,171.4
EK202310196797,134.63333333333333
EK202310129620,143.0
EK202310157287,149.66666666666666
EK202310181152,138.56666666666666
EK202310203161,150.46666666666667
EK202310247889,129.53333333333333
EK202310205874,129.9
EK202310175828,138.46666666666667
EK202310141292,152.23333333333332
EK202310127480,129.5
EK202310112716,149.4
EK202310200229,141.36666666666667
EK202310112035,140.73333333333332
EK202310204257,130.43333333333334
EK202310145471,145.06666666666666
EK202310210409,135.53333333333333
EK202310166832,136.73333333333332
EK202310248711,140.86666666666667
EK202310177732,136.1
EK202310160771,140.4
EK202310136073,136.4
EK202310182269,140.56666666666666
EK202310240985,145.66666666666666
EK202310106392,136.96666666666667
EK202310208908,136.16666666666666
EK202310113165,137.73333333333332
EK202310152602,131.26666666666668
EK202310210636,139.3
EK202310140721,131.73333333333332
EK202310148290,142.03333333333333
EK202310199880,138.63333333333333
EK202310227144,132.86666666666667
EK202310147589,136.8
EK202310004177,150.2
EK202310138763,147.26666666666668
EK202310172464,180.63333333333333
EK202310105200,159.2
EK202310184573,147.9
EK202310208816,138.53333333333333
EK202310109118,146.76666666666668
EK202310200139,139.6
EK202310133070,134.66666666666666
EK202310122855,158.53333333333333
EK202310233834,138.03333333333333
EK202310209821,144.46666666666667
EK202310124502,159.56666666666666
EK202310187088,151.3
EK202310133122,165.06666666666666
EK202310004846,138.66666666666666
EK202310147252,132.66666666666666
EK202310175414,135.53333333333333
EK202310181170,144.1
EK202310004408,136.46666666666667
EK202310125748,152.66666666666666
EK202310131440,141.56666666666666
EK202310192559,132.93333333333334
EK202310192910,148.7
EK202310180784,161.1
EK202310236540,150.1
EK202310175339,133.76666666666668
EK202310160527,165.46666666666667
EK202310236221,153.83333333333334
EK202310238864,158.23333333333332
EK202310166680,141.4
EK202310117287,133.2
EK202310192797,135.13333333333333
EK202310200327,136.36666666666667
EK202310176045,159.2
EK202310148346,141.86666666666667
EK202310142274,153.96666666666667
EK202310122242,138.93333333333334
EK202310126568,132.9
EK202310204418,141.0
EK202310156236,146.46666666666667
EK202310189484,134.86666666666667
EK202310137543,131.36666666666667
EK202320007300,157.86666666666667
EK202310198932,128.6
EK202310108514,142.63333333333333
EK202310219932,146.86666666666667
EK202310132147,154.13333333333333
EK202310227649,180.13333333333333
EK202310224668,139.2
EK202310156447,153.7
EK202310210496,135.83333333333334
EK202310152297,148.26666666666668
EK202310187324,136.06666666666666
EK202310247309,139.13333333333333
EK202310190789,142.1
EK202310199601,142.13333333333333
EK202310239017,130.96666666666667
EK202310106841,143.96666666666667
EK202310182928,126.86666666666666
EK202310204568,144.76666666666668
EK202310243353,142.8
EK202310123522,138.2
EK202310162526,153.16666666666666
EK202310214114,171.3
EK202310197207,169.9
EK202310232110,137.26666666666668
EK202310179397,172.5
EK202310155653,125.7
EK202310004343,131.23333333333332
EK202310192586,155.66666666666666
EK202310186352,148.16666666666666
EK202310124214,128.93333333333334
EK202310228925,131.1
EK202310112746,166.33333333333334
EK202310158948,148.06666666666666
EK202310210700,134.86666666666667
EK202310164939,148.16666666666666
EK202310183358,179.46666666666667
EK202310144690,146.63333333333333
EK202310206169,144.9
EK202310107548,146.13333333333333
EK202310213425,133.36666666666667
EK202310127466,132.86666666666667
EK202310215414,174.63333333333333
EK202310113096,139.73333333333332
EK202310177778,156.56666666666666
EK202310225362,142.13333333333333
EK202310164338,156.6
EK202310247571,166.3
EK202310126985,132.5
EK202310226690,158.03333333333333
EK202310122754,138.8
EK202310114324,138.06666666666666
EK202310162544,149.9
EK202310185834,131.0
EK202310147784,138.86666666666667
EK202310122287,150.0
EK202310169104,152.56666666666666
EK202310212851,160.53333333333333
EK202310004912,141.0
EK202310122676,156.8
EK202310241678,148.43333333333334
EK202310235919,134.9
EK202310200266,153.86666666666667
EK202310229111,135.1
EK202310143535,156.9
EK202310132424,122.86666666666666
EK202310150394,134.13333333333333
EK202310121122,146.0
