id,TARGET
EK202310003556,128.208984375
EK202310170625,158.22265625
EK202310167359,155.212890625
EK202310118370,130.3134765625
EK202320006361,142.9208984375
EK202310003542,133.595703125
EK202310125266,143.0322265625
EK202310144740,125.6376953125
EK202310137443,143.0615234375
EK202310159067,166.4423828125
EK202310245067,120.392578125
EK202310240556,132.623046875
EK202310166743,130.115234375
EK202310247454,129.3525390625
EK202310215702,146.84765625
EK202310142190,163.689453125
EK202310205417,133.52734375
EK202310119601,131.8408203125
EK202310190356,132.2861328125
EK202310158758,141.8828125
EK202310145496,124.40234375
EK202310164763,151.720703125
EK202310200188,133.55859375
EK202310238803,162.064453125
EK202320005607,180.8828125
EK202310225681,148.7275390625
EK202310127174,132.5166015625
EK202310204317,162.4384765625
EK202310179355,130.7431640625
EK202310176524,151.7431640625
EK202310237228,124.8759765625
EK202310172549,157.8427734375
EK202310168863,131.3193359375
EK202310185904,157.7294921875
EK202310133615,169.03515625
EK202310122063,132.6806640625
EK202310121770,144.3916015625
EK202310125590,129.6181640625
EK202310172269,132.462890625
EK202310147894,141.7451171875
EK202310137986,132.4326171875
EK202310150838,135.9345703125
EK202310104915,127.79296875
EK202310170090,131.1142578125
EK202310165637,137.9306640625
EK202310134467,135.7685546875
EK202310182637,157.7998046875
EK202310112116,150.74609375
EK202310241220,156.349609375
EK202310103801,148.45703125
EK202310177448,128.4521484375
EK202310157860,181.1083984375
EK202310211985,137.1162109375
EK202310232907,130.5654296875
EK202310162917,151.119140625
EK202310211786,119.6826171875
EK202310132171,156.748046875
EK202310153694,140.591796875
EK202310174960,157.3916015625
EK202310121096,126.2890625
EK202310222475,124.30859375
EK202310146254,148.1474609375
EK202310111466,130.6435546875
EK202310004385,165.20703125
EK202310108961,129.2490234375
EK202310203170,132.5654296875
EK202310161424,169.9521484375
EK202310206583,139.7138671875
EK202310138840,125.6767578125
EK202310221976,145.3583984375
EK202310143972,124.0654296875
EK202310175420,139.517578125
EK202310227655,147.3330078125
EK202310163389,143.05078125
EK202310239480,147.7216796875
EK202310146467,137.9716796875
EK202310162597,130.7587890625
EK202310194862,138.115234375
EK202310152448,146.3857421875
EK202310245431,151.560546875
EK202310206822,163.5732421875
EK202310166559,156.58984375
EK202310221701,155.265625
EK202310231403,123.869140625
EK202310156027,140.111328125
EK202310135956,141.4833984375
EK202310183176,126.2041015625
EK202310206055,166.470703125
EK202310167360,140.703125
EK202310142701,142.2724609375
EK202310156629,175.72265625
EK202310241352,150.337890625
EK202310123587,159.798828125
EK202310003639,159.8828125
EK202310158269,141.8583984375
EK202320007090,154.1171875
EK202310111707,138.4443359375
EK202310104096,144.1826171875
EK202310235404,120.9873046875
EK202310108783,142.60546875
EK202310116298,127.6669921875
EK202310156281,159.953125
EK202310164483,139.0654296875
EK202310108212,123.3701171875
EK202310233950,143.669921875
EK202310157041,132.1376953125
EK202310104522,132.4384765625
EK202310175972,152.0634765625
EK202310225965,136.5830078125
EK202310138403,134.3017578125
EK202310234452,134.24609375
EK202310104614,166.2802734375
EK202310117970,133.765625
EK202310128727,132.1474609375
EK202310190230,140.8623046875
EK202310201465,158.7041015625
EK202310197534,173.7822265625
EK202310171846,124.47265625
EK202310193751,144.5595703125
EK202310242967,136.0556640625
EK202310112852,166.5869140625
EK202310132804,137.67578125
EK202310127612,144.3291015625
EK202310136082,184.673828125
EK202310186665,154.14453125
EK202310156519,136.064453125
EK202310108430,150.0029296875
EK202310164930,145.8740234375
EK202310153971,153.8876953125
EK202310129412,133.13671875
EK202310124383,127.4873046875
EK202310215858,165.53125
EK202310104131,149.8681640625
EK202310185040,149.033203125
EK202310119251,145.4326171875
EK202310191724,156.5234375
EK202310149922,123.390625
EK202310176193,142.5263671875
EK202310204311,165.5654296875
EK202310248324,161.0126953125
EK202310120496,132.4052734375
EK202310233548,137.86328125
EK202310219178,142.1689453125
EK202310114723,140.6376953125
EK202310185832,160.2734375
EK202310106587,164.0966796875
EK202310239252,136.3984375
EK202310208710,138.599609375
EK202310244056,122.591796875
EK202310223702,126.4326171875
EK202310236969,125.306640625
EK202310196070,146.6728515625
EK202310227710,137.0791015625
EK202310119702,145.2392578125
EK202310143351,139.8759765625
EK202310144967,130.21484375
EK202310207097,134.4765625
EK202310193281,124.2861328125
EK202310223068,144.1220703125
EK202310158743,121.2763671875
EK202310142353,145.123046875
EK202310154024,149.2890625
EK202310136326,135.5205078125
EK202320006526,150.5263671875
EK202310240160,132.1591796875
EK202310230270,138.126953125
EK202310209591,133.548828125
EK202310201937,159.548828125
EK202310138686,146.146484375
EK202310125946,141.2529296875
EK202310112949,146.8173828125
EK202310128660,165.6669921875
EK202310223565,144.80078125
EK202310155372,153.001953125
EK202310229467,135.4580078125
EK202310232289,151.146484375
EK202310142439,160.2666015625
EK202310128595,130.619140625
EK202310228661,125.771484375
EK202310220811,137.775390625
EK202310104677,149.470703125
EK202310108708,145.8759765625
EK202310235044,123.80859375
EK202310141363,144.0732421875
EK202310174855,151.4951171875
EK202310154755,139.865234375
EK202310157326,141.9365234375
EK202310228659,145.2998046875
EK202310215026,160.529296875
EK202310177129,132.712890625
EK202310178830,158.1064453125
EK202310222959,129.7607421875
EK202320007347,137.61328125
EK202310153807,153.6845703125
EK202310165563,160.2763671875
EK202310240070,128.0810546875
EK202310171642,132.5830078125
EK202310221419,141.228515625
EK202310210258,146.08984375
EK202310108225,136.6064453125
EK202310156515,137.9833984375
EK202320006021,176.9951171875
EK202310214746,144.5107421875
EK202310166648,152.486328125
EK202310243041,144.2900390625
EK202310227731,107.4970703125
EK202310118513,134.1005859375
EK202310240129,145.6796875
EK202310140813,144.6474609375
EK202310181628,151.578125
EK202310126085,132.40625
EK202310246101,146.5712890625
EK202310113312,134.3251953125
EK202310217968,134.1025390625
EK202310213114,136.32421875
EK202310219800,143.9921875
EK202310184495,140.390625
EK202310119316,132.373046875
EK202310180007,141.724609375
EK202310199156,138.359375
EK202310177234,146.9033203125
EK202310226743,139.5732421875
EK202310189141,137.6845703125
EK202320006005,145.2119140625
EK202310227823,134.03515625
EK202310174022,145.5224609375
EK202310134374,144.052734375
EK202310200180,121.8408203125
EK202310161433,149.787109375
EK202310121700,141.966796875
EK202310237451,140.12109375
EK202310192827,160.1689453125
EK202310160428,156.6015625
EK202310205223,146.0361328125
EK202310111659,161.3076171875
EK202310218773,149.7685546875
EK202310161247,137.939453125
EK202310109618,141.8271484375
EK202310155619,141.78515625
EK202310135096,159.5185546875
EK202310188704,146.77734375
EK202310198311,154.2197265625
EK202310138345,135.8876953125
EK202310187653,135.203125
EK202310223676,152.9560546875
EK202310165688,129.078125
EK202310104779,145.580078125
EK202320007241,172.779296875
EK202310247012,124.2197265625
EK202310115649,133.8740234375
EK202310158687,141.5048828125
EK202310139898,143.275390625
EK202310183012,143.880859375
EK202310189323,179.458984375
EK202310236084,133.3642578125
EK202310187745,147.7099609375
EK202310213754,149.1201171875
EK202310207691,135.8720703125
EK202310213360,137.6318359375
EK202310134511,133.9599609375
EK202310162421,138.923828125
EK202310137854,136.2685546875
EK202310150901,135.921875
EK202310114810,138.388671875
EK202310110564,132.876953125
EK202310188498,111.0595703125
EK202310122137,143.5244140625
EK202310234827,142.640625
EK202310123845,150.4365234375
EK202310117679,155.107421875
EK202310226733,137.748046875
EK202310146806,140.3779296875
EK202310186532,138.4658203125
EK202310198523,128.9091796875
EK202310169242,149.9951171875
EK202310189605,142.5458984375
EK202310177460,147.90234375
EK202310156053,141.3837890625
EK202310138997,138.9365234375
EK202310231114,129.8271484375
EK202310147763,135.5908203125
EK202310119709,153.8330078125
EK202310121129,148.369140625
EK202310137901,138.3037109375
EK202310144077,149.4580078125
EK202310110337,127.6162109375
EK202310184408,133.130859375
EK202310215841,114.9072265625
EK202310157214,153.0205078125
EK202310193140,129.5400390625
EK202310216105,137.1298828125
EK202310246420,124.3701171875
EK202310118424,126.494140625
EK202310144290,139.134765625
EK202310236171,138.37109375
EK202310161913,146.7861328125
EK202310116195,143.36328125
EK202310140252,132.7255859375
EK202310238025,149.7109375
EK202310146861,139.4931640625
EK202310125756,137.212890625
EK202310211082,132.6064453125
EK202310202590,121.935546875
EK202310212292,144.248046875
EK202310151188,141.6591796875
EK202310186431,179.4345703125
EK202310197054,142.9287109375
EK202310229535,134.7626953125
EK202310237693,127.330078125
EK202310127899,139.740234375
EK202310125513,126.87890625
EK202310143417,151.318359375
EK202310114922,141.548828125
EK202310185011,147.16015625
EK202310157380,144.5556640625
EK202310242841,137.1904296875
EK202310128764,115.21484375
EK202310160302,134.427734375
EK202310132265,134.1787109375
EK202310142152,139.90625
EK202310184138,145.59375
EK202310218922,146.322265625
EK202310105732,136.1416015625
EK202310202421,134.7763671875
EK202310204745,131.857421875
EK202310231651,137.640625
EK202310206373,147.302734375
EK202310231327,144.0908203125
EK202310129440,137.115234375
EK202310229405,151.765625
EK202310233561,138.560546875
EK202310141433,160.654296875
EK202310164651,146.3271484375
EK202310201935,142.021484375
EK202310184574,126.703125
EK202310223915,154.4658203125
EK202310200908,162.287109375
EK202310128941,146.0751953125
EK202310186952,143.984375
EK202310193974,154.5458984375
EK202310169879,159.458984375
EK202310172093,131.2783203125
EK202310184529,122.220703125
EK202310230089,139.623046875
EK202310181118,150.560546875
EK202310204225,156.583984375
EK202310112100,138.986328125
EK202310222373,163.4404296875
EK202310182126,145.0546875
EK202310169072,141.0751953125
EK202310203100,145.8310546875
EK202310228065,159.0693359375
EK202310003374,125.1064453125
EK202310231993,142.546875
EK202310166999,149.3466796875
EK202310113561,157.1416015625
EK202310150384,157.1767578125
EK202310204151,148.81640625
EK202310243179,159.822265625
EK202310229664,137.3427734375
EK202310214850,139.978515625
EK202310203348,156.9521484375
EK202310146725,128.3828125
EK202310134763,129.2177734375
EK202310145729,160.7451171875
EK202310246535,138.107421875
EK202310141577,134.1484375
EK202310216160,133.55078125
EK202310116782,133.236328125
EK202310211327,143.66015625
EK202310204090,147.48046875
EK202310175898,158.962890625
EK202310226259,146.732421875
EK202310151274,134.947265625
EK202310154215,143.9189453125
EK202310174277,146.8740234375
EK202320006496,161.6982421875
EK202310141969,150.3154296875
EK202320005622,137.8525390625
EK202310157093,144.7060546875
EK202310139909,145.75
EK202310209908,137.4326171875
EK202310218730,134.7099609375
EK202310229718,128.3056640625
EK202310111615,137.99609375
EK202310138168,135.947265625
EK202310162118,162.0048828125
EK202310164185,132.9140625
EK202310123341,137.75
EK202310154152,129.505859375
EK202310169662,139.65625
EK202310195289,139.1708984375
EK202310247758,162.8203125
EK202310223580,134.30078125
EK202310104690,140.765625
EK202310234439,132.2919921875
EK202310225052,179.2490234375
EK202310139674,154.298828125
EK202310186662,124.4775390625
EK202310198339,150.0771484375
EK202310219978,146.9501953125
EK202310205279,141.2744140625
EK202310241147,152.7646484375
EK202310225981,165.3291015625
EK202310168112,142.5400390625
EK202310226106,147.96484375
EK202310116095,135.611328125
EK202310114593,138.5283203125
EK202310175636,137.734375
EK202310117905,159.6240234375
EK202310200614,155.6533203125
EK202310137390,139.6640625
EK202310196458,153.5087890625
EK202310212839,155.2890625
EK202310149449,160.9306640625
EK202310172721,149.6455078125
EK202310133382,127.6650390625
EK202310171991,159.9873046875
EK202310178147,148.3662109375
EK202310210822,123.9033203125
EK202310169958,149.6328125
EK202310216612,139.4697265625
EK202310190351,143.9482421875
EK202310128333,145.1875
EK202310156052,140.708984375
EK202310207300,137.115234375
EK202310148098,141.5078125
EK202310236834,153.9892578125
EK202310206502,133.5380859375
EK202310232490,148.212890625
EK202310115920,140.12109375
EK202310155557,142.267578125
EK202310118792,157.07421875
EK202310213449,151.2978515625
EK202310157956,142.201171875
EK202310202461,156.0009765625
EK202310210080,162.5791015625
EK202310123713,143.666015625
EK202310138636,152.228515625
EK202310197194,147.224609375
EK202310136131,171.06640625
EK202310194280,139.318359375
EK202310144073,174.8369140625
EK202310196767,160.7392578125
EK202310152659,138.9208984375
EK202310119318,128.95703125
EK202310175079,146.822265625
EK202310246973,146.71484375
EK202310177069,131.4990234375
EK202310228915,136.4072265625
EK202310237967,135.5546875
EK202310004766,136.18359375
EK202310197580,168.7255859375
EK202310163370,160.7392578125
EK202310126258,121.0078125
EK202320006245,167.826171875
EK202310214455,145.77734375
EK202310225077,169.7490234375
EK202310121345,135.5595703125
EK202310118753,120.9697265625
EK202310209148,146.943359375
EK202310235651,128.7685546875
EK202310195584,150.2216796875
EK202310131541,139.1484375
EK202310167958,159.5888671875
EK202310232848,131.88671875
EK202310112373,135.1357421875
EK202310247588,161.6455078125
EK202310124781,145.6826171875
EK202310187345,163.3251953125
EK202310117200,150.537109375
EK202310103838,126.1376953125
EK202310123310,132.0810546875
EK202310193567,145.0576171875
EK202310176987,145.3662109375
EK202310217483,122.88671875
EK202310219653,119.7861328125
EK202310189258,152.2138671875
EK202310213235,146.4326171875
EK202310148485,140.7412109375
EK202310243846,127.296875
EK202310157685,144.3984375
EK202310228217,185.8076171875
EK202310167414,157.2744140625
EK202310116553,124.0615234375
EK202310154306,142.861328125
EK202310218246,142.0634765625
EK202310214924,154.005859375
EK202310124301,141.7216796875
EK202310132969,131.4990234375
EK202310116665,150.9892578125
EK202310126109,149.0634765625
EK202310246626,145.9111328125
EK202310165655,121.697265625
EK202310222900,137.4580078125
EK202310183920,141.4345703125
EK202310188655,139.0478515625
EK202310140837,150.5732421875
EK202310110105,124.7177734375
EK202310166926,158.67578125
EK202310222571,155.75390625
EK202310130862,153.9873046875
EK202310159918,148.041015625
EK202310191732,174.8125
EK202310154430,165.943359375
EK202310209379,135.4365234375
EK202310242826,162.99609375
EK202310127621,134.3017578125
EK202310144269,147.8564453125
EK202310168554,170.1689453125
EK202310225096,123.9716796875
EK202310004191,134.9833984375
EK202310198832,128.8935546875
EK202310166122,169.4619140625
EK202310197812,170.8896484375
EK202310173577,133.7587890625
EK202310107780,127.849609375
EK202310200080,139.607421875
EK202310244832,151.9033203125
EK202310153701,155.9384765625
EK202310248897,151.3310546875
EK202310238758,148.60546875
EK202310180956,165.306640625
EK202310133597,172.4130859375
EK202310165926,142.5458984375
EK202310113563,154.67578125
EK202310219177,144.8876953125
EK202310215546,143.52734375
EK202310239803,133.4228515625
EK202310170081,123.6083984375
EK202310206625,147.966796875
EK202310104069,135.697265625
EK202310186393,166.8583984375
EK202310173267,137.6689453125
EK202310110426,141.466796875
EK202310164765,137.59765625
EK202310158220,130.6318359375
EK202310168816,142.548828125
EK202310204071,148.166015625
EK202310157259,141.78515625
EK202310156843,143.8935546875
EK202310223529,129.2060546875
EK202310149961,152.193359375
EK202310108241,127.779296875
EK202310168245,142.0341796875
EK202310191021,141.189453125
EK202310165776,136.98046875
EK202310172874,146.41796875
EK202310163779,132.5869140625
EK202310188731,163.9775390625
EK202310105850,146.2265625
EK202310129025,155.1708984375
EK202310122251,135.9736328125
EK202310233739,128.7705078125
EK202310145467,147.708984375
EK202310125541,132.6171875
EK202310128736,145.4873046875
EK202310157339,146.8955078125
EK202310204674,155.517578125
EK202310199931,131.0966796875
EK202310159776,153.6689453125
EK202310233618,159.0048828125
EK202310209554,167.392578125
EK202310147590,156.37890625
EK202310233558,124.8046875
EK202310141475,148.2041015625
EK202310192184,130.5078125
EK202310121465,125.8515625
EK202310144674,158.865234375
EK202310225145,147.8212890625
EK202310211862,129.9609375
EK202310218476,131.5302734375
EK202310227106,160.23828125
EK202310184475,128.9365234375
EK202310132027,138.2255859375
EK202310134826,135.1611328125
EK202310182784,163.05859375
EK202310236142,105.4755859375
EK202310215997,168.9462890625
EK202310218885,152.6123046875
EK202310189497,136.623046875
EK202310242392,133.009765625
EK202310139831,131.5654296875
EK202310159899,123.7138671875
EK202320007536,158.7548828125
EK202310205864,152.6533203125
EK202310205412,152.2080078125
EK202310178623,152.3974609375
EK202310144137,142.1767578125
EK202310156851,145.111328125
EK202310200692,126.619140625
EK202310221442,147.6083984375
EK202310225402,136.5673828125
EK202310128314,146.2041015625
EK202310135585,149.767578125
EK202310230304,155.673828125
EK202310106564,139.859375
EK202310195276,121.6552734375
EK202310168561,137.3916015625
EK202310238035,152.01953125
EK202310210412,132.537109375
EK202310193015,148.8701171875
EK202310160429,155.8095703125
EK202310203227,138.87890625
EK202310144260,137.2802734375
EK202310231994,144.9169921875
EK202310169556,142.9072265625
EK202310112231,147.302734375
EK202310179305,121.0439453125
EK202310111693,136.1337890625
EK202310163778,150.322265625
EK202310197562,158.451171875
EK202310147780,145.2802734375
EK202310165497,176.5888671875
EK202310191527,138.8525390625
EK202310106149,131.59375
EK202310179787,116.67578125
EK202310247018,163.490234375
EK202310177578,157.671875
EK202310138872,169.0
EK202310204378,131.1728515625
EK202310146296,136.5908203125
EK202310110160,135.4677734375
EK202310179095,159.3671875
EK202310220481,117.27734375
EK202310227227,160.6474609375
EK202310234336,155.9345703125
EK202310145809,131.2890625
EK202310209306,147.537109375
EK202310225649,133.384765625
EK202310226704,153.7900390625
EK202310157072,151.4228515625
EK202310121530,133.72265625
EK202310165600,138.3212890625
EK202310197233,147.818359375
EK202310184332,132.9052734375
EK202310143743,143.2001953125
EK202310154640,142.17578125
EK202310158286,133.2978515625
EK202310123880,140.5712890625
EK202310182423,164.380859375
EK202310124053,131.1259765625
EK202310206144,139.0048828125
EK202310140890,157.71484375
EK202310127015,130.755859375
EK202310134941,147.537109375
EK202310119304,140.5185546875
EK202310212796,141.77734375
EK202310108377,124.966796875
EK202310174180,137.3505859375
EK202310239157,144.4990234375
EK202310216632,150.1005859375
EK202310172285,136.8115234375
EK202310150279,160.068359375
EK202310186491,110.373046875
EK202310197932,143.6962890625
EK202310120172,132.97265625
EK202310216664,148.732421875
EK202320006884,162.3740234375
EK202310178918,147.4111328125
EK202310144935,139.4140625
EK202310141510,131.73046875
EK202310216762,139.2587890625
EK202310106406,127.357421875
EK202310111996,122.0751953125
EK202310208681,138.931640625
EK202310226247,128.7470703125
EK202310113253,161.2744140625
EK202310122999,144.92578125
EK202310155079,159.59375
EK202310160222,132.234375
EK202310210742,134.16015625
EK202310156801,148.947265625
EK202310159360,151.525390625
EK202310180024,134.3173828125
EK202310213928,142.3837890625
EK202310152334,134.576171875
EK202310245937,125.53515625
EK202310164808,160.865234375
EK202310146870,138.32421875
EK202310163950,150.09375
EK202310195716,141.4658203125
EK202310150305,150.3486328125
EK202310229713,135.373046875
EK202310188916,152.4775390625
EK202310121395,139.162109375
EK202310160376,131.36328125
EK202310244651,146.0595703125
EK202310150169,132.0693359375
EK202310110958,137.2763671875
EK202310143966,133.4443359375
EK202310221741,157.162109375
EK202310187012,153.7158203125
EK202310193822,179.7666015625
EK202310172094,142.1044921875
EK202310178633,150.3427734375
EK202310117674,136.8935546875
EK202310133805,139.1767578125
EK202310180948,164.5634765625
EK202310203849,143.25
EK202310149491,173.3984375
EK202310216830,161.4580078125
EK202310229432,128.298828125
EK202310109652,146.69140625
EK202310181925,167.3564453125
EK202310196245,140.087890625
EK202310248098,139.208984375
EK202310183221,167.080078125
EK202310196195,164.7373046875
EK202310197137,136.6748046875
EK202310110247,154.322265625
EK202310144126,137.875
EK202310156911,164.904296875
EK202310224215,140.9345703125
EK202310236337,148.134765625
EK202310188431,148.544921875
EK202310137114,167.2265625
EK202310115030,147.2626953125
EK202310117460,115.2060546875
EK202310162361,137.2578125
EK202310130281,174.9169921875
EK202310148428,144.00390625
EK202310163311,145.6025390625
EK202310145526,138.4453125
EK202310235374,127.2451171875
EK202310156223,147.7587890625
EK202310151269,140.060546875
EK202310150741,146.341796875
EK202310225372,156.35546875
EK202310133344,145.9580078125
EK202310127071,129.234375
EK202310152237,154.123046875
EK202310244229,128.6005859375
EK202310167190,149.115234375
EK202310154488,159.44921875
EK202310211108,130.3388671875
EK202310114416,159.775390625
EK202310222978,166.248046875
EK202310187337,168.490234375
EK202310195712,172.455078125
EK202310176238,158.3232421875
EK202310204719,159.0068359375
EK202310184298,142.5205078125
EK202310215525,146.5146484375
EK202310154861,129.7138671875
EK202310200739,122.509765625
EK202310242424,130.595703125
EK202310247300,129.1318359375
EK202310116475,134.7802734375
EK202310225458,131.33984375
EK202310126918,139.3115234375
EK202310185579,126.462890625
EK202310241455,134.8232421875
EK202310209465,141.955078125
EK202310142842,138.0556640625
EK202310185122,148.3837890625
EK202310223530,138.107421875
EK202310188514,137.0361328125
EK202310171731,138.55859375
EK202310130376,153.251953125
EK202310222189,130.662109375
EK202310106430,143.2666015625
EK202310127369,134.7060546875
EK202310236443,130.95703125
EK202310182405,151.5986328125
EK202310210187,131.6337890625
EK202310116888,133.546875
EK202310173132,159.8623046875
EK202310108743,135.60546875
EK202310125006,133.29296875
EK202310213574,133.3828125
EK202310165356,134.4951171875
EK202310149418,155.337890625
EK202310198882,127.4580078125
EK202310231320,139.0751953125
EK202310205653,145.18359375
EK202310198599,145.154296875
EK202310199963,135.3896484375
EK202310173699,135.6513671875
EK202310245726,127.3974609375
EK202320006040,176.37109375
EK202310154743,141.798828125
EK202310188160,134.7763671875
EK202310214367,165.4150390625
EK202310103702,128.044921875
EK202310127965,145.6962890625
EK202310203245,153.9130859375
EK202310139888,151.369140625
EK202310108972,141.6650390625
EK202310004612,127.685546875
EK202310143552,145.458984375
EK202310120024,154.25
EK202310221518,147.8515625
EK202310180966,167.671875
EK202310193489,139.8583984375
EK202310117005,128.61328125
EK202310213271,150.8974609375
EK202310120394,139.6513671875
EK202310183259,146.7255859375
EK202310125697,154.50390625
EK202310110553,145.158203125
EK202310150138,140.1962890625
EK202310169349,131.943359375
EK202310224959,128.7119140625
EK202310003872,143.1416015625
EK202310189922,156.193359375
EK202310196746,164.0205078125
EK202310189397,138.6396484375
EK202310154076,161.5751953125
EK202310003409,130.2822265625
EK202310132461,136.9462890625
EK202310114430,138.095703125
EK202310207939,139.1513671875
EK202310219274,128.8798828125
EK202310226342,153.5732421875
EK202310127397,139.0224609375
EK202310237125,130.296875
EK202310214068,161.7509765625
EK202310184942,154.5654296875
EK202310113334,130.0048828125
EK202310121808,124.4169921875
EK202310134472,134.4453125
EK202310213189,137.755859375
EK202310200986,136.7578125
EK202310183319,144.654296875
EK202310138451,124.4248046875
EK202310134480,127.548828125
EK202310248001,163.3896484375
EK202310215511,136.193359375
EK202310148692,167.986328125
EK202310003356,133.310546875
EK202310186363,136.39453125
EK202310117649,142.75390625
EK202310107222,131.126953125
EK202310140103,133.931640625
EK202310162055,172.2373046875
EK202310160543,148.7021484375
EK202310104526,137.74609375
EK202310111072,149.33984375
EK202310144115,141.287109375
EK202310227753,161.1865234375
EK202310168401,163.7275390625
EK202310225278,139.2177734375
EK202310121727,123.115234375
EK202310209068,152.6572265625
EK202310117324,140.67578125
EK202310119649,134.7646484375
EK202310154151,135.3583984375
EK202310235668,127.6123046875
EK202310197052,134.9140625
EK202310133218,145.294921875
EK202310228623,133.7919921875
EK202310236771,145.8935546875
EK202320007756,142.853515625
EK202310123680,133.927734375
EK202310153796,149.4443359375
EK202310184256,163.2763671875
EK202310189360,144.3212890625
EK202310169170,142.3486328125
EK202310238568,160.515625
EK202310147463,142.3046875
EK202310246348,130.5751953125
EK202310146645,136.0419921875
EK202310112043,129.95703125
EK202310126693,145.0537109375
EK202310105633,129.9716796875
EK202310108187,155.9208984375
EK202310142659,141.5009765625
EK202310154109,150.5400390625
EK202310187961,169.94140625
EK202310138151,134.443359375
EK202310145768,132.2841796875
EK202310204437,132.412109375
EK202310234444,134.09375
EK202310146920,131.25390625
EK202310191972,145.841796875
EK202310135664,134.9931640625
EK202310136647,168.0751953125
EK202310149136,139.9599609375
EK202310004755,130.1572265625
EK202310003806,134.2294921875
EK202320005862,151.1396484375
EK202310238222,128.2216796875
EK202310165638,144.876953125
EK202310195278,144.685546875
EK202310191050,140.6728515625
EK202310165081,183.416015625
EK202310141108,142.443359375
EK202310225501,134.005859375
EK202310190006,165.3984375
EK202310232901,166.384765625
EK202310183145,146.9619140625
EK202310133834,167.720703125
EK202310111865,139.830078125
EK202310233162,135.2021484375
EK202310144096,141.271484375
EK202310241460,152.4755859375
EK202310148061,144.3291015625
EK202310123096,134.6669921875
EK202310168745,134.2373046875
EK202310232533,137.1435546875
EK202310238139,143.8994140625
EK202310107671,147.3623046875
EK202310003635,142.54296875
EK202310160939,144.0146484375
EK202310165138,155.986328125
EK202310177363,153.01953125
EK202310140380,150.9130859375
EK202310127640,134.2822265625
EK202310145483,136.29296875
EK202310144142,144.6572265625
EK202310182466,157.365234375
EK202310134774,135.2978515625
EK202310239504,146.2470703125
EK202310179694,130.677734375
EK202310105818,143.5927734375
EK202310206801,142.4716796875
EK202310133427,137.4267578125
EK202310172349,126.9267578125
EK202310144166,148.294921875
EK202310118960,119.5048828125
EK202310199115,152.267578125
EK202310213777,156.69921875
EK202310232118,141.3857421875
EK202310204757,145.7802734375
EK202310241858,140.2724609375
EK202310204589,154.0947265625
EK202310224131,140.5712890625
EK202310160384,154.2470703125
EK202310158733,150.9208984375
EK202310139320,131.0947265625
EK202310186373,160.4248046875
EK202310207408,133.8779296875
EK202310202032,130.3828125
EK202310191726,138.67578125
EK202310237659,136.9873046875
EK202310202929,158.8115234375
EK202310138221,131.4326171875
EK202310213944,151.4658203125
EK202310217592,144.322265625
EK202310156873,144.0712890625
EK202310154026,130.52734375
EK202310227896,139.5576171875
EK202310165724,171.884765625
EK202310160534,129.4521484375
EK202310238733,148.3896484375
EK202310187242,162.060546875
EK202310160829,154.6630859375
EK202310160276,151.8837890625
EK202310137939,122.8984375
EK202310200291,137.4111328125
EK202310238138,130.9033203125
EK202310217144,143.3486328125
EK202310196491,145.3115234375
EK202320006298,151.25
EK202310228178,126.787109375
EK202310138802,134.072265625
EK202310240713,149.0205078125
EK202310175243,154.3935546875
EK202310207967,121.5888671875
EK202310107352,147.572265625
EK202310211309,136.4609375
EK202310131783,144.4375
EK202310166826,147.5986328125
EK202310112512,126.0458984375
EK202310153955,155.390625
EK202310223762,141.0771484375
EK202310220803,133.8046875
EK202310191806,130.029296875
EK202310139794,134.994140625
EK202310004495,141.52734375
EK202310165321,136.3134765625
EK202310152644,136.0732421875
EK202310107844,142.423828125
EK202310224636,138.353515625
EK202310182912,146.3603515625
EK202310227725,134.71484375
EK202310129401,135.5048828125
EK202310132710,132.2822265625
EK202310167591,153.1005859375
EK202310209362,138.0166015625
EK202310191553,164.0380859375
EK202310191129,137.4599609375
EK202310229273,137.1826171875
EK202310177141,149.6904296875
EK202310210987,126.5283203125
EK202310246808,122.5263671875
EK202310186424,140.6845703125
EK202310243671,149.525390625
EK202310157978,129.796875
EK202310141176,141.6728515625
EK202310166632,166.75
EK202310188518,150.625
EK202310176726,143.77734375
EK202310232858,171.125
EK202310203103,140.919921875
EK202310172581,134.521484375
EK202310129669,137.216796875
EK202310149026,151.9658203125
EK202310151271,144.619140625
EK202310164311,133.9990234375
EK202310193156,149.2060546875
EK202310183315,141.4794921875
EK202310129742,166.755859375
EK202310244163,143.65625
EK202310162820,136.119140625
EK202310158627,151.412109375
EK202310195793,136.7041015625
EK202310243898,163.533203125
EK202310211036,130.53515625
EK202310231066,131.0419921875
EK202310188792,150.951171875
EK202310181166,149.8857421875
EK202310240476,135.1845703125
EK202310197771,169.5654296875
EK202310141037,157.181640625
EK202310204780,130.7783203125
EK202310191058,158.0712890625
EK202310173228,148.234375
EK202310197491,152.146484375
EK202310156720,148.2119140625
EK202310244219,138.3857421875
EK202310119128,143.5693359375
EK202310241327,161.9794921875
EK202310152238,147.5458984375
EK202310179839,126.3115234375
EK202310238196,135.3154296875
EK202310153091,158.8427734375
EK202320006753,171.1845703125
EK202310123570,143.298828125
EK202310163341,136.0810546875
EK202310162440,155.2763671875
EK202310151053,136.05078125
EK202310188188,163.8271484375
EK202310127289,148.2353515625
EK202310248374,124.142578125
EK202310167393,140.0244140625
EK202310192930,135.1787109375
EK202310113187,157.724609375
EK202310174516,145.294921875
EK202310187588,132.5361328125
EK202320007750,156.296875
EK202310189741,184.1708984375
EK202310174859,148.8662109375
EK202310195086,156.5234375
EK202310183873,172.994140625
EK202310171631,139.4677734375
EK202310123283,126.1748046875
EK202320006306,170.3486328125
EK202310139834,127.4990234375
EK202310239785,148.103515625
EK202310153276,138.47265625
EK202310180328,160.767578125
EK202310207645,153.2626953125
EK202310130192,162.5771484375
EK202310154977,138.1015625
EK202310139793,130.44921875
EK202310243107,144.18359375
EK202310209482,136.419921875
EK202310241115,131.607421875
EK202310214880,131.75390625
EK202310240253,134.9072265625
EK202310226088,152.4208984375
EK202320006633,179.6826171875
EK202310245104,160.2822265625
EK202310112870,151.3564453125
EK202310161734,145.6806640625
EK202310225927,142.09765625
EK202310145336,166.7763671875
EK202310137212,134.1572265625
EK202310190306,126.8740234375
EK202310172851,155.6220703125
EK202310231101,127.626953125
EK202310212990,120.03125
EK202310122658,127.0
EK202310176278,149.455078125
EK202310200882,153.2724609375
EK202310152325,139.09765625
EK202310151272,152.9423828125
EK202310194215,169.45703125
EK202310185678,150.255859375
EK202310243281,140.91796875
EK202310120514,125.09375
EK202310126433,127.943359375
EK202310122944,123.501953125
EK202310236394,134.0078125
EK202310218087,136.01171875
EK202310151593,166.9912109375
EK202310110201,152.65234375
EK202310131708,137.8291015625
EK202310111333,131.248046875
EK202310183969,157.306640625
EK202310161113,159.642578125
EK202310184302,148.4208984375
EK202310152148,127.546875
EK202310236146,120.2783203125
EK202310229823,131.505859375
EK202310133950,178.5498046875
EK202310176959,149.3203125
EK202310003859,166.7509765625
EK202310185070,153.8544921875
EK202310004826,147.748046875
EK202310192593,132.0927734375
EK202310212457,133.7216796875
EK202310133750,128.837890625
EK202320007484,164.8154296875
EK202310190675,156.623046875
EK202310129882,161.173828125
EK202310216142,132.2099609375
EK202310197446,155.6728515625
EK202310243332,147.4111328125
EK202310139113,165.3515625
EK202320007314,162.8349609375
EK202310192244,147.8095703125
EK202310209792,135.4716796875
EK202310218921,137.3349609375
EK202310128700,130.4169921875
EK202310219548,135.37109375
EK202310230864,144.0625
EK202310141941,160.572265625
EK202310206423,149.5048828125
EK202310188250,142.36328125
EK202310180278,116.66015625
EK202310123620,145.5419921875
EK202310180928,132.7744140625
EK202310148298,124.9638671875
EK202310124265,150.0546875
EK202310125883,147.791015625
EK202310128123,135.6005859375
EK202310234185,124.984375
EK202310141809,154.52734375
EK202310125724,149.5048828125
EK202320006085,162.8876953125
EK202310232099,140.4833984375
EK202310193331,153.5849609375
EK202310205400,146.7666015625
EK202310160975,120.6513671875
EK202310203863,141.9462890625
EK202310126413,125.568359375
EK202310118450,155.0576171875
EK202310133563,131.7392578125
EK202310239448,114.4091796875
EK202310114694,146.7880859375
EK202310158288,164.37890625
EK202310122422,127.66015625
EK202310235320,137.345703125
EK202310201960,128.5048828125
EK202310194645,148.4658203125
EK202310214962,169.283203125
EK202310247868,169.751953125
EK202310126826,132.013671875
EK202310120690,144.9658203125
EK202320006557,163.9189453125
EK202310224482,133.5693359375
EK202310188666,132.4326171875
EK202310167967,161.5556640625
EK202310240200,129.7900390625
EK202310183867,159.177734375
EK202310195682,130.9716796875
EK202310108034,160.080078125
EK202310143324,133.8583984375
EK202310139977,142.560546875
EK202310134578,149.9384765625
EK202310003485,122.9775390625
EK202310127332,152.3427734375
EK202310195959,132.0908203125
EK202310173389,142.1943359375
EK202310120326,113.783203125
EK202310228101,128.134765625
EK202310194577,142.9560546875
EK202310230845,145.1826171875
EK202310144430,123.31640625
EK202310155784,132.0166015625
EK202310160254,155.6240234375
EK202310118458,137.9091796875
EK202310134107,163.0244140625
EK202310247672,160.1181640625
EK202310233715,138.1865234375
EK202310192802,175.806640625
EK202310226073,120.693359375
EK202310112128,151.9443359375
EK202310214142,167.0654296875
EK202310205070,164.8486328125
EK202310191656,144.2275390625
EK202310108700,134.5576171875
EK202310121333,157.0009765625
EK202310153942,128.728515625
EK202310228151,139.4287109375
EK202310185062,139.474609375
EK202310133213,159.734375
EK202310242233,144.2421875
EK202310143796,138.8759765625
EK202310202444,139.5693359375
EK202310166800,164.12109375
EK202310191020,138.8076171875
EK202310122069,127.5
EK202310221793,159.7333984375
EK202310235848,143.5263671875
EK202310205016,138.0927734375
EK202310119021,158.904296875
EK202310222995,158.5849609375
EK202310114479,129.28125
EK202310182453,135.8955078125
EK202310143133,129.4833984375
EK202310175194,138.2255859375
EK202310144671,139.5087890625
EK202310245023,152.5810546875
EK202310144979,126.9033203125
EK202310235216,134.58984375
EK202310247586,130.21484375
EK202310105223,147.6123046875
EK202310163741,176.513671875
EK202310141732,157.0361328125
EK202310142505,143.8232421875
EK202310131799,155.2919921875
EK202310209090,152.640625
EK202310159139,148.5966796875
EK202310214093,148.65234375
EK202310199515,148.6640625
EK202310228095,131.4833984375
EK202310173578,136.251953125
EK202310170010,154.224609375
EK202310164861,147.9560546875
EK202310167580,146.9072265625
EK202310225936,110.123046875
EK202310147008,146.236328125
EK202310187537,148.0126953125
EK202310170479,153.369140625
EK202310238268,129.0634765625
EK202310231268,135.43359375
EK202310167280,154.1591796875
EK202310203266,133.8251953125
EK202310179810,129.5703125
EK202310107445,162.5908203125
EK202310107969,153.0830078125
EK202310127481,131.3095703125
EK202310180706,131.9052734375
EK202310125230,144.7470703125
EK202310127751,138.001953125
EK202310172588,153.435546875
EK202310202984,156.6962890625
EK202310104212,127.86328125
EK202310106923,143.8720703125
EK202310147971,158.0888671875
EK202310243146,131.392578125
EK202310171023,145.1474609375
EK202310109775,156.1240234375
EK202310205700,145.4091796875
EK202310143997,143.99609375
EK202310132126,138.587890625
EK202310127316,159.5791015625
EK202310107147,129.326171875
EK202310151185,146.9033203125
EK202310228200,127.3759765625
EK202310117856,145.333984375
EK202320005717,145.7021484375
EK202310129616,147.33984375
EK202310232791,149.1123046875
EK202310243834,137.7587890625
EK202310246208,146.6005859375
EK202310160233,157.4677734375
EK202310149219,140.91796875
EK202310108589,141.388671875
EK202310204725,152.970703125
EK202310243502,145.84765625
EK202310114320,133.5517578125
EK202310202291,130.5263671875
EK202310237771,147.732421875
EK202310216760,147.4755859375
EK202310244222,152.4228515625
EK202310113733,142.9716796875
EK202310138119,142.5849609375
EK202310219085,140.84375
EK202310153944,129.62109375
EK202310161644,152.2861328125
EK202310204382,137.041015625
EK202310229663,128.4677734375
EK202310156198,141.34375
EK202310148211,133.0595703125
EK202310152274,129.810546875
EK202310197042,132.759765625
EK202310163556,134.6376953125
EK202310197960,174.7021484375
EK202310232731,129.0068359375
EK202310147947,149.486328125
EK202310144176,131.59375
EK202310237272,148.3271484375
EK202310195596,135.642578125
EK202310231682,138.314453125
EK202310114178,140.083984375
EK202310165798,124.955078125
EK202310177163,134.7509765625
EK202310161995,166.236328125
EK202310130803,121.1640625
EK202310225601,135.7861328125
EK202310139718,145.3623046875
EK202310146622,137.7861328125
EK202310113181,132.2568359375
EK202310179401,167.8876953125
EK202310202908,153.6396484375
EK202310171925,132.92578125
EK202310136543,137.2080078125
EK202310119266,132.0439453125
EK202310144770,141.4580078125
EK202310217594,142.7919921875
EK202310224918,151.7275390625
EK202310116728,138.9853515625
EK202310136368,143.5546875
EK202310242872,152.6474609375
EK202310226098,145.462890625
EK202310243029,122.4658203125
EK202310234838,142.712890625
EK202310103797,166.7861328125
EK202310159666,127.724609375
EK202310234494,124.498046875
EK202310134806,128.4462890625
EK202310191437,136.1650390625
EK202310125110,135.0224609375
EK202310217366,152.11328125
EK202310191101,127.5908203125
EK202310179382,146.5263671875
EK202310137469,141.505859375
EK202310137658,151.5986328125
EK202310134629,122.5126953125
EK202310104525,131.9638671875
EK202310151444,170.1943359375
EK202310237636,152.251953125
EK202310143439,131.5517578125
EK202310149845,133.2041015625
EK202310128851,149.51171875
EK202310237330,133.0498046875
EK202310117295,149.4697265625
EK202310243270,132.3935546875
EK202310187106,142.083984375
EK202310137652,143.6201171875
EK202310217947,139.1591796875
EK202310215368,150.1025390625
EK202310113202,134.2392578125
EK202310122109,134.314453125
EK202310121040,151.248046875
EK202310226711,134.2470703125
EK202310132709,137.376953125
EK202310169984,157.7255859375
EK202310198212,151.697265625
EK202310158003,144.1513671875
EK202310214974,159.501953125
EK202310134360,147.244140625
EK202310178688,163.5166015625
EK202310171682,160.8857421875
EK202310103768,138.689453125
EK202310209555,147.8857421875
EK202310151086,129.626953125
EK202310201836,149.2646484375
EK202310174895,135.2890625
EK202310138537,138.36328125
EK202310111581,133.1259765625
EK202310219638,143.8935546875
EK202310154214,146.7587890625
EK202310200463,153.0009765625
EK202310172356,128.021484375
EK202310164996,150.8515625
EK202310140375,143.4072265625
EK202310216009,125.599609375
EK202310113207,127.8583984375
EK202310132100,148.630859375
EK202310126863,155.078125
EK202310146868,131.9375
EK202310108177,166.9404296875
EK202310166280,162.0048828125
EK202310182008,171.822265625
EK202310162197,131.4033203125
EK202310147752,147.1884765625
EK202310003947,136.4736328125
EK202310176472,125.701171875
EK202310234387,131.033203125
EK202310170022,131.5361328125
EK202310171056,141.083984375
EK202310180973,166.4833984375
EK202310166464,143.6357421875
EK202310123184,133.0126953125
EK202310192128,154.3017578125
EK202310207232,117.1220703125
EK202310133397,129.4619140625
EK202310113037,141.78125
EK202320007617,156.3466796875
EK202310128691,121.8603515625
EK202310234443,122.0146484375
EK202310163599,151.7880859375
EK202310124529,146.9150390625
EK202310195861,142.1162109375
EK202310004652,147.2822265625
EK202310128598,143.7099609375
EK202310219754,154.7392578125
EK202310153907,149.08203125
EK202310210564,143.66796875
EK202310119285,143.2802734375
EK202310236273,118.89453125
EK202310205597,151.65234375
EK202310232930,128.908203125
EK202310191886,152.828125
EK202310236382,125.6025390625
EK202310174764,160.8759765625
EK202310105490,149.54296875
EK202310177012,180.591796875
EK202310128378,145.451171875
EK202310165398,141.15625
EK202310142395,158.91015625
EK202310220861,143.017578125
EK202310209523,153.30859375
EK202310122997,133.384765625
EK202310205282,138.56640625
EK202310131435,153.369140625
EK202310203906,128.759765625
EK202310236413,135.234375
EK202310156951,155.0126953125
EK202310106622,133.962890625
EK202310189975,159.927734375
EK202310225784,125.515625
EK202310219294,126.947265625
EK202310105442,129.9453125
EK202310132208,123.9716796875
EK202310105616,138.306640625
EK202310174736,128.3271484375
EK202310196913,154.0341796875
EK202310137961,132.9326171875
EK202310176163,148.263671875
EK202310110032,126.501953125
EK202310157504,121.365234375
EK202310233635,135.5478515625
EK202310248436,152.05859375
EK202310202168,118.3330078125
EK202310155766,138.6044921875
EK202310139190,136.486328125
EK202310178893,152.125
EK202310194060,162.9619140625
EK202310118567,132.85546875
EK202310127903,130.7333984375
EK202310236053,133.1396484375
EK202310156969,160.701171875
EK202310113094,145.548828125
EK202310117682,131.2119140625
EK202310175150,135.380859375
EK202310190181,144.5322265625
EK202310144477,136.353515625
EK202310167953,146.197265625
EK202310123207,155.2802734375
EK202310211120,136.7529296875
EK202310158476,152.8154296875
EK202310245986,128.8330078125
EK202310141979,147.7802734375
EK202310210627,142.1728515625
EK202310131358,136.130859375
EK202310108863,134.2060546875
EK202310106507,155.74609375
EK202310219636,141.224609375
EK202310206075,140.6298828125
EK202310164374,155.826171875
EK202310247640,136.5087890625
EK202310128033,169.974609375
EK202310202213,156.9560546875
EK202320007199,156.654296875
EK202310148351,139.8544921875
EK202310167191,153.958984375
EK202310191728,151.6708984375
EK202310200275,121.849609375
EK202310240207,145.3037109375
EK202310169132,130.0166015625
EK202310144609,151.0205078125
EK202310198534,152.67578125
EK202310117322,139.4150390625
EK202310111311,139.1357421875
EK202310132198,124.0322265625
EK202310123213,139.4990234375
EK202310175579,135.8359375
EK202310179611,151.3798828125
EK202310162505,158.1220703125
EK202310192578,133.8505859375
EK202310106746,135.166015625
EK202310131965,135.1201171875
EK202310193615,129.5205078125
EK202310196394,154.2353515625
EK202310219201,132.6875
EK202310223123,138.146484375
EK202310193426,166.20703125
EK202310118739,160.2109375
EK202310106117,133.0341796875
EK202310104981,151.421875
EK202310210450,138.486328125
EK202310174407,144.9208984375
EK202310104567,149.4501953125
EK202310127432,127.75
EK202320005737,147.2958984375
EK202310191941,141.5322265625
EK202310153855,135.89453125
EK202310207694,145.1943359375
EK202310227244,141.55859375
EK202310153520,130.6162109375
EK202310160923,151.0498046875
EK202310105321,140.103515625
EK202310134289,151.640625
EK202310221860,133.2734375
EK202310127051,124.5439453125
EK202310004011,144.16796875
EK202310106438,134.5810546875
EK202310223885,128.0458984375
EK202310147175,144.5478515625
EK202310172305,126.140625
EK202310233355,134.7255859375
EK202310175639,148.9921875
EK202310119187,132.0400390625
EK202310208266,145.560546875
EK202310218780,149.40625
EK202310208314,143.5302734375
EK202310231800,132.8994140625
EK202310128055,160.62890625
EK202310239898,129.6455078125
EK202310216957,146.443359375
EK202310209441,131.1220703125
EK202310123208,155.3056640625
EK202310209923,142.4169921875
EK202310133751,137.6533203125
EK202310245312,132.611328125
EK202310115764,150.2998046875
EK202310207764,133.1396484375
EK202310240599,161.583984375
EK202310147315,138.3525390625
EK202310131500,126.4013671875
EK202310176669,150.0966796875
EK202310123945,141.4072265625
EK202310209731,116.5654296875
EK202310144605,146.767578125
EK202310122549,125.0771484375
EK202310145497,155.5029296875
EK202310140293,135.6005859375
EK202310139650,139.453125
EK202310157829,129.435546875
EK202310106995,161.16015625
EK202310124413,172.869140625
EK202310214088,149.650390625
EK202310164191,156.0966796875
EK202310226197,126.87109375
EK202310004226,151.416015625
EK202310108441,125.3037109375
EK202310135386,149.8671875
EK202310129306,158.939453125
EK202310235944,137.4248046875
EK202310247944,136.1025390625
EK202310165677,130.982421875
EK202310199534,144.7314453125
EK202310126380,141.255859375
EK202310154011,136.4833984375
EK202310132506,174.8662109375
EK202310108076,149.7509765625
EK202310160457,142.873046875
EK202310208714,151.2568359375
EK202310154569,140.8642578125
EK202310144642,140.77734375
EK202310190051,169.755859375
EK202310117172,145.349609375
EK202310177405,160.80859375
EK202310213301,140.1630859375
EK202310137198,158.7626953125
EK202310151042,144.7734375
EK202310168461,148.8759765625
EK202310243164,149.1484375
EK202310179023,123.306640625
EK202310160904,154.6962890625
EK202310171189,152.638671875
EK202310239158,130.3115234375
EK202310167988,149.349609375
EK202310226837,165.8330078125
EK202310135580,144.49609375
EK202310246488,147.5107421875
EK202310003762,148.7041015625
EK202310134904,131.888671875
EK202310136330,147.33203125
EK202310217816,131.6728515625
EK202310122041,128.2255859375
EK202310246474,141.19921875
EK202310157040,142.6591796875
EK202310198401,162.8017578125
EK202310117127,132.849609375
EK202310105754,162.583984375
EK202310166261,144.89453125
EK202310168044,146.0205078125
EK202310220538,130.55859375
EK202310139280,140.1337890625
EK202310135523,161.69140625
EK202310236682,158.3779296875
EK202310244877,133.4072265625
EK202310107483,133.0947265625
EK202310175451,132.1220703125
EK202310180461,162.2041015625
EK202310144697,128.2314453125
EK202310123532,129.4599609375
EK202310123754,170.87109375
EK202310206309,147.3076171875
EK202310239121,132.4521484375
EK202310104310,141.7490234375
EK202310211761,153.4013671875
EK202310191013,158.6982421875
EK202310240312,150.185546875
EK202310217200,135.8427734375
EK202310114563,150.2021484375
EK202310161367,138.3720703125
EK202310144122,144.0263671875
EK202310212504,140.0654296875
EK202310177497,145.6240234375
EK202310236237,140.9013671875
EK202310198587,154.6298828125
EK202310163062,153.966796875
EK202310164746,146.560546875
EK202310201875,128.169921875
EK202310172081,159.4404296875
EK202310239571,142.787109375
EK202310135582,144.7333984375
EK202310168412,153.9326171875
EK202310207958,144.1318359375
EK202310192851,157.1865234375
EK202310192868,133.923828125
EK202310240745,147.353515625
EK202320007142,154.47265625
EK202310242152,143.6376953125
EK202310158334,146.375
EK202310202840,151.6640625
EK202310135210,158.5546875
EK202310140844,160.55859375
EK202310231684,132.33203125
EK202310220876,142.7158203125
EK202310135369,144.5009765625
EK202310163963,144.2626953125
EK202310126679,133.990234375
EK202310162655,156.2470703125
EK202310154642,136.357421875
EK202310178024,129.26953125
EK202310168498,147.2958984375
EK202310220365,129.361328125
EK202310111380,130.6171875
EK202310152697,164.8017578125
EK202310246759,145.185546875
EK202310111419,141.990234375
EK202310218578,124.96484375
EK202310110262,130.826171875
EK202310112025,154.5234375
EK202310219733,136.087890625
EK202310188715,163.8271484375
EK202310120824,161.390625
EK202310115460,122.50390625
EK202310243920,143.142578125
EK202310177399,148.984375
EK202310187981,147.603515625
EK202310245247,145.0107421875
EK202310121751,138.7939453125
EK202310157398,140.416015625
EK202310146316,137.1708984375
EK202310147009,150.1259765625
EK202310186969,159.5283203125
EK202310137065,160.595703125
EK202310121746,129.021484375
EK202310156291,151.8857421875
EK202310214011,159.2314453125
EK202310214233,142.203125
EK202310119619,139.9140625
EK202310179742,134.4267578125
EK202310182000,158.1904296875
EK202310200585,151.0859375
EK202310152222,150.7607421875
EK202310149190,162.517578125
EK202310187819,144.474609375
EK202310124003,173.109375
EK202310201545,143.2314453125
EK202310171385,136.3203125
EK202310238751,140.8203125
EK202310140367,121.8310546875
EK202310237130,148.013671875
EK202310198345,147.044921875
EK202310247133,142.546875
EK202310137734,114.8115234375
EK202310148474,134.341796875
EK202310150325,149.640625
EK202310208250,138.8212890625
EK202310232333,142.99609375
EK202310226045,130.43359375
EK202310158994,144.8056640625
EK202310198109,148.16015625
EK202310193685,158.240234375
EK202310178796,169.8095703125
EK202310168028,152.0830078125
EK202310106830,128.2998046875
EK202310181540,132.9345703125
EK202310182066,153.8125
EK202310206663,136.7158203125
EK202310219839,163.3544921875
EK202310201710,159.4169921875
EK202310187487,129.7646484375
EK202310202274,152.7001953125
EK202310137558,136.5908203125
EK202310190906,134.5380859375
EK202310223424,160.974609375
EK202310178941,123.3857421875
EK202310184440,139.7177734375
EK202310155782,120.080078125
EK202310122432,156.8203125
EK202310182848,140.9541015625
EK202310164226,145.0361328125
EK202310173490,140.6259765625
EK202310213090,134.0888671875
EK202310153722,155.1669921875
EK202310173472,151.845703125
EK202310167875,138.9736328125
EK202310133234,123.9755859375
EK202310223308,132.8037109375
EK202310205100,136.0654296875
EK202310198402,119.4658203125
EK202310110225,158.6708984375
EK202310171586,144.376953125
EK202310122356,146.1240234375
EK202310163392,133.3642578125
EK202310183719,153.001953125
EK202310003951,162.48046875
EK202310138515,156.3828125
EK202310170831,141.603515625
EK202310133182,137.208984375
EK202310111516,130.00390625
EK202310125263,130.3515625
EK202310240055,130.2607421875
EK202310180483,136.470703125
EK202310204716,126.6708984375
EK202310187018,142.9814453125
EK202310158527,155.5693359375
EK202310122260,141.98046875
EK202310234650,140.76953125
EK202310144474,134.6015625
EK202310237894,131.6357421875
EK202310106091,150.52734375
EK202310188317,133.0908203125
EK202310158850,131.3154296875
EK202310186426,167.7216796875
EK202310169750,137.9365234375
EK202310206676,156.5341796875
EK202310155928,153.7705078125
EK202310230978,126.662109375
EK202310233369,120.23828125
EK202310129476,141.953125
EK202310133048,138.298828125
EK202310165488,142.8232421875
EK202310143637,165.6806640625
EK202310214266,137.333984375
EK202310126225,137.0712890625
EK202310152458,163.5341796875
EK202310223231,137.388671875
EK202310120167,133.2314453125
EK202310143015,152.873046875
EK202310158308,142.4951171875
EK202310173081,126.6708984375
EK202310189028,133.7373046875
EK202310132273,165.2705078125
EK202310128353,137.30859375
EK202310174810,144.6494140625
EK202310239062,152.328125
EK202310120641,131.05859375
EK202310244227,142.9873046875
EK202310118757,130.01953125
EK202310129075,140.6279296875
EK202310224814,140.8759765625
EK202310004731,131.94140625
EK202310156915,167.376953125
EK202310115641,137.40234375
EK202310118147,179.5693359375
EK202310248390,159.640625
EK202310218403,127.365234375
EK202310155441,140.4384765625
EK202310230283,138.1220703125
EK202310162794,150.0673828125
EK202310182211,157.9150390625
EK202310143073,155.6630859375
EK202310177848,146.8125
EK202310003966,163.72265625
EK202310194839,163.0517578125
EK202310233597,141.8408203125
EK202310160959,142.80859375
EK202310225528,132.169921875
EK202310108255,143.2431640625
EK202310166709,141.654296875
EK202310203616,139.4345703125
EK202310189898,155.978515625
EK202310135324,157.1708984375
EK202310183856,171.7880859375
EK202310178334,149.779296875
EK202310112277,148.3623046875
EK202310116332,128.8447265625
EK202310174408,136.7197265625
EK202310225395,136.0126953125
EK202310179921,147.9072265625
EK202310136896,134.083984375
EK202310246946,149.9423828125
EK202310132878,142.15625
EK202310132936,136.275390625
EK202310117215,137.9755859375
EK202310194744,147.26171875
EK202310239667,144.515625
EK202310137081,147.5283203125
EK202310195120,146.8828125
EK202310244943,139.251953125
EK202310216463,145.4208984375
EK202310175023,157.7392578125
EK202310123452,141.9658203125
EK202310120759,136.6787109375
EK202310200555,163.4384765625
EK202310183159,154.9375
EK202310237119,143.3974609375
EK202310241465,120.568359375
EK202310185913,143.6044921875
EK202310207534,148.1064453125
EK202310158605,155.4052734375
EK202310193608,135.458984375
EK202310238219,142.2998046875
EK202310142209,158.1328125
EK202310158659,131.71484375
EK202310196102,153.0546875
EK202310244335,136.06640625
EK202310151300,145.859375
EK202310135647,121.3212890625
EK202310208600,132.0107421875
EK202320006689,156.54296875
EK202310208813,150.53125
EK202310154438,140.5498046875
EK202310165804,135.5810546875
EK202310124724,129.55859375
EK202320005923,168.8662109375
EK202310193868,134.6435546875
EK202310243558,141.6552734375
EK202310213393,131.7412109375
EK202310142913,151.0361328125
EK202310168870,158.6640625
EK202310246882,148.24609375
EK202310123829,132.6689453125
EK202310125993,134.9208984375
EK202310148678,126.6171875
EK202310214338,132.00390625
EK202310118609,142.7158203125
EK202310223350,154.1875
EK202310161314,136.4130859375
EK202310172634,173.78125
EK202310218585,139.193359375
EK202310004027,137.3779296875
EK202310177913,139.251953125
EK202310195749,130.671875
EK202310176453,132.0810546875
EK202310213885,147.9140625
EK202310137118,152.451171875
EK202310219450,125.513671875
EK202310228378,160.5966796875
EK202310157141,155.5068359375
EK202310131718,148.15625
EK202310165083,139.251953125
EK202310004821,137.369140625
EK202310115195,130.2294921875
EK202310179460,126.7353515625
EK202310204918,153.251953125
EK202310126066,119.3896484375
EK202310147822,154.1875
EK202310233974,136.9052734375
EK202310152337,157.6044921875
EK202310121597,150.48828125
EK202310113315,138.58203125
EK202310172487,159.1904296875
EK202310208865,146.9580078125
EK202310178856,125.623046875
EK202310163216,135.8271484375
EK202310192275,134.9130859375
EK202310123629,147.1630859375
EK202310118365,152.109375
EK202310205626,146.654296875
EK202310197305,134.986328125
EK202310168104,122.6435546875
EK202310147731,166.9599609375
EK202310202905,138.6689453125
EK202310240860,140.6015625
EK202310003646,147.1611328125
EK202310241992,127.5078125
EK202310139823,139.814453125
EK202310229599,134.7734375
EK202310183516,150.29296875
EK202310224914,127.1435546875
EK202310191077,146.2099609375
EK202320006964,169.6240234375
EK202310237895,136.380859375
EK202310176057,145.216796875
EK202310165954,140.6416015625
EK202310122162,137.173828125
EK202310126238,122.373046875
EK202310121795,147.404296875
EK202310161976,152.0146484375
EK202310191508,139.54296875
EK202310176644,140.7431640625
EK202310152467,152.70703125
EK202310219240,136.880859375
EK202310208125,138.6025390625
EK202310159439,156.201171875
EK202310112020,145.6171875
EK202310131152,155.7265625
EK202310231176,133.068359375
EK202310119600,165.4384765625
EK202310142740,175.4453125
EK202310190305,130.9697265625
EK202310181410,149.5400390625
EK202310195269,130.3681640625
EK202310154821,122.814453125
EK202310247409,145.98828125
EK202310146034,130.69921875
EK202310193073,154.6376953125
EK202310184666,167.6162109375
EK202310107982,153.9951171875
EK202310118565,124.62109375
EK202310189557,148.5732421875
EK202310176523,155.03125
EK202310199098,164.47265625
EK202310192444,161.3388671875
EK202310201510,167.990234375
EK202310152404,155.5302734375
EK202310159084,169.50390625
EK202310241360,151.7001953125
EK202310216628,148.5458984375
EK202310228907,125.5380859375
EK202310129890,155.9853515625
EK202310151590,120.642578125
EK202310145359,109.05859375
EK202310157050,138.00390625
EK202310176488,125.7509765625
EK202310130834,137.0498046875
EK202310209574,144.6748046875
EK202310111176,137.2744140625
EK202310147278,141.1708984375
EK202310208597,159.69140625
EK202310196533,138.15234375
EK202310195547,156.322265625
EK202310176613,143.7197265625
EK202310164726,153.7099609375
EK202310243633,148.6865234375
EK202310196133,142.2705078125
EK202310147029,147.025390625
EK202310218892,155.115234375
EK202310140920,141.080078125
EK202310155482,145.263671875
EK202310135200,131.86328125
EK202310172820,145.1083984375
EK202310105543,114.6630859375
EK202310172387,148.37109375
EK202310176697,138.4775390625
EK202310218951,166.7802734375
EK202310103784,137.2861328125
EK202310230023,128.7744140625
EK202310164692,149.9736328125
EK202310104542,133.0888671875
EK202310176068,136.443359375
EK202310244683,144.7705078125
EK202310119149,142.416015625
EK202310191861,126.517578125
EK202310199949,126.9755859375
EK202310161393,137.4033203125
EK202310125111,148.7978515625
EK202310199054,161.6708984375
EK202310004487,138.83984375
EK202310183184,131.890625
EK202310201897,155.796875
EK202310210681,127.1005859375
EK202310171699,132.517578125
EK202310136344,123.1142578125
EK202310142799,134.2783203125
EK202310003358,134.8232421875
EK202310177915,140.2607421875
EK202310233198,155.2109375
EK202310180154,133.2822265625
EK202310174450,117.59375
EK202310136841,128.708984375
EK202310121016,144.4873046875
EK202310165032,133.2705078125
EK202310228963,137.6083984375
EK202310121559,146.2685546875
EK202310181916,145.2919921875
EK202310145575,171.2158203125
EK202310239181,141.9443359375
EK202310188158,144.2041015625
EK202310128251,127.564453125
EK202310132218,148.89453125
EK202310171818,146.5078125
EK202310104717,142.548828125
EK202310166536,154.01953125
EK202310165544,164.0087890625
EK202310106140,136.2421875
EK202310120542,124.59765625
EK202310200432,153.8857421875
EK202310137688,138.4130859375
EK202310199770,146.30078125
EK202310151234,138.32421875
EK202310239824,148.9873046875
EK202310109979,135.783203125
EK202310222377,111.9091796875
EK202310129765,154.8251953125
EK202310004768,128.0556640625
EK202310161683,160.8955078125
EK202310111657,155.2353515625
EK202310233223,131.9482421875
EK202310191113,175.1259765625
EK202310133283,144.84375
EK202310196259,140.287109375
EK202310180866,132.20703125
EK202310219289,132.50390625
EK202310195465,169.8857421875
EK202310163110,147.6123046875
EK202310236924,137.9111328125
EK202310175544,148.1279296875
EK202310106368,141.4580078125
EK202310187622,141.0498046875
EK202310204563,157.1982421875
EK202310169494,148.6240234375
EK202310151846,144.0458984375
EK202310239299,137.513671875
EK202310145012,122.408203125
EK202310110945,136.8427734375
EK202310198659,142.021484375
EK202310130369,111.1279296875
EK202310191235,147.8134765625
EK202310171717,140.220703125
EK202310235589,150.8388671875
EK202310114348,140.98828125
EK202310232893,155.4697265625
EK202310164789,152.9609375
EK202310236042,167.1435546875
EK202310004445,133.5126953125
EK202310172245,134.7939453125
EK202310224823,134.7763671875
EK202310136877,147.23828125
EK202310123423,140.0888671875
EK202310153225,150.173828125
EK202310145756,137.6142578125
EK202310146568,144.0361328125
EK202310163087,144.095703125
EK202310245297,161.3662109375
EK202310209644,145.490234375
EK202310140290,126.341796875
EK202310221072,138.193359375
EK202310135414,144.244140625
EK202310187378,159.736328125
EK202310133530,159.943359375
EK202310224364,152.654296875
EK202310195517,148.92578125
EK202310204169,134.6064453125
EK202310210323,122.1220703125
EK202310200422,135.3212890625
EK202310151056,139.2431640625
EK202310227277,133.728515625
EK202310247028,139.810546875
EK202310180050,150.1171875
EK202310127868,154.65234375
EK202310234685,143.6494140625
EK202310223304,132.8466796875
EK202310222628,128.41796875
EK202310132162,153.77734375
EK202310107313,156.9443359375
EK202310193034,115.9267578125
EK202320006263,163.376953125
EK202310180508,132.6572265625
EK202310126699,137.1533203125
EK202310161588,160.7626953125
EK202310230044,134.228515625
EK202310131679,163.4267578125
EK202310130402,151.7412109375
EK202310186216,137.853515625
EK202310104460,137.19921875
EK202310138193,122.5986328125
EK202310190994,160.6328125
EK202310235895,130.5302734375
EK202310129828,169.001953125
EK202310188700,157.7109375
EK202310162187,130.2041015625
EK202310137095,142.90625
EK202310142210,143.646484375
EK202310197331,146.400390625
EK202310224439,151.9765625
EK202310202545,155.5693359375
EK202310172841,150.2822265625
EK202310185316,145.9130859375
EK202310193096,127.4697265625
EK202310239366,132.1552734375
EK202310157680,137.7421875
EK202310216245,135.25
EK202310122188,144.1083984375
EK202310229644,136.658203125
EK202310205871,131.2685546875
EK202310215556,152.376953125
EK202310158679,172.3671875
EK202310147755,136.8212890625
EK202310186194,164.0634765625
EK202310117620,127.1220703125
EK202310194359,143.8291015625
EK202310198922,129.3544921875
EK202310116214,151.515625
EK202310162259,143.8544921875
EK202310157059,173.59765625
EK202310128924,143.2001953125
EK202310141619,168.9345703125
EK202310221578,146.3125
EK202310138618,140.9052734375
EK202310183482,143.1669921875
EK202310152447,121.814453125
EK202310237940,121.3837890625
EK202310150193,131.0419921875
EK202310183803,177.0654296875
EK202310111372,136.6494140625
EK202310201263,156.5849609375
EK202310124638,148.7744140625
EK202310178960,141.10546875
EK202310210327,136.0224609375
EK202310201273,149.033203125
EK202310222624,143.0703125
EK202310180840,126.7109375
EK202310185078,145.544921875
EK202310168572,151.97265625
EK202310170490,122.638671875
EK202310232989,126.765625
EK202310162228,148.62109375
EK202310175459,144.759765625
EK202310165474,139.1376953125
EK202310243395,146.455078125
EK202310127631,138.6826171875
EK202310186924,133.9345703125
EK202310163431,127.4638671875
EK202310189463,162.044921875
EK202310190842,159.1728515625
EK202310185696,153.3359375
EK202310111713,138.8662109375
EK202310193617,152.3154296875
EK202310125805,133.736328125
EK202310151745,156.8212890625
EK202310175297,134.7119140625
EK202310196724,121.482421875
EK202310233146,156.8828125
EK202310143125,142.06640625
EK202310162683,149.794921875
EK202310105844,142.8369140625
EK202310137395,140.744140625
EK202310234360,159.58984375
EK202310169711,153.08203125
EK202310229840,128.173828125
EK202310108815,137.0146484375
EK202310173350,142.88671875
EK202310221654,131.58984375
EK202310117503,138.0390625
EK202310118377,128.73046875
EK202310193948,152.4755859375
EK202310157293,140.9833984375
EK202310229924,140.474609375
EK202310207252,130.83984375
EK202310112063,150.4365234375
EK202310211575,131.3779296875
EK202310121865,136.380859375
EK202310229242,130.5224609375
EK202310217753,120.0869140625
EK202310154203,153.7822265625
EK202310119526,135.9912109375
EK202310233019,138.9638671875
EK202310110136,139.2939453125
EK202310136917,155.4345703125
EK202310232125,144.15234375
EK202310195652,152.55859375
EK202310003341,158.4453125
EK202310172729,149.0556640625
EK202310106011,152.212890625
EK202310226908,131.8935546875
EK202310160952,167.6513671875
EK202310123901,142.328125
EK202310219883,128.15625
EK202310239294,137.361328125
EK202310191292,148.734375
EK202310242675,133.2841796875
EK202310159365,136.685546875
EK202310207357,132.2041015625
EK202310134219,156.302734375
EK202310204692,161.42578125
EK202310145833,140.5703125
EK202310232367,135.5947265625
EK202310133942,173.1064453125
EK202310116957,148.4111328125
EK202310113990,138.7392578125
EK202310110317,133.4541015625
EK202310183678,118.1123046875
EK202310210475,130.7646484375
EK202310215753,142.7041015625
EK202310172041,147.5166015625
EK202310127368,147.8349609375
EK202310133141,165.734375
EK202310166184,169.841796875
EK202310123460,132.2734375
EK202310159288,164.6826171875
EK202310224966,156.9697265625
EK202310169548,129.314453125
EK202310157945,175.5927734375
EK202310208906,138.7412109375
EK202320005732,144.0048828125
EK202310140120,141.98046875
EK202310153086,154.7421875
EK202310230330,124.2587890625
EK202310213318,136.349609375
EK202310178418,161.8154296875
EK202310155143,131.37890625
EK202310183350,156.37890625
EK202310171243,159.7861328125
EK202310241995,132.4228515625
EK202310166956,128.3115234375
EK202310239455,151.3583984375
EK202310230110,130.779296875
EK202310232654,142.564453125
EK202310230579,132.396484375
EK202310230165,139.892578125
EK202310150438,145.41015625
EK202310114432,122.6611328125
EK202310178701,161.703125
EK202310193862,167.0712890625
EK202310133458,134.201171875
EK202310126585,123.517578125
EK202310114949,133.5654296875
EK202310239835,127.3662109375
EK202310198418,160.82421875
EK202310164005,135.8291015625
EK202310108538,145.7724609375
EK202310248296,128.70703125
EK202310164825,138.201171875
EK202310202468,128.2373046875
EK202310179750,145.3681640625
EK202310178078,135.05859375
EK202310224170,158.6630859375
EK202310108711,128.9970703125
EK202310107024,145.8095703125
EK202310229155,133.5986328125
EK202310109556,139.2314453125
EK202310202152,143.220703125
EK202310237189,147.126953125
EK202310147644,156.2900390625
EK202310161108,170.515625
EK202310122907,165.2568359375
EK202310108647,129.8798828125
EK202310116234,146.658203125
EK202310180820,140.1982421875
EK202310185427,132.0087890625
EK202310156227,156.484375
EK202310121246,143.359375
EK202310135704,137.4892578125
EK202310225359,137.18359375
EK202310205195,144.30078125
EK202310201515,156.4228515625
EK202310195070,149.6162109375
EK202310185184,152.6572265625
EK202310233163,129.3017578125
EK202310169236,143.796875
EK202310113651,157.828125
EK202310105373,133.25
EK202310106115,122.3701171875
EK202310245413,130.4755859375
EK202310219987,140.2568359375
EK202310142576,147.5908203125
EK202310158268,127.6904296875
EK202310156894,150.412109375
EK202310004886,158.4404296875
EK202310154420,126.99609375
EK202310210832,136.40234375
EK202310220049,150.30078125
EK202310181921,177.42578125
EK202310201324,154.2529296875
EK202310191459,141.712890625
EK202310128368,143.861328125
EK202310175128,134.8203125
EK202310172288,141.7431640625
EK202310216634,142.26171875
EK202320007004,179.666015625
EK202310244935,116.1552734375
EK202310176831,128.537109375
EK202310119255,146.068359375
EK202310225916,126.0625
EK202310159227,162.818359375
EK202310208285,154.2744140625
EK202310139560,161.8154296875
EK202310122710,131.9326171875
EK202310121289,125.2529296875
EK202310124642,138.1005859375
EK202310232850,137.091796875
EK202310162749,161.7607421875
EK202310114861,154.43359375
EK202310147672,156.07421875
EK202310146693,133.291015625
EK202310229560,144.361328125
EK202310153109,148.0244140625
EK202310159133,139.5654296875
EK202310147681,113.32421875
EK202310154454,149.392578125
EK202310215971,141.6875
EK202310176116,147.3984375
EK202310108965,143.912109375
EK202310117311,133.8955078125
EK202310205689,133.4189453125
EK202310196959,167.40625
EK202310208747,165.7802734375
EK202310220306,155.03515625
EK202310229825,131.9248046875
EK202310156765,155.9970703125
EK202310123916,149.1708984375
EK202310208563,145.1748046875
EK202310176612,139.001953125
EK202310150270,167.6787109375
EK202310167920,123.115234375
EK202310004780,136.1025390625
EK202310228392,147.3876953125
EK202310162764,148.490234375
EK202310178248,154.8720703125
EK202310161854,117.916015625
EK202310184896,157.58203125
EK202310196454,143.8740234375
EK202310166252,161.71484375
EK202310224266,132.8017578125
EK202310228300,149.1806640625
EK202310228517,125.9248046875
EK202310119762,141.65234375
EK202310197634,132.599609375
EK202310163433,133.8408203125
EK202310205791,135.421875
EK202310198433,135.2548828125
EK202310205023,149.0693359375
EK202310139454,133.4453125
EK202310201839,136.259765625
EK202310197547,169.138671875
EK202310233724,139.9716796875
EK202310153252,158.9189453125
EK202310190922,137.73828125
EK202310142523,154.994140625
EK202310219846,144.8291015625
EK202310198901,128.8046875
EK202310167227,147.2998046875
EK202310111384,136.505859375
EK202310136046,163.5400390625
EK202310214121,149.7548828125
EK202310118169,130.34375
EK202310183250,139.158203125
EK202310188579,134.115234375
EK202310131031,139.1943359375
EK202310104480,144.8466796875
EK202310239710,153.3623046875
EK202310234691,128.9462890625
EK202310168972,132.55078125
EK202310120008,133.30078125
EK202310212233,131.7880859375
EK202310215929,138.8349609375
EK202310211484,119.291015625
EK202310222506,135.798828125
EK202310202763,150.587890625
EK202310220490,137.5244140625
EK202310116375,133.5361328125
EK202310175337,164.2783203125
EK202310240580,140.51953125
EK202310109905,150.5693359375
EK202310192597,149.03515625
EK202310114800,132.73828125
EK202310132205,128.7626953125
EK202310110193,128.5419921875
EK202310165102,149.365234375
EK202310116663,139.5966796875
EK202310218315,148.26171875
EK202310113156,160.0048828125
EK202310231146,120.1611328125
EK202310180373,140.765625
EK202310232424,126.294921875
EK202310224878,123.8779296875
EK202310103830,140.41015625
EK202310240706,133.1162109375
EK202310120776,141.4833984375
EK202310160117,143.88671875
EK202310132998,137.0888671875
EK202310003968,170.6298828125
EK202310209613,146.0869140625
EK202310241092,139.283203125
EK202310123771,147.2294921875
EK202310245280,138.25
EK202310244377,142.9150390625
EK202310109713,178.91796875
EK202310228232,149.5068359375
EK202310148652,140.0625
EK202310243472,131.666015625
EK202310170765,139.3017578125
EK202310170088,126.2373046875
EK202310004315,123.3447265625
EK202310217178,139.1533203125
EK202310108775,153.2197265625
EK202310180920,147.3681640625
EK202310246305,137.841796875
EK202310206922,165.1728515625
EK202310167783,155.5380859375
EK202310129574,151.40234375
EK202310174308,138.9482421875
EK202310161413,161.025390625
EK202310148150,165.7197265625
EK202310141044,160.7548828125
EK202310231588,148.0322265625
EK202310118970,122.0419921875
EK202310181033,154.349609375
EK202310194383,153.416015625
EK202310183986,165.818359375
EK202310150419,152.1025390625
EK202310194684,148.482421875
EK202310123982,175.734375
EK202310167254,127.69140625
EK202310170710,123.4814453125
EK202310112450,133.5068359375
EK202310220586,143.974609375
EK202310189665,152.787109375
EK202310117974,139.3310546875
EK202310131602,142.7177734375
EK202310162096,147.8671875
EK202310243659,144.779296875
EK202310187107,124.32421875
EK202310188591,124.7666015625
EK202310130729,137.6611328125
EK202310207612,146.8466796875
EK202310190165,134.091796875
EK202310240918,136.984375
EK202310138933,125.2470703125
EK202310124424,127.1767578125
EK202310207452,126.458984375
EK202310149692,149.7158203125
EK202310122269,147.9130859375
EK202310178206,149.5849609375
EK202310236928,133.951171875
EK202310108129,157.087890625
EK202310242986,136.8388671875
EK202310153555,146.337890625
EK202310135472,157.21484375
EK202310135151,154.9384765625
EK202310121132,153.7158203125
EK202310159808,143.8232421875
EK202310111940,129.8896484375
EK202310211823,129.7421875
EK202310208954,171.677734375
EK202310174925,169.2255859375
EK202310139934,139.908203125
EK202310128204,139.45703125
EK202310207948,134.9765625
EK202310194132,150.908203125
EK202310213757,138.4560546875
EK202310210438,141.396484375
EK202310144525,154.3544921875
EK202310125105,140.2880859375
EK202310120299,140.1162109375
EK202310246727,129.9619140625
EK202310200847,149.1611328125
EK202310181091,131.2060546875
EK202310130669,129.2177734375
EK202310164111,146.6962890625
EK202310141945,156.7353515625
EK202310238865,163.8251953125
EK202310107320,133.9736328125
EK202310220000,142.5283203125
EK202310180826,150.1474609375
EK202310117534,148.88671875
EK202310148403,159.5869140625
EK202310235756,142.7822265625
EK202310215153,133.6962890625
EK202310215909,126.4541015625
EK202310232668,138.6298828125
EK202310169331,164.1513671875
EK202310168151,135.447265625
EK202310218890,139.7431640625
EK202310186779,145.8359375
EK202310114858,131.9150390625
EK202310152341,148.4853515625
EK202310128217,121.244140625
EK202310193271,124.1220703125
EK202310180464,147.640625
EK202310205276,130.1318359375
EK202310125640,122.404296875
EK202310141600,157.9521484375
EK202310141981,171.2236328125
EK202310167795,153.607421875
EK202310192334,143.3212890625
EK202310241694,143.4609375
EK202310196935,125.939453125
EK202310180151,141.1796875
EK202310106774,153.5146484375
EK202310215027,156.9501953125
EK202310216078,139.0625
EK202310163711,158.9384765625
EK202310109770,149.5693359375
EK202310215501,127.5390625
EK202310163977,143.5751953125
EK202320007174,166.7509765625
EK202310205844,137.1865234375
EK202310139223,132.580078125
EK202310244458,132.9970703125
EK202310131387,168.1923828125
EK202310143831,121.6279296875
EK202310147793,152.482421875
EK202310219748,124.79296875
EK202310155389,141.076171875
EK202310134466,159.3232421875
EK202310151903,145.103515625
EK202310234772,144.6142578125
EK202310131775,164.212890625
EK202310134952,148.9296875
EK202310118242,132.310546875
EK202310107035,132.794921875
EK202310131515,153.822265625
EK202310244132,129.1171875
EK202310201654,159.4130859375
EK202310237041,155.240234375
EK202310171334,154.3662109375
EK202310104916,124.1630859375
EK202310182983,138.85546875
EK202310164359,156.966796875
EK202310112552,145.345703125
EK202310201546,136.369140625
EK202310202954,134.9931640625
EK202310134253,148.8642578125
EK202310004718,155.4228515625
EK202310242169,160.3486328125
EK202310188966,131.65234375
EK202310179423,128.9013671875
EK202310218744,160.5224609375
EK202310193025,145.734375
EK202310232272,155.7900390625
EK202310217104,124.2646484375
EK202310245973,128.6396484375
EK202310108124,145.9775390625
EK202310195074,164.8681640625
EK202310177534,164.3076171875
EK202310220572,132.4169921875
EK202310176418,149.337890625
EK202310159967,152.5390625
EK202310163800,152.8095703125
EK202310154402,173.5595703125
EK202310212424,136.0166015625
EK202310115194,142.4072265625
EK202310157002,153.0380859375
EK202310236493,138.708984375
EK202310209384,140.775390625
EK202310153699,130.302734375
EK202310140162,128.228515625
EK202310191690,154.078125
EK202310164321,148.3291015625
EK202310167679,118.9638671875
EK202310118401,127.8466796875
EK202320006231,157.0859375
EK202310158105,134.5615234375
EK202310179352,140.376953125
EK202310112735,140.421875
EK202310144319,134.32421875
EK202310173893,159.615234375
EK202310160526,139.96875
EK202310147338,142.623046875
EK202310164737,148.62890625
EK202310226429,117.681640625
EK202310119510,138.908203125
EK202310111353,142.8095703125
EK202310121601,135.7734375
EK202310138216,126.939453125
EK202310222532,143.4404296875
EK202310138949,133.0517578125
EK202310214912,154.7060546875
EK202310121057,142.2509765625
EK202310231318,138.8916015625
EK202310137231,130.701171875
EK202310136824,127.384765625
EK202310115476,139.6005859375
EK202310195522,165.96875
EK202310130890,129.5234375
EK202310161838,175.3896484375
EK202310158188,129.8037109375
EK202310184190,137.73828125
EK202310106659,146.3359375
EK202310134400,133.7568359375
EK202310209267,144.1669921875
EK202310241209,150.3291015625
EK202310214760,154.9736328125
EK202310151809,173.5400390625
EK202310198002,143.671875
EK202310228621,133.5947265625
EK202310162885,118.751953125
EK202310133298,155.4482421875
EK202310126484,135.2080078125
EK202310196380,119.4716796875
EK202310143373,144.0927734375
EK202310202385,139.78125
EK202310131648,135.1533203125
EK202310116966,135.587890625
EK202310134410,151.5185546875
EK202310191544,136.62109375
EK202310196047,145.78125
EK202310119440,137.08984375
EK202310132919,150.1103515625
EK202310156448,168.583984375
EK202310198177,140.7412109375
EK202310148838,148.7412109375
EK202310171364,148.6552734375
EK202310120500,128.1640625
EK202310247151,133.6337890625
EK202310144904,101.7705078125
EK202310174989,145.876953125
EK202310133355,133.6923828125
EK202310226353,163.4384765625
EK202310176858,129.966796875
EK202310227114,145.8828125
EK202310187693,141.357421875
EK202310109711,162.9951171875
EK202310181780,149.16015625
EK202310163147,157.1650390625
EK202310190696,150.458984375
EK202310165868,158.9140625
EK202310110400,134.3310546875
EK202310135537,152.8876953125
EK202310169217,161.7333984375
EK202310195878,160.517578125
EK202310189489,136.6728515625
EK202310205257,126.49609375
EK202310239304,159.21484375
EK202310132417,127.478515625
EK202310221095,121.8505859375
EK202310110398,131.984375
EK202310240389,145.7705078125
EK202310185614,147.8955078125
EK202310213110,129.8095703125
EK202310154463,146.978515625
EK202310177140,174.9150390625
EK202310175268,150.1689453125
EK202310199152,134.9619140625
EK202310128676,151.5380859375
EK202310168399,159.7763671875
EK202310201459,147.8642578125
EK202310235106,157.240234375
EK202310232368,150.220703125
EK202310127908,125.111328125
EK202310182464,143.4912109375
EK202310184852,117.5673828125
EK202310170955,130.7470703125
EK202310185265,143.0166015625
EK202310114431,151.7958984375
EK202310124741,157.6279296875
EK202310193561,140.3271484375
EK202310113830,140.8759765625
EK202310229300,133.3447265625
EK202310176918,146.2099609375
EK202310222543,135.3193359375
EK202310240095,152.552734375
EK202310208448,149.537109375
EK202310201172,172.2919921875
EK202310125525,136.5361328125
EK202310221529,137.552734375
EK202310120352,156.4130859375
EK202310140711,141.5595703125
EK202310211389,141.8984375
EK202310124018,160.0087890625
EK202310143340,118.830078125
EK202310180385,154.96484375
EK202320006974,157.513671875
EK202310159693,156.888671875
EK202310181459,128.990234375
EK202310182182,132.22265625
EK202310141048,148.4423828125
EK202310211604,133.251953125
EK202310141173,142.017578125
EK202310151648,143.96484375
EK202310243583,148.603515625
EK202310133700,130.515625
EK202310152960,150.8525390625
EK202310192543,138.7939453125
EK202310131141,114.1640625
EK202310134377,133.2451171875
EK202310174653,128.734375
EK202310218574,147.240234375
EK202310191005,152.40625
EK202310104855,118.6669921875
EK202310178218,152.7861328125
EK202310166318,159.876953125
EK202310202248,138.498046875
EK202310234490,164.0712890625
EK202310225442,145.7578125
EK202310123331,142.6455078125
EK202310238951,127.654296875
EK202310114122,130.6708984375
EK202310202645,156.2138671875
EK202310221624,140.365234375
EK202310147534,154.7412109375
EK202310197356,170.4990234375
EK202310222430,142.623046875
EK202310225523,124.6884765625
EK202310177178,154.2529296875
EK202310153665,128.2978515625
EK202310196238,139.4248046875
EK202310244577,144.5341796875
EK202310172448,163.0966796875
EK202310225799,136.1259765625
EK202310183968,135.0
EK202310203019,156.32421875
EK202310109776,147.8330078125
EK202310111537,144.1748046875
EK202310124731,170.0947265625
EK202310213643,141.24609375
EK202310146267,146.1669921875
EK202310245701,134.01953125
EK202310177157,126.9443359375
EK202310153114,154.73046875
EK202310004024,167.5341796875
EK202310240323,145.14453125
EK202310116344,132.150390625
EK202310174344,136.04296875
EK202310166165,152.142578125
EK202310122743,151.9482421875
EK202310226015,135.7421875
EK202310152541,154.1064453125
EK202310189773,144.2001953125
EK202310232097,144.8798828125
EK202310155304,131.31640625
EK202310200289,137.8271484375
EK202310208997,132.5390625
EK202310176430,149.4375
EK202310205504,132.3759765625
EK202310241123,151.6552734375
EK202310160664,138.654296875
EK202310235837,138.310546875
EK202310190225,139.0673828125
EK202310218794,117.9619140625
EK202310244811,133.7958984375
EK202310144333,149.2392578125
EK202310134916,151.349609375
EK202310133279,153.5185546875
EK202310230299,137.369140625
EK202310181539,160.23828125
EK202310137837,138.1865234375
EK202310142434,158.802734375
EK202310108559,130.490234375
EK202310172173,137.001953125
EK202310170541,157.2685546875
EK202310106066,133.775390625
EK202310242004,134.4697265625
EK202310114374,157.4091796875
EK202310147018,146.32421875
EK202310193730,144.865234375
EK202310155054,125.306640625
EK202310211249,136.466796875
EK202310203058,155.943359375
EK202310224924,167.4091796875
EK202310153934,144.7490234375
EK202310192789,139.21875
EK202310176566,137.9677734375
EK202310215186,143.7646484375
EK202310159944,137.1884765625
EK202310209677,140.572265625
EK202310137062,156.125
EK202310209003,169.25
EK202310236143,143.8427734375
EK202310159540,157.0849609375
EK202310141923,152.0263671875
EK202310214900,144.298828125
EK202310150311,126.2626953125
EK202310145121,157.341796875
EK202310138102,143.28515625
EK202310195227,158.919921875
EK202310215003,143.2509765625
EK202310133345,146.65234375
EK202310241621,153.4345703125
EK202310232734,135.841796875
EK202310192752,162.2255859375
EK202310155287,136.7099609375
EK202310230367,137.7216796875
EK202310204826,148.263671875
EK202310217569,173.771484375
EK202310239151,138.5693359375
EK202310225087,167.447265625
EK202310142211,154.7802734375
EK202310143872,152.5537109375
EK202320006692,158.455078125
EK202310243470,137.130859375
EK202310202312,164.8486328125
EK202310172400,142.1689453125
EK202310175257,155.6923828125
EK202310156574,147.5263671875
EK202310195996,170.1513671875
EK202310207174,161.595703125
EK202310221440,144.2021484375
EK202310229365,134.3330078125
EK202310184849,140.1484375
EK202310186317,146.71484375
EK202310122351,129.50390625
EK202310147942,156.65625
EK202310204767,131.6474609375
EK202310151776,133.45703125
EK202310162542,159.9052734375
EK202310149376,157.2333984375
EK202310188687,141.8271484375
EK202310126040,133.0048828125
EK202310132787,135.3623046875
EK202320007196,162.775390625
EK202310194184,144.3935546875
EK202310148035,154.232421875
EK202310242086,144.5302734375
EK202310158984,149.1728515625
EK202310123998,175.39453125
EK202310143322,160.2080078125
EK202310169220,168.02734375
EK202310163343,120.3076171875
EK202310195035,158.47265625
EK202310244095,144.8115234375
EK202310004865,165.8876953125
EK202310202516,145.57421875
EK202310170156,149.4921875
EK202310217210,137.2548828125
EK202310139116,157.8740234375
EK202310181676,166.1767578125
EK202310117650,130.50390625
EK202310126117,133.443359375
EK202310145631,135.7216796875
EK202310194552,148.0302734375
EK202310231065,130.6611328125
EK202310243723,139.68359375
EK202310150462,144.724609375
EK202310175160,143.484375
EK202310145549,163.46484375
EK202310218100,119.3544921875
EK202310172122,131.48046875
EK202310195049,144.78515625
EK202310179443,152.0048828125
EK202310149733,144.7216796875
EK202310115695,127.25390625
EK202310149488,144.7294921875
EK202310154087,155.9462890625
EK202320006192,156.158203125
EK202310125278,133.0576171875
EK202310241332,157.4521484375
EK202310143810,135.5166015625
EK202310105018,142.0537109375
EK202310237785,151.2333984375
EK202310223864,159.0546875
EK202310226433,163.7451171875
EK202310157972,154.1552734375
EK202310174015,140.3388671875
EK202310183160,138.4599609375
EK202310191076,153.7099609375
EK202310172756,141.140625
EK202310104599,129.00390625
EK202310238264,139.4091796875
EK202310127187,146.728515625
EK202310165833,154.4130859375
EK202310195179,151.5859375
EK202310153898,150.2646484375
EK202310170585,130.912109375
EK202310245910,137.0859375
EK202310170174,144.828125
EK202310115207,142.1328125
EK202310120317,134.0126953125
EK202310236898,135.7763671875
EK202310146305,158.0146484375
EK202310112140,146.80078125
EK202310143217,123.7685546875
EK202310150540,147.9130859375
EK202310223717,139.654296875
EK202310219843,151.33984375
EK202310198855,139.6328125
EK202310191446,137.0498046875
EK202310190334,158.4423828125
EK202310184752,151.4228515625
EK202310160416,141.42578125
EK202310173011,126.46875
EK202310128863,140.9833984375
EK202310190262,149.57421875
EK202310110902,140.33203125
EK202310193520,165.296875
EK202320006543,149.3076171875
EK202310187711,146.9580078125
EK202310200254,148.8662109375
EK202310155513,146.65625
EK202310180642,153.0556640625
EK202310196569,145.8837890625
EK202320007271,147.833984375
EK202310179403,145.103515625
EK202310241241,156.177734375
EK202310192182,135.2412109375
EK202310203673,145.5146484375
EK202310163605,138.78125
EK202310108085,144.80078125
EK202310195692,157.04296875
EK202310190401,134.419921875
EK202310192575,138.908203125
EK202310227513,163.3056640625
EK202310130882,149.8466796875
EK202310104224,143.515625
EK202310144297,135.201171875
EK202310210525,138.0283203125
EK202320006267,170.9013671875
EK202310150061,131.1142578125
EK202310189465,162.94921875
EK202310239884,138.0830078125
EK202310137344,148.2431640625
EK202310212273,134.7578125
EK202310205202,169.2890625
EK202310147736,140.6142578125
EK202310138489,155.9599609375
EK202310169998,163.52734375
EK202310123563,124.154296875
EK202310162573,150.1328125
EK202310122865,151.71484375
EK202310189811,145.6416015625
EK202310160895,152.392578125
EK202310153256,140.5537109375
EK202310216969,136.482421875
EK202310152260,154.4453125
EK202310141709,143.3564453125
EK202320007373,149.3544921875
EK202310193336,160.0927734375
EK202310164703,142.5830078125
EK202310103814,138.4189453125
EK202310200017,141.33984375
EK202310218767,132.7998046875
EK202310188858,148.73046875
EK202310192187,154.6552734375
EK202310194207,140.0595703125
EK202310130206,165.49609375
EK202310110494,138.7626953125
EK202320006130,168.326171875
EK202310211320,135.228515625
EK202310224161,144.728515625
EK202310240472,145.2578125
EK202310209032,173.6650390625
EK202310167634,121.0087890625
EK202310180571,141.2333984375
EK202310229017,135.181640625
EK202310131345,142.2060546875
EK202310138019,126.763671875
EK202310004554,141.0341796875
EK202310132971,131.837890625
EK202310141635,158.0322265625
EK202310194247,153.7255859375
EK202310148311,177.8466796875
EK202310121972,140.447265625
EK202310142685,146.7802734375
EK202310106949,149.837890625
EK202310163326,164.3408203125
EK202310220547,139.009765625
EK202310104514,138.638671875
EK202310145431,134.3681640625
EK202310117273,145.2646484375
EK202310166607,137.3779296875
EK202310189589,127.734375
EK202310196074,124.37890625
EK202310153363,130.3466796875
EK202310162392,142.458984375
EK202310229624,127.7041015625
EK202310195898,142.23046875
EK202310219784,137.4638671875
EK202310184116,141.576171875
EK202310223449,145.8876953125
EK202310163821,159.9541015625
EK202310183192,142.73046875
EK202310226918,133.4052734375
EK202310154785,144.5029296875
EK202310179367,149.060546875
EK202310195531,149.1962890625
EK202310130452,138.390625
EK202310121734,130.61328125
EK202310133991,141.3955078125
EK202310210591,153.0205078125
EK202310139555,173.2822265625
EK202310228357,144.068359375
EK202310125608,127.376953125
EK202310107185,129.7861328125
EK202310235572,137.3564453125
EK202310230158,137.69921875
EK202310145383,101.7529296875
EK202310143147,142.16796875
EK202310164771,152.3828125
EK202310144247,143.466796875
EK202310220979,135.775390625
EK202310149131,133.0556640625
EK202310196632,158.6796875
EK202310131051,148.556640625
EK202310134659,142.17578125
EK202310200213,119.677734375
EK202310146862,134.3447265625
EK202310188949,152.4951171875
EK202310137016,159.7822265625
EK202310239591,148.8310546875
EK202310160714,170.4404296875
EK202310120187,139.2314453125
EK202310171815,130.435546875
EK202310197107,161.763671875
EK202310135357,129.072265625
EK202310139656,111.9833984375
EK202310210779,174.7392578125
EK202310238374,136.6494140625
EK202310232468,116.4423828125
EK202310170608,128.6748046875
EK202310161875,140.330078125
EK202310154794,137.6572265625
EK202310178981,138.2802734375
EK202310115024,123.9990234375
EK202310198317,163.2763671875
EK202310176549,147.5537109375
EK202310125448,131.740234375
EK202310223899,125.794921875
EK202310240237,150.6162109375
EK202310194815,174.359375
EK202310245437,140.697265625
EK202310109463,133.0390625
EK202310126220,132.8359375
EK202310162672,140.9970703125
EK202310106706,115.791015625
EK202310230813,141.3232421875
EK202310229853,144.15625
EK202310183987,160.6982421875
EK202310130317,148.154296875
EK202310104984,148.5908203125
EK202310174152,140.4375
EK202310228308,135.1474609375
EK202310111938,144.099609375
EK202310191965,176.9189453125
EK202310125325,125.0986328125
EK202310235246,150.0244140625
EK202310108851,136.5185546875
EK202310139648,150.4072265625
EK202310116135,127.4853515625
EK202310195391,134.845703125
EK202310139056,151.1728515625
EK202310201109,148.1005859375
EK202310247192,162.876953125
EK202310119623,177.43359375
EK202310174223,132.8505859375
EK202310150628,164.7265625
EK202310166077,163.5087890625
EK202310178835,138.8857421875
EK202310184672,170.1376953125
EK202310245587,127.3603515625
EK202310211153,142.31640625
EK202310148852,146.80859375
EK202310237982,133.734375
EK202310212607,133.8095703125
EK202310188439,150.9443359375
EK202310244428,141.1064453125
EK202310187031,134.6982421875
EK202310114894,144.2529296875
EK202310140044,151.3330078125
EK202310223861,144.6572265625
EK202310184954,137.765625
EK202310229341,146.9833984375
EK202310193100,157.443359375
EK202310154175,144.361328125
EK202310103979,140.9814453125
EK202310210100,159.7822265625
EK202310112422,125.5390625
EK202310147941,141.1591796875
EK202310109450,145.32421875
EK202310227736,146.685546875
EK202310147053,155.82421875
EK202310219645,133.4306640625
EK202310213369,131.5166015625
EK202310154826,155.1611328125
EK202310119234,151.58203125
EK202310210678,135.6533203125
EK202310106182,136.9521484375
EK202310132534,127.5126953125
EK202310220157,126.501953125
EK202310108493,141.677734375
EK202310192669,169.404296875
EK202310172385,145.6884765625
EK202310133787,122.9697265625
EK202310172222,139.845703125
EK202310183649,148.9775390625
EK202310135892,121.9453125
EK202310129170,171.1669921875
EK202310209741,134.1064453125
EK202310129427,137.6357421875
EK202310192393,157.04296875
EK202310245714,130.1455078125
EK202310130517,141.4443359375
EK202310178411,167.0146484375
EK202310189618,153.3466796875
EK202310143288,165.7294921875
EK202310199193,136.7177734375
EK202310227313,177.2734375
EK202310213919,157.6201171875
EK202310244481,128.7197265625
EK202310120478,127.7265625
EK202310107634,138.5634765625
EK202310157691,135.7919921875
EK202310215874,141.6318359375
EK202310246981,125.126953125
EK202310153195,155.9541015625
EK202310242256,146.201171875
EK202310123017,108.4580078125
EK202310205136,152.7705078125
EK202310170231,158.0302734375
EK202310168120,124.361328125
EK202310003727,157.1845703125
EK202310217369,160.84375
EK202320006688,158.1357421875
EK202310230112,124.7529296875
EK202310177152,141.2802734375
EK202310106847,126.3251953125
EK202310228061,149.134765625
EK202310233311,148.701171875
EK202310226138,146.0634765625
EK202310200931,142.2890625
EK202310219804,147.97265625
EK202310141658,157.1904296875
EK202310207757,134.6103515625
EK202310147486,150.392578125
EK202310239005,137.5830078125
EK202310129712,153.55859375
EK202310148369,140.998046875
EK202310155404,126.568359375
EK202310218716,143.0166015625
EK202310188882,141.484375
EK202310221316,125.8974609375
EK202310137120,148.9921875
EK202310217405,134.9208984375
EK202310149231,139.4501953125
EK202310174189,134.7470703125
EK202310138929,133.4931640625
EK202310123610,141.6845703125
EK202310200717,148.5
EK202310190751,148.8828125
EK202310146784,131.421875
EK202310132879,161.2919921875
EK202310133709,158.6044921875
EK202310128722,130.673828125
EK202310103790,165.162109375
EK202310218931,127.119140625
EK202310218663,142.1396484375
EK202310247844,159.275390625
EK202310190812,160.451171875
EK202310208756,153.6708984375
EK202310156744,136.40625
EK202310228838,155.767578125
EK202310136171,142.794921875
EK202310126151,154.0224609375
EK202310173890,121.427734375
EK202310235680,126.4423828125
EK202310156616,176.95703125
EK202310134563,160.501953125
EK202310211003,135.892578125
EK202310185632,157.8349609375
EK202310241758,113.0908203125
EK202310148534,136.251953125
EK202310182316,156.4013671875
EK202310191280,163.2119140625
EK202310129812,151.537109375
EK202310004693,131.66796875
EK202310172541,169.6513671875
EK202310201639,131.03125
EK202310204202,144.66796875
EK202310129486,134.6728515625
EK202310203423,156.5869140625
EK202310169919,150.181640625
EK202310174297,145.072265625
EK202310172937,143.5458984375
EK202310109427,144.7861328125
EK202310131119,166.9990234375
EK202310151810,160.1357421875
EK202310137213,135.7470703125
EK202310136572,151.9892578125
EK202310132184,161.1865234375
EK202310238825,136.68359375
EK202310160725,165.74609375
EK202310127240,167.03515625
EK202310115224,135.34375
EK202310127515,126.6767578125
EK202310130232,160.7197265625
EK202310176152,121.8798828125
EK202310189265,148.8525390625
EK202310121845,139.6083984375
EK202310248808,131.1123046875
EK202310216603,135.048828125
EK202310106462,141.998046875
EK202310186070,139.517578125
EK202310200271,132.6953125
EK202310222232,134.001953125
EK202310224303,144.46875
EK202310108205,144.06640625
EK202310213223,156.42578125
EK202320007747,150.6318359375
EK202310195798,147.9189453125
EK202310172690,137.1416015625
EK202310139602,152.7275390625
EK202310124892,133.19921875
EK202310136630,139.087890625
EK202310133236,129.43359375
EK202310109780,154.6474609375
EK202310139773,129.5419921875
EK202310138601,130.7939453125
EK202310192309,140.671875
EK202310201720,129.33984375
EK202310246040,154.9658203125
EK202320005733,190.3564453125
EK202310119837,134.8154296875
EK202310235139,142.0771484375
EK202310129171,137.423828125
EK202310204107,141.900390625
EK202310206346,163.8662109375
EK202310126908,142.625
EK202310201951,125.607421875
EK202310185504,146.9736328125
EK202310139015,151.06640625
EK202310164756,161.6044921875
EK202310207001,137.7236328125
EK202310217541,144.6201171875
EK202310149840,140.3515625
EK202310218711,144.5322265625
EK202310133519,135.7529296875
EK202310168888,156.1494140625
EK202310209126,154.458984375
EK202310189031,142.1494140625
EK202310217455,159.7626953125
EK202310155271,140.6396484375
EK202310215067,163.7109375
EK202310161595,126.6611328125
EK202310120502,125.95703125
EK202310241869,161.337890625
EK202310103712,150.015625
EK202310150266,178.0263671875
EK202310119972,134.8671875
EK202310179290,129.6591796875
EK202310192440,161.5830078125
EK202310131793,149.533203125
EK202310109571,162.9228515625
EK202310230188,156.50390625
EK202310119855,156.0068359375
EK202310138704,159.8193359375
EK202310118159,124.787109375
EK202310166249,141.41015625
EK202310187053,157.2197265625
EK202310165742,160.9326171875
EK202310183750,146.9130859375
EK202310205405,137.12109375
EK202310131038,171.3291015625
EK202310207627,147.37109375
EK202310220460,150.4384765625
EK202310239483,150.3955078125
EK202310141073,163.4111328125
EK202310217239,129.142578125
EK202310146989,158.6572265625
EK202310160800,134.71484375
EK202310190813,151.751953125
EK202320006164,145.455078125
EK202310143973,178.033203125
EK202310111799,143.341796875
EK202310208269,150.43359375
EK202310159828,176.3681640625
EK202310113945,123.3515625
EK202310168361,129.0
EK202310176103,147.162109375
EK202310136310,127.4580078125
EK202310200326,142.884765625
EK202310179044,155.0439453125
EK202310197944,145.271484375
EK202310183295,179.291015625
EK202310240215,160.0654296875
EK202310225695,125.419921875
EK202310138029,123.0439453125
EK202310208987,150.0869140625
EK202310156602,174.0654296875
EK202310239059,145.63671875
EK202310185901,152.0146484375
EK202310200662,128.7626953125
EK202310109920,109.3974609375
EK202310188247,145.7265625
EK202310183201,156.5244140625
EK202310104073,146.232421875
EK202310183040,131.4365234375
EK202310200329,140.560546875
EK202310108982,137.3359375
EK202310214848,148.5185546875
EK202310194212,131.1435546875
EK202310155460,159.326171875
EK202310179825,145.564453125
EK202310183614,147.310546875
EK202310233580,133.8759765625
EK202310223060,138.83984375
EK202310110018,140.5341796875
EK202310219086,143.0859375
EK202310210708,125.8037109375
EK202310206894,148.5791015625
EK202310176692,139.6513671875
EK202310211237,139.408203125
EK202310216145,137.0087890625
EK202310174790,139.0810546875
EK202310130432,132.6796875
EK202310176912,158.658203125
EK202310239861,121.5693359375
EK202310201821,135.9365234375
EK202310194140,151.078125
EK202310201014,138.16796875
EK202310211210,146.9736328125
EK202310210215,138.908203125
EK202310109048,136.1162109375
EK202310115364,154.875
EK202310125998,138.2060546875
EK202310113308,121.150390625
EK202310166014,149.5361328125
EK202310240961,133.6552734375
EK202310192526,155.8232421875
EK202310118614,138.146484375
EK202310208485,137.4296875
EK202310113185,140.0673828125
EK202310123009,139.705078125
EK202310131866,151.056640625
EK202310246596,128.69140625
EK202310144786,124.8310546875
EK202310188069,167.9638671875
EK202310161238,169.74609375
EK202310108065,140.4384765625
EK202310176554,154.7080078125
EK202310172801,155.7568359375
EK202310231997,154.0224609375
EK202310150544,129.4638671875
EK202310242116,145.7919921875
EK202310228121,117.3623046875
EK202310163938,149.98046875
EK202310208770,149.7666015625
EK202310162906,147.732421875
EK202310171122,129.83203125
EK202310136574,118.142578125
EK202310168247,151.9130859375
EK202310116653,137.2646484375
EK202310225365,147.76953125
EK202310154568,129.88671875
EK202310144616,146.8251953125
EK202310123329,143.9794921875
EK202310184908,153.814453125
EK202310176975,151.8408203125
EK202310244230,145.5771484375
EK202310139801,156.4580078125
EK202310140231,144.412109375
EK202310163109,143.9814453125
EK202310133245,131.7919921875
EK202310003719,142.8720703125
EK202310128658,123.41796875
EK202310196514,157.220703125
EK202310136745,138.583984375
EK202310135739,130.81640625
EK202310167219,153.1279296875
EK202310188340,155.095703125
EK202310233341,146.3349609375
EK202310207484,131.72265625
EK202310145893,154.490234375
EK202310137850,139.5712890625
EK202310228098,148.9052734375
EK202310123631,150.8193359375
EK202310233006,135.6865234375
EK202310236781,147.4306640625
EK202310184351,139.0322265625
EK202310197215,143.0283203125
EK202310134606,136.7822265625
EK202310124613,156.2685546875
EK202310176760,127.6787109375
EK202310181242,143.919921875
EK202310146018,118.8701171875
EK202310118057,138.7724609375
EK202310241929,129.6875
EK202310134625,172.7255859375
EK202310226675,169.2265625
EK202310200650,164.7568359375
EK202310202459,126.8984375
EK202310165871,155.548828125
EK202310190177,140.6328125
EK202310221650,141.8486328125
EK202310195755,143.80078125
EK202310128800,133.01171875
EK202310103775,138.9638671875
EK202310117228,145.4677734375
EK202310151800,133.4287109375
EK202310210424,134.9541015625
EK202310208507,130.623046875
EK202310003803,126.3486328125
EK202310171322,154.1513671875
EK202310168526,159.990234375
EK202310197721,133.765625
EK202310238027,147.0400390625
EK202310172276,130.3486328125
EK202310124247,136.9052734375
EK202310158194,155.25
EK202310167282,155.89453125
EK202310173439,145.61328125
EK202310125677,145.1494140625
EK202310210177,144.03125
EK202310238899,143.9970703125
EK202310113985,133.7939453125
EK202310209990,144.3291015625
EK202310228124,132.9921875
EK202310104190,133.9462890625
EK202310201389,123.697265625
EK202310123163,141.0439453125
EK202310191131,157.564453125
EK202310203502,139.2451171875
EK202310123878,145.0703125
EK202310247275,123.5185546875
EK202310227023,135.28125
EK202310175135,130.537109375
EK202310226835,162.685546875
EK202310109034,147.7412109375
EK202310186583,153.2314453125
EK202310107744,136.6259765625
EK202310220042,142.173828125
EK202310202298,147.255859375
EK202310189344,159.08203125
EK202310148801,141.26171875
EK202310172716,140.626953125
EK202310179116,145.9189453125
EK202310174016,136.0615234375
EK202310108847,130.0078125
EK202310232003,142.623046875
EK202310126703,142.1845703125
EK202310106477,150.2578125
EK202310123106,124.951171875
EK202310169334,174.359375
EK202310231339,138.2041015625
EK202310175772,153.6396484375
EK202310196241,163.326171875
EK202310143871,146.2265625
EK202310142265,144.806640625
EK202310163563,140.42578125
EK202310244604,134.51953125
EK202310247610,148.228515625
EK202310116133,124.8701171875
EK202310144893,98.5859375
EK202310138511,157.5263671875
EK202310178199,154.5205078125
EK202310238970,180.67578125
EK202310137277,143.7763671875
EK202310195419,152.373046875
EK202310234603,144.7734375
EK202310137485,145.3271484375
EK202310221268,127.2724609375
EK202310166447,152.4697265625
EK202310163342,124.583984375
EK202310160258,149.798828125
EK202320007173,155.2626953125
EK202310166608,138.314453125
EK202310190777,142.970703125
EK202310228415,127.7001953125
EK202310160470,148.1123046875
EK202310199928,139.9716796875
EK202310139397,126.8828125
EK202310103828,129.7978515625
EK202310198546,162.2451171875
EK202310168601,158.0126953125
EK202310199500,148.3271484375
EK202310130735,112.2294921875
EK202310203344,151.8046875
EK202310149177,140.5
EK202320006908,158.0615234375
EK202310182119,148.248046875
EK202310108526,146.4462890625
EK202310123316,126.171875
EK202310175509,144.0673828125
EK202310115166,136.515625
EK202310169504,145.228515625
EK202310191512,139.8388671875
EK202310111425,125.6748046875
EK202310192823,158.8271484375
EK202310159703,142.1748046875
EK202310110465,140.0234375
EK202310217003,132.6337890625
EK202310187166,136.7080078125
EK202310225739,141.06640625
EK202310125501,136.015625
EK202310118486,132.39453125
EK202310221279,132.4765625
EK202310194956,147.576171875
EK202310178722,132.576171875
EK202310182533,143.6279296875
EK202310138053,140.4111328125
EK202310231131,123.82421875
EK202310212157,131.7431640625
EK202310125603,130.896484375
EK202310136248,153.130859375
EK202310115244,128.5595703125
EK202310132254,137.8779296875
EK202310178792,176.8076171875
EK202310191023,134.8984375
EK202310162415,141.9228515625
EK202310125102,141.4091796875
EK202310208134,140.4033203125
EK202310105586,135.78125
EK202310213166,135.201171875
EK202310247801,131.697265625
EK202310247262,132.9091796875
EK202310126467,130.2080078125
EK202310176266,147.0888671875
EK202310109933,162.0263671875
EK202310161495,157.40234375
EK202310205248,144.2783203125
EK202310224138,143.0888671875
EK202310212586,156.1806640625
EK202310131904,132.4140625
EK202310120534,135.4970703125
EK202310109184,154.4013671875
EK202310198723,184.7119140625
EK202310190770,147.849609375
EK202310114461,148.1416015625
EK202310223578,129.205078125
EK202310133222,143.232421875
EK202310136866,138.2431640625
EK202310176700,154.974609375
EK202310126084,137.986328125
EK202310196727,155.119140625
EK202310225009,147.232421875
EK202310207005,165.2724609375
EK202310222794,129.0654296875
EK202310171893,159.734375
EK202310172296,126.5966796875
EK202310139698,167.3173828125
EK202310128914,133.275390625
EK202310235545,133.509765625
EK202310109242,134.6982421875
EK202310177486,137.1435546875
EK202310199539,133.4013671875
EK202310188301,150.26953125
EK202310201859,150.8759765625
EK202310170159,146.1611328125
EK202310148167,139.5703125
EK202310155933,159.0947265625
EK202310149269,144.75
EK202310188885,132.9775390625
EK202310109274,124.8349609375
EK202310162745,152.5634765625
EK202310146260,149.931640625
EK202310168090,107.73046875
EK202310219761,115.7724609375
EK202310230205,125.7744140625
EK202310114523,129.6806640625
EK202310201162,167.294921875
EK202310188350,152.1123046875
EK202310178664,127.376953125
EK202310125253,146.2177734375
EK202310194315,144.4580078125
EK202310178855,152.185546875
EK202310114913,155.6201171875
EK202310209479,151.611328125
EK202310207800,163.4609375
EK202310205487,134.2451171875
EK202310168431,149.0888671875
EK202310235593,152.3515625
EK202310235602,131.3681640625
EK202320007124,177.580078125
EK202310207771,129.9912109375
EK202310228788,125.3046875
EK202310227982,139.162109375
EK202310194813,168.484375
EK202310241087,151.7578125
EK202310148405,141.3876953125
EK202310140778,139.154296875
EK202310198551,147.1064453125
EK202310120216,161.6552734375
EK202310154323,146.9580078125
EK202310158123,162.95703125
EK202310215528,148.1748046875
EK202310237307,152.5830078125
EK202310144499,165.59375
EK202310200349,152.1083984375
EK202310199428,150.4033203125
EK202310205917,136.9990234375
EK202310123848,128.5810546875
EK202310171335,156.6103515625
EK202310113026,140.697265625
EK202310227460,141.8701171875
EK202310218273,159.3515625
EK202310211553,136.0205078125
EK202310196786,142.8896484375
EK202310237300,130.7763671875
EK202310125146,144.0810546875
EK202310118100,127.1708984375
EK202310186326,134.833984375
EK202310128919,129.267578125
EK202310198759,135.2802734375
EK202310236246,143.6962890625
EK202310149187,165.5087890625
EK202310182726,161.7841796875
EK202310152601,139.099609375
EK202310220436,130.1630859375
EK202310193514,160.9736328125
EK202310246478,123.9091796875
EK202310243128,167.0693359375
EK202310127415,133.328125
EK202310213162,146.5732421875
EK202310137235,132.30078125
EK202310178654,152.28515625
EK202310118153,139.5791015625
EK202310004571,136.5439453125
EK202310151403,176.5458984375
EK202310245278,149.1796875
EK202310143897,132.8486328125
EK202310218277,134.5791015625
EK202310162879,150.8994140625
EK202310136599,135.453125
EK202320006442,171.2470703125
EK202320007344,143.568359375
EK202310189969,162.390625
EK202310166949,174.6533203125
EK202310114939,133.083984375
EK202310226036,143.9091796875
EK202310166986,137.0615234375
EK202310217723,130.7470703125
EK202310137499,156.421875
EK202310132371,142.8642578125
EK202310197508,142.2744140625
EK202320006448,177.9306640625
EK202310217287,136.33984375
EK202310210663,125.630859375
EK202310104277,140.3720703125
EK202310200683,141.6376953125
EK202310225623,156.9111328125
EK202310207191,155.51953125
EK202310129539,130.16015625
EK202310128514,168.5107421875
EK202310140966,133.9658203125
EK202310129386,152.4775390625
EK202310179691,143.001953125
EK202310188920,144.8740234375
EK202310247484,129.3974609375
EK202310193673,143.4873046875
EK202310170091,135.25
EK202310172920,169.267578125
EK202310223477,144.2119140625
EK202310171073,165.3125
EK202310194158,149.19140625
EK202310207919,156.5703125
EK202310120306,153.904296875
EK202310207223,119.1806640625
EK202310244280,138.982421875
EK202310106527,121.9404296875
EK202310142859,163.6396484375
EK202310168389,156.7880859375
EK202310143594,132.0205078125
EK202310167480,167.7529296875
EK202310156995,136.572265625
EK202310119214,150.974609375
EK202310148853,138.0791015625
EK202310217497,137.6630859375
EK202310120366,140.4111328125
EK202310217526,171.599609375
EK202310195002,135.0
EK202310169241,157.7607421875
EK202310159114,146.3271484375
EK202310192176,141.591796875
EK202310159110,145.048828125
EK202310158664,147.8740234375
EK202310192338,135.93359375
EK202310230524,134.16015625
EK202310210362,161.798828125
EK202310212895,155.966796875
EK202310193440,130.2783203125
EK202320007869,145.0693359375
EK202310167916,140.9404296875
EK202310206630,136.0107421875
EK202310157459,144.21875
EK202310216902,144.0986328125
EK202310198965,160.6318359375
EK202310201874,141.9853515625
EK202310117999,143.4306640625
EK202310204212,147.0234375
EK202310183852,157.267578125
EK202310219321,146.4228515625
EK202310235218,133.57421875
EK202310106655,131.9189453125
EK202310109169,164.083984375
EK202310229525,122.95703125
EK202310234441,131.509765625
EK202310119016,144.5185546875
EK202310003723,146.30078125
EK202310177973,123.6806640625
EK202310143560,158.98828125
EK202310245405,142.3818359375
EK202310123670,122.89453125
EK202310125143,165.9345703125
EK202310162721,137.375
EK202310121368,146.6259765625
EK202310207810,162.2861328125
EK202310110877,136.5947265625
EK202310207642,142.7177734375
EK202310236676,125.990234375
EK202310178731,157.203125
EK202310166361,155.2255859375
EK202310221798,153.1591796875
EK202310177403,162.9833984375
EK202310134022,130.3134765625
EK202310167333,151.21875
EK202310166210,148.896484375
EK202310110220,150.9013671875
EK202310145795,146.880859375
EK202310164123,159.04296875
EK202310196621,158.240234375
EK202310120415,146.1826171875
EK202310148912,153.06640625
EK202310179102,129.6923828125
EK202310196322,139.5595703125
EK202310157568,154.15234375
EK202310146998,142.08984375
EK202310223698,166.0029296875
EK202310234532,145.1240234375
EK202310138792,164.6298828125
EK202310246869,130.3857421875
EK202310126504,132.8984375
EK202310113606,169.6279296875
EK202310131578,133.7939453125
EK202310156389,147.0078125
EK202310138943,133.6474609375
EK202310105288,153.6328125
EK202310188558,163.5185546875
EK202310234995,135.8681640625
EK202310181950,176.13671875
EK202310157098,149.9921875
EK202310132543,131.9033203125
EK202310174319,149.990234375
EK202310225811,141.8916015625
EK202310157066,155.927734375
EK202310205138,138.373046875
EK202320007203,159.197265625
EK202310227039,135.1591796875
EK202310106033,123.7490234375
EK202310146183,155.02734375
EK202310226180,135.173828125
EK202310162385,140.9404296875
EK202310235946,127.2529296875
EK202310182408,145.6025390625
EK202310155735,158.4306640625
EK202310190520,166.259765625
EK202310146058,132.40625
EK202310202633,157.7880859375
EK202310196099,154.4052734375
EK202310129632,133.767578125
EK202310138166,123.8935546875
EK202310148720,148.6787109375
EK202310145781,148.3017578125
EK202310140364,143.7255859375
EK202310152526,123.26171875
EK202310109041,132.666015625
EK202310239518,163.0771484375
EK202310187894,128.958984375
EK202310140674,151.2666015625
EK202310133919,140.7333984375
EK202310183378,145.3369140625
EK202310232538,131.66015625
EK202310203159,147.0634765625
EK202310114364,141.5478515625
EK202310165382,148.337890625
EK202310212412,131.9384765625
EK202310106291,140.5888671875
EK202310136964,153.130859375
EK202310114872,138.4873046875
EK202310211044,139.6640625
EK202310196962,164.03515625
EK202310229743,139.49609375
EK202310180091,126.8828125
EK202310113899,145.4453125
EK202310238528,166.484375
EK202310167500,149.3037109375
EK202310184018,156.013671875
EK202310194972,162.8798828125
EK202310120304,148.1396484375
EK202310142049,126.8916015625
EK202310178765,174.7705078125
EK202310182864,133.31640625
EK202310192331,145.9501953125
EK202310164774,140.89453125
EK202310156817,174.90234375
EK202310237151,145.40625
EK202310234802,142.94921875
EK202310210106,163.5654296875
EK202310195014,132.2373046875
EK202310147893,156.240234375
EK202310113010,135.2001953125
EK202310183485,146.0673828125
EK202310123549,144.2158203125
EK202310215820,134.4365234375
EK202310174861,145.673828125
EK202310170243,135.6171875
EK202310139779,126.9521484375
EK202310226387,134.822265625
EK202310126951,130.8232421875
EK202310122461,122.1162109375
EK202310137617,149.2197265625
EK202310232607,156.3818359375
EK202310188917,153.8759765625
EK202310230010,128.5390625
EK202320007620,146.2158203125
EK202310179514,131.9326171875
EK202310200726,128.75
EK202310145542,140.171875
EK202310140934,155.3671875
EK202310141993,131.9111328125
EK202310202052,134.6728515625
EK202310206128,148.2509765625
EK202310129191,164.4736328125
EK202310132531,156.818359375
EK202310145895,140.484375
EK202310150717,159.0830078125
EK202310238478,135.9521484375
EK202310215961,155.5166015625
EK202310140355,151.17578125
EK202310107109,116.982421875
EK202310245704,138.236328125
EK202310140078,145.4326171875
EK202310201205,159.998046875
EK202310105811,128.779296875
EK202310213056,147.01953125
EK202310218710,145.1865234375
EK202310212505,144.8720703125
EK202310222413,126.54296875
EK202310172293,129.6162109375
EK202310109647,135.2939453125
EK202310188891,151.357421875
EK202310137965,139.048828125
EK202310107117,117.7568359375
EK202310207869,138.6416015625
EK202310169495,167.3525390625
EK202310114538,153.8515625
EK202310165920,138.2216796875
EK202310130807,148.8369140625
EK202310170628,147.2578125
EK202310117370,133.3125
EK202310239420,151.6318359375
EK202310108908,133.96484375
EK202310124380,130.5498046875
EK202310114384,154.08984375
EK202310176015,163.7626953125
EK202310213032,127.6318359375
EK202310191795,133.6455078125
EK202310203571,142.4921875
EK202310138185,130.8056640625
EK202310182667,152.1826171875
EK202310178540,148.3564453125
EK202310173419,153.1083984375
EK202310171759,143.287109375
EK202310230057,143.2900390625
EK202310239289,138.20703125
EK202310203690,156.1103515625
EK202310109021,143.2890625
EK202310126805,173.326171875
EK202310213809,126.1572265625
EK202310174863,166.01171875
EK202310221636,138.2255859375
EK202310171548,116.2529296875
EK202310194319,140.19921875
EK202310233853,158.6181640625
EK202310158671,158.3955078125
EK202310230596,130.3515625
EK202310221893,132.03515625
EK202310227172,141.9638671875
EK202310231306,135.19921875
EK202310158074,132.5546875
EK202310104860,153.8232421875
EK202310216640,148.0859375
EK202310200103,146.0078125
EK202310141785,130.1787109375
EK202310145978,119.7724609375
EK202310004077,159.880859375
EK202310133888,148.2568359375
EK202310125723,150.9580078125
EK202310136090,175.0869140625
EK202310246571,135.59375
EK202310243027,132.400390625
EK202310109649,142.6279296875
EK202310176461,135.62109375
EK202310122952,141.0087890625
EK202310243326,140.1435546875
EK202310135058,166.9638671875
EK202310200094,139.3134765625
EK202310146558,128.7568359375
EK202310121295,126.705078125
EK202310214783,160.6689453125
EK202310172681,130.21484375
EK202310241971,127.9951171875
EK202310188843,154.1240234375
EK202310136447,139.6689453125
EK202310231662,141.798828125
EK202310157790,144.6103515625
EK202310120107,160.765625
EK202310225152,157.4462890625
EK202310200264,162.345703125
EK202310134521,141.537109375
EK202310173584,135.05859375
EK202310196666,159.2529296875
EK202310164106,123.3291015625
EK202310138379,152.60546875
EK202310228204,126.8896484375
EK202310125152,164.69921875
EK202310216720,144.3525390625
EK202310228063,148.103515625
EK202310169786,141.0625
EK202310176342,156.5634765625
EK202310163187,151.421875
EK202310124025,154.623046875
EK202310171872,153.1318359375
EK202310137265,134.8818359375
EK202310209292,144.7666015625
EK202310137925,128.9326171875
EK202310199295,136.6416015625
EK202310152826,170.474609375
EK202310104368,125.25
EK202310187730,142.2080078125
EK202310181862,142.6416015625
EK202310165938,138.6923828125
EK202310183431,145.4111328125
EK202310236615,141.0224609375
EK202310189593,131.3740234375
EK202310221069,138.5791015625
EK202310205373,154.171875
EK202310142031,152.2109375
EK202310128716,135.3984375
EK202310202961,152.8583984375
EK202310205295,152.037109375
EK202310116568,142.60546875
EK202310209928,136.2373046875
EK202320005639,157.890625
EK202310133603,173.150390625
EK202310196192,172.9794921875
EK202310133688,156.2451171875
EK202310107855,151.748046875
EK202310138935,140.2158203125
EK202310204089,146.75390625
EK202310219313,156.048828125
EK202310189726,138.8349609375
EK202310152282,150.1357421875
EK202310180251,141.4560546875
EK202310165981,147.1015625
EK202310137451,139.5810546875
EK202310126122,151.7177734375
EK202310243998,127.525390625
EK202310184231,154.482421875
EK202310228417,139.8759765625
EK202310241091,148.6494140625
EK202310190393,152.513671875
EK202310211537,133.509765625
EK202310147678,136.486328125
EK202310242270,138.5537109375
EK202310149069,154.7900390625
EK202310163921,162.775390625
EK202310133083,127.5234375
EK202310224140,145.3291015625
EK202310152867,133.7822265625
EK202310203736,125.0703125
EK202310165596,125.3544921875
EK202310214453,135.669921875
EK202310164740,146.412109375
EK202310214137,180.8115234375
EK202310146679,152.8623046875
EK202310104097,126.849609375
EK202310200834,161.4287109375
EK202310163017,154.2890625
EK202310165977,150.9736328125
EK202310243475,131.5791015625
EK202310241365,159.3720703125
EK202310244319,151.365234375
EK202310120396,135.7431640625
EK202310241624,142.5146484375
EK202310198761,187.0576171875
EK202310150943,140.4755859375
EK202310248679,149.744140625
EK202310215685,149.482421875
EK202310104356,136.38671875
EK202310206239,126.3095703125
EK202310157180,133.5869140625
EK202310131514,146.490234375
EK202310244801,154.1982421875
EK202310116569,149.7646484375
EK202310123027,115.55859375
EK202310223311,135.8173828125
EK202310174904,154.390625
EK202310133194,157.130859375
EK202310184130,138.296875
EK202310194455,163.0478515625
EK202310106381,147.2138671875
EK202310227001,154.8046875
EK202310153912,148.291015625
EK202310193865,131.759765625
EK202310232459,130.177734375
EK202310198400,130.3662109375
EK202310182607,134.6650390625
EK202310225129,136.2587890625
EK202310197516,145.490234375
EK202310131801,165.720703125
EK202310212554,152.8310546875
EK202310227543,147.150390625
EK202310130530,143.7626953125
EK202310193825,163.4833984375
EK202310211045,156.3642578125
EK202310129373,149.4853515625
EK202310147392,143.708984375
EK202310187904,159.1748046875
EK202310208503,140.873046875
EK202310110837,150.763671875
EK202310229225,133.8447265625
EK202310164336,134.8564453125
EK202310195313,153.0888671875
EK202320006926,146.27734375
EK202310174594,133.7978515625
EK202310187599,159.9775390625
EK202310198391,133.8349609375
EK202310224871,141.7099609375
EK202310128469,142.244140625
EK202310108118,133.01171875
EK202310164855,145.580078125
EK202310157619,148.44921875
EK202310212148,131.6748046875
EK202310241888,137.7333984375
EK202310200720,144.3837890625
EK202310178703,167.6083984375
EK202310208199,143.0927734375
EK202310200707,146.0595703125
EK202310222186,157.779296875
EK202310235687,148.220703125
EK202310169723,158.05078125
EK202310242395,142.4716796875
EK202310202866,151.4150390625
EK202310137258,132.935546875
EK202310209819,144.9306640625
EK202310111291,141.19921875
EK202310210190,135.1572265625
EK202310181968,146.6220703125
EK202310173847,144.2099609375
EK202310170341,134.1396484375
EK202310112839,141.6591796875
EK202310207240,132.27734375
EK202310122514,133.099609375
EK202310190722,141.4501953125
EK202310186422,130.0224609375
EK202310154379,161.5439453125
EK202310245323,160.439453125
EK202310122299,134.576171875
EK202310125100,137.1591796875
EK202310118253,132.22265625
EK202310238969,152.734375
EK202310168188,167.3310546875
EK202310160206,156.3525390625
EK202310222871,152.5732421875
EK202310209611,150.2763671875
EK202310212974,138.3798828125
EK202310128407,140.1513671875
EK202310222412,127.7177734375
EK202310200939,136.0966796875
EK202310003959,129.8623046875
EK202310190302,163.01171875
EK202310186405,173.064453125
EK202310138957,121.21484375
EK202310105023,123.400390625
EK202310236632,144.7412109375
EK202310162662,141.419921875
EK202310198218,151.666015625
EK202310186500,145.4013671875
EK202310138863,136.0
EK202310241224,159.4111328125
EK202310171644,141.373046875
EK202310239875,130.732421875
EK202310187156,150.095703125
EK202310174507,139.51953125
EK202310139245,157.7861328125
EK202310161355,153.6435546875
EK202310131302,136.4658203125
EK202310106366,140.7080078125
EK202310180236,172.9560546875
EK202310146739,138.62890625
EK202310122526,127.8798828125
EK202310171449,132.7958984375
EK202310158382,145.5654296875
EK202310003648,129.458984375
EK202310203626,133.9921875
EK202310105539,130.71484375
EK202310172856,157.71484375
EK202310247114,162.71875
EK202310169299,162.11328125
EK202310216048,139.4599609375
EK202320007664,140.060546875
EK202310106821,131.953125
EK202310201424,140.1689453125
EK202310177794,146.11328125
EK202310225174,135.40234375
EK202310236955,127.6787109375
EK202310216158,130.681640625
EK202310176370,138.2001953125
EK202310139805,124.1513671875
EK202310129688,127.2685546875
EK202310114179,142.654296875
EK202310004734,145.396484375
EK202310153706,167.9169921875
EK202310159985,133.2490234375
EK202310207436,152.4326171875
EK202310172357,141.0517578125
EK202310137540,147.6064453125
EK202310246082,136.1328125
EK202310231504,126.44921875
EK202310180342,170.2421875
EK202310149538,152.677734375
EK202310236300,144.5302734375
EK202310184866,147.91015625
EK202310236107,157.4365234375
EK202310177453,139.1435546875
EK202310171178,141.2939453125
EK202310146756,138.40625
EK202310147896,158.052734375
EK202310167599,149.5849609375
EK202310165277,129.0771484375
EK202310213182,160.912109375
EK202310231983,145.5625
EK202310119961,131.1103515625
EK202310168921,151.189453125
EK202310152986,141.4755859375
EK202310222123,129.9658203125
EK202310165121,132.9150390625
EK202320006143,159.48828125
EK202310136406,130.90625
EK202310113171,141.8798828125
EK202310178750,163.5654296875
EK202310184720,130.2724609375
EK202310135947,135.458984375
EK202310106555,146.5048828125
EK202310147773,148.6845703125
EK202310166654,130.3310546875
EK202310231220,129.35546875
EK202310179554,149.900390625
EK202310121805,131.013671875
EK202310221539,142.8955078125
EK202310109095,129.720703125
EK202310228094,162.8017578125
EK202310128632,128.9072265625
EK202310168239,157.0400390625
EK202310229923,135.2001953125
EK202310182545,147.1162109375
EK202310111819,145.591796875
EK202320007299,166.0166015625
EK202310113423,134.4716796875
EK202310141017,135.572265625
EK202310236316,146.2041015625
EK202310108216,141.4091796875
EK202310192703,154.5546875
EK202310123050,126.6767578125
EK202310221659,136.6435546875
EK202310195354,173.5322265625
EK202310218205,158.8876953125
EK202310142204,152.103515625
EK202310169069,151.0419921875
EK202310110164,142.34375
EK202310242272,124.45703125
EK202310171541,168.529296875
EK202310164252,161.9580078125
EK202310230378,130.1611328125
EK202310162807,131.5458984375
EK202310125970,153.1796875
EK202310232037,138.546875
EK202310179302,128.099609375
EK202310113416,135.427734375
EK202310120907,135.1826171875
EK202310131914,120.40625
EK202310246477,149.7001953125
EK202310210578,136.2412109375
EK202310224656,159.6396484375
EK202310134643,125.0947265625
EK202310165344,133.982421875
EK202310128094,138.9443359375
EK202310212344,148.984375
EK202310163429,129.8701171875
EK202310142109,117.072265625
EK202310148011,157.904296875
EK202310177720,125.6357421875
EK202310130679,147.052734375
EK202310128185,170.482421875
EK202310157906,143.14453125
EK202310219715,135.3681640625
EK202310107586,139.8720703125
EK202310236962,138.962890625
EK202310133594,164.3896484375
EK202310124136,133.6318359375
EK202310147276,131.6630859375
EK202310209860,152.0888671875
EK202310170014,129.087890625
EK202310125838,143.1337890625
EK202310176810,139.029296875
EK202310104451,146.7265625
EK202310181648,167.7587890625
EK202310148857,149.9462890625
EK202310161540,169.6748046875
EK202310109347,135.654296875
EK202310143168,140.7080078125
EK202310182799,148.32421875
EK202310183847,145.6748046875
EK202310231882,142.36328125
EK202310236483,122.443359375
EK202320007850,143.59765625
EK202310171115,129.640625
EK202310138799,151.8759765625
EK202310229790,141.5166015625
EK202310120135,138.443359375
EK202310165362,144.869140625
EK202310160759,134.37109375
EK202310128908,154.5537109375
EK202310126950,130.734375
EK202310210878,133.48828125
EK202310144127,130.6123046875
EK202310103769,136.61328125
EK202310224658,166.875
EK202310158660,146.345703125
EK202310115044,131.1298828125
EK202310225928,132.650390625
EK202310131183,160.38671875
EK202310191329,140.119140625
EK202310247806,146.6572265625
EK202310128359,142.21484375
EK202310158015,134.5341796875
EK202310216742,150.1953125
EK202310180156,125.8115234375
EK202310156742,164.994140625
EK202310206889,142.958984375
EK202310141595,158.4560546875
EK202310213331,143.3720703125
EK202310110177,131.28515625
EK202310177752,153.6064453125
EK202310143528,136.1484375
EK202310121245,133.853515625
EK202310121730,129.6318359375
EK202310166696,178.3251953125
EK202310139416,131.912109375
EK202310137350,142.33984375
EK202310173056,127.025390625
EK202310183242,150.9609375
EK202310181856,138.1982421875
EK202310187043,150.734375
EK202310146563,134.39453125
EK202310210145,146.7373046875
EK202310149292,156.58203125
EK202310219306,140.490234375
EK202310180670,141.7275390625
EK202310154730,146.939453125
EK202310220947,137.744140625
EK202310202735,147.462890625
EK202310123527,128.7060546875
EK202310120644,136.3759765625
EK202310129017,167.3955078125
EK202310162431,166.7119140625
EK202310150024,140.9384765625
EK202310237610,149.638671875
EK202310228863,143.56640625
EK202310114239,144.3916015625
EK202310111704,148.0048828125
EK202310175377,127.9541015625
EK202310128857,138.2568359375
EK202310141561,132.859375
EK202310133921,144.6552734375
EK202310143422,131.0986328125
EK202310222897,132.1767578125
EK202310127138,150.6806640625
EK202310185976,140.982421875
EK202310118702,141.724609375
EK202310112998,163.0439453125
EK202310134460,159.15234375
EK202310198419,144.4384765625
EK202310116533,125.185546875
EK202310152035,142.7998046875
EK202310186167,138.9609375
EK202310174777,141.6494140625
EK202310241957,129.2568359375
EK202310194759,158.3896484375
EK202310209627,143.9716796875
EK202310110386,135.033203125
EK202310183168,128.8056640625
EK202310230042,140.2109375
EK202310173070,142.9228515625
EK202310118014,144.0185546875
EK202310201071,135.923828125
EK202310151104,112.0654296875
EK202310150451,143.7958984375
EK202310185662,168.296875
EK202310152420,138.2373046875
EK202310004807,141.0400390625
EK202310123731,142.7119140625
EK202320007290,158.802734375
EK202310159273,171.2275390625
EK202310241776,156.46875
EK202310240911,131.203125
EK202310128834,147.326171875
EK202310128400,148.80859375
EK202310233118,158.9658203125
EK202310234404,131.923828125
EK202310158169,158.3291015625
EK202310168826,126.8779296875
EK202310223636,159.6005859375
EK202310228740,170.0859375
EK202310115835,138.666015625
EK202310131407,132.1943359375
EK202310150935,137.876953125
EK202310225345,170.03125
EK202310146990,152.677734375
EK202310227539,145.076171875
EK202310145038,126.8017578125
EK202310134905,134.970703125
EK202310176247,153.9541015625
EK202310238587,151.0224609375
EK202310208338,148.2431640625
EK202310202600,157.138671875
EK202310244941,152.4521484375
EK202310121341,145.6826171875
EK202310142598,174.9541015625
EK202310198678,129.6533203125
EK202310243034,144.3818359375
EK202310188200,150.4267578125
EK202310248513,111.1064453125
EK202310247587,132.6484375
EK202310175167,131.16015625
EK202310248135,138.5712890625
EK202310116341,137.73046875
EK202310187249,155.9365234375
EK202310117946,140.6259765625
EK202310120013,129.2724609375
EK202310168464,130.9580078125
EK202310188127,140.7822265625
EK202310234954,148.60546875
EK202310240694,154.4873046875
EK202310156774,151.9453125
EK202310242931,128.7900390625
EK202310120909,137.5771484375
EK202310213600,128.822265625
EK202310185790,155.6318359375
EK202310189010,135.556640625
EK202310198849,131.1591796875
EK202310110578,147.0419921875
EK202310197754,136.802734375
EK202310224146,134.1025390625
EK202310174258,133.9453125
EK202310190295,143.1630859375
EK202310215366,143.2265625
EK202310236141,135.2841796875
EK202310235081,145.9267578125
EK202310113404,130.7451171875
EK202310147836,163.7119140625
EK202310119847,154.0361328125
EK202320006154,161.4580078125
EK202310181606,146.626953125
EK202310108458,149.447265625
EK202310191692,154.7607421875
EK202310137028,144.9892578125
EK202310186568,140.48828125
EK202310193659,162.2392578125
EK202310201443,138.3076171875
EK202310171284,151.2783203125
EK202310162022,144.72265625
EK202310124310,140.7724609375
EK202310150577,141.283203125
EK202310180293,163.5283203125
EK202310233601,155.0986328125
EK202310218244,144.5927734375
EK202310147274,129.296875
EK202310144827,141.2646484375
EK202310188705,119.0185546875
EK202310171879,127.88671875
EK202310004380,156.0654296875
EK202310124117,129.0654296875
EK202310139515,159.0908203125
EK202310223076,139.55859375
EK202310189237,143.396484375
EK202310158900,162.6279296875
EK202310172965,138.0078125
EK202310133331,133.1064453125
EK202310139550,142.5517578125
EK202310182260,141.4375
EK202310240459,131.3076171875
EK202310129723,162.0146484375
EK202310140428,122.9267578125
EK202310116169,126.6953125
EK202310121335,141.640625
EK202310154424,138.1484375
EK202310171495,151.1787109375
EK202310230777,135.6279296875
EK202310207460,149.0341796875
EK202310194955,121.7294921875
EK202310233382,134.9921875
EK202310126476,152.6845703125
EK202310112541,125.443359375
EK202310211941,154.4443359375
EK202310160649,152.8330078125
EK202310147152,143.736328125
EK202310226978,136.994140625
EK202310156779,138.7314453125
EK202310160400,160.9140625
EK202310113592,152.6669921875
EK202310173652,148.201171875
EK202310159519,139.1875
EK202310124262,134.4560546875
EK202310205506,127.8291015625
EK202310219097,157.3974609375
EK202310226057,129.9736328125
EK202310153736,135.162109375
EK202310180775,122.6171875
EK202310169348,162.658203125
EK202310131502,149.1435546875
EK202310121729,116.935546875
EK202310159565,149.029296875
EK202310204448,138.5283203125
EK202310153462,146.5341796875
EK202310144316,135.587890625
EK202310135075,163.26171875
EK202310221375,140.9541015625
EK202310163745,156.8505859375
EK202310128307,154.033203125
EK202310117545,177.67578125
EK202310135049,172.0751953125
EK202310168241,156.4736328125
EK202310212910,139.3173828125
EK202310201819,144.748046875
EK202310159317,159.3720703125
EK202310205644,143.9453125
EK202310154083,129.16015625
EK202310229522,130.421875
EK202310110884,149.3046875
EK202310157913,143.90625
EK202310178487,168.5361328125
EK202310159316,152.7451171875
EK202310109379,146.3046875
EK202310188031,127.03125
EK202310198040,154.7607421875
EK202310175083,163.70703125
EK202310155364,146.7578125
EK202310204163,149.138671875
EK202310199502,142.9775390625
EK202310204489,148.7509765625
EK202310179081,138.2431640625
EK202310233796,122.271484375
EK202310166659,154.1513671875
EK202310160108,151.0810546875
EK202310189609,152.2080078125
EK202310104591,141.560546875
EK202310241388,134.4140625
EK202310141772,145.255859375
EK202310193970,145.896484375
EK202310115247,130.51171875
EK202310205518,141.146484375
EK202310169284,134.818359375
EK202310148744,146.3583984375
EK202310190361,137.6796875
EK202310174521,169.1826171875
EK202320005722,168.7607421875
EK202310223637,134.197265625
EK202310206779,141.2705078125
EK202310205588,136.5947265625
EK202310173304,149.0791015625
EK202310168176,148.1826171875
EK202310213786,155.244140625
EK202310193979,148.09375
EK202310126924,117.568359375
EK202310130529,141.9013671875
EK202310119471,146.728515625
EK202310196749,137.6728515625
EK202310113250,160.208984375
EK202310155906,129.0234375
EK202310105766,125.7236328125
EK202310201584,161.34765625
EK202310106175,128.43359375
EK202310178826,159.61328125
EK202310184322,123.4296875
EK202310106188,134.4853515625
EK202310124482,141.8994140625
EK202310186934,130.9248046875
EK202310190559,139.859375
EK202310247940,126.2548828125
EK202310161261,153.7265625
EK202310167492,117.7578125
EK202310117822,123.4716796875
EK202310185255,159.1083984375
EK202310209656,134.1318359375
EK202310161945,149.1328125
EK202310214665,153.5732421875
EK202310146073,125.908203125
EK202310160721,159.7392578125
EK202310245095,141.9404296875
EK202310239697,142.5146484375
EK202310196401,155.5009765625
EK202310245200,145.287109375
EK202310151874,170.498046875
EK202310127590,159.4111328125
EK202310172784,136.595703125
EK202310217741,150.3486328125
EK202310118696,147.1513671875
EK202310175680,150.578125
EK202310248407,136.232421875
EK202310116779,136.8037109375
EK202310230914,141.2822265625
EK202310121682,142.4892578125
EK202310124137,131.8388671875
EK202310138758,136.7666015625
EK202310115217,167.0556640625
EK202310165227,137.951171875
EK202310198606,137.955078125
EK202310139887,134.31640625
EK202310235696,128.40625
EK202310140862,137.3388671875
EK202310245296,147.80859375
EK202310178643,147.3974609375
EK202310109769,116.787109375
EK202310168383,129.982421875
EK202310173293,151.701171875
EK202310199278,157.171875
EK202310188364,170.8720703125
EK202310226539,125.494140625
EK202310104626,144.3486328125
EK202310113611,158.9169921875
EK202310155381,116.84375
EK202310207381,162.34765625
EK202310232919,147.8974609375
EK202310239683,146.31640625
EK202310131225,131.9072265625
EK202310173001,143.1767578125
EK202310194749,129.7578125
EK202310103766,132.5400390625
EK202310173848,144.4326171875
EK202310134143,124.9697265625
EK202310233093,136.1298828125
EK202310184337,154.087890625
EK202310129410,135.8662109375
EK202310118391,123.4775390625
EK202310222008,141.1201171875
EK202310172498,135.1298828125
EK202310187928,129.23828125
EK202310159483,133.1328125
EK202310110871,164.0166015625
EK202310146779,138.193359375
EK202310155616,129.73828125
EK202310137460,146.974609375
EK202310209877,131.650390625
EK202310140666,154.5966796875
EK202310122918,136.82421875
EK202310170046,145.203125
EK202310143434,150.599609375
EK202310140495,137.8896484375
EK202310174705,156.7734375
EK202310228168,153.8359375
EK202310127824,116.6083984375
EK202310235975,139.0546875
EK202310190602,129.533203125
EK202310106408,143.830078125
EK202310233717,144.513671875
EK202310203927,133.8671875
EK202310106512,137.0244140625
EK202310208972,141.466796875
EK202310156588,167.349609375
EK202310242168,134.8642578125
EK202310123091,142.41796875
EK202310199389,144.2451171875
EK202310154978,140.1298828125
EK202310158716,126.7412109375
EK202310159396,156.5556640625
EK202320005678,166.71484375
EK202310110183,124.5380859375
EK202310225959,133.6279296875
EK202310225303,130.7275390625
EK202310108877,150.7265625
EK202310237629,147.515625
EK202310211593,126.6298828125
EK202310151540,160.1826171875
EK202310149041,147.837890625
EK202310147417,149.291015625
EK202310229267,126.1337890625
EK202310194169,117.8505859375
EK202310130855,131.0068359375
EK202310218381,152.0712890625
EK202310131759,167.5517578125
EK202310159130,165.048828125
EK202310181380,161.4326171875
EK202310154840,161.93359375
EK202310155113,146.416015625
EK202310190213,128.3173828125
EK202310125761,158.2568359375
EK202310228436,147.982421875
EK202310245583,143.2568359375
EK202310138440,140.9140625
EK202310153292,128.7939453125
EK202310114994,131.2724609375
EK202310172366,146.2412109375
EK202310124479,137.734375
EK202310184003,162.1650390625
EK202310179734,136.0986328125
EK202310185315,140.2626953125
EK202310247954,166.849609375
EK202310146620,141.3212890625
EK202310171244,164.58203125
EK202310134666,158.224609375
EK202310220005,149.2275390625
EK202310156110,141.7099609375
EK202310207825,172.3681640625
EK202310168883,141.83984375
EK202310136483,111.1865234375
EK202310196952,173.6181640625
EK202310196373,133.5517578125
EK202310118816,136.4970703125
EK202310165110,146.177734375
EK202310142607,159.79296875
EK202310168946,138.548828125
EK202310105295,149.095703125
EK202310106334,133.05859375
EK202310105612,133.9169921875
EK202310119938,138.7578125
EK202310192361,158.095703125
EK202310195020,142.3671875
EK202310129686,140.3486328125
EK202320005926,177.12890625
EK202310210500,139.8603515625
EK202310139090,153.9931640625
EK202310138528,158.3359375
EK202310201466,143.3037109375
EK202310230750,127.9970703125
EK202310148719,139.6279296875
EK202310150803,130.1435546875
EK202310216988,155.8583984375
EK202310111431,139.3095703125
EK202310185972,130.94921875
EK202310195667,163.7568359375
EK202310140854,162.4384765625
EK202310210882,149.85546875
EK202310233837,121.330078125
EK202320006073,179.7978515625
EK202310196309,157.37890625
EK202310206916,148.568359375
EK202310226122,134.287109375
EK202320006289,155.28125
EK202310226436,155.6953125
EK202310169442,156.814453125
EK202310241543,135.2919921875
EK202310217591,138.2021484375
EK202310140276,134.9150390625
EK202320007784,152.7060546875
EK202310149529,142.9404296875
EK202320007633,137.3828125
EK202310119859,153.4375
EK202310230599,119.142578125
EK202310140256,132.6181640625
EK202310155491,135.125
EK202310132167,152.9140625
EK202310224240,162.1240234375
EK202310110704,133.017578125
EK202310140659,134.0537109375
EK202310209654,137.2294921875
EK202310210751,134.8271484375
EK202310114252,137.212890625
EK202310131050,121.66015625
EK202310176400,127.9072265625
EK202310225146,137.5283203125
EK202310218218,149.68359375
EK202310199879,143.4560546875
EK202310233661,141.2587890625
EK202310225646,122.134765625
EK202310141379,138.3046875
EK202320006182,147.88671875
EK202310173692,129.48828125
EK202310177607,153.822265625
EK202310233946,142.3564453125
EK202310126324,127.423828125
EK202310191584,152.8125
EK202310162051,152.212890625
EK202310217086,140.1591796875
EK202310175283,128.3818359375
EK202310161464,155.7294921875
EK202310175429,145.0537109375
EK202310162548,155.90625
EK202310124184,131.3916015625
EK202310175929,153.40625
EK202310162414,144.1982421875
EK202310243129,126.3779296875
EK202310157428,166.0546875
EK202310155573,141.1728515625
EK202310163052,147.51953125
EK202310206064,148.841796875
EK202310248323,131.9267578125
EK202310168056,164.8447265625
EK202310128927,159.0810546875
EK202310139485,163.6728515625
EK202310242735,138.279296875
EK202310134082,126.6220703125
EK202310104455,124.689453125
EK202310159631,147.1826171875
EK202310212803,137.9462890625
EK202310104486,138.5693359375
EK202310194508,134.8134765625
EK202310147608,151.9189453125
EK202310150343,135.7314453125
EK202310231361,131.7607421875
EK202310170149,163.0205078125
EK202320005932,168.9140625
EK202310211081,137.205078125
EK202310164819,163.0771484375
EK202310182415,143.541015625
EK202310129406,148.5576171875
EK202310186466,134.5048828125
EK202310116340,133.0849609375
EK202310177218,142.39453125
EK202310207532,145.3662109375
EK202310222391,138.6279296875
EK202310176449,166.4521484375
EK202310245955,141.76171875
EK202310193130,138.2666015625
EK202310158757,138.4951171875
EK202310227627,128.5419921875
EK202310136426,134.880859375
EK202310130279,172.822265625
EK202310140320,132.94921875
EK202310208976,138.8447265625
EK202310140233,148.607421875
EK202310111236,155.2626953125
EK202310106947,160.654296875
EK202310225392,139.2353515625
EK202310156828,141.9521484375
EK202310169518,128.8818359375
EK202310112332,147.4140625
EK202310157079,175.6337890625
EK202310113908,121.7001953125
EK202310228518,131.28125
EK202310162931,138.9697265625
EK202310209191,124.8623046875
EK202310170787,152.66796875
EK202310123235,129.8837890625
EK202310155678,133.28515625
EK202310164712,139.8798828125
EK202310124306,137.84375
EK202310209118,152.3154296875
EK202310198258,135.0966796875
EK202310234831,152.341796875
EK202310226914,157.677734375
EK202310202181,134.4853515625
EK202310181074,127.8720703125
EK202310231524,129.4052734375
EK202310159999,162.5966796875
EK202310214159,162.3115234375
EK202310104655,134.7705078125
EK202310191665,148.6650390625
EK202310226912,138.8876953125
EK202310229568,135.3671875
EK202320006366,155.5517578125
EK202310158803,135.974609375
EK202310218310,130.58203125
EK202310204232,144.26953125
EK202310186641,144.0048828125
EK202310145275,150.0625
EK202310215048,155.1435546875
EK202310155714,138.61328125
EK202310154842,137.6630859375
EK202310131202,145.4970703125
EK202310166844,158.205078125
EK202310209974,135.720703125
EK202310111411,146.5068359375
EK202310208383,138.4189453125
EK202310228239,141.5
EK202310220185,128.935546875
EK202310177863,135.400390625
EK202310191386,158.4072265625
EK202310176540,151.7734375
EK202310128361,147.2158203125
EK202310127737,145.2998046875
EK202310205567,173.5146484375
EK202310110038,133.380859375
EK202310135018,174.255859375
EK202310152829,167.3603515625
EK202310106061,136.2998046875
EK202310234328,158.6474609375
EK202310179105,164.5791015625
EK202310106635,145.998046875
EK202310133437,120.775390625
EK202310163497,152.5654296875
EK202310170389,123.8603515625
EK202310176900,147.275390625
EK202310218778,159.080078125
EK202310188856,157.4453125
EK202310195987,160.4658203125
EK202310139386,144.517578125
EK202310220080,146.0546875
EK202310132718,144.90625
EK202310184630,170.92578125
EK202310175811,126.4873046875
EK202310109074,136.001953125
EK202310237543,128.623046875
EK202310229949,136.3251953125
EK202310174243,126.876953125
EK202310185313,155.0068359375
EK202310150933,150.3798828125
EK202310114721,143.435546875
EK202310168635,138.8994140625
EK202310188341,156.2607421875
EK202310213705,145.6376953125
EK202310239073,127.3642578125
EK202310163500,129.5771484375
EK202310208351,135.0185546875
EK202310106450,147.69921875
EK202310115408,126.5126953125
EK202310223788,144.0478515625
EK202310243905,139.7734375
EK202310173232,129.23046875
EK202310147240,162.2333984375
EK202310170514,156.0810546875
EK202310150951,121.1005859375
EK202310116493,149.8642578125
EK202310195983,152.236328125
EK202310152131,130.611328125
EK202310104754,145.3115234375
EK202310205406,127.1640625
EK202310160153,152.7392578125
EK202310221221,125.875
EK202310160257,167.294921875
EK202310137708,146.830078125
EK202310115489,138.1328125
EK202310137151,140.9365234375
EK202310227780,128.0498046875
EK202310214472,150.466796875
EK202310133088,167.4580078125
EK202310239663,151.033203125
EK202310215474,138.59375
EK202310183236,128.275390625
EK202310214837,139.109375
EK202310187923,142.943359375
EK202310197935,154.5380859375
EK202310140273,145.99609375
EK202310117788,125.4541015625
EK202310170592,149.0126953125
EK202310156315,143.2158203125
EK202310166296,141.0615234375
EK202310156678,149.4326171875
EK202310197364,149.2099609375
EK202310004739,147.50390625
EK202310133626,133.0146484375
EK202310199623,147.1845703125
EK202310159296,166.5869140625
EK202310192767,146.9130859375
EK202310148778,139.455078125
EK202310156041,141.7216796875
EK202310186950,144.583984375
EK202310236558,143.416015625
EK202310213585,138.59765625
EK202310184418,140.677734375
EK202310140115,148.6943359375
EK202310163224,132.8876953125
EK202310228835,135.0048828125
EK202310162030,140.8955078125
EK202310168987,140.3779296875
EK202310221729,152.322265625
EK202310181909,134.7021484375
EK202310149566,160.9189453125
EK202310149852,134.3955078125
EK202310246189,130.4951171875
EK202310173822,154.033203125
EK202320006684,167.5224609375
EK202310151342,141.068359375
EK202310004964,149.451171875
EK202310167966,137.908203125
EK202310184397,124.142578125
EK202310200638,138.1474609375
EK202310181195,146.6767578125
EK202310149384,146.630859375
EK202310192111,162.0625
EK202310119248,151.9296875
EK202310150757,132.6494140625
EK202310105899,123.978515625
EK202310109147,132.1103515625
EK202310003890,136.9296875
EK202310136861,150.9423828125
EK202310209403,140.9033203125
EK202310143496,132.4140625
EK202310171668,139.078125
EK202310168536,138.87109375
EK202310216195,148.7353515625
EK202310117347,143.765625
EK202310208923,139.396484375
EK202310239643,145.5712890625
EK202310206445,140.2822265625
EK202310104049,123.0458984375
EK202310228180,136.322265625
EK202310116347,131.3544921875
EK202310205059,142.548828125
EK202310248120,132.7822265625
EK202310171398,150.2451171875
EK202310161887,139.5234375
EK202310208795,159.4482421875
EK202310211198,136.3505859375
EK202310175547,141.1220703125
EK202310168520,152.43359375
EK202310212595,136.00390625
EK202310116251,133.5712890625
EK202320007851,150.92578125
EK202310106764,120.9501953125
EK202310187318,122.59375
EK202310158705,145.6875
EK202310185110,137.6064453125
EK202310170152,145.3515625
EK202310195607,167.1953125
EK202310111449,130.6123046875
EK202310153841,156.576171875
EK202310167617,169.640625
EK202310114265,137.4580078125
EK202310133143,155.2666015625
EK202310158293,143.4736328125
EK202310181702,147.353515625
EK202310212416,138.2744140625
EK202310231600,130.1376953125
EK202310230507,134.41796875
EK202310223031,130.9248046875
EK202310180391,126.1572265625
EK202310177543,154.22265625
EK202310218831,143.0576171875
EK202310223265,141.228515625
EK202310109405,139.5927734375
EK202310138084,139.3173828125
EK202310144834,134.3671875
EK202310119130,151.3203125
EK202310241445,136.681640625
EK202310187813,136.537109375
EK202310233825,167.4970703125
EK202310163582,142.53125
EK202310152391,130.6298828125
EK202310236241,149.8291015625
EK202310179557,140.3671875
EK202310004239,168.1611328125
EK202310218905,133.8740234375
EK202310132305,131.6357421875
EK202310230005,138.5615234375
EK202310210560,147.2646484375
EK202310216882,158.716796875
EK202310176911,147.1923828125
EK202310136229,138.66796875
EK202310106054,130.2685546875
EK202310195370,140.537109375
EK202310173198,142.6455078125
EK202310173224,143.765625
EK202310192049,154.2197265625
EK202310119480,131.6728515625
EK202310173031,143.400390625
EK202310141972,167.693359375
EK202310146369,147.3486328125
EK202310242801,128.5947265625
EK202310206809,144.9169921875
EK202310185734,116.5673828125
EK202310139207,168.0986328125
EK202310210887,141.5146484375
EK202310105956,141.7275390625
EK202310163503,147.6025390625
EK202310123765,124.1513671875
EK202310232619,144.8486328125
EK202310205867,136.8876953125
EK202310158665,148.4951171875
EK202310236631,142.919921875
EK202310190792,142.1474609375
EK202310210386,141.375
EK202310200450,149.6826171875
EK202310174140,128.7841796875
EK202310138770,143.08984375
EK202310237110,131.4052734375
EK202310164459,144.8974609375
EK202310132579,121.1181640625
EK202310196378,123.9296875
EK202310193320,147.603515625
EK202310232595,169.1845703125
EK202310130509,140.0576171875
EK202310109357,160.2138671875
EK202310231395,142.2705078125
EK202310193035,163.7158203125
EK202310213027,127.62109375
EK202310138622,145.4697265625
EK202310193234,164.7314453125
EK202310185497,124.8681640625
EK202310228201,136.388671875
EK202310230916,147.181640625
EK202310219136,144.79296875
EK202310229694,139.376953125
EK202310242998,138.3720703125
EK202310118461,151.7568359375
EK202310147273,139.1298828125
EK202310112383,153.5390625
EK202310161078,166.7919921875
EK202310164392,156.90625
EK202310111127,130.5380859375
EK202310169688,121.2919921875
EK202310111033,148.541015625
EK202310118526,138.4873046875
EK202310190143,151.0634765625
EK202310232739,158.095703125
EK202310199403,147.6025390625
EK202310168879,170.2958984375
EK202310140593,128.966796875
EK202310003734,146.3623046875
EK202310234646,133.4873046875
EK202310133170,141.4931640625
EK202310181389,140.3876953125
EK202310173177,151.0966796875
EK202310164882,140.072265625
EK202310191760,156.9228515625
EK202310234933,155.6904296875
EK202310164012,138.1025390625
EK202310207434,148.578125
EK202310198243,134.0556640625
EK202310162062,142.9521484375
EK202310124086,140.21875
EK202310159310,137.974609375
EK202310241058,140.876953125
EK202310179083,137.171875
EK202310175051,145.0263671875
EK202310149452,148.15234375
EK202310230416,135.72265625
EK202310187500,158.5947265625
EK202310183313,144.7314453125
EK202310237296,148.3115234375
EK202310214789,146.9482421875
EK202310180222,146.546875
EK202310122939,165.3525390625
EK202310181965,148.3720703125
EK202310228380,145.703125
EK202310159058,111.6318359375
EK202310188976,134.373046875
EK202310172452,149.4169921875
EK202310215052,157.1552734375
EK202310247517,148.5205078125
EK202310156349,147.4248046875
EK202310242723,152.376953125
EK202310107972,138.5927734375
EK202310153284,128.0263671875
EK202310142419,149.2412109375
EK202310202260,140.423828125
EK202310169840,160.1572265625
EK202310229959,140.4462890625
EK202310112101,143.2275390625
EK202310170405,133.8564453125
EK202310187604,145.7685546875
EK202310226938,131.9033203125
EK202310170407,135.3603515625
EK202310188787,141.9287109375
EK202310157751,145.4384765625
EK202310110049,151.9423828125
EK202310171605,139.9501953125
EK202310225647,140.3291015625
EK202310160034,147.54296875
EK202310104086,135.6181640625
EK202310133846,141.0390625
EK202310149687,138.5419921875
EK202310237643,150.466796875
EK202310240693,147.4375
EK202310209107,159.970703125
EK202310152954,149.8232421875
EK202310107042,141.3486328125
EK202310147766,131.62109375
EK202310157864,139.1962890625
EK202310132609,150.9873046875
EK202310198224,151.8173828125
EK202310181372,150.9111328125
EK202310107536,152.556640625
EK202310107339,117.0537109375
EK202310231880,162.6748046875
EK202310121562,138.2451171875
EK202310219911,135.099609375
EK202310111456,147.6044921875
EK202310230174,139.771484375
EK202310123273,141.6337890625
EK202310130394,136.1376953125
EK202310125858,143.2646484375
EK202310148270,148.66796875
EK202310158632,147.2158203125
EK202310131026,132.3779296875
EK202310204177,142.8876953125
EK202310116255,159.806640625
EK202310149497,141.33984375
EK202310105304,153.6630859375
EK202310188432,119.1591796875
EK202310153241,160.36328125
EK202310143739,164.22265625
EK202310157045,155.2890625
EK202310221281,134.986328125
EK202310183812,173.04296875
EK202310237731,126.4296875
EK202310157369,145.6552734375
EK202310162985,155.0205078125
EK202310120645,145.7197265625
EK202310222168,131.2490234375
EK202310185855,143.1171875
EK202310208538,159.255859375
EK202310176660,142.6826171875
EK202310004357,151.0966796875
EK202310131180,154.94140625
EK202310239429,152.9013671875
EK202310143219,125.3056640625
EK202310117261,145.927734375
EK202310185385,147.923828125
EK202320006967,161.6669921875
EK202310133649,134.0361328125
EK202310124686,140.4130859375
EK202310158040,144.8876953125
EK202310196688,139.3544921875
EK202310191616,143.9814453125
EK202310115678,126.263671875
EK202310147246,147.6181640625
EK202310143506,135.7197265625
EK202310151678,124.1064453125
EK202310154413,144.0615234375
EK202310140205,135.3623046875
EK202310220100,143.388671875
EK202310125163,149.275390625
EK202310220961,135.869140625
EK202310230382,130.88671875
EK202310235095,141.4609375
EK202310161057,150.07421875
EK202310118114,150.4755859375
EK202310170808,132.046875
EK202310134456,153.7119140625
EK202310200301,143.046875
EK202310159200,172.3720703125
EK202310238472,132.7548828125
EK202310128987,133.845703125
EK202310108858,132.4169921875
EK202310226102,138.529296875
EK202310113124,122.2822265625
EK202310225235,136.064453125
EK202310179343,127.5673828125
EK202310178389,151.083984375
EK202310119599,125.45703125
EK202310244023,124.84375
EK202310156102,141.9287109375
EK202310130216,163.4326171875
EK202310234897,151.83203125
EK202310187102,137.69921875
EK202310239290,133.2958984375
EK202310136586,142.8916015625
EK202310108466,139.498046875
EK202310230613,134.7158203125
EK202310152593,151.673828125
EK202310196010,157.01953125
EK202310226253,139.013671875
EK202310203216,143.3154296875
EK202310166883,149.6650390625
EK202310129487,139.3466796875
EK202310105043,147.5927734375
EK202310138902,130.390625
EK202310202724,134.8037109375
EK202310201811,151.5615234375
EK202310175242,139.02734375
EK202310114269,113.677734375
EK202310231260,138.1787109375
EK202310104135,156.7724609375
EK202310157818,128.1787109375
EK202310182339,145.4130859375
EK202310147937,143.8017578125
EK202310200292,150.439453125
EK202310230177,131.0791015625
EK202310162469,127.431640625
EK202310204330,157.8701171875
EK202310139204,135.5751953125
EK202310130100,139.0390625
EK202310155710,144.9521484375
EK202310233995,152.017578125
EK202310184497,153.17578125
EK202310164378,129.91796875
EK202310219862,154.0751953125
EK202310125493,129.8623046875
EK202310154947,149.1806640625
EK202310177743,147.5732421875
EK202310183365,115.8798828125
EK202310195017,138.7099609375
EK202310111369,147.8212890625
EK202310225082,161.9951171875
EK202310155429,135.4345703125
EK202310226852,128.169921875
EK202310180504,154.9443359375
EK202310181743,172.9033203125
EK202310003997,146.7109375
EK202310205645,148.392578125
EK202310115820,141.3359375
EK202310162941,134.2353515625
EK202310180586,124.4873046875
EK202310220916,129.908203125
EK202310202555,156.396484375
EK202310149995,137.8056640625
EK202310119295,155.9736328125
EK202310187858,139.8818359375
EK202310237992,148.275390625
EK202310213952,158.0107421875
EK202310123029,124.0400390625
EK202310147096,145.0078125
EK202310223097,134.1279296875
EK202310166215,145.22265625
EK202310004720,148.3759765625
EK202310163572,140.421875
EK202310162607,145.5361328125
EK202310126965,151.341796875
EK202310140141,138.08984375
EK202310177046,134.7236328125
EK202310197851,154.6220703125
EK202310117189,128.9462890625
EK202310210540,132.1669921875
EK202310177596,140.162109375
EK202310155696,143.4951171875
EK202310175690,146.0712890625
EK202310219739,142.7734375
EK202310003649,131.06640625
EK202310175576,137.041015625
EK202310178878,151.8037109375
EK202310211266,131.0419921875
EK202310141670,145.83203125
EK202310159615,148.037109375
EK202310234233,145.9501953125
EK202310229461,128.0615234375
EK202310205036,145.3916015625
EK202310225181,144.5185546875
EK202310191452,151.056640625
EK202310146939,134.0439453125
EK202310182164,143.6357421875
EK202310170225,161.302734375
EK202310194220,144.8759765625
EK202310197061,153.974609375
EK202310173373,151.533203125
EK202310209119,156.296875
EK202320006628,165.9990234375
EK202310136886,124.6884765625
EK202310159668,130.6318359375
EK202310204891,152.3115234375
EK202310246209,139.1943359375
EK202310198151,145.60546875
EK202310111528,143.9951171875
EK202310181657,121.1123046875
EK202310110692,119.8603515625
EK202310187777,170.353515625
EK202310180038,128.216796875
EK202310107931,126.3955078125
EK202310186808,143.142578125
EK202310229289,142.41015625
EK202310223469,142.142578125
EK202310124329,136.162109375
EK202310181534,146.5546875
EK202310132729,142.462890625
EK202310121382,146.607421875
EK202320006815,165.443359375
EK202310199820,146.5439453125
EK202310148775,144.5009765625
EK202310160487,130.0986328125
EK202310225148,166.4873046875
EK202310144291,150.0849609375
EK202310177549,157.6640625
EK202310195485,140.05078125
EK202310183864,162.1064453125
EK202310120532,118.556640625
EK202310170076,128.7841796875
EK202310195740,137.5087890625
EK202310179595,139.2529296875
EK202320007837,129.98828125
EK202310184046,146.9091796875
EK202310171869,141.919921875
EK202310223256,135.30859375
EK202310233904,144.54296875
EK202310247327,169.7001953125
EK202310127761,139.830078125
EK202310131174,140.5517578125
EK202310112799,137.25
EK202310121242,149.203125
EK202310220124,134.419921875
EK202310118386,148.1357421875
EK202310111074,153.7412109375
EK202310182197,146.4384765625
EK202310138009,126.6728515625
EK202310205273,161.9765625
EK202310118039,153.0986328125
EK202310126134,151.90234375
EK202310130337,124.6396484375
EK202310106788,129.4921875
EK202310167682,148.74609375
EK202310146264,136.9560546875
EK202310138461,112.90234375
EK202310218689,125.359375
EK202310176319,158.1474609375
EK202310118958,131.6064453125
EK202310167604,156.236328125
EK202310205793,135.845703125
EK202310104740,132.73046875
EK202310166561,140.8837890625
EK202310110675,137.748046875
EK202310201775,152.2470703125
EK202310188302,172.548828125
EK202310167994,154.42578125
EK202310135487,157.021484375
EK202310168143,128.5029296875
EK202310204808,143.1796875
EK202310151944,170.0546875
EK202310224341,144.517578125
EK202310111538,166.7939453125
EK202310122316,133.5009765625
EK202310178272,152.6884765625
EK202310174655,138.85546875
EK202320006786,167.3828125
EK202310170761,154.4853515625
EK202310117836,136.9033203125
EK202310197808,157.595703125
EK202310236038,174.765625
EK202310147177,151.3642578125
EK202310226210,140.23828125
EK202310128001,134.0859375
EK202310150524,160.8271484375
EK202310128526,146.9208984375
EK202310126204,131.0380859375
EK202310117271,136.01953125
EK202310176809,135.3466796875
EK202310169896,152.9873046875
EK202310241503,130.4736328125
EK202310159411,156.6572265625
EK202310168543,170.67578125
EK202310196558,146.5654296875
EK202310163150,152.8828125
EK202310235581,138.3134765625
EK202310233161,133.1455078125
EK202310190473,163.169921875
EK202310196173,134.251953125
EK202310208613,129.1318359375
EK202310177724,139.2060546875
EK202310175056,142.89453125
EK202310111228,150.8515625
EK202310234828,150.1044921875
EK202310121915,143.6240234375
EK202310220373,145.5029296875
EK202310145989,151.0927734375
EK202310246664,150.5771484375
EK202310239676,140.6376953125
EK202310223963,148.58984375
EK202310210083,161.5986328125
EK202310165601,123.9716796875
EK202310211271,149.5830078125
EK202310179038,140.943359375
EK202310112961,154.3125
EK202310141004,141.263671875
EK202310150784,162.9951171875
EK202310174865,160.8173828125
EK202310123688,124.8916015625
EK202310190962,157.23828125
EK202310192255,120.4853515625
EK202310192265,139.1005859375
EK202310193019,147.5849609375
EK202310114602,140.814453125
EK202310110286,132.142578125
EK202310163569,137.078125
EK202310174927,165.173828125
EK202310204027,149.763671875
EK202310197637,130.5166015625
EK202310190376,138.46484375
EK202310146945,131.5322265625
EK202310149841,132.9873046875
EK202310170965,168.0087890625
EK202310107183,141.4404296875
EK202310163517,149.642578125
EK202310203286,150.6416015625
EK202310146022,134.86328125
EK202310111432,118.3056640625
EK202310202147,166.306640625
EK202310139521,166.369140625
EK202310214439,158.041015625
EK202310178903,143.3935546875
EK202310123729,127.8193359375
EK202310199058,152.44140625
EK202310136770,144.498046875
EK202310226727,146.7607421875
EK202310223073,125.833984375
EK202310200813,147.021484375
EK202310123891,137.98828125
EK202310122410,159.2978515625
EK202310213591,140.423828125
EK202310247671,171.2568359375
EK202310168753,130.0966796875
EK202310227492,143.4599609375
EK202310121230,131.2734375
EK202310162300,160.1103515625
EK202310138673,135.7431640625
EK202310177419,139.08203125
EK202310221047,127.5625
EK202310199069,144.8388671875
EK202310124433,155.5546875
EK202310152193,168.5146484375
EK202310221750,137.4384765625
EK202310111508,139.978515625
EK202310225858,137.244140625
EK202310244419,156.5791015625
EK202310139413,152.337890625
EK202310156930,132.755859375
EK202310160323,162.96484375
EK202310140167,135.515625
EK202310106834,132.3837890625
EK202310116024,140.564453125
EK202310221867,134.0224609375
EK202310158833,157.4501953125
EK202310123702,141.8828125
EK202310192686,131.5263671875
EK202310210956,151.1533203125
EK202310142282,159.203125
EK202310138282,148.73046875
EK202310224531,135.84375
EK202310165971,128.17578125
EK202310161662,156.994140625
EK202310109830,133.4013671875
EK202310149086,155.9228515625
EK202310128457,160.1826171875
EK202310146894,147.4921875
EK202310153536,131.6435546875
EK202310137317,131.9326171875
EK202310109096,138.73046875
EK202310188535,150.30859375
EK202310193279,128.193359375
EK202310229951,143.306640625
EK202310110507,135.6513671875
EK202310158912,126.4208984375
EK202310121939,151.5654296875
EK202310133006,156.8515625
EK202310123534,136.6865234375
EK202310116590,130.021484375
EK202310225727,137.8271484375
EK202310121585,115.6318359375
EK202310204778,142.1083984375
EK202310185473,156.2744140625
EK202310210130,149.7626953125
EK202310148836,145.9814453125
EK202310119653,138.1220703125
EK202310198898,128.7216796875
EK202310248089,160.4697265625
EK202310139296,151.4267578125
EK202310179982,167.4130859375
EK202310237915,131.5380859375
EK202310158701,134.3955078125
EK202310200383,146.9111328125
EK202310123263,139.76953125
EK202310120640,136.8193359375
EK202310164686,155.28515625
EK202310172560,152.353515625
EK202310112120,148.748046875
EK202310111450,138.8759765625
EK202310127176,174.7763671875
EK202310155228,139.5537109375
EK202310122785,178.2314453125
EK202310129726,158.22265625
EK202310202138,153.2431640625
EK202310174059,137.6513671875
EK202310241322,153.1416015625
EK202310240201,146.609375
EK202310152861,161.791015625
EK202310190128,147.02734375
EK202310142222,148.859375
EK202310239282,134.6259765625
EK202310123815,134.1396484375
EK202310135342,140.08203125
EK202310165056,144.7294921875
EK202310197918,134.9140625
EK202310152287,144.81640625
EK202310118776,147.341796875
EK202310204594,140.1552734375
EK202310207755,127.0693359375
EK202310202942,125.7666015625
EK202310115468,128.248046875
EK202310196078,163.2998046875
EK202310208592,145.6806640625
EK202310138579,141.5419921875
EK202310221870,125.728515625
EK202310104365,144.046875
EK202310240461,143.7763671875
EK202310189760,139.75
EK202310190187,149.779296875
EK202310221590,157.0966796875
EK202310195095,126.4130859375
EK202310209962,139.04296875
EK202310236666,124.296875
EK202310163532,151.576171875
EK202310200231,125.416015625
EK202310166801,135.9150390625
EK202310137829,125.5
EK202310178645,145.9482421875
EK202310132257,132.4140625
EK202310116109,133.8095703125
EK202310170340,137.6416015625
EK202320005685,156.1962890625
EK202310110254,128.7705078125
EK202310142286,157.087890625
EK202310113972,135.6162109375
EK202310173627,168.2490234375
EK202310161526,159.6015625
EK202310199255,140.30859375
EK202310127635,132.20703125
EK202310230652,141.853515625
EK202310162047,152.7275390625
EK202310187427,159.0126953125
EK202310183777,159.8486328125
EK202310209587,148.591796875
EK202310206498,143.2275390625
EK202310212354,131.5478515625
EK202310124840,136.767578125
EK202310120474,134.4638671875
EK202310145470,138.369140625
EK202310193235,140.4580078125
EK202310173946,145.23828125
EK202310139407,129.2314453125
EK202310172298,126.1552734375
EK202310172477,169.0849609375
EK202310136836,126.8251953125
EK202310153000,150.7197265625
EK202310227011,139.072265625
EK202310116524,123.5927734375
EK202310182080,150.689453125
EK202310172447,158.4296875
EK202310202778,130.0712890625
EK202310173634,143.181640625
EK202310233498,155.314453125
EK202310147033,143.4423828125
EK202310229276,139.7783203125
EK202310149539,153.7060546875
EK202310169898,146.3193359375
EK202310140444,143.1162109375
EK202310148794,138.50390625
EK202310168225,155.4404296875
EK202310122509,133.755859375
EK202310200433,158.6962890625
EK202310147275,138.8642578125
EK202310173524,137.27734375
EK202310172383,126.5771484375
EK202310162443,145.8232421875
EK202310136680,157.013671875
EK202310145392,106.8447265625
EK202310128822,151.220703125
EK202310178947,133.4287109375
EK202310161017,136.44921875
EK202310117154,134.9951171875
EK202310191847,151.1044921875
EK202310235861,144.30078125
EK202310144219,149.5439453125
EK202310163279,152.37109375
EK202310123158,119.978515625
EK202310130523,158.5908203125
EK202310149646,141.771484375
EK202310135587,131.8984375
EK202310206712,171.955078125
EK202310114144,147.4775390625
EK202310143984,132.4228515625
EK202310247715,137.2783203125
EK202310166729,142.5927734375
EK202310166588,171.0791015625
EK202310104103,143.8740234375
EK202310180245,162.01953125
EK202310147372,158.470703125
EK202310153045,129.5673828125
EK202310218342,137.61328125
EK202310178452,146.12109375
EK202310215610,148.544921875
EK202310125820,146.3994140625
EK202310145000,146.9873046875
EK202310123565,137.376953125
EK202310119232,143.818359375
EK202310121655,135.064453125
EK202310220009,140.62109375
EK202310108478,159.232421875
EK202320006810,166.1904296875
EK202310164302,125.5908203125
EK202310127527,129.908203125
EK202310158421,143.771484375
EK202310130473,133.63671875
EK202310191209,141.1923828125
EK202310151031,145.5947265625
EK202310242418,120.78515625
EK202310117038,147.650390625
EK202310169468,162.6650390625
EK202310155518,132.470703125
EK202310160439,145.896484375
EK202310137675,145.1826171875
EK202310129243,142.955078125
EK202310161476,160.6728515625
EK202310117393,131.8720703125
EK202310183468,132.9453125
EK202310136137,132.8095703125
EK202310186954,170.4716796875
EK202310149506,160.14453125
EK202310138751,165.2900390625
EK202310210563,145.5283203125
EK202310153823,168.3935546875
EK202310109991,141.0380859375
EK202310163957,168.703125
EK202310213655,141.029296875
EK202310200962,172.7548828125
EK202310161409,160.7734375
EK202310153656,150.8505859375
EK202310135461,122.3759765625
EK202310192428,145.8974609375
EK202310125512,139.3369140625
EK202310217273,156.5830078125
EK202310154096,162.37109375
EK202310230788,125.810546875
EK202310178884,118.5244140625
EK202310172461,166.015625
EK202320007592,150.76953125
EK202310199895,145.2626953125
EK202310239443,136.87109375
EK202310123294,132.78515625
EK202310177951,151.630859375
EK202310203901,182.4091796875
EK202310133270,146.1533203125
EK202310150003,150.1318359375
EK202310173535,143.0341796875
EK202310177996,135.8017578125
EK202310177998,130.5556640625
EK202310105111,133.7041015625
EK202310132782,144.451171875
EK202310147465,153.2763671875
EK202310189373,149.033203125
EK202310212915,150.208984375
EK202310192950,137.8896484375
EK202310116860,140.466796875
EK202310219235,129.57421875
EK202310159602,165.2216796875
EK202310004247,135.4365234375
EK202310108971,131.31640625
EK202310188852,157.5595703125
EK202310139403,152.5908203125
EK202310234630,148.5068359375
EK202310003419,126.43359375
EK202310240718,133.111328125
EK202310139149,161.09765625
EK202310191432,155.9580078125
EK202310150654,185.1630859375
EK202310106818,131.4091796875
EK202310238168,138.7705078125
EK202310164496,133.0810546875
EK202310187495,159.171875
EK202310103974,143.0107421875
EK202310109251,144.5478515625
EK202310120857,108.20703125
EK202310170330,150.9365234375
EK202310173297,144.66796875
EK202310140255,134.2529296875
EK202310139229,140.1845703125
EK202310174339,151.7314453125
EK202310241642,155.1416015625
EK202310124888,134.7236328125
EK202310182131,147.865234375
EK202310204239,136.91015625
EK202310168111,130.091796875
EK202310121789,141.30078125
EK202310140719,133.49609375
EK202310192995,149.4130859375
EK202310117846,129.5107421875
EK202310116879,135.6904296875
EK202310146348,128.859375
EK202310161368,165.5146484375
EK202310176187,151.0625
EK202310003798,135.87890625
EK202310147169,154.037109375
EK202310130622,130.87109375
EK202310246544,168.455078125
EK202310153051,155.1220703125
EK202310185995,147.576171875
EK202310110814,143.09765625
EK202310151121,136.818359375
EK202310219095,121.78125
EK202310110404,115.5322265625
EK202310144409,140.658203125
EK202310187391,129.7890625
EK202310149764,147.876953125
EK202310201310,159.5908203125
EK202310236862,133.2041015625
EK202310137394,147.66015625
EK202310141967,154.12890625
EK202310116050,122.3369140625
EK202310207103,136.279296875
EK202310004907,151.3203125
EK202310151090,138.421875
EK202310172058,157.7255859375
EK202310115937,131.2900390625
EK202310200500,127.9130859375
EK202310197265,159.9931640625
EK202310156808,149.232421875
EK202310210778,153.9501953125
EK202310178848,122.8095703125
EK202310189222,148.7548828125
EK202310245286,159.48828125
EK202310201625,147.7021484375
EK202310245649,133.908203125
EK202310149643,142.5068359375
EK202310136510,138.513671875
EK202310122753,141.8681640625
EK202310246817,156.388671875
EK202310210226,138.873046875
EK202310172695,143.6630859375
EK202310170665,171.5224609375
EK202310142911,139.1904296875
EK202310169874,141.630859375
EK202310198233,157.294921875
EK202310207245,133.7099609375
EK202310123010,147.703125
EK202310237178,130.4365234375
EK202310199794,153.2392578125
EK202310150744,140.2138671875
EK202310230791,130.5224609375
EK202310219009,135.12109375
EK202310156827,152.189453125
EK202310128134,152.4912109375
EK202310106985,130.1171875
EK202310169339,159.1943359375
EK202310235910,149.7373046875
EK202310234586,145.44921875
EK202310225660,124.8818359375
EK202310004833,142.3671875
EK202310197506,145.478515625
EK202310165175,151.615234375
EK202310133623,160.474609375
EK202310188944,135.2294921875
EK202310195388,152.8408203125
EK202310136775,156.9755859375
EK202310123115,120.5458984375
EK202310236860,146.1064453125
EK202310144494,138.486328125
EK202310229026,147.8134765625
EK202310135882,143.2333984375
EK202310212362,136.2412109375
EK202310159458,143.0439453125
EK202310208432,148.1025390625
EK202310157240,131.9814453125
EK202310209343,159.2607421875
EK202310214206,152.9482421875
EK202310178372,156.7099609375
EK202310243735,147.697265625
EK202310148264,139.560546875
EK202310137796,136.2548828125
EK202310124924,150.611328125
EK202310236432,140.1455078125
EK202310175676,147.353515625
EK202310235955,142.0556640625
EK202310198947,151.1162109375
EK202310134055,148.4794921875
EK202310174001,149.5478515625
EK202310115167,144.5732421875
EK202310127593,147.7041015625
EK202310158302,157.58203125
EK202310212755,156.3720703125
EK202310240947,127.4267578125
EK202310149996,125.2666015625
EK202310150238,122.5009765625
EK202310235315,155.5595703125
EK202310112303,140.6201171875
EK202310162832,153.8984375
EK202310168734,145.5927734375
EK202310144612,139.4970703125
EK202310141463,129.88671875
EK202310186157,151.3935546875
EK202310196629,174.7529296875
EK202310177781,130.7353515625
EK202310214576,154.9443359375
EK202310213457,141.41015625
EK202310109319,134.4072265625
EK202310140409,147.087890625
EK202310159595,140.4814453125
EK202310221635,132.1396484375
EK202310156425,147.3935546875
EK202310151139,128.6376953125
EK202310122849,136.908203125
EK202310149074,130.4228515625
EK202310242259,155.9658203125
EK202310164229,159.1416015625
EK202310193843,154.6376953125
EK202310206163,139.0029296875
EK202310226035,132.38671875
EK202310152221,150.5078125
EK202310105803,127.96875
EK202310226363,137.076171875
EK202310154688,150.736328125
EK202310176650,127.2626953125
EK202310145747,141.318359375
EK202310211584,136.2529296875
EK202310220442,134.373046875
EK202310205364,136.6826171875
EK202310247943,154.3212890625
EK202310211494,133.5546875
EK202310223193,136.283203125
EK202310192188,164.67578125
EK202310182827,142.9765625
EK202310232562,157.1201171875
EK202310133290,130.0361328125
EK202310158696,132.771484375
EK202310217289,141.814453125
EK202310160255,158.0654296875
EK202310153931,139.859375
EK202310152474,118.359375
EK202310202098,152.6005859375
EK202310222372,164.7197265625
EK202310122551,125.453125
EK202310189977,159.373046875
EK202310235124,143.1298828125
EK202310230811,147.875
EK202310139101,150.2783203125
EK202310172491,133.9052734375
EK202310217910,135.3525390625
EK202310111343,128.0478515625
EK202310003655,135.0087890625
EK202310143114,139.0263671875
EK202310199189,127.4326171875
EK202310216615,135.7041015625
EK202310191841,146.177734375
EK202310125751,136.5791015625
EK202310138803,153.578125
EK202310164581,134.673828125
EK202310208664,166.9794921875
EK202310110520,136.5302734375
EK202310121702,154.9951171875
EK202310217544,138.5849609375
EK202310230128,145.2490234375
EK202310143116,141.06640625
EK202310240904,123.3603515625
EK202310119417,153.7119140625
EK202310140166,133.212890625
EK202310173685,146.9326171875
EK202310183555,145.2314453125
EK202310184119,146.3994140625
EK202310107937,134.630859375
EK202310212966,138.6640625
EK202310161552,157.814453125
EK202310176844,131.806640625
EK202310106215,129.13671875
EK202310114075,139.35546875
EK202310130063,151.02734375
EK202310205703,134.8525390625
EK202310197515,133.1337890625
EK202310211815,124.7294921875
EK202310201003,144.2744140625
EK202310230991,135.3671875
EK202310117518,155.0
EK202310197246,159.8515625
EK202310172663,139.083984375
EK202310139483,158.73046875
EK202310129316,169.060546875
EK202310152009,150.216796875
EK202310202611,143.2705078125
EK202310226354,140.5986328125
EK202310117193,133.384765625
EK202310118713,143.7509765625
EK202310172411,165.544921875
EK202310219644,120.359375
EK202310213531,142.22265625
EK202310242803,123.8681640625
EK202310152661,151.904296875
EK202310152241,138.9716796875
EK202310229787,142.4599609375
EK202310242437,132.3427734375
EK202310108706,147.1552734375
EK202310185541,142.3955078125
EK202310164254,155.509765625
EK202310169434,137.080078125
EK202310140161,127.4921875
EK202310140926,166.4150390625
EK202310144378,135.1162109375
EK202310207675,123.08984375
EK202310176041,102.9970703125
EK202310179507,139.806640625
EK202310217262,138.4033203125
EK202310212384,141.912109375
EK202310236809,145.6494140625
EK202310210937,137.8955078125
EK202310146509,139.0849609375
EK202310208359,147.0146484375
EK202310196964,176.6708984375
EK202310121297,128.017578125
EK202310125054,154.1416015625
EK202310150801,131.1943359375
EK202310124068,138.640625
EK202310217152,153.7275390625
EK202310213127,144.05078125
EK202310138002,135.7412109375
EK202310137999,125.080078125
EK202310120368,140.056640625
EK202310139442,141.2353515625
EK202310130726,131.1484375
EK202310227013,133.458984375
EK202310120427,135.4345703125
EK202310178312,146.7861328125
EK202310174421,139.37109375
EK202310152720,166.5341796875
EK202310244641,140.5146484375
EK202310207759,138.953125
EK202310150664,148.373046875
EK202310130175,162.0205078125
EK202310218396,137.56640625
EK202310200848,144.001953125
EK202310169858,141.0791015625
EK202310167529,149.6015625
EK202310105681,131.623046875
EK202310120146,143.9580078125
EK202310119589,158.7080078125
EK202310116721,133.359375
EK202310167292,142.6455078125
EK202310184949,158.7841796875
EK202310114495,137.8525390625
EK202310196817,140.6787109375
EK202310247795,132.701171875
EK202310182295,154.49609375
EK202310104403,148.1337890625
EK202310145319,154.33984375
EK202310180791,163.4365234375
EK202320006323,145.5
EK202310240533,144.35546875
EK202310127909,152.31640625
EK202310127901,138.890625
EK202310152050,143.3935546875
EK202310129455,134.6533203125
EK202310109106,143.9267578125
EK202310131756,148.3232421875
EK202310237136,132.650390625
EK202310120314,151.0791015625
EK202310148251,141.8564453125
EK202310138226,141.587890625
EK202310109018,141.4619140625
EK202310208749,136.08203125
EK202310003722,142.0458984375
EK202310231839,142.123046875
EK202310221232,123.76953125
EK202310216059,114.359375
EK202310225575,143.349609375
EK202310106813,136.2353515625
EK202310165461,144.076171875
EK202310233667,155.591796875
EK202310155049,145.05078125
EK202310114377,152.5185546875
EK202310231905,139.1591796875
EK202310205554,144.958984375
EK202310158652,130.8857421875
EK202310178116,135.3984375
EK202310206509,151.6572265625
EK202310203355,170.134765625
EK202310242205,158.1083984375
EK202310133154,121.6201171875
EK202310227076,139.5009765625
EK202310138977,149.6376953125
EK202310227762,134.3876953125
EK202310176853,137.263671875
EK202310162306,140.51171875
EK202310210652,143.583984375
EK202310231471,128.197265625
EK202310198811,149.2724609375
EK202310194755,150.0234375
EK202310213637,136.6953125
EK202310216935,169.7119140625
EK202310148553,162.3125
EK202310118079,128.46484375
EK202320006148,177.7216796875
EK202310169315,144.568359375
EK202310215478,126.71484375
EK202310193163,159.5361328125
EK202310166480,167.63671875
EK202310121860,141.98046875
EK202310229325,142.2197265625
EK202310178140,141.7587890625
EK202310217881,138.7529296875
EK202310172603,141.5986328125
EK202310172232,141.7646484375
EK202310215413,154.0244140625
EK202310200194,153.1025390625
EK202310212870,134.22265625
EK202310152587,149.2724609375
EK202310138105,142.5888671875
EK202310184620,146.2578125
EK202310120222,148.2470703125
EK202310181510,157.30859375
EK202310209297,139.0625
EK202310114316,127.294921875
EK202310122992,142.751953125
EK202310169594,132.1181640625
EK202310130080,126.8388671875
EK202310133522,134.640625
EK202310248335,137.484375
EK202310146609,140.07421875
EK202310125379,128.9892578125
EK202310138254,133.87109375
EK202310148644,145.9306640625
EK202310142229,155.2763671875
EK202310179390,158.798828125
EK202310122502,137.2568359375
EK202310132067,141.7802734375
EK202310139033,134.3623046875
EK202310174868,153.138671875
EK202310135426,147.0615234375
EK202310159611,140.5751953125
EK202310201750,151.9599609375
EK202310182771,144.1201171875
EK202310168375,139.134765625
EK202310238925,141.0498046875
EK202310220283,135.357421875
EK202310141586,133.3876953125
EK202310121160,134.9921875
EK202310231913,144.9033203125
EK202310180283,117.251953125
EK202310131842,167.5
EK202310188406,134.966796875
EK202310154032,149.5849609375
EK202310108823,169.779296875
EK202310120117,146.142578125
EK202310247965,159.2919921875
EK202310229128,166.328125
EK202310150441,137.71875
EK202310211128,138.9443359375
EK202310185601,138.8212890625
EK202310160008,135.81640625
EK202310229066,145.8427734375
EK202310180392,128.2734375
EK202310119754,151.2421875
EK202310156284,133.8447265625
EK202310202853,165.5205078125
EK202310122376,164.8388671875
EK202310233034,151.2998046875
EK202310201718,132.9697265625
EK202310195404,129.857421875
EK202320006623,163.1865234375
EK202310172346,122.3447265625
EK202310220369,143.771484375
EK202310133576,147.806640625
EK202310203386,163.1875
EK202310125524,137.359375
EK202310183338,125.32421875
EK202310199400,153.8515625
EK202310232929,119.6396484375
EK202310144777,143.40234375
EK202310206148,138.4169921875
EK202310163892,140.73828125
EK202310226194,124.55078125
EK202310229083,136.8388671875
EK202310242355,140.9482421875
EK202310153019,134.919921875
EK202310133725,148.7958984375
EK202310237397,128.7890625
EK202310108761,147.091796875
EK202310202125,131.5908203125
EK202310223149,146.484375
EK202310211064,142.39453125
EK202310206726,171.787109375
EK202310239457,126.482421875
EK202310131359,132.2666015625
EK202310225966,170.5830078125
EK202310162670,147.5380859375
EK202310112377,155.314453125
EK202310161138,118.591796875
EK202310143575,122.1826171875
EK202310140582,125.4375
EK202310106691,150.5908203125
EK202310106388,122.8193359375
EK202310132651,136.033203125
EK202310235986,154.1123046875
EK202310116284,147.8994140625
EK202310243775,169.4296875
EK202310129332,154.08984375
EK202310004513,129.826171875
EK202310148366,128.970703125
EK202310127277,143.8173828125
EK202310197024,135.8359375
EK202310132043,127.34375
EK202310109603,127.6708984375
EK202310119816,148.6708984375
EK202310183299,145.24609375
EK202310157782,132.8095703125
EK202310240073,141.826171875
EK202310124263,140.15234375
EK202310118878,138.8505859375
EK202310159933,124.24609375
EK202310235851,146.0595703125
EK202310199705,164.99609375
EK202310121857,142.48046875
EK202310135337,157.431640625
EK202310116218,148.7294921875
EK202310247152,137.4150390625
EK202310213364,154.8076171875
EK202310117331,140.46484375
EK202310220060,143.8623046875
EK202310113433,153.732421875
EK202310200316,144.576171875
EK202310204117,144.265625
EK202310142962,147.3837890625
EK202310149474,151.3916015625
EK202310156319,160.0634765625
EK202310111297,142.798828125
EK202310149401,158.3076171875
EK202310141738,148.51953125
EK202310219293,140.298828125
EK202310228805,130.0927734375
EK202310232975,139.287109375
EK202310238431,142.8623046875
EK202310191477,147.2451171875
EK202310107521,161.3515625
EK202310126862,153.259765625
EK202310116842,139.7802734375
EK202310220332,142.66796875
EK202310191222,138.291015625
EK202310142584,145.2021484375
EK202310181821,142.787109375
EK202310193376,127.044921875
EK202310220744,142.3603515625
EK202310146397,130.8759765625
EK202310168910,134.89453125
EK202310230593,142.0771484375
EK202310228617,132.5888671875
EK202310155826,146.38671875
EK202310211936,141.244140625
EK202310210374,142.9072265625
EK202310143369,123.076171875
EK202310226681,131.8125
EK202310222110,139.064453125
EK202310237461,150.9130859375
EK202310004906,133.63671875
EK202310242700,144.5078125
EK202310205947,135.11328125
EK202310178378,144.0712890625
EK202310165711,153.8349609375
EK202310169499,129.2119140625
EK202310146580,148.826171875
EK202310213522,136.259765625
EK202310236119,164.0869140625
EK202310223991,148.1748046875
EK202310121767,151.255859375
EK202310188210,132.2314453125
EK202310160523,137.69140625
EK202310109762,157.4736328125
EK202310171055,146.763671875
EK202320006726,146.3154296875
EK202310210705,135.8037109375
EK202310152215,137.9033203125
EK202310125726,142.837890625
EK202310172100,140.3349609375
EK202310003880,140.7880859375
EK202310128330,147.412109375
EK202310112999,140.8916015625
EK202310201791,168.3359375
EK202310124897,133.94140625
EK202310218886,161.9033203125
EK202310166286,154.572265625
EK202310214269,143.8486328125
EK202310131160,157.3681640625
EK202310189137,123.697265625
EK202310118145,130.4912109375
EK202310182255,135.4033203125
EK202310177007,154.7041015625
EK202310205755,143.0234375
EK202310135629,130.7734375
EK202310232047,139.2548828125
EK202310171967,144.8916015625
EK202310184827,168.04296875
EK202310131897,162.4873046875
EK202310152600,167.1015625
EK202310184315,168.6005859375
EK202310106757,149.6328125
EK202310145774,138.0595703125
EK202310134477,143.5341796875
EK202310221434,135.279296875
EK202310183603,150.4111328125
EK202310191157,137.3828125
EK202310182657,132.884765625
EK202310174889,162.9853515625
EK202310118138,140.4716796875
EK202310157349,138.044921875
EK202310143539,149.5341796875
EK202310106752,146.2724609375
EK202310163158,150.2001953125
EK202310132302,138.6083984375
EK202310198764,175.6240234375
EK202310237390,135.5224609375
EK202320006875,184.509765625
EK202310144420,114.3359375
EK202310238324,128.21875
EK202310199756,160.908203125
EK202310226741,127.2861328125
EK202310207205,147.1005859375
EK202310180418,131.0830078125
EK202310110312,130.7353515625
EK202310119768,146.1513671875
EK202310225430,141.408203125
EK202310217204,141.513671875
EK202320005824,170.375
EK202310199269,146.830078125
EK202310199501,129.25
EK202310158676,152.845703125
EK202310224293,142.6064453125
EK202310232892,131.9306640625
EK202310225252,162.5537109375
EK202310113567,158.4423828125
EK202310224840,142.029296875
EK202310109292,125.8046875
EK202310226200,137.880859375
EK202310239680,132.8388671875
EK202310173548,154.5654296875
EK202310235032,141.8779296875
EK202310153501,142.3994140625
EK202310124943,142.0888671875
EK202310164539,134.376953125
EK202310230792,123.361328125
EK202310218099,132.0615234375
EK202310229998,141.126953125
EK202310157394,153.0390625
EK202310226677,131.5634765625
EK202310165785,127.3203125
EK202310148800,150.73828125
EK202310140528,145.3369140625
EK202310110007,143.57421875
EK202310218212,130.1484375
EK202310237319,126.6748046875
EK202310113425,124.83984375
EK202310193343,145.1591796875
EK202310111647,141.001953125
EK202310219959,147.373046875
EK202310171010,172.541015625
EK202310113418,135.826171875
EK202310220109,143.763671875
EK202310231986,145.640625
EK202310163423,149.5791015625
EK202310155174,127.7197265625
EK202310184525,146.33984375
EK202310229347,142.380859375
EK202310142923,139.8125
EK202310210269,128.0546875
EK202310196636,129.23046875
EK202310158355,132.8876953125
EK202310150025,161.4921875
EK202310208520,160.94921875
EK202310144006,148.8544921875
EK202310142308,144.6044921875
EK202310205760,153.125
EK202310237299,122.2236328125
EK202310163552,148.4658203125
EK202310221189,137.90625
EK202310129583,157.6396484375
EK202320007854,141.654296875
EK202310177946,136.4765625
EK202310184968,159.591796875
EK202310146300,141.2958984375
EK202310104019,130.380859375
EK202310197813,143.3701171875
EK202310175869,141.88671875
EK202310179266,137.8994140625
EK202310167362,133.0869140625
EK202310104210,132.7109375
EK202310202549,145.2470703125
EK202310191743,144.580078125
EK202310166413,137.755859375
EK202310203749,139.22265625
EK202310165306,145.9736328125
EK202310216846,152.92578125
EK202310198888,129.880859375
EK202310229697,127.5634765625
EK202310105578,141.0615234375
EK202310214588,160.41015625
EK202310201136,168.3134765625
EK202310228123,147.5439453125
EK202310110127,141.5732421875
EK202310247206,152.7822265625
EK202310121901,139.271484375
EK202310166880,159.26953125
EK202310118097,132.8974609375
EK202310142606,146.0087890625
EK202310181131,142.5498046875
EK202310211240,129.2138671875
EK202310240803,150.1728515625
EK202310188331,144.53125
EK202310190398,146.1474609375
EK202310192965,147.7978515625
EK202310238010,145.6767578125
EK202310184509,160.0693359375
EK202310156014,125.4619140625
EK202310175583,165.060546875
EK202310155000,134.8408203125
EK202310243443,157.064453125
EK202310218044,129.0654296875
EK202310170653,159.5810546875
EK202310182360,154.6064453125
EK202310170068,127.029296875
EK202310217301,122.259765625
EK202310227388,135.5859375
EK202310168221,159.732421875
EK202310182297,139.6005859375
EK202310222399,133.9384765625
EK202310231989,144.8427734375
EK202310170400,117.8916015625
EK202310192873,164.263671875
EK202310227069,131.40234375
EK202310167053,119.259765625
EK202310127994,137.05078125
EK202310158796,158.2333984375
EK202310185789,125.4384765625
EK202310111478,141.8291015625
EK202310175233,168.857421875
EK202310129973,128.869140625
EK202310172495,139.5830078125
EK202310107866,142.8232421875
EK202310124298,133.8427734375
EK202310225001,135.123046875
EK202310124145,120.9677734375
EK202310127463,128.166015625
EK202310136106,179.8779296875
EK202310105453,141.4541015625
EK202310175015,151.3486328125
EK202310230922,145.078125
EK202310238898,170.271484375
EK202310208522,159.703125
EK202310178681,162.697265625
EK202310141116,154.8828125
EK202310004001,152.1943359375
EK202310191798,124.076171875
EK202310201918,138.89453125
EK202310108606,151.8369140625
EK202310220064,130.5068359375
EK202310120614,127.1279296875
EK202310131340,123.375
EK202310151419,167.67578125
EK202310221165,143.8115234375
EK202310192641,141.2216796875
EK202310191435,138.654296875
EK202310232224,140.2685546875
EK202310224387,128.041015625
EK202310145906,135.2802734375
EK202310230764,128.3251953125
EK202310236583,140.3095703125
EK202310157601,128.0869140625
EK202310166668,156.796875
EK202310244790,150.53515625
EK202310127133,147.5615234375
EK202310004413,162.732421875
EK202310238475,141.515625
EK202310136559,126.595703125
EK202310152026,146.0693359375
EK202310180741,131.2353515625
EK202310221752,149.376953125
EK202310228294,123.7666015625
EK202310231601,141.671875
EK202310238106,135.8359375
EK202310175909,148.1171875
EK202310165153,126.91015625
EK202310105565,143.5283203125
EK202310185347,161.4814453125
EK202310184004,149.2822265625
EK202310183138,135.2646484375
EK202310113152,142.21484375
EK202310199569,164.9951171875
EK202310151037,137.546875
EK202310106219,136.2255859375
EK202310106185,138.78125
EK202310164530,154.2744140625
EK202310166239,154.5908203125
EK202310108760,150.8916015625
EK202310108861,137.7880859375
EK202310177413,161.1064453125
EK202310211129,121.83984375
EK202310229184,141.31640625
EK202310209428,160.798828125
EK202310228583,141.2861328125
EK202310120692,157.8564453125
EK202310137642,131.9990234375
EK202310245435,142.7529296875
EK202310159599,143.6025390625
EK202310148010,155.4296875
EK202310129728,152.16015625
EK202310114201,151.8740234375
EK202310207474,166.4541015625
EK202310158602,163.505859375
EK202310197691,155.998046875
EK202310235040,150.3642578125
EK202310129119,145.212890625
EK202310142174,157.3037109375
EK202310191253,152.466796875
EK202310241141,145.1630859375
EK202310144017,140.6904296875
EK202310182852,142.9443359375
EK202310243301,134.0546875
EK202310176307,146.5810546875
EK202310209283,143.0341796875
EK202310216003,140.2275390625
EK202310246200,128.525390625
EK202310173196,129.48828125
EK202310122833,122.369140625
EK202310118540,147.958984375
EK202310168622,169.142578125
EK202310174271,135.3828125
EK202310201560,161.5361328125
EK202310113325,125.38671875
EK202310172664,139.900390625
EK202310192162,161.0986328125
EK202310134544,129.2353515625
EK202310222337,149.359375
EK202310199226,146.6640625
EK202310214101,165.5537109375
EK202310188611,158.7900390625
EK202310220799,137.4951171875
EK202310184861,132.8984375
EK202310106782,133.11328125
EK202310232084,130.6650390625
EK202310178435,155.17578125
EK202310165952,145.2431640625
EK202310141382,147.962890625
EK202310163439,162.1123046875
EK202310205428,128.552734375
EK202310178086,140.765625
EK202310004022,164.0595703125
EK202310114303,146.330078125
EK202310104436,140.8974609375
EK202310240015,159.841796875
EK202310202741,145.6494140625
EK202310226747,141.515625
EK202310148639,139.5625
EK202310117683,125.984375
EK202310232945,131.6669921875
EK202310220108,158.11328125
EK202310172683,142.5546875
EK202310104609,124.345703125
EK202310182165,143.65234375
EK202310112029,149.0146484375
EK202310157969,149.6640625
EK202310120703,125.501953125
EK202310191410,131.30078125
EK202310156166,133.3271484375
EK202310248074,147.0185546875
EK202310175176,142.0048828125
EK202310194239,136.0517578125
EK202310162582,133.423828125
EK202310218787,134.59375
EK202310228638,120.8544921875
EK202310139489,167.7822265625
EK202310210571,131.6357421875
EK202310143902,130.24609375
EK202310198163,152.7021484375
EK202310166041,175.462890625
EK202310242789,162.9541015625
EK202310202040,158.38671875
EK202310194102,146.30859375
EK202310210845,134.3720703125
EK202310193409,169.490234375
EK202310241561,144.818359375
EK202310129327,145.2314453125
EK202310145599,169.0859375
EK202310155246,147.939453125
EK202310204706,127.572265625
EK202310218784,156.9091796875
EK202310243990,140.7568359375
EK202310137899,128.9541015625
EK202310175650,120.6728515625
EK202310234991,134.662109375
EK202310221501,136.7509765625
EK202310117760,126.5146484375
EK202310209924,132.2265625
EK202310158508,128.6865234375
EK202310188607,149.0205078125
EK202310176707,156.958984375
EK202310241804,156.1689453125
EK202310130229,138.4970703125
EK202310196748,140.2333984375
EK202310226961,130.798828125
EK202310126275,131.91796875
EK202310182346,159.91015625
EK202310215287,152.68359375
EK202310186469,182.619140625
EK202310147351,150.861328125
EK202310227063,139.0126953125
EK202310239630,121.6337890625
EK202310202315,143.576171875
EK202310151573,132.626953125
EK202310229182,129.7509765625
EK202310197801,135.8916015625
EK202310247336,181.0263671875
EK202310183064,133.5771484375
EK202310200957,160.08984375
EK202310112953,145.2333984375
EK202310185221,139.779296875
EK202310176129,159.083984375
EK202310171777,135.255859375
EK202310186071,129.9609375
EK202310206123,145.34765625
EK202310217431,154.8974609375
EK202310171470,118.6904296875
EK202310246028,139.5400390625
EK202310145970,134.375
EK202310234938,122.2568359375
EK202310156116,133.2255859375
EK202310116714,135.0185546875
EK202310212797,149.21875
EK202310138938,165.2314453125
EK202310148128,129.900390625
EK202310175673,142.193359375
EK202310238664,134.5869140625
EK202310190836,132.791015625
EK202310196156,150.755859375
EK202310132459,129.060546875
EK202310159062,130.7685546875
EK202310147832,158.6162109375
EK202310116029,148.28125
EK202310203822,137.580078125
EK202310223388,145.0751953125
EK202310208656,140.67578125
EK202310003650,122.6689453125
EK202310163159,137.6201171875
EK202310188703,145.7666015625
EK202310144864,141.3525390625
EK202310156884,146.2763671875
EK202310216506,137.53515625
EK202310220197,133.75390625
EK202310234667,150.80078125
EK202310203255,148.71875
EK202310105960,130.3095703125
EK202310115804,143.8310546875
EK202310246112,139.603515625
EK202310168025,154.041015625
EK202310178472,138.17578125
EK202310181975,139.0498046875
EK202310132905,140.419921875
EK202310113841,129.955078125
EK202320007828,164.5927734375
EK202310192867,153.5107421875
EK202310109054,129.6416015625
EK202310236216,142.927734375
EK202310170777,137.0126953125
EK202310166144,137.8447265625
EK202310201844,129.8984375
EK202310123470,124.3369140625
EK202310224526,131.5712890625
EK202310151158,138.0830078125
EK202310184295,147.4326171875
EK202310124272,139.3916015625
EK202310162944,144.9736328125
EK202310224817,126.3017578125
EK202310172859,156.6943359375
EK202310137191,131.4912109375
EK202310140281,134.9599609375
EK202310114907,133.431640625
EK202310122165,130.5517578125
EK202310215454,134.5380859375
EK202310243142,132.0048828125
EK202310164187,156.4130859375
EK202310225253,134.259765625
EK202310174458,166.84765625
EK202310176969,150.1533203125
EK202310219479,127.0400390625
EK202310119494,142.4755859375
EK202310123405,145.0712890625
EK202310231534,117.5869140625
EK202310222489,138.6455078125
EK202310111149,165.912109375
EK202310184714,130.5751953125
EK202310196844,156.814453125
EK202310232521,138.169921875
EK202310184622,164.759765625
EK202310118852,143.400390625
EK202310168516,163.400390625
EK202310178071,131.12109375
EK202310149839,145.958984375
EK202310184305,167.052734375
EK202310222961,133.9716796875
EK202310197108,137.05859375
EK202310244680,130.8486328125
EK202310164685,166.337890625
EK202310153568,141.89453125
EK202310204533,149.7490234375
EK202310243304,126.66015625
EK202310122606,150.669921875
EK202310107843,140.5751953125
EK202310195481,133.61328125
EK202310195622,142.1455078125
EK202310185200,142.1103515625
EK202310127597,145.716796875
EK202310145627,131.9931640625
EK202310157400,125.1943359375
EK202310226857,136.552734375
EK202310127964,145.3935546875
EK202310179573,146.193359375
EK202310212013,152.25390625
EK202310226545,136.279296875
EK202310166825,119.1337890625
EK202310163867,159.3623046875
EK202310196745,137.0087890625
EK202310109208,152.8720703125
EK202310205143,142.8740234375
EK202310136525,142.19921875
EK202310159137,146.7392578125
EK202310238980,138.31640625
EK202310121185,161.33203125
EK202310142061,147.7548828125
EK202310198507,145.5556640625
EK202310184870,155.6103515625
EK202310155208,144.50390625
EK202310124725,121.6025390625
EK202310103880,157.3505859375
EK202310246880,140.6083984375
EK202310190191,132.236328125
EK202310241383,129.900390625
EK202310109761,141.2177734375
EK202310218045,150.1484375
EK202310208985,138.9921875
EK202310126092,131.26953125
EK202310247678,152.9873046875
EK202310137747,133.337890625
EK202310201825,142.58984375
EK202310130845,133.890625
EK202310239295,140.267578125
EK202310166294,144.947265625
EK202310211671,139.3779296875
EK202310248376,131.7802734375
EK202310188903,142.369140625
EK202320006661,178.5302734375
EK202310157204,146.939453125
EK202310222542,130.810546875
EK202310182598,145.4541015625
EK202310128634,156.5234375
EK202310137926,128.8955078125
EK202310197018,133.3984375
EK202310184643,166.2763671875
EK202310217014,143.0361328125
EK202310200280,142.5830078125
EK202310183028,140.1416015625
EK202310106142,119.0078125
EK202310103822,154.72265625
EK202310157052,132.6259765625
EK202310122614,146.4072265625
EK202310155664,147.216796875
EK202310165913,128.4755859375
EK202310191203,136.400390625
EK202310119226,125.953125
EK202310234080,158.0712890625
EK202310196735,132.4833984375
EK202310149314,136.5
EK202310155188,133.17578125
EK202310114860,146.923828125
EK202310118865,165.939453125
EK202310160832,148.1162109375
EK202320006619,163.9580078125
EK202310127739,129.3271484375
EK202310115501,129.6923828125
EK202310166491,172.771484375
EK202310197828,174.005859375
EK202310242137,133.5
EK202310235787,158.7333984375
EK202310220464,149.3544921875
EK202310112649,140.95703125
EK202310110214,130.3193359375
EK202310164835,142.021484375
EK202310204462,130.2578125
EK202310187862,161.4697265625
EK202310131273,132.6533203125
EK202310128020,151.025390625
EK202310204211,165.2021484375
EK202310208246,139.939453125
EK202310166450,140.2490234375
EK202310171141,141.998046875
EK202310159355,140.3505859375
EK202310194303,159.8310546875
EK202310214928,134.58203125
EK202310122215,140.6982421875
EK202310175732,144.623046875
EK202310195150,143.7724609375
EK202310160826,150.6982421875
EK202310159966,158.8662109375
EK202310158608,137.9453125
EK202310243112,150.1962890625
EK202310109607,148.9599609375
EK202310149652,147.884765625
EK202310110860,146.58984375
EK202310232156,151.6845703125
EK202310178087,129.0947265625
EK202310196125,145.42578125
EK202310178589,153.107421875
EK202310146655,128.953125
EK202310176638,151.6328125
EK202310183451,141.82421875
EK202310238783,125.7001953125
EK202310180591,133.8447265625
EK202310180161,160.173828125
EK202310160060,157.2626953125
EK202310234699,138.9599609375
EK202310113916,138.9521484375
EK202310227268,139.1748046875
EK202310237635,149.138671875
EK202310182258,142.107421875
EK202310193859,162.5224609375
EK202310153659,147.45703125
EK202310203955,140.8564453125
EK202310236094,155.7724609375
EK202310187734,159.7705078125
EK202310216149,142.1181640625
EK202310168413,147.5986328125
EK202310116401,126.4580078125
EK202310201191,166.9453125
EK202310190480,134.0
EK202310161074,169.6171875
EK202310140353,141.65625
EK202310173633,138.7861328125
EK202310158068,145.6103515625
EK202310154103,134.4873046875
EK202310113546,158.486328125
EK202310204238,130.7861328125
EK202310104944,130.330078125
EK202310234535,135.05859375
EK202310126859,173.7421875
EK202310117542,133.5439453125
EK202310210903,136.0966796875
EK202310157130,137.38671875
EK202310145116,149.251953125
EK202310208124,140.1572265625
EK202310245982,149.7314453125
EK202310133043,160.8232421875
EK202310149054,142.552734375
EK202310190190,141.71484375
EK202320006047,154.828125
EK202310134850,124.9033203125
EK202310202384,121.6259765625
EK202310154117,134.017578125
EK202310133365,142.3447265625
EK202310108193,145.076171875
EK202310203056,164.4052734375
EK202310149046,140.203125
EK202310165578,170.9150390625
EK202310186659,156.91796875
EK202310196955,171.4794921875
EK202310197552,164.8359375
EK202310212202,134.9931640625
EK202310224513,126.8359375
EK202310004468,162.8291015625
EK202310216094,134.3125
EK202310230966,119.3359375
EK202310118412,142.6416015625
EK202310247101,134.732421875
EK202310178117,151.771484375
EK202310219876,135.7548828125
EK202310215307,141.1787109375
EK202310218134,157.13671875
EK202310221530,137.8505859375
EK202310154982,132.5458984375
EK202310182970,132.8818359375
EK202310214235,160.240234375
EK202310220158,140.498046875
EK202310104394,149.017578125
EK202310111159,126.501953125
EK202310158577,132.1630859375
EK202310110382,136.353515625
EK202310133639,143.294921875
EK202310246509,158.5458984375
EK202310149660,167.1103515625
EK202310168884,140.3642578125
EK202310243940,143.2958984375
EK202310191906,138.359375
EK202310127477,128.52734375
EK202310225432,132.466796875
EK202310233319,148.50390625
EK202310162668,160.5009765625
EK202310148695,169.3515625
EK202310178807,161.9599609375
EK202310106771,139.6376953125
EK202310155396,145.6962890625
EK202310189899,154.0224609375
EK202310106717,159.3857421875
EK202310232588,139.1953125
EK202310226348,145.958984375
EK202310109931,136.8701171875
EK202310226884,160.396484375
EK202310213466,150.732421875
EK202310121691,125.2109375
EK202310198701,176.669921875
EK202310131737,146.2333984375
EK202310166136,157.9326171875
EK202310116855,142.962890625
EK202310138351,136.5439453125
EK202310191381,154.6259765625
EK202310003663,136.0595703125
EK202310172884,172.6396484375
EK202310185550,145.5732421875
EK202310148380,139.958984375
EK202310149387,175.5859375
EK202310236333,128.716796875
EK202310199352,154.1015625
EK202310137894,144.1103515625
EK202310133727,153.9248046875
EK202310178526,163.9150390625
EK202310189610,153.1630859375
EK202310109350,141.68359375
EK202310218617,126.544921875
EK202310109125,176.1591796875
EK202310163826,139.193359375
EK202310130248,171.2568359375
EK202310221541,149.6826171875
EK202320006518,141.091796875
EK202310229391,132.689453125
EK202310211450,135.478515625
EK202310193482,145.9462890625
EK202310198828,144.2119140625
EK202310183006,131.2431640625
EK202310003501,134.3876953125
EK202310121041,130.744140625
EK202310211350,129.5224609375
EK202310246075,144.3154296875
EK202310127204,162.5380859375
EK202310234563,139.470703125
EK202310139042,134.1123046875
EK202310171256,151.0458984375
EK202310139647,157.1708984375
EK202310122462,128.3564453125
EK202310144293,135.9951171875
EK202310168436,123.8701171875
EK202310120536,127.7392578125
EK202310166379,151.951171875
EK202310180256,125.6767578125
EK202310246761,148.48828125
EK202310219864,141.912109375
EK202310190068,173.3232421875
EK202310181556,137.298828125
EK202310230597,126.626953125
EK202310130866,153.126953125
EK202310205037,155.97265625
EK202310209585,153.2978515625
EK202310185564,152.2666015625
EK202310176944,141.41796875
EK202310176381,139.517578125
EK202310141448,134.2451171875
EK202310148056,152.5888671875
EK202310182965,135.970703125
EK202310135422,147.732421875
EK202310122191,136.3154296875
EK202310145667,160.033203125
EK202310202035,132.7666015625
EK202310136887,123.6181640625
EK202310200020,134.0263671875
EK202310184127,160.95703125
EK202310107122,126.4697265625
EK202310134379,133.5810546875
EK202310211319,133.2119140625
EK202310212855,153.947265625
EK202310242461,158.9765625
EK202310200853,142.6826171875
EK202310200401,160.8525390625
EK202310189295,173.9609375
EK202310105500,146.5703125
EK202310128584,145.9951171875
EK202310209825,140.4697265625
EK202310204586,136.86328125
EK202310179426,164.5009765625
EK202310180912,142.6904296875
EK202310173571,156.1240234375
EK202310112070,138.46484375
EK202310199038,153.873046875
EK202310126021,139.4912109375
EK202310155509,132.30078125
EK202310197401,133.3818359375
EK202310107626,163.86328125
EK202310105142,150.875
EK202310243059,134.0751953125
EK202310174039,135.0146484375
EK202310201047,151.5390625
EK202310204579,153.2138671875
EK202310187739,142.41015625
EK202310181773,135.208984375
EK202310128097,145.3681640625
EK202310222975,160.138671875
EK202310132503,157.865234375
EK202310188182,172.462890625
EK202310133046,153.7119140625
EK202310176947,157.4189453125
EK202310167628,130.2529296875
EK202310134899,131.5146484375
EK202310115714,132.267578125
EK202310225258,126.3251953125
EK202310181522,144.361328125
EK202310190839,144.4609375
EK202310217264,137.01953125
EK202310123146,145.59375
EK202310142906,148.9169921875
EK202310165063,141.9462890625
EK202310004149,157.7724609375
EK202310222025,120.39453125
EK202310201396,147.521484375
EK202310140521,157.365234375
EK202310190410,149.4541015625
EK202310237623,135.982421875
EK202310207648,129.5078125
EK202310150068,152.7509765625
EK202310199516,151.07421875
EK202310214499,156.4130859375
EK202310193968,148.1845703125
EK202310199178,132.458984375
EK202310226312,133.25
EK202310171202,148.6357421875
EK202310136385,168.826171875
EK202310240675,154.73046875
EK202310131075,135.861328125
EK202310213481,132.1181640625
EK202310212831,157.3017578125
EK202310163142,137.4501953125
EK202310107446,133.185546875
EK202310157890,145.5732421875
EK202310214663,140.7841796875
EK202310163666,139.5791015625
EK202310117353,135.80859375
EK202310209794,121.1796875
EK202310123734,151.6640625
EK202310224602,153.7978515625
EK202310218073,145.6259765625
EK202310247816,168.353515625
EK202310234711,142.8271484375
EK202310145443,138.9853515625
EK202310246298,169.5361328125
EK202310110010,157.3037109375
EK202310159895,167.8466796875
EK202310111143,153.6552734375
EK202310209834,135.388671875
EK202310209444,151.9296875
EK202310192938,141.265625
EK202310132559,141.5322265625
EK202310152101,163.77734375
EK202310180196,132.046875
EK202310194423,123.2333984375
EK202310200390,152.302734375
EK202310180474,130.5185546875
EK202310116603,163.4931640625
EK202310171924,131.2529296875
EK202310212746,152.8720703125
EK202310146529,141.798828125
EK202310215859,159.798828125
EK202310141533,148.0947265625
EK202310233067,133.4873046875
EK202310214675,155.5
EK202310148386,143.173828125
EK202310168758,145.6640625
EK202310222971,134.6240234375
EK202310109333,148.2841796875
EK202310243241,141.2177734375
EK202310146985,145.88671875
EK202310232878,189.8935546875
EK202310234120,139.78515625
EK202310162882,160.92578125
EK202310190206,138.3701171875
EK202310159348,176.70703125
EK202310201231,144.1123046875
EK202310178530,163.880859375
EK202310189794,153.1591796875
EK202310236784,144.4599609375
EK202310175553,137.9736328125
EK202310241797,139.673828125
EK202310114344,142.087890625
EK202310239590,154.5576171875
EK202310227224,171.4091796875
EK202310121744,152.45703125
EK202310003715,146.5263671875
EK202310116073,132.1708984375
EK202310197067,131.2392578125
EK202310115532,134.9326171875
EK202310217365,158.9921875
EK202310148754,151.3857421875
EK202310109024,136.857421875
EK202310004073,140.015625
EK202310198767,148.9560546875
EK202310125904,149.5673828125
EK202310189747,139.1005859375
EK202310121824,161.8798828125
EK202310183939,143.76953125
EK202310207963,136.3369140625
EK202310004477,127.3505859375
EK202310184855,141.0380859375
EK202310121710,131.58984375
EK202310155103,128.4736328125
EK202310127606,161.57421875
EK202310237460,126.4384765625
EK202310189005,132.9365234375
EK202310163144,175.6416015625
EK202310195358,178.08984375
EK202310114203,121.8251953125
EK202310200907,154.6240234375
EK202310149290,161.40625
EK202310186674,149.4990234375
EK202310219434,136.7529296875
EK202310113939,151.4130859375
EK202310144604,132.3349609375
EK202310202520,145.578125
EK202310199251,143.1943359375
EK202310171909,147.2802734375
EK202310197493,146.2216796875
EK202310200738,159.03515625
EK202310242193,156.6240234375
EK202310166469,145.798828125
EK202310179577,156.234375
EK202310199333,147.134765625
EK202310208438,142.3203125
EK202310243666,141.8359375
EK202310113305,130.6806640625
EK202310189666,169.18359375
EK202310233041,137.775390625
EK202310127498,145.03125
EK202310208207,132.625
EK202310161596,118.015625
EK202310175979,153.6201171875
EK202310222437,140.0703125
EK202310139352,149.1943359375
EK202310120360,146.744140625
EK202310183484,155.3046875
EK202310206451,123.228515625
EK202310163448,162.8427734375
EK202310113067,148.7451171875
EK202310217739,104.736328125
EK202310120891,113.794921875
EK202310144456,132.318359375
EK202310243976,143.408203125
EK202310126697,146.6103515625
EK202310221562,123.1435546875
EK202310245501,126.3916015625
EK202310227085,142.0556640625
EK202310124539,145.291015625
EK202310113359,150.1494140625
EK202310127238,146.2060546875
EK202310186281,166.5791015625
EK202310231780,139.4775390625
EK202310218693,131.26953125
EK202310166062,140.994140625
EK202310194807,154.82421875
EK202310145164,156.3486328125
EK202310139520,139.916015625
EK202310202232,157.779296875
EK202310106234,132.583984375
EK202310150099,124.79296875
EK202310148854,147.40625
EK202310207751,144.4248046875
EK202310119385,152.9990234375
EK202310247407,119.7119140625
EK202310187815,150.947265625
EK202310180649,133.462890625
EK202310169614,126.03125
EK202320007494,150.36328125
EK202310123604,139.4619140625
EK202310115115,138.0986328125
EK202310247203,132.6201171875
EK202310128939,126.494140625
EK202310151766,169.84765625
EK202310154684,144.0693359375
EK202310147564,142.6298828125
EK202310217040,136.673828125
EK202310219269,125.1796875
EK202310177587,134.1796875
EK202310172628,134.724609375
EK202310193264,159.6787109375
EK202310204129,139.3935546875
EK202310227714,129.017578125
EK202310174368,153.548828125
EK202310115514,138.1005859375
EK202310114314,119.15234375
EK202320007053,164.1201171875
EK202310196358,149.6591796875
EK202310223590,130.6220703125
EK202310186191,139.7509765625
EK202310169460,162.251953125
EK202310206652,166.3818359375
EK202310176776,157.5546875
EK202310112945,128.27734375
EK202310243798,136.36328125
EK202310173522,140.0048828125
EK202310147691,155.826171875
EK202310221131,137.0009765625
EK202310193542,143.7861328125
EK202310110806,150.6298828125
EK202310140872,139.111328125
EK202310115723,129.037109375
EK202310227673,133.9609375
EK202310104188,150.01953125
EK202310176128,136.4326171875
EK202310179757,152.6943359375
EK202310217690,132.15625
EK202310114918,151.357421875
EK202310160022,150.5078125
EK202310117222,134.65234375
EK202310181651,140.572265625
EK202310202302,147.2509765625
EK202310141935,147.001953125
EK202310166006,140.3837890625
EK202310141835,160.3193359375
EK202310113039,146.26171875
EK202310171526,142.689453125
EK202310231390,146.77734375
EK202310111326,127.1123046875
EK202310104950,141.46875
EK202310234139,148.4365234375
EK202310207302,137.6337890625
EK202310202018,129.8076171875
EK202310205260,145.046875
EK202310221441,156.7880859375
EK202310174816,128.7744140625
EK202310138649,146.4921875
EK202310208013,155.9775390625
EK202310181493,139.8271484375
EK202310243648,126.6533203125
EK202310113262,142.451171875
EK202310171352,147.27734375
EK202310189555,132.2861328125
EK202310154506,144.49609375
EK202310227922,137.95703125
EK202310243180,149.4921875
EK202310145403,107.4453125
EK202310229261,134.7412109375
EK202310125086,137.8251953125
EK202310188059,125.1611328125
EK202310175935,153.115234375
EK202310104930,133.1455078125
EK202310207696,142.43359375
EK202310176769,136.080078125
EK202310241580,132.8212890625
EK202310128189,137.7548828125
EK202310116358,127.5595703125
EK202310203206,126.6982421875
EK202310224617,124.8115234375
EK202310216139,130.3662109375
EK202310175157,142.328125
EK202310148792,149.76171875
EK202310127748,123.7392578125
EK202310183427,154.0458984375
EK202310151784,125.0830078125
EK202310202141,154.2216796875
EK202310211204,151.5576171875
EK202310230323,124.896484375
EK202310109892,132.3994140625
EK202310187574,136.34765625
EK202310174395,143.037109375
EK202310205384,148.6962890625
EK202310139355,129.0712890625
EK202310161479,156.56640625
EK202310135561,121.2939453125
EK202310165218,150.8017578125
EK202310183022,156.9873046875
EK202310125772,119.5224609375
EK202310105325,143.5244140625
EK202310205291,169.4501953125
EK202310183115,137.265625
EK202310142673,144.7978515625
EK202310144959,135.9736328125
EK202310156704,128.7275390625
EK202310132122,133.3486328125
EK202310174428,163.0771484375
EK202310238510,141.3095703125
EK202310004299,137.3603515625
EK202310225687,156.830078125
EK202310152553,149.728515625
EK202310180231,156.447265625
EK202310189895,158.46484375
EK202310115789,137.984375
EK202310107016,150.8759765625
EK202310174702,131.958984375
EK202310184083,132.5205078125
EK202310193580,156.115234375
EK202310217608,152.4755859375
EK202310143791,145.6259765625
EK202310171379,150.4951171875
EK202310151018,148.416015625
EK202310167547,132.3310546875
EK202310113875,157.0732421875
EK202310242027,152.6650390625
EK202310236948,149.345703125
EK202310241638,127.1337890625
EK202320006399,138.31640625
EK202310155475,141.076171875
EK202310183498,150.07421875
EK202310175183,144.4951171875
EK202310212112,141.50390625
EK202310219895,153.630859375
EK202310136160,170.541015625
EK202310237484,129.33984375
EK202310165481,133.7685546875
EK202310240928,134.9072265625
EK202310103807,139.9912109375
EK202310138400,140.9501953125
EK202310206371,133.7861328125
EK202310194193,157.3271484375
EK202310148048,159.0224609375
EK202310215728,139.7841796875
EK202310131760,140.9560546875
EK202310123574,142.83203125
EK202310141515,146.4638671875
EK202310237561,154.947265625
EK202310217955,130.7392578125
EK202310208062,151.16015625
EK202310163578,147.87109375
EK202310116460,130.3037109375
EK202310181932,178.2236328125
EK202310190411,154.1728515625
EK202310229861,146.8984375
EK202310246656,136.708984375
EK202310118260,129.7705078125
EK202310115843,143.4345703125
EK202310170542,155.5751953125
EK202310189836,168.10546875
EK202310176951,144.650390625
EK202310116213,166.23828125
EK202310128876,130.7880859375
EK202310210854,135.8583984375
EK202310217897,142.857421875
EK202310213279,144.4912109375
EK202310203346,148.43359375
EK202310111168,146.0732421875
EK202310205607,147.3935546875
EK202310181632,179.8701171875
EK202310163875,148.234375
EK202310106796,149.9140625
EK202310172056,177.470703125
EK202310195599,138.8505859375
EK202310140727,148.3837890625
EK202310208341,146.9423828125
EK202310129380,128.1552734375
EK202310140408,155.28515625
EK202310196671,165.1962890625
EK202310164630,145.19140625
EK202310147505,139.5595703125
EK202310110408,128.6015625
EK202310189343,155.478515625
EK202310232277,155.3974609375
EK202310113134,128.369140625
EK202310154457,148.21484375
EK202310192875,152.318359375
EK202310116376,123.73046875
EK202310198131,134.3447265625
EK202310200171,143.4482421875
EK202310200642,147.3974609375
EK202310123172,152.4052734375
EK202310182386,164.14453125
EK202310148751,150.3681640625
EK202310109301,132.744140625
EK202320007005,144.6337890625
EK202310118442,146.7060546875
EK202310132586,137.087890625
EK202310137853,130.2255859375
EK202310175957,143.68359375
EK202310137878,143.697265625
EK202310141392,150.92578125
EK202310150895,130.228515625
EK202310234943,118.8916015625
EK202310180019,153.3154296875
EK202310118936,144.294921875
EK202310140493,131.466796875
EK202310175748,143.6123046875
EK202310139140,137.3935546875
EK202310194407,136.8251953125
EK202310174235,137.791015625
EK202310171740,140.51171875
EK202310135496,167.94140625
EK202310219315,143.5517578125
EK202310209481,157.4912109375
EK202310142378,168.060546875
EK202310213131,143.3017578125
EK202310126847,148.5634765625
EK202310139757,133.3251953125
EK202310166582,161.421875
EK202310177776,150.798828125
EK202310179499,156.125
EK202310243445,126.5791015625
EK202310176421,130.2958984375
EK202310219058,127.4697265625
EK202310108023,137.638671875
EK202310140417,163.7568359375
EK202310130436,160.2392578125
EK202320006321,167.52734375
EK202310220044,131.267578125
EK202310131037,125.9296875
EK202310248111,137.5126953125
EK202310106861,140.771484375
EK202310110253,140.5341796875
EK202310201245,152.123046875
EK202310138402,126.12109375
EK202310233866,175.55859375
EK202310003560,130.5380859375
EK202310120345,135.9755859375
EK202310201242,114.775390625
EK202310190427,170.923828125
EK202310148725,124.5869140625
EK202320006763,153.84765625
EK202310196906,161.7041015625
EK202310241763,142.4482421875
EK202310204305,154.248046875
EK202310190705,156.76171875
EK202310107647,134.0517578125
EK202310178205,155.5419921875
EK202310226329,140.94921875
EK202310155075,145.126953125
EK202310161375,149.970703125
EK202310184194,157.2373046875
EK202310146287,146.2685546875
EK202310151428,166.3388671875
EK202310169581,125.9052734375
EK202310159986,125.8486328125
EK202310235054,139.8154296875
EK202310232794,148.8232421875
EK202310237245,126.142578125
EK202310159951,178.423828125
EK202310137689,139.201171875
EK202310104122,128.111328125
EK202310237215,141.298828125
EK202310224167,164.6083984375
EK202310165353,140.2998046875
EK202310003464,125.9521484375
EK202310146423,141.8876953125
EK202310175125,133.755859375
EK202310229556,148.662109375
EK202310227408,139.8046875
EK202310243062,143.783203125
EK202310213464,141.58984375
EK202310111472,154.55078125
EK202310108233,132.0283203125
EK202310223065,127.369140625
EK202310230558,147.041015625
EK202320006897,150.1142578125
EK202310200032,140.4638671875
EK202310187191,163.220703125
EK202310161900,163.7197265625
EK202310121241,138.3837890625
EK202310225448,147.3212890625
EK202310227739,145.0595703125
EK202310216508,141.4599609375
EK202310233619,145.3984375
EK202310233918,154.44140625
EK202310202411,129.9794921875
EK202310186765,152.078125
EK202310241519,128.6552734375
EK202310203547,145.6689453125
EK202310186570,179.46875
EK202310146153,118.3515625
EK202310226412,142.7744140625
EK202310214773,154.849609375
EK202310141684,156.857421875
EK202310149333,135.5712890625
EK202310144706,142.966796875
EK202310104027,138.212890625
EK202310109413,143.5185546875
EK202310193755,135.2021484375
EK202310166019,159.658203125
EK202310203410,167.6328125
EK202310211531,131.0986328125
EK202310196157,141.849609375
EK202310244349,163.6005859375
EK202310145494,139.5908203125
EK202310212588,151.2705078125
EK202310139780,131.8447265625
EK202310240088,156.40625
EK202310111166,150.7607421875
EK202310188435,132.5986328125
EK202310177633,142.283203125
EK202310112926,143.23828125
EK202310234867,136.01953125
EK202310185802,130.552734375
EK202310162594,165.990234375
EK202310180089,153.443359375
EK202310217336,128.6767578125
EK202310192546,147.939453125
EK202310214169,143.4814453125
EK202310140770,159.6865234375
EK202310133498,144.2197265625
EK202310118801,147.5419921875
EK202310142404,156.4326171875
EK202310147891,152.318359375
EK202310210538,127.021484375
EK202320007456,142.8447265625
EK202310144587,129.5068359375
EK202310124235,133.5263671875
EK202310158438,126.86328125
EK202310215490,126.8212890625
EK202310174451,158.0947265625
EK202310212066,126.3623046875
EK202310222526,140.216796875
EK202310188934,109.82421875
EK202310227893,126.232421875
EK202310181260,149.35546875
EK202310202577,143.234375
EK202310120212,169.1494140625
EK202310149119,158.87109375
EK202310154393,162.2744140625
EK202310152225,125.9296875
EK202310105646,134.98828125
EK202310119351,128.22265625
EK202310148657,139.0107421875
EK202310196509,133.1220703125
EK202310194902,144.412109375
EK202310148288,127.3046875
EK202310215542,153.96484375
EK202310167939,151.1806640625
EK202310167455,153.7451171875
EK202310117792,127.1943359375
EK202310173362,146.4296875
EK202310124739,174.35546875
EK202310175587,143.9404296875
EK202310213185,141.1904296875
EK202310152468,140.576171875
EK202310131120,160.8388671875
EK202310124976,147.6015625
EK202310112499,151.3701171875
EK202310195528,127.337890625
EK202310239210,135.7392578125
EK202310142674,156.8369140625
EK202310243104,140.34375
EK202310237267,147.408203125
EK202310169374,134.3115234375
EK202310234090,127.166015625
EK202310233816,144.130859375
EK202310196376,161.08203125
EK202310148225,146.66796875
EK202310228837,131.443359375
EK202310181830,136.6904296875
EK202310191899,144.125
EK202310229263,139.6611328125
EK202310141990,142.921875
EK202310169654,165.376953125
EK202310123584,143.3076171875
EK202310109674,133.6533203125
EK202310106658,141.330078125
EK202310237324,138.197265625
EK202310133847,182.49609375
EK202310177544,117.1396484375
EK202310123823,138.7685546875
EK202310240866,115.537109375
EK202310200799,155.58984375
EK202310004956,131.8505859375
EK202310109116,163.3544921875
EK202310181159,150.3359375
EK202310128546,155.2470703125
EK202310206764,144.5654296875
EK202310203787,135.3828125
EK202310193227,143.091796875
EK202310157337,176.615234375
EK202310190691,158.5791015625
EK202310126193,144.580078125
EK202310223219,133.4208984375
EK202310161546,149.1259765625
EK202310220676,149.037109375
EK202310142344,137.609375
EK202310182666,125.4267578125
EK202310217828,134.833984375
EK202310240257,126.2412109375
EK202310125068,131.3701171875
EK202310166358,159.484375
EK202310177216,171.9599609375
EK202310146952,131.2021484375
EK202310199886,160.603515625
EK202310147741,151.6806640625
EK202310143091,144.6572265625
EK202310199575,143.5947265625
EK202310187305,161.4365234375
EK202310222496,149.849609375
EK202310216424,141.74609375
EK202310104377,136.85546875
EK202310227219,122.9912109375
EK202310140922,146.060546875
EK202310165008,168.5263671875
EK202310135583,148.435546875
EK202310171535,136.333984375
EK202310219272,144.1982421875
EK202310120647,154.970703125
EK202310140490,142.5146484375
EK202310173840,129.818359375
EK202310208109,128.3701171875
EK202310175605,151.9072265625
EK202310194297,143.880859375
EK202310116012,127.59765625
EK202310133738,135.09765625
EK202310003422,138.3837890625
EK202310186980,164.55078125
EK202310157421,136.412109375
EK202310145922,126.6728515625
EK202310203349,157.185546875
EK202310230457,167.9921875
EK202310230009,132.65234375
EK202310144393,165.474609375
EK202310155684,136.7294921875
EK202310243499,141.6298828125
EK202310148155,137.1181640625
EK202310162141,140.365234375
EK202310202043,138.6640625
EK202310165608,139.4931640625
EK202310193544,136.7158203125
EK202310164222,134.41796875
EK202310154530,148.1240234375
EK202310185022,135.7958984375
EK202310167516,156.9404296875
EK202310165006,125.0087890625
EK202310138314,163.279296875
EK202310213702,129.189453125
EK202310223111,169.6943359375
EK202310183009,122.890625
EK202310175427,135.408203125
EK202310198303,129.259765625
EK202310142355,171.79296875
EK202310190847,148.732421875
EK202310165750,165.0302734375
EK202310163376,136.0380859375
EK202310146237,145.1494140625
EK202310228171,141.7607421875
EK202310222340,157.568359375
EK202310119317,136.2236328125
EK202310209759,148.4423828125
EK202310188992,145.7685546875
EK202310236787,142.01953125
EK202310235111,145.033203125
EK202310192259,132.2861328125
EK202320005738,176.4677734375
EK202310143173,172.361328125
EK202310188740,150.029296875
EK202310106354,145.0498046875
EK202310235348,144.9296875
EK202310234038,157.466796875
EK202310172622,171.1318359375
EK202310172486,143.7958984375
EK202310121194,127.09375
EK202310221290,150.783203125
EK202310207879,143.716796875
EK202310114510,131.8251953125
EK202310179068,151.9951171875
EK202310163368,146.890625
EK202310232807,139.31640625
EK202310120523,122.0166015625
EK202310103969,136.3515625
EK202310004188,139.599609375
EK202310170648,173.88671875
EK202310139767,133.806640625
EK202310138473,169.24609375
EK202310235505,134.5703125
EK202310178729,126.6337890625
EK202310246801,138.8583984375
EK202310120603,136.5263671875
EK202310114895,144.8779296875
EK202310223798,134.5107421875
EK202310128963,128.4638671875
EK202310133013,125.5830078125
EK202310180731,168.9970703125
EK202310113860,116.216796875
EK202310201583,116.353515625
EK202310137449,134.5810546875
EK202310149678,164.169921875
EK202310199061,158.58203125
EK202310206139,127.6572265625
EK202310178048,166.0439453125
EK202310206902,133.48046875
EK202310135879,142.037109375
EK202310118974,125.5595703125
EK202310240661,157.1591796875
EK202310247702,123.4892578125
EK202310108959,143.1484375
EK202310139148,136.802734375
EK202310213608,125.7080078125
EK202310200833,149.0966796875
EK202310205491,149.2373046875
EK202310151833,161.9873046875
EK202310170507,133.2021484375
EK202310204695,153.4873046875
EK202310190993,148.6904296875
EK202310181846,143.568359375
EK202310191614,155.9970703125
EK202310146281,144.8203125
EK202310239715,138.9462890625
EK202310224583,124.84375
EK202310225752,139.8564453125
EK202310004050,152.423828125
EK202310112334,127.3017578125
EK202310178782,121.763671875
EK202310162090,138.2568359375
EK202310221447,143.48046875
EK202310219812,155.17578125
EK202310161855,150.939453125
EK202310127861,145.9208984375
EK202310114282,154.8876953125
EK202310105617,135.259765625
EK202310209302,131.173828125
EK202310115118,158.6318359375
EK202310003916,138.51171875
EK202310153698,151.0458984375
EK202310229027,145.5302734375
EK202310125705,148.67578125
EK202310123526,137.3466796875
EK202310226530,144.88671875
EK202310136267,115.1611328125
EK202310126875,148.6376953125
EK202310219223,125.6904296875
EK202310169669,143.2734375
EK202310136907,117.6103515625
EK202310167168,120.1845703125
EK202310225793,134.2998046875
EK202310178640,159.4833984375
EK202310130165,138.8486328125
EK202310154261,132.7041015625
EK202310220444,141.990234375
EK202310237028,155.822265625
EK202310165818,136.5234375
EK202310122598,142.3681640625
EK202310220372,149.3779296875
EK202310137417,140.3447265625
EK202310143378,160.865234375
EK202310175009,156.8388671875
EK202310211432,135.982421875
EK202310207842,143.369140625
EK202310180149,133.0869140625
EK202310190554,146.4755859375
EK202310223988,137.7275390625
EK202310130954,132.0244140625
EK202310116904,141.1650390625
EK202310161528,156.4375
EK202310148911,128.9873046875
EK202310153873,143.7275390625
EK202310144622,138.3291015625
EK202320007179,157.8251953125
EK202310213291,139.5986328125
EK202310248459,141.5244140625
EK202310129665,133.08203125
EK202310105584,118.4951171875
EK202310223037,129.2041015625
EK202310173189,140.384765625
EK202310174998,158.4580078125
EK202310128550,123.611328125
EK202310192354,119.8388671875
EK202310118760,130.8349609375
EK202310131373,145.685546875
EK202310168865,122.1953125
EK202310105103,149.1201171875
EK202310242757,133.1796875
EK202310164146,169.951171875
EK202310165707,160.8056640625
EK202310157341,161.0830078125
EK202310161673,164.060546875
EK202310203730,128.337890625
EK202310165334,135.7939453125
EK202310149964,148.2822265625
EK202310109435,133.39453125
EK202310105784,141.1494140625
EK202310004512,127.224609375
EK202310129345,151.8759765625
EK202310168741,138.6455078125
EK202310225441,133.7763671875
EK202310189863,137.873046875
EK202310181790,147.6494140625
EK202310223107,144.6650390625
EK202310117337,131.3974609375
EK202310247125,150.146484375
EK202310146172,130.1650390625
EK202310229871,137.7646484375
EK202310167352,165.1044921875
EK202310197659,170.24609375
EK202310237148,142.4501953125
EK202310204685,150.3681640625
EK202310241003,143.8154296875
EK202310148969,138.453125
EK202310217817,151.55078125
EK202310154285,151.7724609375
EK202310241422,144.4462890625
EK202310238083,141.01953125
EK202310177368,160.115234375
EK202310161506,144.5546875
EK202310159694,139.8125
EK202310233873,149.658203125
EK202310159627,130.216796875
EK202310204809,138.6552734375
EK202310221148,156.7880859375
EK202310203840,145.087890625
EK202310175485,142.8037109375
EK202310157943,157.37890625
EK202310166246,147.5341796875
EK202310104784,138.7373046875
EK202310123376,151.1708984375
EK202310204029,163.8642578125
EK202310185358,159.7021484375
EK202310108669,146.408203125
EK202310236018,154.7177734375
EK202310238742,138.5703125
EK202310111453,141.49609375
EK202310113005,136.4208984375
EK202310234668,155.8466796875
EK202310231883,137.693359375
EK202310170221,159.421875
EK202310004896,126.0908203125
EK202310161173,137.19921875
EK202310145172,130.9013671875
EK202310173181,133.9892578125
EK202310188825,132.970703125
EK202310179888,156.0556640625
EK202310232212,127.1220703125
EK202310162487,143.49609375
EK202310136794,144.3466796875
EK202310169969,144.5361328125
EK202310165477,136.8681640625
EK202310177712,141.2373046875
EK202310129186,140.5078125
EK202310127134,154.7998046875
EK202310228641,132.3271484375
EK202310195004,138.8642578125
EK202310196656,131.6884765625
EK202310129468,140.822265625
EK202320007200,167.744140625
EK202310153589,147.375
EK202310212764,171.2783203125
EK202310205885,165.9404296875
EK202310198505,125.4013671875
EK202310222811,146.4013671875
EK202310168127,153.5849609375
EK202310143599,132.28125
EK202310227359,130.8193359375
EK202310135358,137.8671875
EK202310171217,171.7841796875
EK202310191424,156.787109375
EK202310149689,176.6796875
EK202310195376,146.40234375
EK202310178299,155.150390625
EK202310210228,136.1904296875
EK202310107326,126.1123046875
EK202310152535,151.6572265625
EK202310154473,143.732421875
EK202310174554,151.5126953125
EK202310163286,138.37109375
EK202310111638,145.9267578125
EK202310196108,153.7119140625
EK202310212686,134.1943359375
EK202310231718,144.9658203125
EK202310137776,139.3486328125
EK202310178405,154.8701171875
EK202310117455,130.759765625
EK202310118568,138.2666015625
EK202310222315,144.3603515625
EK202310160822,149.626953125
EK202310118020,129.24609375
EK202310194677,186.392578125
EK202320006977,155.3291015625
EK202310214502,169.556640625
EK202310146297,137.5625
EK202320005953,158.69140625
EK202310200023,130.9814453125
EK202310147399,147.939453125
EK202310110181,101.71484375
EK202310225409,172.294921875
EK202310107374,146.328125
EK202310235775,139.771484375
EK202310154935,149.4521484375
EK202310160129,147.2529296875
EK202310136819,157.1044921875
EK202310212339,130.1044921875
EK202310186377,151.5927734375
EK202310149686,162.06640625
EK202310137146,153.8310546875
EK202310219413,131.1220703125
EK202310224119,140.78515625
EK202310124397,135.76953125
EK202310118844,158.4091796875
EK202310178888,122.796875
EK202310203695,127.0224609375
EK202310215102,140.697265625
EK202310116309,128.072265625
EK202310177340,158.2021484375
EK202310155692,144.2255859375
EK202310209761,122.7587890625
EK202310192459,155.751953125
EK202310166094,132.861328125
EK202310106639,142.6123046875
EK202310122597,134.3505859375
EK202310176641,149.4296875
EK202310128106,141.4970703125
EK202310164373,148.2109375
EK202310172650,147.38671875
EK202310161760,141.2109375
EK202310175173,146.7666015625
EK202310220355,140.4365234375
EK202310134340,126.5849609375
EK202310200856,168.79296875
EK202310198775,181.9287109375
EK202310237814,159.74609375
EK202310144745,136.68359375
EK202310116937,141.6650390625
EK202310180183,150.7705078125
EK202310123116,132.390625
EK202310111360,145.931640625
EK202310218124,152.6806640625
EK202310146929,144.3408203125
EK202310144079,177.984375
EK202310212540,149.814453125
EK202310206504,162.5341796875
EK202310126991,138.32421875
EK202310159652,145.443359375
EK202310132965,141.04296875
EK202310203675,146.3779296875
EK202310003467,128.2578125
EK202310178560,126.6142578125
EK202310115094,137.359375
EK202310127215,140.05078125
EK202310116379,128.4443359375
EK202310121118,135.4326171875
EK202310196670,137.5556640625
EK202310159655,127.3203125
EK202310201991,132.1328125
EK202310173068,151.5439453125
EK202310117260,149.0068359375
EK202310130209,149.7353515625
EK202310183122,139.9111328125
EK202310216257,138.7412109375
EK202310176511,159.728515625
EK202310187962,155.83203125
EK202310245277,159.00390625
EK202310181710,114.8681640625
EK202310227487,131.9404296875
EK202310210107,169.5439453125
EK202310175757,131.466796875
EK202310229135,139.8759765625
EK202310150766,129.361328125
EK202310164086,153.44140625
EK202310121488,152.7958984375
EK202310122656,127.7470703125
EK202310176310,145.388671875
EK202310207786,129.673828125
EK202310116196,141.74609375
EK202310166658,134.677734375
EK202320007269,186.6376953125
EK202310240222,145.2333984375
EK202310233074,133.859375
EK202310003785,142.2001953125
EK202310218333,132.5615234375
EK202310199829,141.4111328125
EK202310141201,121.3955078125
EK202310152509,152.5146484375
EK202310213008,114.0693359375
EK202310234244,145.8759765625
EK202310185496,150.4521484375
EK202310123939,143.4521484375
EK202310245118,143.791015625
EK202310126945,128.07421875
EK202310192940,150.974609375
EK202310154479,135.283203125
EK202310238968,132.3720703125
EK202310220804,146.8896484375
EK202310121547,123.833984375
EK202310156977,136.8662109375
EK202310220913,120.4013671875
EK202310153791,161.0576171875
EK202310231371,131.193359375
EK202310155012,140.85546875
EK202310106729,134.611328125
EK202310121458,124.298828125
EK202310129298,147.2900390625
EK202310185168,167.2646484375
EK202310171342,167.5859375
EK202310182043,139.0009765625
EK202310159692,156.3203125
EK202310198219,128.7529296875
EK202310186486,156.615234375
EK202310194185,128.287109375
EK202310135060,166.296875
EK202310151875,152.8173828125
EK202310148212,131.0361328125
EK202310158337,146.0927734375
EK202310160093,152.6787109375
EK202310176986,155.3994140625
EK202310142751,178.0791015625
EK202310186987,144.662109375
EK202310213398,135.86328125
EK202310227507,162.908203125
EK202310230539,146.0830078125
EK202310233022,133.4404296875
EK202310112067,148.94921875
EK202310191571,170.8232421875
EK202310128575,154.1376953125
EK202310116429,163.6220703125
EK202310222260,137.8974609375
EK202310167112,143.4423828125
EK202310197671,129.0419921875
EK202310133983,154.4453125
EK202310125081,142.6328125
EK202310165303,128.91796875
EK202310245022,135.0869140625
EK202310168737,148.4677734375
EK202310224066,145.4248046875
EK202310112653,139.0966796875
EK202310163794,137.58203125
EK202310177672,141.513671875
EK202310113138,141.751953125
EK202310198082,134.2373046875
EK202310186324,149.177734375
EK202310245063,123.9609375
EK202310162008,150.658203125
EK202310187033,129.75
EK202310165002,147.5556640625
EK202310179112,142.37109375
EK202310136261,144.578125
EK202310107886,142.65625
EK202310178081,155.3056640625
EK202310107978,141.896484375
EK202310186291,187.1298828125
EK202320006194,158.732421875
EK202310162147,132.9306640625
EK202310145820,135.947265625
EK202310208270,138.943359375
EK202310244610,140.974609375
EK202310115965,129.806640625
EK202310173325,137.345703125
EK202310200487,147.509765625
EK202310151600,160.7158203125
EK202310174873,128.478515625
EK202310154656,144.03125
EK202310186158,165.7333984375
EK202310159695,143.6826171875
EK202310153171,152.69140625
EK202310116138,148.193359375
EK202310241920,107.2314453125
EK202310172803,136.3271484375
EK202310003408,131.203125
EK202310113293,132.875
EK202310199063,155.8349609375
EK202310151401,162.529296875
EK202310154601,131.9423828125
EK202310111616,145.84765625
EK202310135809,137.146484375
EK202310123689,135.4453125
EK202310125344,119.0234375
EK202310204834,135.8076171875
EK202310154600,142.3759765625
EK202310171105,137.5888671875
EK202310192374,145.79296875
EK202310137424,145.7958984375
EK202310004414,125.244140625
EK202310157406,145.916015625
EK202310194870,154.3134765625
EK202310184853,141.0029296875
EK202310176587,147.3916015625
EK202310211243,125.0859375
EK202310116843,141.375
EK202310167978,126.6591796875
EK202310199028,153.2685546875
EK202310178842,133.3515625
EK202310003563,154.1611328125
EK202310113491,140.2021484375
EK202310202425,131.513671875
EK202310156026,149.8642578125
EK202310235868,131.6474609375
EK202310129923,127.421875
EK202310115347,140.6943359375
EK202310136092,173.3525390625
EK202310212411,124.650390625
EK202310198783,179.81640625
EK202310154295,133.8798828125
EK202310132080,137.3125
EK202310115510,135.1796875
EK202310186713,129.8193359375
EK202310246486,118.46875
EK202310220909,137.775390625
EK202310133930,141.669921875
EK202310230327,169.5888671875
EK202310227578,159.9853515625
EK202310147328,171.46875
EK202310174500,136.521484375
EK202310121141,139.9736328125
EK202310218136,157.2236328125
EK202310187497,171.8134765625
EK202310219497,134.173828125
EK202310158430,162.45703125
EK202310232072,148.9306640625
EK202310161910,150.375
EK202310232257,148.2509765625
EK202310109324,145.1474609375
EK202310117586,132.248046875
EK202310145201,151.3017578125
EK202310191458,145.9287109375
EK202310163905,146.701171875
EK202310200681,145.9912109375
EK202310190561,141.16796875
EK202310144363,131.275390625
EK202310196397,143.904296875
EK202310168831,134.2783203125
EK202320007357,165.154296875
EK202310125955,139.166015625
EK202310210692,140.041015625
EK202310202677,134.3759765625
EK202310212296,145.4150390625
EK202310228282,129.2841796875
EK202310198392,151.5546875
EK202310189017,131.9130859375
EK202310184070,160.3798828125
EK202320006398,155.6494140625
EK202310221409,159.61328125
EK202310229971,129.9365234375
EK202310202941,146.7197265625
EK202310131905,133.4501953125
EK202310112775,138.18359375
EK202310209245,142.060546875
EK202310185710,151.955078125
EK202310155827,127.9375
EK202310158156,165.1396484375
EK202310143080,144.666015625
EK202310217821,134.9453125
EK202310205060,136.3681640625
EK202310152230,160.884765625
EK202310215647,140.66015625
EK202310216568,141.873046875
EK202310173496,137.86328125
EK202310132220,146.6396484375
EK202310229606,130.8076171875
EK202310197847,145.640625
EK202310114444,138.453125
EK202310212587,148.4921875
EK202310128678,118.1201171875
EK202310129009,150.4248046875
EK202310135868,138.1435546875
EK202310004655,151.427734375
EK202310004666,126.935546875
EK202310172312,125.0322265625
EK202310212324,135.5419921875
EK202310234071,145.9921875
EK202310237714,134.0078125
EK202310227143,126.1787109375
EK202310106080,139.701171875
EK202310115972,139.48046875
EK202310223416,135.384765625
EK202310185745,134.3544921875
EK202310108584,146.9736328125
EK202310244398,132.302734375
EK202310104476,151.9775390625
EK202310243111,141.650390625
EK202310182118,147.9599609375
EK202310231776,133.8486328125
EK202310114793,140.890625
EK202310107506,120.1201171875
EK202310203271,147.669921875
EK202310206441,146.9560546875
EK202310197006,129.9833984375
EK202310213977,147.8330078125
EK202310174608,157.0107421875
EK202310126126,137.33203125
EK202310230545,147.052734375
EK202310103903,145.6513671875
EK202310234105,157.7275390625
EK202310165010,145.92578125
EK202310181940,141.3876953125
EK202310118673,131.3515625
EK202310188868,161.90234375
EK202310170989,163.931640625
EK202310213961,147.2138671875
EK202310236748,140.38671875
EK202310128144,150.716796875
EK202310131032,128.662109375
EK202310199927,139.4892578125
EK202310228569,138.5478515625
EK202310137099,148.19921875
EK202310216503,155.126953125
EK202310225348,134.8388671875
EK202310188082,133.4716796875
EK202310107466,159.3798828125
EK202310119468,171.869140625
EK202310177435,140.498046875
EK202310226065,169.1142578125
EK202310238474,135.4755859375
EK202310178935,128.775390625
EK202310111288,137.6513671875
EK202310231278,152.703125
EK202310195743,155.8583984375
EK202310177642,152.4111328125
EK202310159731,140.1806640625
EK202310233199,146.83203125
EK202310164963,136.3056640625
EK202310108728,136.1962890625
EK202310241516,146.4296875
EK202310114502,134.3232421875
EK202310163597,146.138671875
EK202310194099,139.5751953125
EK202310191390,154.4111328125
EK202310136653,153.2822265625
EK202310132780,152.41015625
EK202310192296,128.2568359375
EK202310210820,121.59375
EK202310157545,146.046875
EK202310117978,134.1376953125
EK202310128805,124.3232421875
EK202310239206,144.1103515625
EK202310184728,139.609375
EK202310188346,139.4453125
EK202310115220,125.2001953125
EK202310136091,178.1611328125
EK202310187000,148.25390625
EK202310004481,144.4482421875
EK202310142481,124.8681640625
EK202310241665,118.4404296875
EK202310172530,131.4462890625
EK202310242247,138.9619140625
EK202310201108,146.56640625
EK202310157151,148.82421875
EK202310248777,138.5576171875
EK202310234150,130.251953125
EK202310245991,134.1875
EK202310196183,141.771484375
EK202310112151,144.3876953125
EK202310240040,139.8251953125
EK202310122111,130.19921875
EK202310237646,146.427734375
EK202310236751,148.5439453125
EK202310110678,120.4072265625
EK202310175472,142.6865234375
EK202310104032,157.3154296875
EK202310130367,134.1826171875
EK202310218178,166.779296875
EK202310190059,178.623046875
EK202310154040,136.2724609375
EK202310104704,140.6943359375
EK202310234675,139.259765625
EK202320007076,149.423828125
EK202310117416,140.8837890625
EK202310106592,140.9296875
EK202310218855,147.39453125
EK202310112951,150.6513671875
EK202310198510,150.7060546875
EK202310170591,129.0625
EK202310171607,139.880859375
EK202310188047,165.6552734375
EK202310106176,132.580078125
EK202310139729,156.9892578125
EK202310188177,158.3251953125
EK202310216551,130.4013671875
EK202310190746,145.7783203125
EK202310198445,163.0009765625
EK202310167557,138.0732421875
EK202310232345,137.0166015625
EK202310205089,160.9345703125
EK202310200704,143.9111328125
EK202310168328,178.1552734375
EK202310117660,122.1806640625
EK202310241204,154.798828125
EK202310219555,141.0556640625
EK202310108822,138.2880859375
EK202310178261,153.7197265625
EK202310170803,138.5224609375
EK202310180578,140.8173828125
EK202310183233,158.203125
EK202310214067,176.3984375
EK202310177910,147.935546875
EK202310184628,169.5751953125
EK202310236640,134.3759765625
EK202310189443,164.90234375
EK202310219770,132.3896484375
EK202310188035,158.3505859375
EK202310110194,150.2177734375
EK202310244334,142.2060546875
EK202310196346,157.5126953125
EK202310239240,135.4580078125
EK202310190697,155.5595703125
EK202310183845,169.1494140625
EK202310173568,156.2607421875
EK202310122648,135.5068359375
EK202310138573,134.7119140625
EK202310107238,143.63671875
EK202310123716,126.32421875
EK202310222719,135.154296875
EK202310119574,134.8984375
EK202310106379,141.2314453125
EK202310179487,170.9482421875
EK202310204316,155.0283203125
EK202310112072,138.244140625
EK202310103891,160.5380859375
EK202310121527,145.9052734375
EK202310147901,163.0771484375
EK202310129747,169.00390625
EK202310216313,130.37109375
EK202310138904,165.1064453125
EK202310148441,145.7001953125
EK202310153870,130.0595703125
EK202310108732,129.9365234375
EK202310180949,145.52734375
EK202310108710,137.341796875
EK202310198670,130.2294921875
EK202310150197,171.9423828125
EK202310213492,140.94140625
EK202310136448,143.146484375
EK202310131230,157.5439453125
EK202310231399,135.98046875
EK202310121599,158.798828125
EK202310179738,163.4501953125
EK202310167476,162.1572265625
EK202310131623,146.1689453125
EK202310140730,150.3427734375
EK202310144389,153.830078125
EK202310245102,135.66796875
EK202310132691,125.2158203125
EK202310106449,139.6318359375
EK202310167353,117.966796875
EK202310236989,125.5458984375
EK202310111119,123.3193359375
EK202310186689,169.8154296875
EK202310209031,157.02734375
EK202310139037,151.8251953125
EK202310158574,136.890625
EK202310235776,135.150390625
EK202310149594,153.4892578125
EK202310106989,152.10546875
EK202310207828,156.3994140625
EK202310129283,140.1513671875
EK202310103761,138.353515625
EK202310117820,120.1103515625
EK202310170386,143.443359375
EK202310200918,155.087890625
EK202310104618,133.037109375
EK202310211311,137.4560546875
EK202310217151,160.197265625
EK202310197688,149.4853515625
EK202310141161,136.056640625
EK202310200723,129.134765625
EK202310192613,136.779296875
EK202310231385,140.9765625
EK202310161421,119.1298828125
EK202310185090,155.0634765625
EK202310118323,137.33984375
EK202310179435,145.576171875
EK202310246748,166.7294921875
EK202310203308,135.6533203125
EK202310166549,154.806640625
EK202310231043,142.16015625
EK202310144171,138.1474609375
EK202310171076,154.771484375
EK202310234671,146.46875
EK202310178258,147.8837890625
EK202310123111,131.8779296875
EK202310105273,145.4013671875
EK202310232779,110.98828125
EK202310245923,126.474609375
EK202310232934,127.94140625
EK202310206444,147.6181640625
EK202310199292,150.2763671875
EK202310172407,141.916015625
EK202310110982,129.6513671875
EK202310136670,146.3017578125
EK202310196416,155.9423828125
EK202310147370,149.986328125
EK202310203187,128.587890625
EK202310127574,142.23046875
EK202310223109,135.6220703125
EK202310210815,140.591796875
EK202310132728,166.0048828125
EK202310195728,155.251953125
EK202310162562,168.8525390625
EK202310122166,137.5654296875
EK202310133502,146.9912109375
EK202310176748,136.654296875
EK202310149681,144.205078125
EK202310133367,151.423828125
EK202310233308,157.5498046875
EK202310111956,149.5361328125
EK202310213087,123.7919921875
EK202310163861,132.1220703125
EK202310183017,124.9599609375
EK202310148049,149.4609375
EK202310159587,141.818359375
EK202310120104,154.7587890625
EK202310173791,136.2236328125
EK202310120609,126.322265625
EK202310120220,156.7216796875
EK202310164643,138.103515625
EK202310242480,135.666015625
EK202310237393,126.8349609375
EK202310110258,126.099609375
EK202310203310,141.484375
EK202310244388,126.130859375
EK202310142420,154.583984375
EK202310127247,159.837890625
EK202310245410,129.1083984375
EK202310198231,149.8564453125
EK202310224714,134.4521484375
EK202310112152,139.4736328125
EK202310219634,146.75390625
EK202310120507,136.9677734375
EK202310121024,148.1572265625
EK202310162609,150.4111328125
EK202310198139,134.830078125
EK202310115733,154.4873046875
EK202310197648,165.0595703125
EK202310152061,162.7685546875
EK202310246184,142.87109375
EK202310175646,154.1884765625
EK202310195357,159.01171875
EK202310180995,156.5341796875
EK202320007602,163.1005859375
EK202310125780,143.3662109375
EK202310141209,142.478515625
EK202310241145,156.544921875
EK202310214473,168.3369140625
EK202310104412,137.208984375
EK202310145300,154.5205078125
EK202310178546,115.705078125
EK202310222192,131.1240234375
EK202310003791,115.470703125
EK202310164084,142.33203125
EK202310247625,136.390625
EK202310179777,146.904296875
EK202310204086,131.78125
EK202310199051,154.478515625
EK202310199503,133.6796875
EK202310124201,136.0419921875
EK202310111462,136.28515625
EK202310149507,158.5244140625
EK202310149626,149.2353515625
EK202310196221,153.767578125
EK202310241259,159.39453125
EK202310110599,132.591796875
EK202310234816,149.5458984375
EK202310179926,146.6552734375
EK202310158821,152.4013671875
EK202310203000,138.201171875
EK202310162317,129.7451171875
EK202310125499,134.2119140625
EK202310171521,145.2705078125
EK202310155121,137.5205078125
EK202310246662,148.8974609375
EK202310222404,118.9267578125
EK202310119271,144.8369140625
EK202310179293,126.7978515625
EK202310162370,139.6142578125
EK202310185317,140.1025390625
EK202310192836,174.1240234375
EK202310197187,156.5087890625
EK202310119438,146.4931640625
EK202310154800,146.5869140625
EK202310162887,143.7353515625
EK202310114407,152.044921875
EK202310107541,166.421875
EK202310165391,130.41796875
EK202310114222,150.681640625
EK202310108463,148.9033203125
EK202310160505,144.7578125
EK202310175819,133.33203125
EK202310224211,147.521484375
EK202310181094,159.357421875
EK202310209683,147.8671875
EK202310144068,170.759765625
EK202310185016,164.0517578125
EK202310242866,123.5791015625
EK202310136700,116.0595703125
EK202310129667,143.3671875
EK202310185490,149.640625
EK202310180615,122.08203125
EK202310106120,137.7548828125
EK202310139529,125.236328125
EK202310208712,157.701171875
EK202310202493,153.7939453125
EK202310127493,142.0283203125
EK202310185646,145.6669921875
EK202310236048,121.310546875
EK202310215422,133.138671875
EK202310154768,154.232421875
EK202310156660,146.509765625
EK202310215522,143.97265625
EK202310191431,158.7314453125
EK202310219661,139.5576171875
EK202310111217,113.2568359375
EK202310142283,147.390625
EK202310152451,163.6708984375
EK202310131900,151.427734375
EK202310118813,145.9990234375
EK202310158474,132.984375
EK202310206038,173.0693359375
EK202310140824,141.2998046875
EK202310193053,130.8125
EK202310239738,130.6337890625
EK202310183514,165.640625
EK202310228473,144.1826171875
EK202310187727,143.4951171875
EK202310208678,133.9716796875
EK202310151445,145.5703125
EK202310129744,138.2333984375
EK202310242221,144.4443359375
EK202310140908,131.5341796875
EK202310213034,132.2373046875
EK202310162066,145.3818359375
EK202310166091,130.462890625
EK202310168349,113.2861328125
EK202310204830,128.1689453125
EK202310119237,133.9599609375
EK202310177687,137.041015625
EK202310194046,131.447265625
EK202310120099,127.1328125
EK202310139982,177.416015625
EK202310172126,126.1298828125
EK202310225892,136.580078125
EK202310204605,141.2314453125
EK202310166382,149.3955078125
EK202310164816,166.455078125
EK202310118373,125.8681640625
EK202310141696,161.1484375
EK202310229964,144.921875
EK202310127949,152.1240234375
EK202310239375,176.22265625
EK202310173625,140.818359375
EK202310141849,168.0595703125
EK202310115485,131.5791015625
EK202310129234,156.4228515625
EK202310105793,133.7744140625
EK202310158046,137.4541015625
EK202310192078,146.50390625
EK202310211785,132.22265625
EK202310194018,169.064453125
EK202310223067,135.1845703125
EK202310131851,155.7900390625
EK202310146819,132.0380859375
EK202310240643,148.3388671875
EK202310156305,141.4697265625
EK202310207011,127.244140625
EK202310225288,143.6669921875
EK202310246090,153.8623046875
EK202310159743,136.5380859375
EK202310160951,163.265625
EK202310164394,143.4443359375
EK202310172687,136.02734375
EK202310157664,142.234375
EK202310186799,139.490234375
EK202310177813,172.0
EK202310135564,150.0947265625
EK202310109869,136.8544921875
EK202310232529,137.634765625
EK202310190796,147.0224609375
EK202310157371,145.3056640625
EK202310248440,136.1357421875
EK202310236433,139.427734375
EK202310155362,153.4482421875
EK202310178291,151.0576171875
EK202310236912,147.7666015625
EK202310104076,124.9306640625
EK202310192380,128.2138671875
EK202310138804,138.9970703125
EK202310151241,148.0087890625
EK202310199540,130.3876953125
EK202310173988,132.5439453125
EK202310173002,141.1279296875
EK202310243625,141.9970703125
EK202310193531,138.873046875
EK202310114242,136.8525390625
EK202310138736,141.3154296875
EK202310190347,137.5478515625
EK202310236408,135.19140625
EK202310120734,172.8154296875
EK202310199091,164.1826171875
EK202310163422,138.1796875
EK202310204728,139.2392578125
EK202310130979,144.8271484375
EK202310183928,141.1875
EK202310149172,147.556640625
EK202310112222,136.7607421875
EK202310135593,176.3876953125
EK202310116248,135.0439453125
EK202310139060,155.8603515625
EK202310119677,172.103515625
EK202310158107,136.1201171875
EK202310132346,166.66015625
EK202310134894,152.6201171875
EK202310136486,130.9990234375
EK202310129929,174.642578125
EK202310105561,139.755859375
EK202310154663,135.58984375
EK202310170691,153.1806640625
EK202310129385,144.9248046875
EK202310201900,156.2724609375
EK202310167771,146.1767578125
EK202310157806,146.4033203125
EK202310149813,173.626953125
EK202310176321,135.16015625
EK202310114996,146.203125
EK202310190897,152.65234375
EK202310166461,131.767578125
EK202310137821,134.0947265625
EK202310112150,150.14453125
EK202310192173,136.81640625
EK202310173654,144.9052734375
EK202310220329,155.2490234375
EK202310202774,149.0693359375
EK202310150939,134.314453125
EK202310155941,128.3017578125
EK202310185382,148.640625
EK202310237219,132.0771484375
EK202310244185,137.146484375
EK202310221987,126.7568359375
EK202310193216,141.1015625
EK202310145019,143.0673828125
EK202310193312,156.888671875
EK202310121038,134.876953125
EK202310210609,150.796875
EK202310198874,151.1044921875
EK202310144516,148.505859375
EK202310110453,134.9560546875
EK202310135805,141.6005859375
EK202310128896,128.7265625
EK202310183544,143.5400390625
EK202310181264,151.4287109375
EK202310204958,152.1982421875
EK202310168271,131.8251953125
EK202310219179,122.8994140625
EK202310224962,152.50390625
EK202310210604,135.7080078125
EK202310159739,156.697265625
EK202310132707,138.3505859375
EK202310105567,150.7431640625
EK202310226814,138.6884765625
EK202310217907,134.3935546875
EK202310199396,143.4775390625
EK202310105066,153.1494140625
EK202310200675,140.1591796875
EK202310237294,143.59375
EK202310157377,137.5751953125
EK202310229136,133.8994140625
EK202310186430,121.361328125
EK202310163802,127.32421875
EK202310142202,159.5302734375
EK202310195256,141.7333984375
EK202310004248,157.25
EK202310195944,143.53125
EK202310152129,140.091796875
EK202310235567,146.572265625
EK202310239108,167.4580078125
EK202320007089,147.802734375
EK202310188372,161.3642578125
EK202310177026,137.4794921875
EK202310130893,141.8828125
EK202310145973,151.9873046875
EK202310168876,116.5537109375
EK202320005981,163.080078125
EK202310158643,142.2900390625
EK202310186188,157.2373046875
EK202310134495,126.2685546875
EK202310247686,138.55078125
EK202310150624,143.3662109375
EK202310205684,130.0771484375
EK202310130971,138.1201171875
EK202310109938,155.408203125
EK202310157726,136.806640625
EK202310217250,134.1884765625
EK202310232228,138.224609375
EK202310212931,144.712890625
EK202310224251,149.3916015625
EK202310177088,133.69921875
EK202310178114,121.1435546875
EK202310133902,139.8720703125
EK202310243447,133.5439453125
EK202310203833,139.134765625
EK202310205106,155.7197265625
EK202310244839,161.482421875
EK202310153612,170.6669921875
EK202310168129,123.494140625
EK202310210315,125.1318359375
EK202310221450,143.6298828125
EK202310229011,131.62890625
EK202310109445,129.9326171875
EK202310172449,133.2412109375
EK202310173624,132.8916015625
EK202320007778,144.30859375
EK202310191821,122.9775390625
EK202310163402,157.8271484375
EK202310198726,177.416015625
EK202310235035,136.1591796875
EK202310190400,121.708984375
EK202310223143,138.2705078125
EK202310134393,174.28125
EK202310190107,144.4404296875
EK202310199104,150.521484375
EK202310198171,127.1279296875
EK202310126236,137.1640625
EK202310110975,129.861328125
EK202310163529,132.494140625
EK202310208517,140.7880859375
EK202310229161,122.4111328125
EK202310224145,147.08203125
EK202310245526,143.294921875
EK202310105925,131.8193359375
EK202310241775,120.5830078125
EK202310131256,138.904296875
EK202310167720,142.12890625
EK202310128585,152.1435546875
EK202310171250,145.6708984375
EK202310136309,146.73828125
EK202310159794,142.4052734375
EK202310147802,173.1337890625
EK202310217371,150.35546875
EK202310142272,140.0869140625
EK202310192020,149.9228515625
EK202310121935,145.1943359375
EK202320007881,173.9189453125
EK202310144741,143.52734375
EK202310237080,147.962890625
EK202310121787,129.1953125
EK202310157606,119.439453125
EK202310171437,161.2158203125
EK202310108122,134.5322265625
EK202310151362,128.8505859375
EK202310115777,138.619140625
EK202310239193,145.3896484375
EK202310233042,139.2109375
EK202310202833,179.3291015625
EK202310113174,157.9453125
EK202310167499,135.22265625
EK202310126289,138.6728515625
EK202310129491,133.37890625
EK202320005784,153.3232421875
EK202310170372,131.9873046875
EK202310213906,146.734375
EK202310199476,134.21484375
EK202310247011,156.263671875
EK202310195117,154.646484375
EK202310120294,144.4951171875
EK202320007259,150.8681640625
EK202310188597,149.8046875
EK202310165978,142.7412109375
EK202310115867,126.2490234375
EK202310193317,173.328125
EK202310203873,139.52734375
EK202310205284,142.140625
EK202310111575,121.7509765625
EK202310225817,136.220703125
EK202310231254,119.76171875
EK202310183664,171.03125
EK202310104179,123.2734375
EK202310230497,140.7626953125
EK202310193284,147.509765625
EK202310147738,164.255859375
EK202310241264,163.0888671875
EK202310199094,166.0205078125
EK202310128153,160.7890625
EK202310177426,156.7275390625
EK202310106407,139.7001953125
EK202310224168,159.447265625
EK202310182894,145.9599609375
EK202310196624,155.1630859375
EK202310174799,139.2861328125
EK202310244287,152.6171875
EK202310158225,142.1083984375
EK202310158700,175.6533203125
EK202310194647,129.4970703125
EK202310176945,141.26953125
EK202310242585,135.5458984375
EK202310168424,141.0087890625
EK202310155163,153.6376953125
EK202310124200,139.2216796875
EK202310167074,159.283203125
EK202310227610,173.2314453125
EK202310172440,169.4619140625
EK202310224828,133.9033203125
EK202310125087,142.1376953125
EK202310172624,151.677734375
EK202310212981,132.1650390625
EK202310212038,127.119140625
EK202310181888,144.16015625
EK202310151373,153.4228515625
EK202310151400,181.328125
EK202310129480,142.4951171875
EK202310105531,150.9931640625
EK202310168802,145.109375
EK202310143364,144.15234375
EK202310124872,118.5693359375
EK202310204355,140.1240234375
EK202310151111,168.7216796875
EK202310208992,124.8486328125
EK202310214546,154.025390625
EK202310149411,131.2255859375
EK202310142260,136.4619140625
EK202310164059,156.046875
EK202310109215,139.2451171875
EK202310199582,140.1015625
EK202310127468,119.1240234375
EK202310142858,141.7890625
EK202310203332,154.9326171875
EK202310158565,161.4189453125
EK202310172619,136.3779296875
EK202310107206,125.9462890625
EK202310211213,129.525390625
EK202310172337,135.3876953125
EK202310220668,136.7509765625
EK202310153800,141.791015625
EK202310211090,122.35546875
EK202310189907,148.294921875
EK202310187277,122.57421875
EK202310196375,135.146484375
EK202310133091,141.369140625
EK202310126566,126.3779296875
EK202310157696,141.72265625
EK202310170462,124.4697265625
EK202310187255,151.970703125
EK202310123459,146.654296875
EK202310145959,140.041015625
EK202310220363,140.7744140625
EK202310139815,116.94140625
EK202310181913,136.53125
EK202310109098,131.5107421875
EK202310132727,173.67578125
EK202310122252,143.3251953125
EK202310167093,165.029296875
EK202310139661,144.9267578125
EK202310174818,173.3857421875
EK202310166691,132.9892578125
EK202310003691,166.947265625
EK202310237525,125.19140625
EK202310117373,143.2353515625
EK202310179546,145.8505859375
EK202310126077,134.3330078125
EK202310184499,166.787109375
EK202310186109,162.4423828125
EK202310106103,148.7255859375
EK202310112500,132.7314453125
EK202310133741,139.05078125
EK202310109783,143.44921875
EK202310117249,138.501953125
EK202310203878,135.8759765625
EK202310196452,134.732421875
EK202310181760,154.4833984375
EK202310112276,143.7900390625
EK202310190428,143.0361328125
EK202310217583,155.7939453125
EK202320005844,146.48046875
EK202310206265,148.265625
EK202310221855,122.3740234375
EK202310152502,147.85546875
EK202310119997,126.6748046875
EK202310234516,134.46875
EK202310109706,178.681640625
EK202310148105,137.82421875
EK202310154560,118.3486328125
EK202310236829,137.3310546875
EK202310167010,146.9423828125
EK202310240372,140.40625
EK202310129679,154.283203125
EK202310213367,135.6484375
EK202310198361,147.28125
EK202310154494,124.091796875
EK202310247393,160.2646484375
EK202310233217,126.478515625
EK202310147827,159.1318359375
EK202310115117,163.4384765625
EK202310148420,138.3310546875
EK202310190832,155.41015625
EK202310134924,126.5537109375
EK202310188986,158.55859375
EK202310129065,157.9384765625
EK202310191867,125.134765625
EK202310134983,145.4130859375
EK202310113731,157.90625
EK202310201726,141.302734375
EK202310230201,157.5791015625
EK202310168525,153.568359375
EK202310244486,131.9697265625
EK202310189155,161.7099609375
EK202310140440,138.572265625
EK202310106749,128.4912109375
EK202310179762,142.9482421875
EK202310129836,147.4814453125
EK202310220701,147.408203125
EK202310186360,125.3212890625
EK202310109349,163.099609375
EK202310201338,139.3740234375
EK202310212253,129.6806640625
EK202310155921,137.3212890625
EK202310205532,167.5380859375
EK202310128471,163.6982421875
EK202310201094,142.3271484375
EK202310190383,146.478515625
EK202310110189,117.8359375
EK202310147602,139.4619140625
EK202310198097,127.9462890625
EK202310216064,129.8515625
EK202310211013,142.009765625
EK202310160719,151.48046875
EK202310176494,128.5771484375
EK202310145249,152.0458984375
EK202310235596,135.5302734375
EK202310110412,138.63671875
EK202310200832,138.16796875
EK202310204509,145.5576171875
EK202310149049,151.8271484375
EK202310183661,145.01953125
EK202310216447,144.154296875
EK202310200320,147.021484375
EK202310161067,125.19140625
EK202310207130,134.88671875
EK202310145591,170.6552734375
EK202310127977,149.751953125
EK202310161518,159.3515625
EK202310138156,119.47265625
EK202310244709,139.9716796875
EK202310142566,146.2724609375
EK202310124071,132.359375
EK202310152858,170.5478515625
EK202310190782,125.0029296875
EK202310167544,134.7236328125
EK202310192845,141.935546875
EK202310160817,126.9921875
EK202310196420,150.66015625
EK202310004827,149.625
EK202310227825,148.43359375
EK202310194467,145.10546875
EK202310113608,158.5087890625
EK202310103781,122.2255859375
EK202310221275,155.2470703125
EK202310169673,134.4140625
EK202310190005,146.947265625
EK202310188898,156.83984375
EK202310183079,155.5732421875
EK202310166912,150.6787109375
EK202310142437,154.4658203125
EK202310212298,146.9365234375
EK202310109551,134.5888671875
EK202310222094,138.57421875
EK202310202049,136.8935546875
EK202310212471,143.947265625
EK202310187583,150.1240234375
EK202310188837,137.8955078125
EK202310220895,123.6845703125
EK202310108270,134.5263671875
EK202310186872,141.236328125
EK202310156937,141.5576171875
EK202310242846,146.44921875
EK202310186481,142.47265625
EK202310221455,137.1728515625
EK202310180574,132.9736328125
EK202310168049,140.8564453125
EK202310133898,162.0283203125
EK202310168746,131.5205078125
EK202310212474,133.076171875
EK202310161742,139.3974609375
EK202310181202,160.8916015625
EK202310200036,123.6982421875
EK202310184172,151.3017578125
EK202310239220,130.8798828125
EK202310165958,130.2958984375
EK202310212102,135.12109375
EK202310218823,165.1220703125
EK202310151307,129.072265625
EK202310204250,156.5302734375
EK202310183865,154.2978515625
EK202310149510,152.6298828125
EK202320006769,153.3056640625
EK202310227796,142.7783203125
EK202310248710,135.701171875
EK202310198205,132.4892578125
EK202310135989,125.4130859375
EK202310124456,129.0537109375
EK202310221007,132.634765625
EK202310126207,143.8125
EK202310181795,150.7177734375
EK202310168767,149.98828125
EK202310119332,128.3125
EK202310135427,140.9482421875
EK202310206685,138.8310546875
EK202310241653,127.076171875
EK202310196379,124.8427734375
EK202310120248,154.2900390625
EK202310172212,140.1044921875
EK202310181585,149.3671875
EK202320006780,173.4189453125
EK202310133161,124.7060546875
EK202310109841,143.123046875
EK202310152371,177.220703125
EK202310125316,129.001953125
EK202310127854,138.5126953125
EK202310208551,140.5546875
EK202310172019,126.2119140625
EK202320005655,158.3115234375
EK202310117833,121.513671875
EK202310110950,126.2060546875
EK202310244018,126.19140625
EK202310234592,141.3427734375
EK202310136966,128.24609375
EK202310185914,148.56640625
EK202310236175,134.876953125
EK202310187917,146.87109375
EK202310004461,153.30078125
EK202310131974,142.0166015625
EK202310184967,150.224609375
EK202310185067,147.8681640625
EK202310236069,139.556640625
EK202310186869,144.2548828125
EK202310149914,133.6904296875
EK202310154439,129.0595703125
EK202310117130,138.1083984375
EK202310192819,144.8203125
EK202310158666,153.400390625
EK202310197005,126.8349609375
EK202310203581,130.314453125
EK202310178102,134.26171875
EK202310224457,149.1162109375
EK202310118618,134.361328125
EK202310185500,151.3330078125
EK202310213431,144.833984375
EK202310201151,164.591796875
EK202310228224,133.10546875
EK202310148041,157.0322265625
EK202310178742,157.201171875
EK202310227550,140.1220703125
EK202310119869,148.830078125
EK202310146474,143.498046875
EK202310123299,131.029296875
EK202310187842,142.8701171875
EK202310155425,128.158203125
EK202310210739,131.208984375
EK202310177302,143.5419921875
EK202310202123,155.31640625
EK202310104749,137.19140625
EK202310185079,124.3369140625
EK202310132781,118.73046875
EK202310193932,139.2783203125
EK202310189612,127.2177734375
EK202310201902,152.80859375
EK202310208534,150.7529296875
EK202310189130,147.20703125
EK202310215684,130.470703125
EK202310160446,145.4326171875
EK202310133958,173.4404296875
EK202310176688,155.9521484375
EK202310211793,124.333984375
EK202310210111,135.486328125
EK202310232666,127.3349609375
EK202310128743,151.8720703125
EK202310130719,114.755859375
EK202310004334,151.3876953125
EK202310126855,144.427734375
EK202310152426,141.7177734375
EK202310188746,136.5712890625
EK202310236429,135.15234375
EK202310170500,143.6455078125
EK202310124582,140.89453125
EK202310181729,176.98828125
EK202310224787,126.4189453125
EK202310108930,146.3779296875
EK202310104434,128.7119140625
EK202310115530,123.736328125
EK202310184629,172.4248046875
EK202310217615,119.33984375
EK202310228010,122.9384765625
EK202310199351,157.3212890625
EK202310231067,138.3515625
EK202310215633,142.080078125
EK202310142323,178.4599609375
EK202310244740,136.0986328125
EK202310173913,153.9638671875
EK202310218786,134.310546875
EK202310215448,147.287109375
EK202310114357,145.1943359375
EK202310197601,140.6142578125
EK202310247322,157.6826171875
EK202310231270,149.1689453125
EK202310142374,129.1513671875
EK202310117138,136.974609375
EK202310176849,132.5126953125
EK202310109114,145.6865234375
EK202310182696,153.1064453125
EK202310135900,135.072265625
EK202310123905,160.7041015625
EK202310130761,131.8583984375
EK202310122276,142.3037109375
EK202310121513,161.0166015625
EK202310168032,166.455078125
EK202310213827,134.330078125
EK202310115189,130.080078125
EK202310138716,148.1357421875
EK202310246376,141.2734375
EK202310227795,129.517578125
EK202310138696,139.755859375
EK202310194234,129.4404296875
EK202310184761,157.9345703125
EK202310162543,161.7978515625
EK202310236480,134.58203125
EK202310209507,132.208984375
EK202310136499,151.02734375
EK202310204660,134.1533203125
EK202310111522,146.494140625
EK202310105606,134.2705078125
EK202320007453,153.845703125
EK202310232384,139.3271484375
EK202310206748,133.4052734375
EK202310241912,160.6142578125
EK202310124064,135.80859375
EK202310122759,127.533203125
EK202310190369,168.625
EK202310186879,153.2734375
EK202310149694,122.35546875
EK202310223534,138.00390625
EK202310159550,138.86328125
EK202310221243,132.234375
EK202310244635,142.255859375
EK202310198162,111.3896484375
EK202310125552,133.1767578125
EK202310132850,118.4248046875
EK202320005964,158.46484375
EK202310126781,168.0908203125
EK202310147128,152.2333984375
EK202310226818,139.3876953125
EK202310124338,147.861328125
EK202310225790,130.369140625
EK202310144382,155.3134765625
EK202310160141,146.626953125
EK202310177663,147.671875
EK202310231419,132.6611328125
EK202310141307,135.8759765625
EK202310119017,148.578125
EK202310219691,128.83984375
EK202310114034,136.4375
EK202310207177,166.056640625
EK202310120353,129.9248046875
EK202310003709,130.9150390625
EK202310208102,151.4404296875
EK202310117194,145.8173828125
EK202310160414,147.078125
EK202310128750,125.8193359375
EK202310236926,149.4521484375
EK202310230067,140.439453125
EK202310209445,143.626953125
EK202310237314,149.5458984375
EK202310232234,136.576171875
EK202310150354,151.4912109375
EK202310196951,156.6953125
EK202310194465,156.0537109375
EK202310193016,155.9970703125
EK202310151083,134.376953125
EK202310184367,148.1826171875
EK202310112469,161.3671875
EK202310192489,135.1044921875
EK202310224546,130.505859375
EK202310247421,154.103515625
EK202310194417,142.5302734375
EK202310121339,123.1826171875
EK202310190360,127.234375
EK202310226836,163.404296875
EK202310168945,123.7041015625
EK202310227078,156.4912109375
EK202310232895,130.8427734375
EK202310230495,152.1611328125
EK202310246097,147.3984375
EK202310202842,136.568359375
EK202310220262,128.34765625
EK202310134200,132.392578125
EK202310203601,149.345703125
EK202310190558,133.4814453125
EK202310232949,131.16796875
EK202310195423,154.001953125
EK202310164136,139.0390625
EK202310111473,148.1923828125
EK202310194752,149.73828125
EK202310139201,155.8203125
EK202310215712,141.56640625
EK202310126580,136.3212890625
EK202310143206,159.34765625
EK202310222539,133.9501953125
EK202310239797,130.3359375
EK202310157767,139.9580078125
EK202310237925,142.34375
EK202310227346,137.9033203125
EK202310222227,134.4189453125
EK202310231460,130.19140625
EK202310105762,154.693359375
EK202310149701,132.7158203125
EK202310231185,125.654296875
EK202310187011,142.330078125
EK202310188048,140.271484375
EK202310147979,155.55859375
EK202310136963,162.4443359375
EK202310223233,146.064453125
EK202310147717,141.6181640625
EK202310235875,146.7646484375
EK202310146872,146.310546875
EK202310114622,147.1103515625
EK202310127235,151.2353515625
EK202310170129,128.7578125
EK202310174462,155.796875
EK202310239145,135.7548828125
EK202310103947,145.953125
EK202310118725,154.6015625
EK202310181241,152.3330078125
EK202310215016,157.6923828125
EK202310197863,161.55078125
EK202310162387,124.0625
EK202310108126,131.0595703125
EK202310207445,137.7412109375
EK202310003781,151.3466796875
EK202310153594,136.8935546875
EK202310234731,141.2119140625
EK202310112047,137.259765625
EK202310246932,143.9638671875
EK202310218014,130.9921875
EK202310159032,142.3759765625
EK202310108938,142.880859375
EK202310126068,136.0419921875
EK202310146294,143.5693359375
EK202310197490,145.35546875
EK202310235805,164.0205078125
EK202310244213,125.2392578125
EK202310169974,149.8115234375
EK202310180762,144.6318359375
EK202310117588,131.9384765625
EK202310146489,143.3515625
EK202310242008,141.0576171875
EK202310175256,160.2744140625
EK202310183438,141.0068359375
EK202310216482,154.3291015625
EK202310150432,144.27734375
EK202310224664,136.0791015625
EK202310182573,146.9931640625
EK202310227828,138.779296875
EK202310183759,155.91015625
EK202310168521,145.3876953125
EK202310183715,142.20703125
EK202310142868,139.5712890625
EK202310202199,156.236328125
EK202310167759,135.171875
EK202310229275,149.6875
EK202310229628,125.103515625
EK202310190352,143.25
EK202310234142,145.41015625
EK202310141693,129.2041015625
EK202310133997,130.271484375
EK202310180676,123.849609375
EK202310127990,147.4091796875
EK202310194053,171.2548828125
EK202310240865,144.4541015625
EK202310238191,143.0439453125
EK202310218152,147.16796875
EK202310192642,133.4189453125
EK202310113518,132.591796875
EK202310177048,144.0927734375
EK202310003870,130.7177734375
EK202310184101,139.3154296875
EK202310123625,135.5791015625
EK202310105534,133.173828125
EK202310130598,144.2236328125
EK202310183150,163.544921875
EK202310223939,141.46875
EK202310151237,146.28515625
EK202310150186,135.8525390625
EK202310119286,152.587890625
EK202310147962,141.337890625
EK202310195618,122.5576171875
EK202310146717,135.2119140625
EK202310226225,130.6083984375
EK202310108305,152.673828125
EK202310132381,121.9873046875
EK202310130474,121.3994140625
EK202310123530,130.5322265625
EK202310207610,168.6875
EK202310142942,151.3076171875
EK202310181486,141.279296875
EK202310227391,131.9990234375
EK202310219674,136.7529296875
EK202310231118,130.7138671875
EK202310156122,139.3349609375
EK202310168356,145.771484375
EK202310152965,147.30859375
EK202310240478,161.685546875
EK202310220260,121.66796875
EK202310166323,149.40625
EK202310130108,158.978515625
EK202310139786,132.0927734375
EK202310163761,136.2919921875
EK202310221197,140.16796875
EK202310194216,156.79296875
EK202310209659,128.2060546875
EK202310214603,176.025390625
EK202310108794,155.779296875
EK202310152434,166.9921875
EK202310134754,139.9775390625
EK202310236812,152.2177734375
EK202310167567,139.794921875
EK202310203493,149.6259765625
EK202310175040,140.7802734375
EK202310205734,167.330078125
EK202310104881,158.33984375
EK202310188034,156.771484375
EK202320007581,149.4501953125
EK202310004300,130.802734375
EK202310126491,128.7724609375
EK202310236882,138.8466796875
EK202310151164,130.33203125
EK202310106280,150.078125
EK202310163693,144.1484375
EK202310168683,135.4951171875
EK202310189719,170.99609375
EK202310233687,148.3857421875
EK202310201579,148.3623046875
EK202310202351,138.037109375
EK202310180846,144.4013671875
EK202310170131,135.5966796875
EK202310113992,138.4609375
EK202310225909,149.4697265625
EK202310118201,140.03515625
EK202310184100,162.3779296875
EK202310169994,132.3427734375
EK202310186322,139.0732421875
EK202310187689,128.8349609375
EK202310241609,127.0908203125
EK202310112492,126.0703125
EK202310216335,135.775390625
EK202310207022,161.287109375
EK202310125948,142.564453125
EK202310127865,133.650390625
EK202310174681,148.6328125
EK202310233071,144.234375
EK202310193133,152.2705078125
EK202310132000,130.677734375
EK202310103983,155.599609375
EK202310191233,160.697265625
EK202310231154,126.8896484375
EK202310116716,137.890625
EK202310179545,141.11328125
EK202310206643,133.1552734375
EK202310134367,170.275390625
EK202310176122,160.259765625
EK202310214013,142.5986328125
EK202310134741,140.0625
EK202310174213,131.88671875
EK202310141096,165.6337890625
EK202310206920,160.404296875
EK202310194809,174.2314453125
EK202310202514,132.263671875
EK202310110026,153.5849609375
EK202310104374,130.8583984375
EK202310120332,127.1142578125
EK202310157554,137.3564453125
EK202310204383,128.8251953125
EK202310208398,132.58203125
EK202310118265,132.052734375
EK202310231010,118.966796875
EK202310213437,131.279296875
EK202310146583,134.0341796875
EK202310195386,133.6416015625
EK202310228443,148.5615234375
EK202310123135,142.3544921875
EK202310142556,144.177734375
EK202310245462,128.1552734375
EK202310234824,134.3115234375
EK202310197141,154.6416015625
EK202310229145,145.7275390625
EK202310209147,153.0869140625
EK202310214152,172.697265625
EK202310164947,143.783203125
EK202310222842,136.62109375
EK202310211770,134.8447265625
EK202310004960,140.8046875
EK202310239260,125.91015625
EK202310115431,142.376953125
EK202310202893,126.0908203125
EK202310205187,119.72265625
EK202310202065,153.8447265625
EK202310127001,137.1318359375
EK202310181721,189.87109375
EK202310161325,141.3857421875
EK202310140540,154.2841796875
EK202310167097,156.9443359375
EK202310140718,139.7119140625
EK202310149480,133.3603515625
EK202310183531,144.36328125
EK202310148864,151.4853515625
EK202310003701,146.9091796875
EK202310144900,110.7431640625
EK202310144750,157.6806640625
EK202310162709,138.5263671875
EK202310186895,128.283203125
EK202310226408,138.7705078125
EK202320007110,162.9384765625
EK202310162496,148.6298828125
EK202310212196,134.6513671875
EK202310239361,136.60546875
EK202310125997,122.9443359375
EK202310246168,135.568359375
EK202310193381,161.177734375
EK202310190604,141.0927734375
EK202310111954,139.8720703125
EK202310176791,137.1484375
EK202310141476,152.62109375
EK202310221421,168.2802734375
EK202310129409,150.1259765625
EK202310122129,134.783203125
EK202310149924,176.5185546875
EK202310179998,136.2080078125
EK202310195558,158.3916015625
EK202310112050,151.1484375
EK202310136298,135.564453125
EK202310146636,141.75390625
EK202310239762,156.5263671875
EK202310200996,129.1708984375
EK202310223066,131.49609375
EK202310167187,144.46484375
EK202310124533,156.1455078125
EK202310143956,167.5732421875
EK202310178323,137.6240234375
EK202310224950,149.5869140625
EK202310179276,133.4326171875
EK202310246017,145.2568359375
EK202320006428,174.1865234375
EK202310241114,130.875
EK202310217472,143.6962890625
EK202310162260,147.8525390625
EK202310240436,136.84375
EK202310198123,136.1748046875
EK202310156200,132.1064453125
EK202310141977,168.1171875
EK202310223019,131.482421875
EK202310193508,154.869140625
EK202310222293,147.7060546875
EK202310156492,169.6259765625
EK202310180531,132.3447265625
EK202310225433,137.654296875
EK202310127891,136.375
EK202310228056,128.9638671875
EK202310106710,136.25
EK202310183113,140.4609375
EK202310180843,143.89453125
EK202310204705,144.103515625
EK202310140212,148.7548828125
EK202310179669,130.208984375
EK202310212869,133.0458984375
EK202310203115,150.5087890625
EK202310131490,152.466796875
EK202310109872,138.7353515625
EK202310150034,179.7265625
EK202310174047,139.65234375
EK202310247649,155.060546875
EK202310217502,162.3486328125
EK202310133755,134.8291015625
EK202310169961,150.2841796875
EK202310188670,152.5048828125
EK202310238912,161.6201171875
EK202310113770,163.8984375
EK202310146729,117.9814453125
EK202310185503,158.4404296875
EK202310245764,141.05859375
EK202310242449,142.4638671875
EK202310206998,129.41796875
EK202310215872,131.376953125
EK202310130322,159.9482421875
EK202310107786,170.1103515625
EK202310201622,139.8759765625
EK202310125291,144.4755859375
EK202320007483,159.8466796875
EK202310232956,131.9375
EK202310134707,153.935546875
EK202320007480,170.0703125
EK202310203884,148.658203125
EK202310209390,149.361328125
EK202310105328,127.7919921875
EK202310144128,135.4560546875
EK202310115260,143.734375
EK202310136404,134.9326171875
EK202310200686,153.5244140625
EK202310149205,118.99609375
EK202310224673,146.376953125
EK202310233927,147.6484375
EK202310231452,129.4482421875
EK202310147484,145.060546875
EK202310227688,137.2548828125
EK202310119870,156.8251953125
EK202310230862,134.9072265625
EK202310124325,134.958984375
EK202310174689,137.1884765625
EK202310241097,135.3837890625
EK202310201197,163.6162109375
EK202310133296,139.3486328125
EK202310233451,150.1904296875
EK202310135940,122.9013671875
EK202310107985,148.5966796875
EK202310157602,140.5830078125
EK202310139763,123.6044921875
EK202310238145,160.9052734375
EK202310168639,164.96875
EK202310219394,160.4072265625
EK202310216358,122.30859375
EK202310127032,149.0869140625
EK202310148206,146.5537109375
EK202310227757,158.6044921875
EK202310112688,144.716796875
EK202310214245,147.0927734375
EK202310124215,139.7822265625
EK202310132325,138.1953125
EK202310245630,137.103515625
EK202310159135,103.61328125
EK202310153895,146.6962890625
EK202310211988,130.29296875
EK202310185598,140.5615234375
EK202310192392,144.6318359375
EK202310242881,160.9521484375
EK202310153163,146.7314453125
EK202310179601,148.1357421875
EK202310241826,157.74609375
EK202310125720,133.2939453125
EK202310106591,153.5498046875
EK202310162420,149.646484375
EK202310133893,141.6025390625
EK202310168619,167.3154296875
EK202310142512,156.6123046875
EK202310197943,131.44921875
EK202310176141,154.197265625
EK202310149618,132.416015625
EK202310226109,137.5712890625
EK202310122228,140.041015625
EK202310176047,175.3896484375
EK202310198997,153.1396484375
EK202310232656,144.720703125
EK202310182446,133.5947265625
EK202310139943,149.3115234375
EK202310165615,126.6982421875
EK202310142885,122.205078125
EK202310193296,151.984375
EK202310121667,125.197265625
EK202310223883,142.34375
EK202310143204,122.462890625
EK202310205226,140.15234375
EK202310119065,143.0595703125
EK202310213461,152.0224609375
EK202310120362,131.419921875
EK202310194154,151.634765625
EK202310107601,151.9912109375
EK202310204833,149.076171875
EK202310176205,148.2666015625
EK202310154960,140.9814453125
EK202310130425,156.4033203125
EK202310126003,132.7919921875
EK202310192656,139.318359375
EK202310213037,153.0830078125
EK202310243222,141.0390625
EK202310132202,116.57421875
EK202310235252,142.4921875
EK202310160890,139.3798828125
EK202310198189,132.2919921875
EK202310119695,143.98828125
EK202310172550,145.931640625
EK202310229494,143.08203125
EK202310004450,124.7958984375
EK202310146462,139.4990234375
EK202310113248,148.6943359375
EK202310221078,133.7294921875
EK202310124198,135.5068359375
EK202310212260,121.2802734375
EK202310134794,136.85546875
EK202310221523,134.35546875
EK202310219960,137.009765625
EK202310121234,153.5791015625
EK202310233970,142.89453125
EK202310188001,134.888671875
EK202310163334,143.06640625
EK202310208205,151.310546875
EK202310130304,129.9423828125
EK202310154503,133.419921875
EK202310170798,144.19140625
EK202310152846,167.884765625
EK202310130702,134.53125
EK202310203151,150.3173828125
EK202310217313,132.4501953125
EK202310233757,132.3466796875
EK202310138726,167.205078125
EK202310156939,149.310546875
EK202310129985,139.2685546875
EK202310190426,134.638671875
EK202310171121,151.25390625
EK202310214542,136.4794921875
EK202310168552,128.205078125
EK202310183003,127.4345703125
EK202310123726,144.3671875
EK202310181506,160.861328125
EK202310237990,127.611328125
EK202310162825,158.982421875
EK202310224013,128.5419921875
EK202310158873,119.7880859375
EK202310137354,151.7021484375
EK202310123420,139.2958984375
EK202310225576,132.8408203125
EK202310229941,137.2001953125
EK202310229623,125.34765625
EK202310107612,147.7587890625
EK202310246113,134.890625
EK202310144693,130.2265625
EK202310116502,146.4267578125
EK202310139421,130.8369140625
EK202310112631,144.46875
EK202310106168,132.29296875
EK202310207682,138.6005859375
EK202310157085,182.6044921875
EK202310245691,136.1123046875
EK202310200879,123.3583984375
EK202310131443,130.611328125
EK202310196154,146.7080078125
EK202310231226,137.548828125
EK202310210056,120.541015625
EK202310114898,127.630859375
EK202310203643,147.361328125
EK202310160283,154.1337890625
EK202320005966,157.3310546875
EK202310167009,157.9072265625
EK202310191878,143.7626953125
EK202310152713,163.39453125
EK202310179861,161.1787109375
EK202310153872,141.162109375
EK202310106053,148.6826171875
EK202310189085,127.052734375
EK202310212320,128.0107421875
EK202310147327,152.9462890625
EK202320006343,148.1904296875
EK202310178068,150.6875
EK202310216051,130.8818359375
EK202310120390,135.205078125
EK202310150611,152.9306640625
EK202310170657,157.05859375
EK202310132614,133.9873046875
EK202310130044,147.2529296875
EK202310230130,136.5380859375
EK202310142200,141.869140625
EK202310142024,167.6689453125
EK202310199015,130.154296875
EK202310129011,145.3994140625
EK202310162645,152.7666015625
EK202310165075,141.896484375
EK202310242200,157.2978515625
EK202310216319,138.060546875
EK202310168191,138.8994140625
EK202310173505,132.548828125
EK202310197116,146.1064453125
EK202310196993,175.0791015625
EK202310190097,153.125
EK202310243824,124.4931640625
EK202310185884,161.52734375
EK202310115378,127.1865234375
EK202310203204,148.7470703125
EK202310118547,148.2646484375
EK202310228351,135.765625
EK202310243844,141.63671875
EK202310169224,134.91015625
EK202310173833,177.419921875
EK202310182027,131.501953125
EK202310128404,137.0888671875
EK202310221581,184.2431640625
EK202310202028,127.6240234375
EK202310140548,130.9794921875
EK202310134135,136.27734375
EK202310192158,151.9853515625
EK202310112502,135.1064453125
EK202310113790,168.2294921875
EK202310218316,127.259765625
EK202310188343,152.056640625
EK202310176251,145.87890625
EK202310201210,175.4658203125
EK202310231157,135.9423828125
EK202310195345,160.4775390625
EK202310151257,136.3017578125
EK202310156988,128.748046875
EK202310225915,165.177734375
EK202310239080,144.5224609375
EK202310210523,127.0986328125
EK202310130378,145.708984375
EK202310152365,135.8037109375
EK202320005984,153.2841796875
EK202310228471,135.9814453125
EK202310121673,122.5419921875
EK202310239395,150.6494140625
EK202310198842,150.8505859375
EK202310241420,132.951171875
EK202310231742,138.958984375
EK202310131099,153.892578125
EK202310188446,115.7802734375
EK202310190252,135.25
EK202310236866,145.806640625
EK202310207108,143.0966796875
EK202310184757,168.9599609375
EK202310104389,141.8115234375
EK202310217076,131.6669921875
EK202310106797,148.142578125
EK202310216511,144.0595703125
EK202310209342,158.8466796875
EK202310183200,153.3642578125
EK202310145433,165.2021484375
EK202310140014,138.0546875
EK202310125223,134.6416015625
EK202310140119,137.837890625
EK202320005700,152.4599609375
EK202310194061,146.2177734375
EK202310195873,155.3388671875
EK202310220232,145.298828125
EK202310216119,134.55859375
EK202310134968,153.21484375
EK202310174540,140.458984375
EK202310185424,124.10546875
EK202310125685,135.3505859375
EK202310234710,137.625
EK202310214117,168.529296875
EK202320006910,151.5185546875
EK202310231049,135.1806640625
EK202310195331,166.3212890625
EK202310194304,140.5419921875
EK202310171159,142.8408203125
EK202310138049,144.5390625
EK202310198003,132.5263671875
EK202310159099,161.0908203125
EK202310216629,144.8466796875
EK202310191293,149.9462890625
EK202310174065,135.7841796875
EK202310191081,163.033203125
EK202310122728,126.021484375
EK202310244744,133.5146484375
EK202310226033,134.6181640625
EK202310232759,142.0830078125
EK202310196945,146.2890625
EK202310223385,132.88671875
EK202310219176,134.6689453125
EK202310131076,164.2607421875
EK202310204889,135.7607421875
EK202310125633,165.900390625
EK202310153304,175.115234375
EK202310138923,132.5546875
EK202310110215,153.755859375
EK202310212666,145.0849609375
EK202310219342,132.3603515625
EK202310161803,139.3671875
EK202310120553,132.1533203125
EK202310230584,140.2431640625
EK202310224579,138.4765625
EK202310171422,142.927734375
EK202310106867,140.3115234375
EK202310121769,145.6708984375
EK202310215792,132.65625
EK202310138205,117.904296875
EK202310189070,147.4111328125
EK202310151230,148.6337890625
EK202310108779,139.4384765625
EK202310167488,156.0283203125
EK202310243336,115.6826171875
EK202310124223,135.3125
EK202310240547,137.1025390625
EK202310191562,160.2626953125
EK202310140508,133.865234375
EK202310119457,160.2451171875
EK202310179610,121.861328125
EK202310146453,134.1787109375
EK202310163261,174.78125
EK202310214487,164.9970703125
EK202310195013,127.3515625
EK202310129643,132.8427734375
EK202310106761,145.6689453125
EK202310132636,139.73046875
EK202310205792,139.49609375
EK202310176096,138.390625
EK202310132675,137.9140625
EK202310203792,128.572265625
EK202310188904,141.8896484375
EK202310233751,131.884765625
EK202310105923,127.0517578125
EK202310176082,157.5517578125
EK202310231901,143.4638671875
EK202310117263,134.4580078125
EK202310189853,163.58984375
EK202310161443,152.3369140625
EK202310245106,157.427734375
EK202310203080,155.158203125
EK202310229771,140.01953125
EK202310178345,134.1103515625
EK202310212555,146.9130859375
EK202310183797,151.9189453125
EK202310247956,115.541015625
EK202310137158,145.5849609375
EK202310121175,160.078125
EK202310142530,128.2744140625
EK202310145622,145.412109375
EK202310110044,140.888671875
EK202310141565,144.8232421875
EK202310203553,148.4609375
EK202310186294,150.71875
EK202310232455,137.693359375
EK202310234707,127.359375
EK202310190127,146.72265625
EK202310116984,131.359375
EK202310113225,142.8876953125
EK202310153087,148.4140625
EK202310162145,133.681640625
EK202310241242,159.673828125
EK202310199480,140.998046875
EK202310133097,139.6640625
EK202310148951,149.9208984375
EK202310164526,162.32421875
EK202310157028,134.345703125
EK202310174361,150.3056640625
EK202310186033,133.591796875
EK202310218703,129.556640625
EK202310179140,116.7568359375
EK202310185393,142.9228515625
EK202310109267,125.1376953125
EK202310188479,121.759765625
EK202310132207,152.3486328125
EK202320007399,159.626953125
EK202310118229,132.662109375
EK202310125154,145.0048828125
EK202310140377,151.095703125
EK202310198868,133.658203125
EK202310209658,125.10546875
EK202310241949,156.705078125
EK202310179752,164.478515625
EK202310117086,124.607421875
EK202310166263,148.9150390625
EK202310203482,148.51171875
EK202310164665,150.7001953125
EK202310168393,161.322265625
EK202310131582,141.85546875
EK202310150017,147.7294921875
EK202310150912,132.6279296875
EK202310117341,139.01171875
EK202310181073,120.9697265625
EK202310172053,154.8857421875
EK202310239963,152.0986328125
EK202310132072,147.486328125
EK202310192876,142.12890625
EK202310152121,147.376953125
EK202310213403,137.5869140625
EK202310239334,128.69921875
EK202310148570,155.166015625
EK202310155053,134.7119140625
EK202310132986,134.279296875
EK202310110729,162.662109375
EK202310174910,160.4365234375
EK202310187690,146.978515625
EK202310127998,143.2861328125
EK202310137683,132.9130859375
EK202310108081,114.505859375
EK202310239262,150.369140625
EK202310182783,127.4716796875
EK202310204488,148.9248046875
EK202310199126,156.5888671875
EK202310107243,139.431640625
EK202310105267,138.982421875
EK202310152097,166.5078125
EK202310125739,139.17578125
EK202310170277,149.9677734375
EK202310237606,149.9814453125
EK202310234522,132.5458984375
EK202310161698,128.916015625
EK202310165822,127.8017578125
EK202310248288,150.6611328125
EK202310136063,163.3779296875
EK202310117203,145.583984375
EK202310154981,141.5869140625
EK202310232175,139.1845703125
EK202310144896,101.4599609375
EK202310142768,130.7109375
EK202310160960,118.0791015625
EK202310163131,144.2265625
EK202310239813,130.755859375
EK202310144375,142.9072265625
EK202310175307,170.421875
EK202310227665,135.8671875
EK202310132201,152.99609375
EK202310143654,153.69140625
EK202310197398,129.212890625
EK202310247650,124.8388671875
EK202310218583,142.431640625
EK202310185132,127.873046875
EK202310166220,150.095703125
EK202310183470,130.6650390625
EK202310193070,149.2705078125
EK202310127467,127.6806640625
EK202310208200,134.4052734375
EK202310230712,130.7197265625
EK202310137427,132.5107421875
EK202310140112,138.6513671875
EK202310223686,129.951171875
EK202310176982,152.5107421875
EK202310118244,124.9560546875
EK202310151713,134.7705078125
EK202310212261,131.8212890625
EK202310134611,121.25
EK202310120945,141.248046875
EK202310151019,154.107421875
EK202310141095,144.611328125
EK202310137745,132.9580078125
EK202310225567,145.8447265625
EK202310216872,151.3955078125
EK202310212300,143.5322265625
EK202310225881,157.5634765625
EK202310151821,121.2626953125
EK202310129868,138.6845703125
EK202310156170,162.92578125
EK202320006992,144.845703125
EK202310173073,143.5068359375
EK202310240592,139.357421875
EK202310128981,128.23046875
EK202310225347,159.9375
EK202310107505,142.63671875
EK202310004769,129.1650390625
EK202310192529,149.400390625
EK202310205344,149.9609375
EK202310241518,131.6728515625
EK202310188554,166.384765625
EK202310185562,172.755859375
EK202310154855,136.314453125
EK202310175481,154.4541015625
EK202310157901,146.107421875
EK202310221152,138.73046875
EK202310200465,166.431640625
EK202310183211,129.2314453125
EK202310194651,145.14453125
EK202310116691,139.3369140625
EK202310219488,140.8525390625
EK202310155631,157.107421875
EK202310168504,130.876953125
EK202310199253,137.8857421875
EK202310221668,142.283203125
EK202310212285,130.375
EK202310172945,140.9482421875
EK202310186658,136.4287109375
EK202310222256,136.921875
EK202310224152,135.47265625
EK202310128793,137.0185546875
EK202310120896,124.490234375
EK202310120399,142.625
EK202310169743,149.53515625
EK202310248477,141.9443359375
EK202310116273,132.662109375
EK202310247694,135.8310546875
EK202310215708,135.2705078125
EK202310236946,129.8701171875
EK202310200762,161.9892578125
EK202310178415,152.857421875
EK202310144132,166.6474609375
EK202310225926,136.9072265625
EK202310148881,151.880859375
EK202310177347,154.5478515625
EK202310213539,136.0546875
EK202310208401,140.568359375
EK202310238371,133.7216796875
EK202310234534,145.2099609375
EK202310136323,141.595703125
EK202310135243,144.9736328125
EK202310202317,135.9892578125
EK202310226279,140.5068359375
EK202310203743,138.1259765625
EK202310205749,163.3662109375
EK202310004277,142.447265625
EK202310113847,124.1513671875
EK202310194210,162.0830078125
EK202310183278,147.6982421875
EK202310145260,125.4599609375
EK202310239730,138.146484375
EK202310228304,136.5703125
EK202310152088,152.4267578125
EK202310154058,135.955078125
EK202310136681,141.72265625
EK202310117313,137.720703125
EK202310233274,137.98828125
EK202310179794,136.23046875
EK202310135084,173.5419921875
EK202310206633,150.58203125
EK202310234183,125.7216796875
EK202310143964,127.8681640625
EK202310158947,154.00390625
EK202310137263,134.3251953125
EK202310203360,154.8212890625
EK202310004905,165.5732421875
EK202310140955,152.1181640625
EK202310214327,156.9482421875
EK202310222556,135.5712890625
EK202310128510,159.4453125
EK202310119821,149.21875
EK202310120108,140.904296875
EK202310212000,127.1826171875
EK202310105271,153.611328125
EK202310229500,139.34375
EK202310110970,126.65625
EK202310105364,165.1484375
EK202310108637,138.548828125
EK202310164376,163.603515625
EK202310230032,131.4697265625
EK202310236376,133.33984375
EK202310181052,111.033203125
EK202310203281,137.4375
EK202310181885,142.50390625
EK202310138885,129.591796875
EK202310121415,146.716796875
EK202310186231,141.361328125
EK202310212814,154.5302734375
EK202310233197,133.6669921875
EK202310184928,155.763671875
EK202310109218,143.22265625
EK202310189923,145.8779296875
EK202310212951,147.734375
EK202310166071,167.0439453125
EK202310151335,122.548828125
EK202310106930,129.3671875
EK202310146184,153.4482421875
EK202310178125,135.7109375
EK202310167170,119.2236328125
EK202310144047,173.7119140625
EK202310161545,154.0283203125
EK202310110114,136.1904296875
EK202310197034,137.8974609375
EK202310125522,139.458984375
EK202310239777,141.8359375
EK202310183013,137.1787109375
EK202310201498,164.0068359375
EK202310233357,141.6962890625
EK202310193361,127.060546875
EK202310160811,152.2919921875
EK202310167037,167.4189453125
EK202310209597,135.611328125
EK202310196969,170.9287109375
EK202310123103,119.1357421875
EK202310122187,158.0712890625
EK202310197780,164.828125
EK202310217861,138.6484375
EK202310239177,154.869140625
EK202310184410,152.9267578125
EK202310198476,124.482421875
EK202310145712,144.5537109375
EK202310125391,134.4931640625
EK202310162973,142.3828125
EK202320007481,143.7626953125
EK202310211032,155.7353515625
EK202310184725,149.7177734375
EK202310121942,140.3173828125
EK202310146503,133.5
EK202310186497,155.833984375
EK202310141946,150.0048828125
EK202310188222,161.1953125
EK202310237766,148.9560546875
EK202310224087,136.4384765625
EK202310245643,138.7001953125
EK202310153868,136.373046875
EK202310117630,130.9404296875
EK202310150168,131.365234375
EK202310104804,139.6767578125
EK202310227586,134.9638671875
EK202310226962,161.796875
EK202310204684,124.9677734375
EK202310106991,142.564453125
EK202310219834,159.380859375
EK202310240450,142.6279296875
EK202310214713,132.9873046875
EK202310153479,141.80078125
EK202320006589,176.7041015625
EK202310151125,172.7197265625
EK202310170205,134.5166015625
EK202310174684,145.927734375
EK202310145286,169.20703125
EK202310174584,132.4541015625
EK202310183058,143.05078125
EK202310233099,135.0595703125
EK202310144550,152.248046875
EK202310207112,145.1279296875
EK202310232978,137.39453125
EK202310115348,127.5986328125
EK202310183741,161.0244140625
EK202310144742,127.4775390625
EK202310178484,163.2724609375
EK202310151424,176.1728515625
EK202310223346,147.03125
EK202310138234,163.1748046875
EK202310190044,175.978515625
EK202310210164,148.7685546875
EK202310175594,157.4619140625
EK202310139802,135.2705078125
EK202310133593,178.220703125
EK202310236059,129.0205078125
EK202310247892,130.517578125
EK202310228841,140.7919921875
EK202310142116,156.505859375
EK202310139752,130.3486328125
EK202310247535,163.859375
EK202310204858,136.5537109375
EK202310127198,154.5947265625
EK202310212663,136.287109375
EK202310133054,125.73046875
EK202310116254,160.51953125
EK202310140288,134.427734375
EK202310242550,134.9658203125
EK202310208841,152.2744140625
EK202310167295,162.9658203125
EK202310109419,137.2509765625
EK202310233386,140.5693359375
EK202310214181,156.9384765625
EK202310180240,145.2958984375
EK202310181535,147.7900390625
EK202310191715,153.205078125
EK202310157953,175.8671875
EK202310234893,136.66015625
EK202310160253,163.677734375
EK202310141553,136.22265625
EK202310207337,171.2626953125
EK202310131278,134.5546875
EK202310178817,171.46875
EK202310106002,134.88671875
EK202310166631,128.0380859375
EK202310107493,129.3916015625
EK202310194394,149.66796875
EK202310222252,145.8115234375
EK202310247371,129.701171875
EK202310160792,138.7099609375
EK202310225122,155.5634765625
EK202310214184,156.9814453125
EK202310191751,134.1689453125
EK202310237163,135.625
EK202310225188,137.3720703125
EK202310202616,152.70703125
EK202310143696,139.1328125
EK202310132352,141.7509765625
EK202310214086,137.6240234375
EK202310137011,178.65625
EK202310248717,126.2529296875
EK202310200235,132.640625
EK202310144103,138.1767578125
EK202310111910,139.390625
EK202310225339,138.2685546875
EK202310246108,136.8671875
EK202310180876,134.30078125
EK202310237122,132.26171875
EK202310112441,116.4365234375
EK202310179395,133.7509765625
EK202310157137,154.04296875
EK202310136914,170.8994140625
EK202310127925,135.6259765625
EK202310210485,131.21875
EK202310215065,127.7705078125
EK202310113641,154.474609375
EK202310204283,141.7080078125
EK202310150194,139.1240234375
EK202310118749,128.1708984375
EK202310186678,156.5029296875
EK202310110316,136.9853515625
EK202310190151,132.5185546875
EK202310119041,138.8369140625
EK202310140703,139.7890625
EK202310236754,133.732421875
EK202310200936,135.359375
EK202310200923,157.65625
EK202320005983,155.548828125
EK202310173120,159.2099609375
EK202310131266,126.474609375
EK202310182913,139.279296875
EK202310126468,145.1767578125
EK202310240681,143.3896484375
EK202310163541,146.2783203125
EK202310133063,148.7314453125
EK202310187205,143.2294921875
EK202310176435,141.9375
EK202310113625,160.8251953125
EK202310153932,126.943359375
EK202310216429,159.05859375
EK202310124022,156.6064453125
EK202310187335,173.8525390625
EK202310227041,157.6650390625
EK202310173817,129.7578125
EK202310131798,168.8349609375
EK202310225142,142.6923828125
EK202310180166,139.732421875
EK202310119416,133.6396484375
EK202310200200,128.34765625
EK202310150439,135.1767578125
EK202310130027,149.0771484375
EK202310179043,162.0439453125
EK202310183695,134.603515625
EK202310175077,143.33984375
EK202310112086,141.3671875
EK202310225730,128.5732421875
EK202310215244,158.697265625
EK202310191753,146.2568359375
EK202310174965,147.12109375
EK202310157557,150.5810546875
EK202310159970,158.1376953125
EK202310129081,171.6806640625
EK202310107248,130.515625
EK202310180853,156.3818359375
EK202310181698,171.818359375
EK202310222641,132.564453125
EK202310189633,154.3720703125
EK202310105178,148.638671875
EK202310109844,127.1044921875
EK202310239039,149.3134765625
EK202310114472,133.4130859375
EK202310179622,134.9775390625
EK202310115407,140.8427734375
EK202310106728,140.0654296875
EK202310206467,128.28125
EK202310169318,122.0595703125
EK202310113553,159.3935546875
EK202310148432,142.4287109375
EK202310224899,148.494140625
EK202310218411,121.466796875
EK202310108919,133.876953125
EK202310175334,124.4052734375
EK202310225062,143.72265625
EK202310158879,153.3779296875
EK202310226440,142.19921875
EK202310224115,122.7802734375
EK202310148638,145.3408203125
EK202310233064,164.6201171875
EK202310158419,154.46484375
EK202310241484,135.818359375
EK202310163712,147.111328125
EK202310186217,161.0693359375
EK202310142453,163.3154296875
EK202310137405,138.1005859375
EK202310185670,132.3427734375
EK202310150583,124.7880859375
EK202310227556,136.5517578125
EK202310234889,145.1044921875
EK202310111783,132.5517578125
EK202310127384,139.3330078125
EK202310113072,159.1142578125
EK202310160328,139.7421875
EK202310188693,165.328125
EK202310104466,150.7294921875
EK202310143296,153.88671875
EK202310212529,153.626953125
EK202310207081,167.5810546875
EK202310239036,151.2880859375
EK202310114317,126.1416015625
EK202310004599,154.8994140625
EK202310165205,133.873046875
EK202310162068,171.5107421875
EK202310109742,149.8564453125
EK202310151519,173.2421875
EK202310164727,114.9736328125
EK202310193975,159.138671875
EK202310176843,132.609375
EK202310238118,143.376953125
EK202310231683,140.583984375
EK202310170288,151.158203125
EK202310233487,118.9755859375
EK202310144532,127.4453125
EK202310118690,142.578125
EK202310236135,153.04296875
EK202310220057,138.1279296875
EK202310136020,165.609375
EK202310120718,130.830078125
EK202310205363,135.2861328125
EK202310110765,145.654296875
EK202310130164,167.4462890625
EK202310170195,142.1767578125
EK202310131195,137.49609375
EK202310197794,164.6142578125
EK202310189698,156.8466796875
EK202310180559,126.96484375
EK202310193333,175.50390625
EK202310164974,147.759765625
EK202310126083,143.1435546875
EK202310189770,140.2138671875
EK202310123085,159.1728515625
EK202310130001,143.4453125
EK202310141464,156.2001953125
EK202310116699,138.2939453125
EK202310126001,118.74609375
EK202310153591,150.0693359375
EK202310110843,140.1796875
EK202310234696,141.275390625
EK202310218654,133.884765625
EK202310160361,139.7470703125
EK202310232799,140.400390625
EK202310172223,133.431640625
EK202310107432,135.4013671875
EK202310115124,147.8515625
EK202310240700,142.1396484375
EK202310166544,140.5126953125
EK202310116517,136.1474609375
EK202310209466,136.5390625
EK202310115034,143.4833984375
EK202320007112,159.9521484375
EK202310155572,131.3623046875
EK202310184647,180.0791015625
EK202310237715,133.189453125
EK202310140880,134.7783203125
EK202310171935,144.0703125
EK202310110649,146.7001953125
EK202310235243,143.8232421875
EK202310222984,156.080078125
EK202310103848,127.7587890625
EK202310200981,137.423828125
EK202310138670,160.095703125
EK202310116342,133.287109375
EK202310148866,135.087890625
EK202310136555,127.96875
EK202310155446,162.44921875
EK202310147661,149.1669921875
EK202310168674,137.572265625
EK202310142524,149.0078125
EK202310248385,128.0283203125
EK202310165956,139.890625
EK202310120604,124.7138671875
EK202310158534,145.3642578125
EK202310138524,159.41796875
EK202310231297,144.5400390625
EK202310231319,135.7265625
EK202310133278,138.6201171875
EK202310142657,153.6181640625
EK202310114071,134.623046875
EK202310116075,127.1220703125
EK202310139321,128.4052734375
EK202310232658,141.3623046875
EK202310185531,141.4541015625
EK202310231623,133.5263671875
EK202310183491,155.5986328125
EK202310171783,157.3525390625
EK202310116076,125.130859375
EK202310200347,158.240234375
EK202310189649,159.1826171875
EK202310135957,130.2294921875
EK202310245361,143.7353515625
EK202310138713,132.9189453125
EK202310169366,160.146484375
EK202310246917,162.3212890625
EK202310183943,159.3583984375
EK202310110540,148.19140625
EK202310170711,120.1376953125
EK202310246548,158.294921875
EK202310174376,141.90234375
EK202310180261,142.8388671875
EK202310232346,126.4296875
EK202310237154,140.6591796875
EK202310171359,150.9423828125
EK202310136595,145.046875
EK202310144015,130.1591796875
EK202310209121,151.0732421875
EK202310222216,126.1181640625
EK202310107905,130.9814453125
EK202310188461,126.9013671875
EK202310222800,138.3857421875
EK202310217737,142.431640625
EK202310218371,141.4912109375
EK202310208739,114.5693359375
EK202310219741,156.234375
EK202310211457,144.8583984375
EK202310182740,146.2919921875
EK202310163470,141.404296875
EK202310245687,145.4267578125
EK202310168480,117.572265625
EK202310185027,159.45703125
EK202310194951,137.39453125
EK202310190588,149.5126953125
EK202310177991,132.4443359375
EK202310162069,137.501953125
EK202310125865,150.2431640625
EK202310220126,138.109375
EK202310158441,147.75
EK202310145659,150.484375
EK202310129542,131.671875
EK202310151845,131.216796875
EK202310230263,128.4375
EK202310111108,137.4873046875
EK202310171363,159.7490234375
EK202310127866,151.64453125
EK202310129063,141.8623046875
EK202310144099,136.2001953125
EK202310140594,143.037109375
EK202310154125,165.609375
EK202310131342,127.2958984375
EK202310203912,123.2294921875
EK202310118762,123.1103515625
EK202310131877,171.517578125
EK202310106187,147.396484375
EK202310120319,135.4873046875
EK202310209664,127.1552734375
EK202320007072,159.798828125
EK202310121959,141.60546875
EK202310153089,141.9873046875
EK202310151971,136.6796875
EK202310151896,161.0302734375
EK202310135751,133.443359375
EK202320005711,170.0048828125
EK202310134604,161.078125
EK202310130128,151.5673828125
EK202310241667,152.025390625
EK202310140220,144.1103515625
EK202310190478,154.7412109375
EK202310162552,154.4580078125
EK202310169398,122.1591796875
EK202310110027,135.0302734375
EK202310242977,140.1376953125
EK202310182314,128.2431640625
EK202310147967,160.05859375
EK202310107549,173.240234375
EK202310209315,163.2021484375
EK202310216226,131.380859375
EK202310172171,169.7705078125
EK202310198531,150.8525390625
EK202310108550,139.2783203125
EK202310201297,154.28515625
EK202310168808,158.9755859375
EK202310212662,137.3974609375
EK202310244470,147.97265625
EK202310111112,144.1083984375
EK202310212061,150.3837890625
EK202310131027,122.8525390625
EK202310168347,142.7666015625
EK202310138779,165.2177734375
EK202310228854,129.4560546875
EK202310156047,155.4423828125
EK202310209290,113.8310546875
EK202310121347,133.3720703125
EK202310171158,137.0986328125
EK202310233104,152.83984375
EK202310155615,131.9287109375
EK202310179680,133.826171875
EK202310125362,136.0751953125
EK202310107378,137.3173828125
EK202310206995,155.0849609375
EK202310205548,132.7265625
EK202310181487,154.955078125
EK202310165214,163.5
EK202310243818,135.494140625
EK202310139297,122.8095703125
EK202310176765,151.4619140625
EK202320006044,157.037109375
EK202310226154,129.9326171875
EK202310246712,143.4521484375
EK202310190930,153.474609375
EK202310216412,159.724609375
EK202310123615,136.876953125
EK202310155164,131.7783203125
EK202310193422,164.5439453125
EK202310183961,136.19140625
EK202310181902,149.3642578125
EK202310123760,147.828125
EK202310147302,146.4599609375
EK202310210787,133.7626953125
EK202310132847,116.4111328125
EK202310126696,146.6552734375
EK202310232230,129.6650390625
EK202310223850,147.8759765625
EK202310237551,145.30859375
EK202310188279,130.775390625
EK202310152561,138.8095703125
EK202310197741,127.9248046875
EK202310241557,146.0380859375
EK202320005587,157.20703125
EK202310173993,135.9345703125
EK202310139298,156.0234375
EK202310226418,136.546875
EK202310120554,142.611328125
EK202310210326,133.1767578125
EK202310124646,118.14453125
EK202310243187,126.7724609375
EK202310111546,149.9951171875
EK202310225889,140.46484375
EK202310239244,134.240234375
EK202310226952,136.2763671875
EK202310154546,133.294921875
EK202310209747,122.2666015625
EK202310208437,143.8115234375
EK202310217996,149.1357421875
EK202310154333,148.8310546875
EK202310199044,162.5537109375
EK202310193652,156.205078125
EK202310199108,150.0380859375
EK202310138541,136.1533203125
EK202310109275,158.8994140625
EK202310241877,158.771484375
EK202310247060,136.091796875
EK202310233675,139.1025390625
EK202310127980,151.2021484375
EK202310216345,127.5771484375
EK202310124692,135.93359375
EK202310214703,155.046875
EK202310125176,139.609375
EK202310230402,139.6943359375
EK202310204376,134.544921875
EK202310003738,147.19921875
EK202310177361,157.734375
EK202310142175,145.1796875
EK202310121737,122.5595703125
EK202310231332,146.849609375
EK202310126428,134.8974609375
EK202310208151,132.044921875
EK202310160932,151.9296875
EK202310201461,155.0166015625
EK202310190429,130.9267578125
EK202310180683,150.7578125
EK202310216976,166.798828125
EK202310125226,138.708984375
EK202310201559,146.84765625
EK202310201026,147.3125
EK202310241612,127.2900390625
EK202310159055,136.9921875
EK202310128633,150.615234375
EK202310241584,138.5654296875
EK202310124066,138.140625
EK202310143999,131.5283203125
EK202310127055,134.798828125
EK202310109477,125.64453125
EK202310142422,127.0556640625
EK202310170493,156.3974609375
EK202310245660,123.685546875
EK202310174604,145.2451171875
EK202310145956,131.3408203125
EK202310170744,142.67578125
EK202310137459,144.7314453125
EK202310205343,135.599609375
EK202310113624,170.6494140625
EK202310230917,134.4931640625
EK202310131938,133.95703125
EK202310192653,143.1875
EK202310233709,139.0
EK202310125722,154.7802734375
EK202310167315,149.82421875
EK202310155548,148.58984375
EK202310143279,151.0
EK202310150075,151.080078125
EK202310122318,144.4736328125
EK202310126189,140.4404296875
EK202310226757,138.2451171875
EK202310243030,143.3525390625
EK202310130445,164.6728515625
EK202310243191,144.025390625
EK202310203273,132.3818359375
EK202310188485,140.138671875
EK202310230409,136.4814453125
EK202310183553,131.0966796875
EK202310220994,139.603515625
EK202310207037,133.5048828125
EK202310165758,131.626953125
EK202310106826,138.1474609375
EK202310120683,145.3330078125
EK202310134934,150.2451171875
EK202310165051,135.7841796875
EK202310189221,123.1689453125
EK202310157513,150.47265625
EK202310190280,148.611328125
EK202310123034,120.1005859375
EK202310206344,164.0029296875
EK202310135546,165.9921875
EK202310246417,109.9765625
EK202310220955,131.326171875
EK202310109848,132.0166015625
EK202310154849,154.9345703125
EK202310110348,155.8876953125
EK202310167034,157.998046875
EK202310113223,135.970703125
EK202310165666,128.525390625
EK202310235856,153.189453125
EK202320005842,148.5166015625
EK202310154000,146.28515625
EK202310142071,148.7548828125
EK202310209033,158.1240234375
EK202310196340,126.162109375
EK202310216529,157.107421875
EK202310164553,146.171875
EK202310104021,143.134765625
EK202310239632,124.9462890625
EK202310225277,159.6181640625
EK202310175861,136.16015625
EK202310129169,154.1962890625
EK202310122145,133.216796875
EK202310227448,128.326171875
EK202310177969,141.1513671875
EK202310193062,146.6787109375
EK202310182763,142.154296875
EK202310235087,142.8515625
EK202310121651,147.1142578125
EK202310212604,135.626953125
EK202310226694,119.3857421875
EK202310004579,144.5830078125
EK202310159373,133.35546875
EK202310177799,139.572265625
EK202310119324,129.6806640625
EK202310129405,149.5498046875
EK202310237885,144.0029296875
EK202310135421,143.8427734375
EK202310175226,146.5966796875
EK202310173605,164.873046875
EK202310111658,125.2646484375
EK202310185671,170.0009765625
EK202310196715,140.431640625
EK202310196589,131.1328125
EK202310199584,144.107421875
EK202310143146,128.861328125
EK202310121051,157.486328125
EK202310231042,124.4296875
EK202310194606,132.892578125
EK202310212236,130.8076171875
EK202310153083,149.87109375
EK202310141649,146.9091796875
EK202310192808,144.482421875
EK202310169365,147.4091796875
EK202310189768,148.8076171875
EK202310233720,136.4189453125
EK202310247878,157.056640625
EK202310178488,145.736328125
EK202310151955,161.134765625
EK202310104506,138.2333984375
EK202310205228,127.29296875
EK202310116841,130.8193359375
EK202310105208,174.0634765625
EK202310168242,151.142578125
EK202310172150,158.357421875
EK202310199656,170.16015625
EK202310202819,138.5
EK202310118069,120.7216796875
EK202310226761,141.4072265625
EK202310158901,136.65625
EK202310221031,141.4609375
EK202310204076,136.810546875
EK202310146995,146.5810546875
EK202310126768,143.7490234375
EK202310167991,135.8486328125
EK202310142215,129.40625
EK202310128249,136.388671875
EK202310168392,157.5478515625
EK202310241392,131.1416015625
EK202310167654,137.6376953125
EK202310124170,129.3974609375
EK202310211894,135.390625
EK202310213128,146.1708984375
EK202310223813,140.3623046875
EK202310106169,153.2099609375
EK202310110167,153.5087890625
EK202310237365,150.0361328125
EK202310153054,154.2939453125
EK202310138889,132.05078125
EK202310136676,124.6416015625
EK202310177777,151.005859375
EK202310183311,175.4951171875
EK202310192034,141.7119140625
EK202310161294,134.3095703125
EK202310215386,147.66796875
EK202310237862,146.20703125
EK202310124110,132.4443359375
EK202310105757,150.365234375
EK202310131681,140.6123046875
EK202310122852,127.111328125
EK202310106485,124.66015625
EK202310182695,132.2939453125
EK202310238540,126.16796875
EK202310104101,144.111328125
EK202310121381,134.8740234375
EK202310200186,139.15625
EK202310190609,137.9873046875
EK202310230288,126.958984375
EK202310166620,160.4248046875
EK202310147442,140.005859375
EK202310137943,132.2978515625
EK202310208851,151.6279296875
EK202310128623,117.9072265625
EK202310179932,136.2822265625
EK202310191123,141.4990234375
EK202310222467,143.1328125
EK202310120128,129.80078125
EK202310143211,120.98046875
EK202310158431,152.6064453125
EK202310200191,141.11328125
EK202310121797,110.2177734375
EK202310246836,128.86328125
EK202310122588,140.923828125
EK202310212376,121.75390625
EK202310202020,139.4228515625
EK202310003990,149.3583984375
EK202310195950,162.23828125
EK202310215709,142.4140625
EK202310140933,134.4091796875
EK202310135948,127.7177734375
EK202310156397,181.2392578125
EK202310160468,124.8076171875
EK202310181061,171.0947265625
EK202310165217,155.9501953125
EK202310221056,132.8603515625
EK202310168493,134.3876953125
EK202310136547,123.765625
EK202310247972,146.259765625
EK202310167486,145.5615234375
EK202310240744,153.4375
EK202310148632,148.8388671875
EK202310199792,153.3154296875
EK202310200958,158.8232421875
EK202310171502,149.71875
EK202310164924,149.37890625
EK202310175724,119.451171875
EK202310139433,136.89453125
EK202310217068,162.705078125
EK202310110561,131.1572265625
EK202310248008,156.74609375
EK202310157048,148.1083984375
EK202310141117,134.0869140625
EK202310195935,147.44140625
EK202310168643,125.912109375
EK202310004252,131.0576171875
EK202310151231,153.916015625
EK202310221120,132.5283203125
EK202310115802,149.44140625
EK202310217669,135.3212890625
EK202310179308,154.228515625
EK202310190511,139.4404296875
EK202310189661,140.16796875
EK202310218561,132.5595703125
EK202310216544,146.34765625
EK202310130093,135.2763671875
EK202310227470,156.111328125
EK202310149720,145.8056640625
EK202310123936,152.580078125
EK202310185139,146.3125
EK202310164969,132.2802734375
EK202310159566,155.8369140625
EK202310153493,141.4052734375
EK202320007009,176.9609375
EK202310149916,157.650390625
EK202310195613,123.74609375
EK202310234039,140.3916015625
EK202310109288,119.0048828125
EK202310212808,138.98046875
EK202310234197,129.3740234375
EK202310157802,139.7080078125
EK202310207417,153.8974609375
EK202310245686,136.296875
EK202310159054,153.7080078125
EK202310183850,129.92578125
EK202310118502,166.720703125
EK202310128627,156.8388671875
EK202310220287,148.3974609375
EK202310199273,140.7431640625
EK202310142033,147.1884765625
EK202310229082,143.5234375
EK202310143807,142.4306640625
EK202310206645,137.943359375
EK202310211819,137.2353515625
EK202310197690,159.130859375
EK202310197678,129.3056640625
EK202310234454,123.19140625
EK202310120882,152.509765625
EK202310169899,160.8984375
EK202310202826,151.587890625
EK202310161402,168.6123046875
EK202310121220,120.6650390625
EK202310125862,131.7216796875
EK202310197968,117.0595703125
EK202310237174,124.302734375
EK202310134475,146.1552734375
EK202310247308,162.4658203125
EK202320007435,141.873046875
EK202310164160,129.1318359375
EK202310122449,163.6708984375
EK202310139591,145.33984375
EK202310141624,153.638671875
EK202310138255,149.16796875
EK202310193958,153.2314453125
EK202310222645,133.70703125
EK202310105689,141.46484375
EK202310219882,150.3037109375
EK202310178757,163.1005859375
EK202310241650,141.4892578125
EK202310246447,120.572265625
EK202310217078,159.3056640625
EK202310139978,138.1162109375
EK202310241716,145.3525390625
EK202310133093,151.1279296875
EK202310243929,145.1337890625
EK202310140929,168.3466796875
EK202310191115,143.708984375
EK202310207003,134.9462890625
EK202310145248,165.5927734375
EK202310239401,156.0908203125
EK202310155225,149.8955078125
EK202310151560,130.7568359375
EK202310177641,149.7626953125
EK202310222696,131.3525390625
EK202310150293,151.1875
EK202310195144,160.3642578125
EK202310243924,137.6552734375
EK202310178439,148.291015625
EK202310195750,130.9609375
EK202310166551,127.8251953125
EK202310217145,164.228515625
EK202310240066,148.189453125
EK202310199715,166.802734375
EK202310132904,140.7001953125
EK202310154841,160.6611328125
EK202310234469,126.5546875
EK202310114515,133.6513671875
EK202310117966,142.2099609375
EK202310137867,126.2919921875
EK202310205349,146.66796875
EK202310112816,139.5458984375
EK202310168065,158.3076171875
EK202310169737,148.2333984375
EK202310148917,141.4521484375
EK202310196463,132.2001953125
EK202310231207,130.5751953125
EK202310128533,137.4794921875
EK202310197226,135.5517578125
EK202310154933,147.845703125
EK202310117103,138.841796875
EK202310165309,143.146484375
EK202310104246,140.8974609375
EK202310105130,139.5556640625
EK202310216979,135.2294921875
EK202310193989,121.373046875
EK202310147207,139.3994140625
EK202310135301,169.3583984375
EK202310180058,136.0830078125
EK202310150495,142.2275390625
EK202310184503,153.982421875
EK202310107823,150.0615234375
EK202310241936,156.65625
EK202310186182,147.404296875
EK202310003976,137.041015625
EK202310156046,142.32421875
EK202310129628,172.4033203125
EK202310142854,135.9521484375
EK202310241326,159.5458984375
EK202310160722,148.0927734375
EK202310143237,134.3251953125
EK202310107245,158.875
EK202310114305,151.5400390625
EK202310134035,148.302734375
EK202310199912,132.5703125
EK202310140410,144.6611328125
EK202310183615,157.28515625
EK202310147371,148.99609375
EK202310111631,133.65625
EK202310139777,136.048828125
EK202310176357,134.0126953125
EK202310105349,148.51953125
EK202310238051,147.7958984375
EK202310123087,123.4072265625
EK202310199824,129.068359375
EK202310225713,131.330078125
EK202310156653,143.158203125
EK202310238527,142.1416015625
EK202310148824,182.0126953125
EK202310186203,149.455078125
EK202310105194,135.5908203125
EK202310141266,150.2705078125
EK202310126789,160.75
EK202310135067,176.0126953125
EK202310222780,130.7236328125
EK202310191104,152.0087890625
EK202310244171,172.6875
EK202310166225,155.556640625
EK202310217237,137.8310546875
EK202310225459,137.0869140625
EK202310109489,141.4833984375
EK202310167581,146.0478515625
EK202310127053,128.0029296875
EK202310158488,123.408203125
EK202310134328,138.1171875
EK202310155326,141.5380859375
EK202310181981,148.08203125
EK202310237066,132.2099609375
EK202310123955,140.072265625
EK202310228593,135.73828125
EK202310190125,152.474609375
EK202310115548,144.8330078125
EK202310111782,146.294921875
EK202310243482,150.3212890625
EK202310163452,137.7724609375
EK202310123894,143.4931640625
EK202310154308,131.8974609375
EK202310125766,128.078125
EK202310176942,145.03515625
EK202310127476,142.9638671875
EK202310158246,156.7998046875
EK202310194016,152.46484375
EK202310227342,141.7626953125
EK202310134667,157.291015625
EK202310123740,139.2265625
EK202310105769,149.1982421875
EK202310228947,142.7392578125
EK202310169454,158.3203125
EK202310104666,140.46875
EK202310151168,132.306640625
EK202310233283,137.8642578125
EK202310172969,148.341796875
EK202310209511,144.3095703125
EK202310185148,155.5478515625
EK202310181055,148.3525390625
EK202310153153,144.7587890625
EK202310187550,156.9921875
EK202310107176,141.041015625
EK202310144598,120.7255859375
EK202310139318,126.2587890625
EK202310160272,164.0400390625
EK202310195091,136.775390625
EK202310186267,131.3798828125
EK202310204034,140.712890625
EK202310128110,132.51953125
EK202310119313,144.71875
EK202310157152,131.123046875
EK202310189194,158.6025390625
EK202310115332,144.7626953125
EK202310213972,139.0126953125
EK202310174634,155.3701171875
EK202310141976,145.1669921875
EK202310217725,134.767578125
EK202310240779,146.17578125
EK202310133212,163.38671875
EK202310198208,149.3974609375
EK202310185889,154.8017578125
EK202310189206,146.73046875
EK202310177011,153.71484375
EK202310179732,138.583984375
EK202310224354,136.1806640625
EK202310163111,144.0185546875
EK202310194747,128.61328125
EK202310166854,145.220703125
EK202310242694,153.634765625
EK202310141362,142.607421875
EK202310183977,159.669921875
EK202310179207,125.380859375
EK202310247546,153.2451171875
EK202310140989,150.009765625
EK202310196104,149.755859375
EK202310004793,148.4501953125
EK202310185123,147.9794921875
EK202310160604,148.5029296875
EK202320005906,171.74609375
EK202310216868,123.9931640625
EK202310164383,170.92578125
EK202310135531,150.328125
EK202310225232,127.685546875
EK202310152968,137.826171875
EK202310193329,163.326171875
EK202310208494,139.130859375
EK202310120865,125.77734375
EK202310160731,148.375
EK202310143803,165.6083984375
EK202310216607,144.677734375
EK202310183415,153.6650390625
EK202310200013,130.794921875
EK202310104115,157.447265625
EK202310133379,144.7646484375
EK202310131060,166.8115234375
EK202310149753,149.810546875
EK202310148087,140.0849609375
EK202310172156,165.8310546875
EK202310118569,118.896484375
EK202310204670,126.2255859375
EK202310234858,147.908203125
EK202310203722,135.43359375
EK202310232168,143.8916015625
EK202310213536,137.9482421875
EK202310113341,154.6640625
EK202310134517,142.6376953125
EK202310175096,140.318359375
EK202310118503,126.0478515625
EK202310206791,144.884765625
EK202310133225,126.7919921875
EK202310139427,135.1533203125
EK202310242973,132.8232421875
EK202310230311,121.6533203125
EK202310192098,147.9794921875
EK202310139654,151.3486328125
EK202310104039,143.4912109375
EK202310218808,138.908203125
EK202310112932,145.6494140625
EK202310139942,149.1416015625
EK202310155659,140.5615234375
EK202310225247,158.005859375
EK202310126309,140.0205078125
EK202310132111,167.4990234375
EK202310242286,154.8193359375
EK202310123840,129.3193359375
EK202310210407,130.0361328125
EK202310144692,158.0751953125
EK202310132665,161.5693359375
EK202310142951,168.3916015625
EK202310239672,144.5224609375
EK202310228540,122.6982421875
EK202310134450,135.697265625
EK202310202201,162.103515625
EK202310237145,131.384765625
EK202310248506,134.32421875
EK202310181213,139.9150390625
EK202310197495,150.708984375
EK202320006060,170.8876953125
EK202310240535,158.998046875
EK202310238367,155.154296875
EK202310105848,125.763671875
EK202310153010,139.1376953125
EK202310245093,137.5498046875
EK202310133381,125.4296875
EK202310132940,143.1767578125
EK202320007659,165.474609375
EK202310125644,145.1201171875
EK202310141453,146.13671875
EK202310217985,124.515625
EK202310105477,156.8642578125
EK202320005870,157.8681640625
EK202310148401,146.6826171875
EK202310218056,128.892578125
EK202310104777,149.900390625
EK202310136506,120.138671875
EK202310243986,136.7138671875
EK202310217742,150.125
EK202310149440,148.1376953125
EK202310176195,123.181640625
EK202310147405,131.2822265625
EK202310210916,143.9755859375
EK202310136871,145.84765625
EK202310204028,136.837890625
EK202310236173,135.4521484375
EK202310144792,119.29296875
EK202310199783,144.763671875
EK202310115630,118.708984375
EK202310171734,146.9853515625
EK202310219359,150.541015625
EK202310136081,168.3212890625
EK202310238195,139.7490234375
EK202310168013,162.990234375
EK202310171083,161.1923828125
EK202310211010,135.673828125
EK202310212579,140.7158203125
EK202310129157,165.3837890625
EK202310123465,141.4462890625
EK202310192944,144.7333984375
EK202310104057,133.09765625
EK202310140551,157.4833984375
EK202310243448,130.6162109375
EK202310238701,147.552734375
EK202310243934,132.826171875
EK202310225403,149.9892578125
EK202310194134,142.30859375
EK202310223407,128.7705078125
EK202310164382,140.5009765625
EK202310136103,181.12890625
EK202310208188,140.486328125
EK202310145816,134.830078125
EK202310214812,139.3388671875
EK202310202835,142.4375
EK202310125645,150.9755859375
EK202310121206,141.59765625
EK202320006076,142.83203125
EK202310184640,168.6904296875
EK202310141217,147.75390625
EK202310150527,136.9384765625
EK202310125769,135.2041015625
EK202310197697,145.1533203125
EK202310206446,155.939453125
EK202310151327,145.4970703125
EK202310175105,136.609375
EK202310139134,163.4541015625
EK202310119006,139.677734375
EK202310109789,144.1298828125
EK202310205096,137.6611328125
EK202310118587,143.0068359375
EK202310171349,163.302734375
EK202310212106,130.458984375
EK202310191242,151.923828125
EK202310200352,141.4267578125
EK202310128949,124.30078125
EK202310122161,136.716796875
EK202310201553,158.0302734375
EK202310139788,142.1962890625
EK202310244144,130.2734375
EK202310003717,172.0029296875
EK202310130693,131.7373046875
EK202310183999,171.669921875
EK202310172800,149.890625
EK202310161242,161.0595703125
EK202310146441,151.2041015625
EK202310117631,123.255859375
EK202310212373,136.84765625
EK202310113819,134.7265625
EK202310210848,134.728515625
EK202310158047,132.9697265625
EK202310144950,142.830078125
EK202310229677,146.939453125
EK202310128529,140.375
EK202310224957,168.4541015625
EK202310111880,137.4462890625
EK202310104750,143.490234375
EK202310230949,134.44921875
EK202310123557,153.8818359375
EK202310235606,138.29296875
EK202310198394,139.3623046875
EK202310161777,145.5732421875
EK202310134912,149.91796875
EK202310118238,125.71875
EK202310154314,142.671875
EK202310195062,133.005859375
EK202310144785,133.216796875
EK202310225938,129.61328125
EK202310145864,127.748046875
EK202310219409,142.46484375
EK202310140726,145.1103515625
EK202310132055,142.3115234375
EK202310176826,130.1328125
EK202310136603,158.9228515625
EK202310131597,155.171875
EK202310246396,158.6806640625
EK202310238453,150.26171875
EK202310210356,134.7333984375
EK202310238874,160.154296875
EK202310243980,163.048828125
EK202310130204,150.6044921875
EK202310232972,140.2744140625
EK202310132480,149.8349609375
EK202310123064,162.6171875
EK202310116125,144.1025390625
EK202310216605,149.9794921875
EK202310135031,164.88671875
EK202310119678,149.787109375
EK202310156982,174.7109375
EK202310181434,161.08203125
EK202310160699,153.0439453125
EK202310206737,138.9130859375
EK202310179993,126.5302734375
EK202310141387,144.798828125
EK202310210766,136.974609375
EK202310109069,152.2783203125
EK202310183082,144.9970703125
EK202310184893,145.7080078125
EK202310246516,141.103515625
EK202310229143,138.93359375
EK202310131062,159.125
EK202310185681,161.7919921875
EK202310185540,140.341796875
EK202310114449,161.8359375
EK202310165928,160.2880859375
EK202310107191,157.2412109375
EK202310228437,134.1708984375
EK202310143843,155.6513671875
EK202310180377,159.8974609375
EK202310241530,146.0341796875
EK202310162708,175.3095703125
EK202310138305,148.841796875
EK202310103875,134.1416015625
EK202310125471,126.416015625
EK202310152377,126.8740234375
EK202310113683,170.8544921875
EK202310181927,156.02734375
EK202310176699,154.8193359375
EK202310179246,107.2216796875
EK202310218837,148.22265625
EK202310156548,167.6513671875
EK202310169871,134.009765625
EK202310183587,184.3681640625
EK202310223255,144.4638671875
EK202310174418,126.5380859375
EK202320007116,152.4853515625
EK202310224284,147.5458984375
EK202310174549,142.408203125
EK202310161579,159.650390625
EK202310147194,157.2685546875
EK202310112625,113.0224609375
EK202310142795,137.529296875
EK202310187355,129.0322265625
EK202310166085,163.2998046875
EK202310173662,157.0576171875
EK202310179128,134.7158203125
EK202310178324,141.2744140625
EK202310141982,135.9716796875
EK202310200610,158.65234375
EK202310116989,149.8701171875
EK202310148385,151.7490234375
EK202310003411,135.751953125
EK202310247578,126.3603515625
EK202310244685,162.18359375
EK202310129901,146.7197265625
EK202310200914,134.41015625
EK202310129257,129.6953125
EK202310240699,133.9267578125
EK202310216215,140.931640625
EK202310156174,148.83984375
EK202310221194,145.3701171875
EK202310103999,153.7236328125
EK202310192191,135.7060546875
EK202310140596,141.2109375
EK202310143276,140.58203125
EK202310234844,147.2734375
EK202310187581,136.9765625
EK202310140028,170.8564453125
EK202310246026,128.3173828125
EK202310227430,154.904296875
EK202310132042,136.8994140625
EK202310177593,155.5849609375
EK202310141118,146.5478515625
EK202310247138,143.0361328125
EK202310130201,150.5029296875
EK202310131399,147.419921875
EK202310175507,148.0263671875
EK202310216063,164.8681640625
EK202310247001,134.7919921875
EK202310003515,140.5517578125
EK202310174264,130.2060546875
EK202310169815,144.01171875
EK202310110931,139.251953125
EK202310116115,130.66015625
EK202310124245,136.236328125
EK202310201777,163.2841796875
EK202310166287,150.453125
EK202310212681,150.58203125
EK202320006340,152.4521484375
EK202310155270,134.3623046875
EK202310115765,129.9970703125
EK202310179416,134.38671875
EK202310115011,130.572265625
EK202310159851,161.0673828125
EK202310185875,147.5478515625
EK202310195751,155.921875
EK202310212496,134.9609375
EK202310134077,129.017578125
EK202310125764,135.2666015625
EK202310219281,139.138671875
EK202310138192,115.7060546875
EK202310227717,130.033203125
EK202310178143,143.869140625
EK202310137761,141.998046875
EK202310239906,134.1513671875
EK202310190459,155.5830078125
EK202310115727,128.958984375
EK202310244833,160.328125
EK202310107229,103.6884765625
EK202310224274,158.408203125
EK202310194396,160.880859375
EK202310134831,138.88671875
EK202320007479,153.6142578125
EK202310170018,144.4970703125
EK202310177337,163.5439453125
EK202310119476,126.3525390625
EK202310213475,145.3583984375
EK202310206650,138.109375
EK202310231785,139.7841796875
EK202310222833,141.541015625
EK202310187301,129.0869140625
EK202310111784,137.158203125
EK202310227788,138.34375
EK202310150141,153.3173828125
EK202310161536,147.3486328125
EK202310137661,140.0693359375
EK202310226163,120.0908203125
EK202310223040,131.43359375
EK202310111512,149.5078125
EK202310211220,142.8623046875
EK202310122194,144.0615234375
EK202310182104,147.88671875
EK202310179334,171.3408203125
EK202310179331,165.8203125
EK202310145350,105.1123046875
EK202310201986,131.212890625
EK202310196946,145.935546875
EK202310217855,124.689453125
EK202310236350,130.7001953125
EK202310229165,136.1455078125
EK202310171617,148.4638671875
EK202310115459,134.69921875
EK202310196848,133.9443359375
EK202310127398,134.1875
EK202310205390,145.4599609375
EK202310142325,155.1591796875
EK202310196201,162.3916015625
EK202310238646,145.029296875
EK202310230272,161.2724609375
EK202310241132,153.1708984375
EK202310212259,135.404296875
EK202310228514,146.1044921875
EK202310238485,158.4423828125
EK202310158861,141.451171875
EK202310227360,135.119140625
EK202310136436,144.49609375
EK202310231528,128.2412109375
EK202310221158,142.15625
EK202310211507,141.93359375
EK202310190845,140.9462890625
EK202310157714,145.05078125
EK202310135990,132.2529296875
EK202310164365,147.9609375
EK202310153926,160.61328125
EK202310150008,155.7509765625
EK202310141032,141.9580078125
EK202310193812,159.697265625
EK202310137931,140.7275390625
EK202310156495,174.029296875
EK202310122480,141.00390625
EK202310216486,144.7421875
EK202310222820,150.5810546875
EK202310111196,147.10546875
EK202310150248,136.0224609375
EK202310136916,148.88671875
EK202310107139,111.234375
EK202310181412,148.802734375
EK202310206211,137.82421875
EK202310109768,143.9482421875
EK202310206447,169.6962890625
EK202310211977,128.1611328125
EK202310235013,128.5029296875
EK202320007348,153.6484375
EK202310128131,143.1982421875
EK202310107501,143.9462890625
EK202310247682,141.474609375
EK202310227429,159.369140625
EK202310204611,142.6044921875
EK202310133183,136.8017578125
EK202310218119,129.61328125
EK202310183206,134.31640625
EK202310232942,131.4794921875
EK202310205411,138.61328125
EK202310166033,166.076171875
EK202310134596,179.4033203125
EK202310136873,168.310546875
EK202310203514,136.822265625
EK202310126038,127.46484375
EK202310191150,145.7431640625
EK202310129389,144.67578125
EK202310222819,156.826171875
EK202310152891,173.484375
EK202310157272,147.5146484375
EK202310135873,157.2158203125
EK202310197559,159.3173828125
EK202310169845,158.060546875
EK202310165585,146.9970703125
EK202310159036,138.37109375
EK202320007295,156.0517578125
EK202310133662,138.4609375
EK202310189827,147.2998046875
EK202310148841,154.4755859375
EK202310146896,139.0322265625
EK202310235090,134.609375
EK202310119567,125.443359375
EK202310172433,167.8359375
EK202310247849,153.314453125
EK202310207306,141.099609375
EK202310183094,138.3759765625
EK202310216955,166.8828125
EK202310192760,171.7099609375
EK202310164280,126.57421875
EK202310203989,158.7236328125
EK202310239786,138.1796875
EK202310105979,142.4775390625
EK202310003640,154.01953125
EK202310240750,143.6474609375
EK202310179109,142.4384765625
EK202310150944,150.34765625
EK202310201413,152.18359375
EK202320007436,151.7900390625
EK202310113726,167.080078125
EK202310122262,126.1181640625
EK202310224480,135.671875
EK202310194020,131.203125
EK202310183018,158.9775390625
EK202310181414,162.9921875
EK202310113303,138.0458984375
EK202310108976,141.4169921875
EK202310160184,142.333984375
EK202310210774,133.484375
EK202310161905,160.7294921875
EK202310142271,154.2109375
EK202310172860,141.984375
EK202310145464,123.7890625
EK202310004728,143.251953125
EK202310166310,150.521484375
EK202310105822,128.7734375
EK202310147953,150.740234375
EK202310108291,149.38671875
EK202310240186,147.0185546875
EK202310136365,137.52734375
EK202310221390,161.2578125
EK202310229925,103.7822265625
EK202310141278,136.7646484375
EK202310246624,158.3623046875
EK202310220360,123.8583984375
EK202310224653,135.8330078125
EK202310160368,134.701171875
EK202310126911,144.3876953125
EK202310222925,147.7470703125
EK202310200594,150.9912109375
EK202310150819,127.4560546875
EK202310129913,152.6416015625
EK202310187155,163.3232421875
EK202310221177,137.7880859375
EK202310117855,135.4560546875
EK202310114109,145.46875
EK202310212056,143.7314453125
EK202310235416,132.705078125
EK202310119909,156.236328125
EK202310234670,140.513671875
EK202310191663,162.9833984375
EK202310157791,119.5361328125
EK202310232045,138.8623046875
EK202310177127,145.1533203125
EK202310175989,134.3505859375
EK202310127307,155.0439453125
EK202310105741,151.8173828125
EK202310174633,122.5126953125
EK202310114332,130.908203125
EK202310176623,137.759765625
EK202310157384,134.7333984375
EK202310230266,139.58203125
EK202310178822,153.3515625
EK202310174964,141.2890625
EK202310149670,125.9833984375
EK202310189731,145.859375
EK202310134729,168.53515625
EK202310198042,131.705078125
EK202310231499,131.0
EK202310155095,141.0546875
EK202310180485,131.4345703125
EK202310198871,114.900390625
EK202310004386,136.216796875
EK202310165308,129.927734375
EK202310131429,128.31640625
EK202310141545,147.6435546875
EK202310184517,139.935546875
EK202310199293,128.0439453125
EK202310152428,153.1435546875
EK202310148889,174.9580078125
EK202310187273,143.0078125
EK202310179239,165.1455078125
EK202310235514,142.3583984375
EK202310169287,141.931640625
EK202310240454,178.640625
EK202310206328,146.0
EK202310108495,144.111328125
EK202310213966,133.734375
EK202310196327,138.75390625
EK202310167665,165.3017578125
EK202310171391,152.0869140625
EK202310183683,124.7177734375
EK202310157793,126.564453125
EK202310156197,145.64453125
EK202310198098,145.3779296875
EK202310146704,129.248046875
EK202310218935,134.6220703125
EK202320007401,146.94140625
EK202310137190,144.4052734375
EK202310154815,139.71875
EK202310126612,132.0625
EK202310120357,150.6650390625
EK202310165826,147.76171875
EK202310214388,147.369140625
EK202310204549,157.203125
EK202310209491,148.697265625
EK202310208295,145.4345703125
EK202310196248,128.712890625
EK202310242787,152.4853515625
EK202310225423,157.0185546875
EK202310110863,131.4072265625
EK202310117182,135.2900390625
EK202310217191,159.3134765625
EK202310193055,141.1240234375
EK202310212058,139.140625
EK202310103911,149.4931640625
EK202310213355,128.5263671875
EK202310175342,157.99609375
EK202310237346,130.255859375
EK202310186492,151.4521484375
EK202310147951,148.978515625
EK202310191447,144.8701171875
EK202310215972,151.3388671875
EK202310199031,148.70703125
EK202310152507,153.3349609375
EK202310143892,124.2138671875
EK202310129112,152.42578125
EK202310152184,131.24609375
EK202310227166,119.2705078125
EK202310182576,140.515625
EK202310004383,137.552734375
EK202320005865,173.72265625
EK202310199455,144.6640625
EK202310230815,127.322265625
EK202310209305,140.1650390625
EK202310138624,154.6201171875
EK202310126039,126.6337890625
EK202310131814,140.2333984375
EK202310184163,161.466796875
EK202310118608,124.396484375
EK202310227117,130.1162109375
EK202310152007,145.546875
EK202310229187,134.8876953125
EK202310139035,159.990234375
EK202310175328,154.5400390625
EK202310159155,137.513671875
EK202310239122,120.9189453125
EK202310167140,138.45703125
EK202310186155,152.037109375
EK202310193982,136.3046875
EK202310138270,155.4453125
EK202310117049,134.0673828125
EK202310142284,144.55078125
EK202310164426,142.0390625
EK202310176396,148.8203125
EK202310201189,177.8349609375
EK202310004591,131.041015625
EK202320005991,148.880859375
EK202310231608,130.3515625
EK202310136139,142.787109375
EK202310113238,150.9638671875
EK202310158141,171.77734375
EK202310126316,133.88671875
EK202310123281,160.40234375
EK202310167569,154.591796875
EK202310174151,145.955078125
EK202310116527,127.5302734375
EK202310193916,139.2392578125
EK202310227923,147.2724609375
EK202310240783,138.748046875
EK202310143752,129.8212890625
EK202310106162,142.0244140625
EK202310107199,143.3203125
EK202310213671,125.388671875
EK202310208384,144.5712890625
EK202310196006,159.892578125
EK202310134465,179.298828125
EK202310151047,141.5458984375
EK202310124565,141.072265625
EK202310183135,143.587890625
EK202310213685,138.212890625
EK202310143407,150.6650390625
EK202310210115,158.376953125
EK202310110851,165.1923828125
EK202310229392,139.5556640625
EK202310204386,143.4453125
EK202310235968,162.9970703125
EK202310199913,140.9892578125
EK202310138545,129.4013671875
EK202310116537,137.35546875
EK202310134658,160.7822265625
EK202310224022,164.728515625
EK202310234186,127.8271484375
EK202310163888,138.6279296875
EK202310212249,147.1005859375
EK202310140225,142.283203125
EK202310140896,160.490234375
EK202310186538,141.986328125
EK202310136216,155.76953125
EK202310108888,147.2197265625
EK202310182062,151.681640625
EK202310163277,159.74609375
EK202310107567,135.443359375
EK202310120960,157.509765625
EK202310180719,142.99609375
EK202310131600,150.7734375
EK202310177372,157.587890625
EK202310126121,155.615234375
EK202310162878,144.0107421875
EK202310201167,176.603515625
EK202310160968,149.509765625
EK202310197271,136.0419921875
EK202310181868,144.4599609375
EK202310151314,150.6650390625
EK202310164572,160.0810546875
EK202310205777,153.595703125
EK202310138104,129.962890625
EK202310167840,130.4072265625
EK202310226831,164.216796875
EK202310147830,155.7060546875
EK202310197709,130.7509765625
EK202310213022,158.4345703125
EK202310193283,139.73046875
EK202310205081,135.1064453125
EK202310122178,141.0
EK202320006555,163.37109375
EK202310237774,125.552734375
EK202310124965,148.36328125
EK202310186156,137.6806640625
EK202310117980,137.1259765625
EK202310125951,137.830078125
EK202310151873,139.5478515625
EK202310207092,140.9599609375
EK202310117489,152.4609375
EK202310216348,165.6259765625
EK202310220010,148.0791015625
EK202310214618,158.9462890625
EK202310206863,149.474609375
EK202310109000,155.19140625
EK202310188574,175.12109375
EK202310165717,161.119140625
EK202310128017,145.0126953125
EK202310165060,143.703125
EK202310200674,153.791015625
EK202310221350,134.00390625
EK202310235065,149.9345703125
EK202310163335,165.517578125
EK202310120881,126.1904296875
EK202310137678,139.4130859375
EK202310128015,144.859375
EK202310234830,136.08203125
EK202310167377,147.9208984375
EK202310164502,160.666015625
EK202310127391,146.1748046875
EK202310179523,158.951171875
EK202310223246,127.3232421875
EK202310108837,149.6865234375
EK202310200232,139.306640625
EK202310204659,153.14453125
EK202310189046,171.708984375
EK202310137247,136.849609375
EK202310132734,139.9443359375
EK202310136878,140.6474609375
EK202310236360,131.4404296875
EK202310228358,134.076171875
EK202310134060,148.8310546875
EK202310165565,127.59375
EK202310226873,148.0400390625
EK202310189864,139.6572265625
EK202310119822,152.8857421875
EK202310139438,147.1611328125
EK202310190768,144.44921875
EK202310165094,149.56640625
EK202310138047,135.279296875
EK202310166258,150.3876953125
EK202310229510,159.5302734375
EK202310226767,144.6171875
EK202310141133,153.9052734375
EK202310109811,141.6396484375
EK202310150474,180.44921875
EK202310179190,121.9970703125
EK202310196236,132.3310546875
EK202310209246,148.3056640625
EK202310197990,141.7607421875
EK202310207124,137.123046875
EK202310212257,141.8642578125
EK202310108488,145.05859375
EK202310103709,121.9501953125
EK202310232504,133.970703125
EK202310134238,152.111328125
EK202310123117,126.8359375
EK202310121605,160.68359375
EK202310173315,157.2548828125
EK202310121739,131.5439453125
EK202310208354,146.412109375
EK202310161392,148.6015625
EK202310234724,128.240234375
EK202310111484,145.3955078125
EK202310187014,131.18359375
EK202310104426,132.6083984375
EK202310145898,130.896484375
EK202320006067,174.62109375
EK202310188463,163.1513671875
EK202310140762,152.119140625
EK202310218714,162.4765625
EK202310243661,136.1142578125
EK202310177326,154.7236328125
EK202310234236,124.0185546875
EK202310227958,133.359375
EK202310118900,137.9482421875
EK202310165267,151.12890625
EK202310230827,147.6513671875
EK202310171222,142.345703125
EK202310162860,149.4072265625
EK202310235544,158.3017578125
EK202310161220,149.0595703125
EK202310121708,164.9921875
EK202310179835,124.6884765625
EK202310239604,138.7080078125
EK202310219818,143.2236328125
EK202310161568,157.5390625
EK202310160061,150.1728515625
EK202310110380,133.55859375
EK202310246413,123.2734375
EK202310235850,146.1513671875
EK202310165684,136.37109375
EK202310104090,127.375
EK202310243966,133.23828125
EK202310228270,130.296875
EK202310110387,153.0224609375
EK202310152984,136.0146484375
EK202310223888,132.0947265625
EK202310204934,154.07421875
EK202310162381,148.5810546875
EK202310197868,157.65234375
EK202310107186,113.8662109375
EK202310163263,128.537109375
EK202310198200,142.548828125
EK202310211345,141.9599609375
EK202310226051,134.80078125
EK202310123297,155.1220703125
EK202310140795,133.8212890625
EK202310207289,139.0361328125
EK202310225168,140.2265625
EK202310183349,117.296875
EK202310105114,139.357421875
EK202310176080,153.810546875
EK202310179405,160.4482421875
EK202310190274,142.517578125
EK202310132186,139.513671875
EK202310146444,148.0888671875
EK202310225702,142.2021484375
EK202310218239,137.8984375
EK202310147577,127.0771484375
EK202310183811,171.541015625
EK202310162937,136.822265625
EK202310157881,156.9794921875
EK202310207952,135.599609375
EK202310141225,150.86328125
EK202310193030,146.9326171875
EK202310122847,132.0517578125
EK202310165669,128.39453125
EK202310114924,158.2880859375
EK202310218309,156.580078125
EK202310208489,160.4638671875
EK202310179997,140.6806640625
EK202310147027,152.2275390625
EK202310004319,125.2421875
EK202310175632,126.853515625
EK202310189340,162.8125
EK202310177526,163.1025390625
EK202310207611,155.4521484375
EK202310194660,149.822265625
EK202310229979,153.927734375
EK202310240147,165.1455078125
EK202310211637,132.8740234375
EK202310149224,133.7705078125
EK202310177662,139.626953125
EK202310179984,154.8408203125
EK202310228864,157.421875
EK202310180524,163.8505859375
EK202310229356,172.9619140625
EK202310149225,126.7314453125
EK202310188850,147.693359375
EK202310237876,144.6865234375
EK202310219004,132.1455078125
EK202310125299,130.4609375
EK202310156188,137.31640625
EK202310238230,136.94921875
EK202310187694,149.2451171875
EK202310158043,140.0498046875
EK202310214647,161.5263671875
EK202310221207,127.9990234375
EK202310173575,161.1494140625
EK202310113008,145.6884765625
EK202310239053,137.7626953125
EK202310104640,129.16796875
EK202310241514,132.6142578125
EK202310004700,165.083984375
EK202310162482,134.4287109375
EK202310119906,138.1806640625
EK202310153205,151.33984375
EK202310114919,131.8349609375
EK202310235152,127.3115234375
EK202310203791,127.4697265625
EK202310123842,146.01171875
EK202310141447,160.1875
EK202310192629,153.0087890625
EK202310244491,152.5205078125
EK202310216050,121.982421875
EK202320007061,152.8212890625
EK202310217253,144.3818359375
EK202310187351,162.8203125
EK202310247064,136.072265625
EK202310215396,136.3798828125
EK202310109791,162.5400390625
EK202310238972,148.9208984375
EK202310210241,146.705078125
EK202310138585,166.3017578125
EK202310215255,148.09375
EK202310181801,165.341796875
EK202310124314,135.2958984375
EK202310175289,157.009765625
EK202310198498,138.673828125
EK202310154216,155.390625
EK202310226242,147.2353515625
EK202310127354,156.7607421875
EK202310179264,148.4013671875
EK202310139507,167.1123046875
EK202310129883,145.0771484375
EK202310232951,149.2744140625
EK202310233288,131.576171875
EK202310121403,143.521484375
EK202310158908,139.8154296875
EK202310147431,128.8408203125
EK202310138917,143.916015625
EK202310149611,141.3955078125
EK202310221612,148.1005859375
EK202310143554,131.65234375
EK202310172722,133.1787109375
EK202310199773,145.6650390625
EK202310127375,142.40625
EK202310225978,141.59375
EK202310227248,143.0361328125
EK202310116384,153.0634765625
EK202310180690,158.3857421875
EK202310122858,124.322265625
EK202310226310,127.0361328125
EK202310195569,154.328125
EK202310198823,143.1943359375
EK202310121439,162.8154296875
EK202310161947,133.564453125
EK202310232604,143.32421875
EK202310149617,138.4013671875
EK202310146783,128.416015625
EK202310176164,152.54296875
EK202310135912,133.216796875
EK202310229257,168.751953125
EK202310235094,128.3046875
EK202310118246,156.958984375
EK202310185828,153.3154296875
EK202310106494,137.3564453125
EK202310146544,140.8857421875
EK202310227579,132.8994140625
EK202310248311,140.7509765625
EK202310204884,141.8037109375
EK202310117059,139.0380859375
EK202310231772,135.7392578125
EK202310139447,113.037109375
EK202310189968,158.8681640625
EK202310185749,143.3388671875
EK202310110703,128.6484375
EK202310237233,130.3720703125
EK202310240881,161.75390625
EK202310125013,162.79296875
EK202310128536,118.248046875
EK202310153537,169.2041015625
EK202310190471,149.796875
EK202310151841,140.2802734375
EK202310202685,130.53515625
EK202310105765,139.4443359375
EK202310136470,124.4765625
EK202310202012,132.134765625
EK202310125711,153.986328125
EK202310157673,130.8212890625
EK202310164027,150.755859375
EK202310151517,164.3583984375
EK202310180147,136.0966796875
EK202310198373,158.4775390625
EK202310204349,156.9130859375
EK202310219251,140.6171875
EK202310172594,138.2861328125
EK202310179118,131.8818359375
EK202310150133,142.78515625
EK202310165331,145.158203125
EK202310163772,129.29296875
EK202310126377,131.3388671875
EK202310145984,145.2783203125
EK202310246976,129.67578125
EK202310113703,154.5009765625
EK202310232392,147.7177734375
EK202310236403,129.568359375
EK202310139475,152.244140625
EK202310192609,140.6064453125
EK202310224294,158.36328125
EK202310152213,138.9345703125
EK202310108540,149.5947265625
EK202310210085,165.9052734375
EK202310226804,143.49609375
EK202310137397,143.1923828125
EK202310117951,129.599609375
EK202310193300,157.1083984375
EK202310106304,135.544921875
EK202310129954,159.4130859375
EK202310215057,159.6962890625
EK202310139115,145.7529296875
EK202310212736,163.7255859375
EK202310135023,151.3583984375
EK202310139581,162.1044921875
EK202310199274,136.8759765625
EK202310211965,124.546875
EK202310246061,135.0234375
EK202310203442,144.578125
EK202310181526,154.400390625
EK202310193412,144.0029296875
EK202310139031,116.912109375
EK202310221231,136.2822265625
EK202310134998,175.0361328125
EK202310141687,164.4072265625
EK202310197304,145.8525390625
EK202310201782,144.447265625
EK202310135431,165.4375
EK202310208259,122.5087890625
EK202310161380,124.9619140625
EK202310186230,168.7802734375
EK202310152403,138.6220703125
EK202310116913,126.732421875
EK202310244061,115.41796875
EK202310135475,165.91015625
EK202310165270,135.2021484375
EK202310138939,136.546875
EK202310141892,133.9443359375
EK202310124993,151.1259765625
EK202310170388,132.7685546875
EK202310157255,137.5068359375
EK202310133503,154.0556640625
EK202310175284,128.13671875
EK202310241462,136.193359375
EK202310154232,139.0732421875
EK202310163615,170.5283203125
EK202310197907,153.3310546875
EK202310186389,133.2724609375
EK202310245749,133.361328125
EK202310219676,127.3798828125
EK202310190121,149.3935546875
EK202310209264,132.8310546875
EK202310210983,140.896484375
EK202310187936,141.7431640625
EK202310133895,130.67578125
EK202310186472,166.2802734375
EK202310206380,148.8603515625
EK202310193643,152.6064453125
EK202310225084,157.666015625
EK202310220518,152.0986328125
EK202310169406,139.75
EK202310237549,131.689453125
EK202310109909,172.3583984375
EK202310212592,132.552734375
EK202310179751,131.8349609375
EK202310112820,141.1435546875
EK202310195293,123.498046875
EK202310236702,127.427734375
EK202310145993,138.4267578125
EK202310222902,141.154296875
EK202310189301,171.955078125
EK202310205807,137.5791015625
EK202310163101,153.5185546875
EK202310203688,140.98046875
EK202310174439,168.6279296875
EK202310156353,163.724609375
EK202310162723,138.857421875
EK202310212065,124.8369140625
EK202310004255,145.353515625
EK202310222006,130.330078125
EK202310194790,144.19921875
EK202310106043,133.9521484375
EK202310242730,140.958984375
EK202310242586,153.421875
EK202310176604,152.1826171875
EK202310109635,133.6416015625
EK202310216117,126.30078125
EK202310116981,156.630859375
EK202310221657,144.3115234375
EK202310144341,134.2119140625
EK202310228428,128.5
EK202310146265,137.88671875
EK202310209443,140.99609375
EK202310218588,130.6220703125
EK202310108618,146.62109375
EK202310121760,131.7578125
EK202310107369,142.2001953125
EK202310115437,150.701171875
EK202310187394,152.435546875
EK202310165757,134.361328125
EK202310195111,150.1591796875
EK202310188262,170.9921875
EK202310124663,136.5048828125
EK202310143110,121.181640625
EK202310211384,146.44921875
EK202310118553,153.517578125
EK202310149358,166.9970703125
EK202310164859,155.505859375
EK202310207799,136.2705078125
EK202310172115,135.1767578125
EK202310215359,145.7138671875
EK202310161036,143.4619140625
EK202310223447,121.5595703125
EK202310181639,130.3447265625
EK202310204435,152.046875
EK202310104184,146.744140625
EK202310160295,157.9130859375
EK202310192033,144.3759765625
EK202310168110,142.2236328125
EK202310189097,137.7685546875
EK202310167385,135.8388671875
EK202310109968,148.26171875
EK202310198949,154.017578125
EK202310197617,165.927734375
EK202310108360,122.466796875
EK202310159270,157.2080078125
EK202310145269,157.306640625
EK202310188812,128.740234375
EK202310125988,137.3291015625
EK202310112939,126.2353515625
EK202310247895,140.837890625
EK202310131311,129.5439453125
EK202310183854,148.4140625
EK202310219712,129.2333984375
EK202310160911,152.7177734375
EK202310231162,144.3642578125
EK202310135041,172.8310546875
EK202310212037,132.23828125
EK202310226698,141.19140625
EK202310134750,134.4775390625
EK202310148234,149.8984375
EK202310174532,158.5810546875
EK202310109167,128.0712890625
EK202310197750,159.912109375
EK202310164476,134.4560546875
EK202310233270,161.2783203125
EK202310135322,164.9580078125
EK202310209231,125.1865234375
EK202310202820,143.1884765625
EK202310174302,151.57421875
EK202310125602,133.4462890625
EK202310158386,140.1865234375
EK202310242062,143.546875
EK202310141111,143.67578125
EK202310136233,145.025390625
EK202310236818,142.234375
EK202310184555,127.8203125
EK202310198830,149.1572265625
EK202310151478,172.1064453125
EK202310231437,132.775390625
EK202310150468,144.97265625
EK202310241943,147.306640625
EK202310231053,130.1328125
EK202310154428,140.3798828125
EK202310192603,156.04296875
EK202310161912,160.962890625
EK202310130902,127.7548828125
EK202310183672,158.390625
EK202310227046,179.3583984375
EK202310166255,143.1455078125
EK202310137864,127.7724609375
EK202310116959,141.2197265625
EK202310238412,150.431640625
EK202310171649,159.8974609375
EK202310193766,142.1640625
EK202310123847,173.357421875
EK202310146498,134.6181640625
EK202310239626,130.095703125
EK202310195302,127.4248046875
EK202310212103,132.7724609375
EK202310192877,127.9892578125
EK202310111009,138.8447265625
EK202310136743,129.6826171875
EK202310195641,139.0
EK202310227516,151.75
EK202310115577,148.1904296875
EK202310215165,139.435546875
EK202310138284,171.3505859375
EK202310126665,131.1337890625
EK202310239150,125.46875
EK202310203149,153.251953125
EK202310193960,132.818359375
EK202310171451,133.6376953125
EK202310121337,121.7392578125
EK202310117375,138.900390625
EK202310220920,136.5302734375
EK202310115368,140.0927734375
EK202310156865,158.1044921875
EK202310185189,152.130859375
EK202310122055,137.373046875
EK202310215356,164.2978515625
EK202310147958,142.4521484375
EK202310121750,125.380859375
EK202310173060,131.5966796875
EK202310163776,128.09375
EK202310220192,146.7841796875
EK202310218549,150.8935546875
EK202310157001,178.5751953125
EK202310225119,145.314453125
EK202310204051,147.744140625
EK202310122949,131.990234375
EK202310121503,126.3251953125
EK202310131147,163.3974609375
EK202310108909,141.2890625
EK202310151114,141.30859375
EK202310233392,139.73046875
EK202320007141,165.083984375
EK202310164522,146.2861328125
EK202310177297,144.2333984375
EK202310210546,145.427734375
EK202310184589,148.3525390625
EK202310212117,135.0830078125
EK202310133272,134.21875
EK202310205158,151.1767578125
EK202310174636,146.9150390625
EK202310140946,146.02734375
EK202310117042,132.9638671875
EK202310134320,130.6201171875
EK202310229429,133.7275390625
EK202310106153,133.4404296875
EK202310247761,169.115234375
EK202310227271,129.2685546875
EK202310239428,121.1298828125
EK202310215784,131.56640625
EK202310210318,130.0556640625
EK202310141900,148.1396484375
EK202310184802,171.4599609375
EK202310165235,153.1376953125
EK202310171404,129.3759765625
EK202310210573,151.16015625
EK202310210122,160.7783203125
EK202310150189,140.41796875
EK202310156048,148.408203125
EK202310172500,172.55859375
EK202310132244,129.7255859375
EK202310245342,139.8037109375
EK202310139313,130.8271484375
EK202310207856,149.1552734375
EK202310116311,126.1875
EK202310208589,146.5703125
EK202310136325,129.796875
EK202310248759,132.8974609375
EK202310198653,130.5576171875
EK202310195491,163.8525390625
EK202310103816,131.3037109375
EK202310207373,143.98828125
EK202310227064,136.5439453125
EK202310138546,140.8828125
EK202310205952,134.7587890625
EK202310212677,144.330078125
EK202310228148,134.0791015625
EK202310107729,141.4677734375
EK202310211277,147.1083984375
EK202310195545,140.7568359375
EK202310116564,159.08203125
EK202310184823,153.7099609375
EK202310170543,156.76171875
EK202310193619,131.19140625
EK202310239035,161.8564453125
EK202310133171,136.4111328125
EK202310227136,135.978515625
EK202310142625,119.9287109375
EK202310244169,139.2451171875
EK202310246581,120.4951171875
EK202310165380,156.4375
EK202310193395,115.9677734375
EK202310109332,160.796875
EK202310163291,169.7998046875
EK202310124290,143.736328125
EK202310215739,130.7197265625
EK202310241146,141.6650390625
EK202310124580,151.9267578125
EK202310211475,141.5927734375
EK202310004503,153.0458984375
EK202310143151,134.42578125
EK202310136531,154.2158203125
EK202310119568,135.4921875
EK202310107515,145.060546875
EK202310189886,155.9736328125
EK202310124398,139.869140625
EK202310125848,143.482421875
EK202310211088,133.1669921875
EK202310156421,165.5546875
EK202310157177,155.1474609375
EK202310211323,145.3857421875
EK202310202592,136.3564453125
EK202310194894,142.673828125
EK202310215071,155.515625
EK202310202956,139.646484375
EK202310234488,138.6552734375
EK202310187089,145.94921875
EK202310227517,148.1279296875
EK202310170551,158.634765625
EK202310189993,146.7275390625
EK202310149202,140.8046875
EK202310229780,125.5634765625
EK202310245465,126.791015625
EK202310218891,146.005859375
EK202310124812,181.1806640625
EK202310208935,146.0185546875
EK202310140658,136.2294921875
EK202310183874,147.689453125
EK202310107413,132.46484375
EK202310194042,139.0751953125
EK202310157446,148.0732421875
EK202310199004,127.9775390625
EK202310135601,126.1669921875
EK202310201970,150.3017578125
EK202310139356,131.3818359375
EK202310134175,150.65234375
EK202310108539,154.248046875
EK202310177643,141.4541015625
EK202310103821,134.28515625
EK202310206740,171.8994140625
EK202310131433,138.31640625
EK202310204350,136.11328125
EK202310225071,131.3154296875
EK202310211718,134.2353515625
EK202310131849,144.490234375
EK202310153172,148.974609375
EK202310132642,140.5234375
EK202310112845,145.978515625
EK202310177008,150.1240234375
EK202310130444,160.2568359375
EK202310147078,146.642578125
EK202310208564,142.5673828125
EK202310194298,134.1044921875
EK202310228548,144.5625
EK202310187217,144.0537109375
EK202310171794,136.041015625
EK202310174423,135.4912109375
EK202310186521,150.5751953125
EK202310189274,177.841796875
EK202310128594,122.2373046875
EK202310213657,122.501953125
EK202310136140,103.5302734375
EK202310144986,131.0625
EK202310117312,143.455078125
EK202310165610,180.734375
EK202310130595,159.59765625
EK202310004575,135.8828125
EK202310119145,157.796875
EK202310179788,137.26171875
EK202310247106,139.9296875
EK202310118131,134.845703125
EK202310144354,132.84375
EK202310192108,127.8505859375
EK202310169582,132.1123046875
EK202310227386,133.978515625
EK202310174182,145.029296875
EK202310222783,131.8349609375
EK202310178639,144.4287109375
EK202310245259,122.560546875
EK202310167257,144.1240234375
EK202310162914,126.08203125
EK202310004463,138.22265625
EK202310207893,149.958984375
EK202310148230,137.005859375
EK202310116055,138.228515625
EK202310224157,152.408203125
EK202310114888,136.98828125
EK202310195337,175.7939453125
EK202310216934,165.3564453125
EK202310216677,163.7314453125
EK202310188580,141.4287109375
EK202310219727,143.83203125
EK202310166001,140.2158203125
EK202310229705,141.6884765625
EK202310209871,149.83984375
EK202310196361,138.98828125
EK202310234245,133.8193359375
EK202310138920,134.005859375
EK202310122618,140.7119140625
EK202310175727,147.953125
EK202310155478,146.2236328125
EK202320005560,141.3291015625
EK202310110719,149.5888671875
EK202310136240,143.423828125
EK202310186251,166.76953125
EK202310216248,127.8251953125
EK202310205301,145.76953125
EK202310211409,129.86328125
EK202310154889,136.4619140625
EK202310133167,155.0712890625
EK202310190742,141.4404296875
EK202310181049,146.6943359375
EK202310190345,150.8017578125
EK202310223134,165.1923828125
EK202310248510,136.08203125
EK202310177287,157.24609375
EK202310127550,141.5810546875
EK202310118313,147.4833984375
EK202310222760,139.7958984375
EK202310112189,135.154296875
EK202310141089,145.318359375
EK202310132200,162.583984375
EK202310221040,136.7314453125
EK202310111716,151.2080078125
EK202310206062,115.6318359375
EK202310209855,146.8193359375
EK202310104428,140.80078125
EK202310177723,144.8427734375
EK202310003367,128.986328125
EK202310182125,149.626953125
EK202310194084,141.224609375
EK202310211789,135.6162109375
EK202310132488,166.1962890625
EK202310142803,132.2685546875
EK202310181723,170.0751953125
EK202310103735,139.9873046875
EK202310219083,142.34375
EK202310215988,147.0380859375
EK202310234414,113.564453125
EK202310203900,126.5478515625
EK202310137717,135.5478515625
EK202310112769,133.119140625
EK202310160354,135.873046875
EK202310105028,157.021484375
EK202310128626,153.5380859375
EK202310206626,154.9931640625
EK202310247911,131.2880859375
EK202310156966,150.8642578125
EK202310111774,139.4404296875
EK202310141388,141.76171875
EK202310105367,132.6005859375
EK202310138470,138.5791015625
EK202310238177,137.98046875
EK202310169946,157.03515625
EK202310189158,146.46484375
EK202310231981,149.63671875
EK202310174508,134.625
EK202310110650,108.9345703125
EK202310195172,147.8076171875
EK202310188961,130.3818359375
EK202310219185,141.48046875
EK202310208623,132.634765625
EK202310128662,128.1171875
EK202310185661,145.193359375
EK202310157894,150.3564453125
EK202310200928,153.326171875
EK202310004224,143.4345703125
EK202310150214,133.4306640625
EK202310111969,140.90625
EK202310129506,139.2529296875
EK202310127186,173.5712890625
EK202310173377,137.447265625
EK202310163570,145.8486328125
EK202310196742,122.2275390625
EK202310167664,151.3701171875
EK202310148814,142.876953125
EK202310200567,170.2314453125
EK202310168414,156.6484375
EK202310203613,153.5205078125
EK202310247919,161.4169921875
EK202310200083,172.80078125
EK202310148844,133.0888671875
EK202310159721,143.49609375
EK202310131910,132.875
EK202310153522,139.048828125
EK202310212250,138.9248046875
EK202310111147,154.2412109375
EK202310170237,140.5361328125
EK202310166954,144.064453125
EK202310193804,141.806640625
EK202310180730,173.1142578125
EK202310004363,164.8193359375
EK202310123533,134.705078125
EK202310235018,135.451171875
EK202310176008,150.3642578125
EK202310151334,126.2255859375
EK202320007865,178.2744140625
EK202310236423,138.9404296875
EK202310130270,163.06640625
EK202310220333,134.146484375
EK202310196344,125.4140625
EK202310218805,158.5361328125
EK202310116838,134.5439453125
EK202310185359,130.7509765625
EK202310150318,151.35546875
EK202310121733,115.76171875
EK202310242000,162.9619140625
EK202310193114,125.052734375
EK202310171559,138.1318359375
EK202310122635,143.2138671875
EK202310167040,157.6396484375
EK202310166470,137.923828125
EK202310195612,140.44140625
EK202310233457,138.265625
EK202310185055,135.0107421875
EK202310177519,156.1533203125
EK202310247329,159.734375
EK202310195549,155.8369140625
EK202310144213,128.0693359375
EK202310135438,156.3837890625
EK202310226468,132.3310546875
EK202310105289,140.177734375
EK202310120252,165.6123046875
EK202310176662,128.4658203125
EK202310114289,146.2763671875
EK202310126976,134.7939453125
EK202310207593,170.9111328125
EK202310114272,122.796875
EK202310199080,148.455078125
EK202310122669,133.3544921875
EK202310180804,149.9521484375
EK202310204732,147.4892578125
EK202310200464,149.6376953125
EK202310203808,117.9462890625
EK202310212010,140.736328125
EK202310245942,139.431640625
EK202310004694,133.556640625
EK202310155200,141.408203125
EK202310164369,128.8974609375
EK202310126268,137.9775390625
EK202310170105,161.3408203125
EK202310225963,144.4453125
EK202310114547,149.2734375
EK202310236239,132.4833984375
EK202310112862,139.44921875
EK202310109972,156.431640625
EK202310132643,126.892578125
EK202310132419,149.8291015625
EK202310161002,151.798828125
EK202310189189,132.7607421875
EK202310148790,140.9521484375
EK202310169154,172.0439453125
EK202310196747,156.0927734375
EK202310122266,139.794921875
EK202310115421,119.8017578125
EK202310180521,158.373046875
EK202310167786,152.599609375
EK202310167076,156.48828125
EK202310168839,144.5009765625
EK202310110674,130.5029296875
EK202310236684,125.2294921875
EK202310128770,131.2080078125
EK202310244917,158.86328125
EK202310128367,147.87890625
EK202310129004,133.822265625
EK202310231478,123.2578125
EK202310178172,145.9814453125
EK202310180564,152.80078125
EK202310112326,133.3408203125
EK202310200330,138.068359375
EK202310138725,139.134765625
EK202310177009,150.6005859375
EK202310220598,171.330078125
EK202310200436,157.5908203125
EK202310242674,134.595703125
EK202310222668,170.1201171875
EK202310118184,141.830078125
EK202310138203,133.0537109375
EK202310118829,145.791015625
EK202310185969,147.693359375
EK202310216351,157.31640625
EK202310187284,144.32421875
EK202310218216,152.228515625
EK202310219259,141.03515625
EK202310120929,133.2265625
EK202310108093,151.1328125
EK202310142267,147.888671875
EK202310174980,148.8330078125
EK202310114009,154.5908203125
EK202310242966,149.6591796875
EK202310147064,144.8720703125
EK202310223815,143.603515625
EK202310185149,154.9384765625
EK202310173756,119.6083984375
EK202310212549,148.91796875
EK202310122123,141.431640625
EK202310148593,126.3427734375
EK202310203858,137.806640625
EK202310194323,151.681640625
EK202310210067,140.4150390625
EK202310247362,140.1943359375
EK202310179728,174.974609375
EK202310135263,131.615234375
EK202310228041,159.3505859375
EK202310198439,150.4384765625
EK202310224121,142.466796875
EK202310176263,142.6162109375
EK202310210520,134.8017578125
EK202310153558,125.873046875
EK202310201528,148.5537109375
EK202310204700,145.1943359375
EK202310199855,155.5400390625
EK202310133334,135.2568359375
EK202310125891,136.83984375
EK202310149237,136.9775390625
EK202310207352,123.8193359375
EK202310143244,166.103515625
EK202310173902,153.8134765625
EK202310204441,138.177734375
EK202310154510,166.2138671875
EK202310197593,150.353515625
EK202310139918,133.6630859375
EK202310143944,130.4365234375
EK202310182605,131.75
EK202310113041,133.728515625
EK202310108339,143.935546875
EK202310177699,144.365234375
EK202310158001,156.0791015625
EK202310243619,118.89453125
EK202310225367,142.4482421875
EK202310148561,128.5380859375
EK202310242689,133.9140625
EK202310146006,143.869140625
EK202310200037,140.583984375
EK202310186473,130.9306640625
EK202310105390,125.69921875
EK202310150556,135.638671875
EK202310180347,166.5322265625
EK202310203230,161.8076171875
EK202310200016,141.8876953125
EK202310154269,138.71484375
EK202310128087,164.205078125
EK202310122816,153.2724609375
EK202310134877,144.107421875
EK202310195490,142.94140625
EK202310209715,128.2685546875
EK202310236837,150.14453125
EK202310196435,135.24609375
EK202310139068,153.447265625
EK202310171012,158.109375
EK202310150360,153.0107421875
EK202310222353,163.0205078125
EK202310197842,164.46484375
EK202310188412,158.7568359375
EK202310153874,146.3779296875
EK202310213199,155.185546875
EK202310127730,163.0908203125
EK202310215194,144.4033203125
EK202310126576,129.34375
EK202310248182,141.31640625
EK202310198801,176.44921875
EK202310198160,136.533203125
EK202310198294,156.3662109375
EK202310167705,124.583984375
EK202310217704,139.099609375
EK202310145831,137.03125
EK202310105308,130.2568359375
EK202310230902,133.0146484375
EK202310202412,129.8603515625
EK202310130126,153.6865234375
EK202310193563,151.728515625
EK202310130811,138.0146484375
EK202310169126,153.119140625
EK202310107052,153.6962890625
EK202310134315,122.873046875
EK202310230590,129.2197265625
EK202310212377,131.275390625
EK202310227080,152.115234375
EK202310124256,168.1025390625
EK202310219252,156.5654296875
EK202310230033,138.5888671875
EK202310117668,146.951171875
EK202310228344,141.412109375
EK202310233855,132.060546875
EK202310147814,140.9619140625
EK202310107881,138.365234375
EK202310230203,168.771484375
EK202310177383,160.98046875
EK202310122567,136.6435546875
EK202310207619,153.9736328125
EK202310202333,134.1806640625
EK202310189380,132.1591796875
EK202310180057,141.8720703125
EK202310202234,144.2841796875
EK202310233426,152.162109375
EK202310175207,147.98046875
EK202310204631,140.6669921875
EK202310194398,138.5283203125
EK202310139820,151.0068359375
EK202310116562,164.611328125
EK202310229058,143.3310546875
EK202310247161,132.9931640625
EK202310189860,140.451171875
EK202310104099,142.8662109375
EK202310244738,150.8212890625
EK202310247933,148.5791015625
EK202310149446,138.8330078125
EK202310161930,142.240234375
EK202310116286,154.455078125
EK202310109850,132.056640625
EK202310204890,141.2666015625
EK202310124176,123.865234375
EK202310231512,137.2412109375
EK202310157031,148.265625
EK202310219683,129.0810546875
EK202310105922,128.9853515625
EK202310003444,140.1611328125
EK202310128205,118.6767578125
EK202310136781,161.4501953125
EK202310195373,141.6435546875
EK202310140338,129.9736328125
EK202310178676,148.9208984375
EK202310234329,153.6083984375
EK202310115125,161.14453125
EK202310219503,129.001953125
EK202310201769,145.595703125
EK202310139458,128.6162109375
EK202310194338,140.078125
EK202310223572,135.4814453125
EK202310125065,156.908203125
EK202310227016,139.13671875
EK202310176702,156.591796875
EK202310155243,148.294921875
EK202310192723,161.9580078125
EK202310198191,148.7197265625
EK202310105422,138.021484375
EK202310105777,143.244140625
EK202310187970,130.4248046875
EK202310236294,156.1162109375
EK202310210632,132.228515625
EK202310122661,152.103515625
EK202310132816,173.001953125
EK202310221993,141.58203125
EK202310235308,148.7578125
EK202310232426,135.8330078125
EK202310225207,127.302734375
EK202310120329,143.84375
EK202310174955,138.9931640625
EK202310233002,160.7001953125
EK202310226820,136.1142578125
EK202310231561,121.0107421875
EK202310178128,136.947265625
EK202310231088,127.2216796875
EK202310147614,161.96875
EK202310192044,133.12109375
EK202310207423,126.205078125
EK202310144998,146.3505859375
EK202310160433,137.5869140625
EK202310182388,148.087890625
EK202310004163,149.1259765625
EK202310178635,134.5283203125
EK202310147316,162.185546875
EK202310137625,138.9365234375
EK202310234674,139.1162109375
EK202310206395,141.8154296875
EK202310198108,165.83203125
EK202310230135,128.060546875
EK202310124667,119.166015625
EK202310197608,158.4169921875
EK202310239140,147.6103515625
EK202320006708,150.470703125
EK202310141682,126.4052734375
EK202310173078,122.7724609375
EK202310180684,157.9208984375
EK202310168825,153.283203125
EK202310196603,144.48828125
EK202310143301,162.62109375
EK202310198024,160.4951171875
EK202310238866,155.95703125
EK202310174309,118.2939453125
EK202310169127,129.2138671875
EK202310118888,152.47265625
EK202310219211,140.1025390625
EK202310117888,120.2900390625
EK202310203714,137.193359375
EK202310212227,129.765625
EK202310224375,128.4443359375
EK202310169753,135.1572265625
EK202310218369,153.4365234375
EK202310229422,148.75
EK202310114027,133.2587890625
EK202310191499,127.6044921875
EK202310123832,131.5751953125
EK202310117550,136.0625
EK202310153034,147.7392578125
EK202310147526,135.3955078125
EK202310240029,126.7705078125
EK202310208321,145.365234375
EK202310110615,125.7373046875
EK202310172001,157.224609375
EK202310245514,151.98046875
EK202310113405,141.0185546875
EK202310133712,165.34765625
EK202310220573,142.6494140625
EK202310127361,163.7255859375
EK202310203296,124.7255859375
EK202310205467,126.779296875
EK202310182859,154.052734375
EK202310116644,135.4072265625
EK202310143055,138.84375
EK202310137541,141.2568359375
EK202310240346,139.5126953125
EK202310231920,143.86328125
EK202310003793,138.8310546875
EK202310179099,148.779296875
EK202310182101,141.650390625
EK202310180654,137.3505859375
EK202310203568,149.1689453125
EK202310201589,155.4521484375
EK202310185227,152.7080078125
EK202310204045,147.806640625
EK202310231962,140.4775390625
EK202310206237,131.5966796875
EK202310129023,154.4814453125
EK202320005658,142.513671875
EK202310155013,158.0458984375
EK202310207955,131.3486328125
EK202310175039,137.4150390625
EK202310189095,146.7919921875
EK202310222588,140.4833984375
EK202310194826,139.068359375
EK202310116127,138.1025390625
EK202310186036,136.62890625
EK202310228425,125.9482421875
EK202310142709,125.2607421875
EK202310212132,123.4775390625
EK202310106890,140.8583984375
EK202310244866,144.4111328125
EK202310185150,142.6728515625
EK202310137324,134.017578125
EK202310171191,121.01953125
EK202310113505,127.58984375
EK202320007023,158.833984375
EK202310119257,167.6845703125
EK202310149918,148.796875
EK202310223014,129.8232421875
EK202310201000,146.2236328125
EK202310172203,143.5927734375
EK202310203943,144.8896484375
EK202310120010,122.0302734375
EK202310108002,141.099609375
EK202310241637,142.9658203125
EK202310174800,139.6103515625
EK202310127377,170.533203125
EK202310122799,170.7841796875
EK202310229843,120.501953125
EK202310226129,143.4296875
EK202310140081,168.7275390625
EK202310229999,122.962890625
EK202310203546,157.1083984375
EK202310209757,145.2119140625
EK202310116016,131.9189453125
EK202310165012,180.8359375
EK202310122837,126.2265625
EK202310146822,153.94140625
EK202310112044,133.5751953125
EK202310166309,145.21875
EK202310172353,138.013671875
EK202310111013,162.0537109375
EK202310134532,131.4619140625
EK202310201623,136.3095703125
EK202310207833,129.4345703125
EK202310153627,156.3154296875
EK202310173741,156.0830078125
EK202310233377,156.5107421875
EK202310108336,149.7216796875
EK202310144097,133.689453125
EK202310242026,144.306640625
EK202310123987,166.1298828125
EK202310201556,155.4921875
EK202310141802,160.498046875
EK202310160116,151.955078125
EK202310208420,153.404296875
EK202310201286,144.7744140625
EK202310242784,142.728515625
EK202310207678,127.7001953125
EK202310235367,144.029296875
EK202310138835,140.9140625
EK202310126496,141.3017578125
EK202310210203,138.5087890625
EK202310160698,152.2841796875
EK202310131627,144.7890625
EK202310192509,124.974609375
EK202310237182,153.8056640625
EK202310195225,142.4150390625
EK202310209548,139.5830078125
EK202310170414,129.2578125
EK202310178511,137.1279296875
EK202310169436,154.40625
EK202310163299,146.59375
EK202310197411,124.173828125
EK202310208679,141.0703125
EK202310178121,129.9736328125
EK202310126051,137.7958984375
EK202310158375,146.7294921875
EK202310190778,124.064453125
EK202310154851,125.630859375
EK202310179709,136.0458984375
EK202310114702,144.3154296875
EK202310167850,131.326171875
EK202310004729,148.748046875
EK202310183539,151.490234375
EK202310196615,141.3818359375
EK202310162856,143.9677734375
EK202310133076,150.9912109375
EK202310230396,156.32421875
EK202310158633,157.0380859375
EK202310161117,174.4248046875
EK202310004351,153.4287109375
EK202310174767,161.3154296875
EK202310183707,143.7333984375
EK202310201085,146.494140625
EK202310117365,130.4892578125
EK202310211525,142.876953125
EK202310174033,149.4833984375
EK202310133029,166.7890625
EK202310109257,132.0625
EK202310208465,156.0751953125
EK202310003437,143.87109375
EK202310147849,149.4345703125
EK202310172875,136.5615234375
EK202310195261,150.24609375
EK202310124700,137.5615234375
EK202310209462,136.1875
EK202310190370,175.8662109375
EK202310166689,131.8955078125
EK202310125440,130.4326171875
EK202310242447,157.71875
EK202310208224,137.904296875
EK202310164938,151.6298828125
EK202310171017,149.900390625
EK202310221295,129.1064453125
EK202310116789,124.646484375
EK202310245230,148.7509765625
EK202310196239,139.3701171875
EK202310217020,156.140625
EK202310149091,145.1416015625
EK202310188633,131.07421875
EK202310145175,141.82421875
EK202310184944,145.099609375
EK202310116881,139.4228515625
EK202310133865,130.5458984375
EK202310170575,155.056640625
EK202310217837,123.15234375
EK202310142127,139.77734375
EK202310220280,139.98046875
EK202310220011,151.67578125
EK202310136446,141.083984375
EK202310167400,140.8779296875
EK202310136757,148.45703125
EK202310219947,125.583984375
EK202310215446,155.8349609375
EK202310113390,161.59765625
EK202310231430,135.8994140625
EK202310190750,136.75
EK202310218203,130.9794921875
EK202310232673,148.2353515625
EK202310172719,124.560546875
EK202310238088,145.2978515625
EK202310122490,126.5947265625
EK202310141767,131.4287109375
EK202310164189,149.9150390625
EK202310131789,163.8408203125
EK202310131787,131.2216796875
EK202310111463,143.634765625
EK202310189888,135.2548828125
EK202310123502,143.1357421875
EK202310248489,142.248046875
EK202310104974,136.4033203125
EK202310133434,148.6552734375
EK202310122152,129.8916015625
EK202310223645,146.775390625
EK202310218467,128.8603515625
EK202310200984,150.275390625
EK202310246962,149.9560546875
EK202310138658,149.228515625
EK202310135971,131.9130859375
EK202310145071,132.09375
EK202310236227,163.8828125
EK202310161820,139.0224609375
EK202310116560,155.6630859375
EK202310147855,148.572265625
EK202310198848,146.5595703125
EK202310126318,138.017578125
EK202310168761,157.1162109375
EK202310236060,137.908203125
EK202310194911,166.0283203125
EK202310232213,132.896484375
EK202310123619,132.3095703125
EK202310129238,152.3974609375
EK202310239622,135.0322265625
EK202310130274,157.9013671875
EK202310136862,123.021484375
EK202310144925,148.41796875
EK202310117994,127.0908203125
EK202310145721,158.0546875
EK202310166110,127.0048828125
EK202310153689,138.9677734375
EK202310167524,120.3310546875
EK202310171110,155.0478515625
EK202310194242,130.9423828125
EK202310128824,131.775390625
EK202310217802,153.1865234375
EK202310174759,139.546875
EK202310163258,142.677734375
EK202320007136,152.064453125
EK202310223074,130.4931640625
EK202310127999,135.2587890625
EK202310210697,139.17578125
EK202310187479,159.7578125
EK202310229648,156.7109375
EK202310223615,157.970703125
EK202310205259,153.5791015625
EK202310207915,139.2099609375
EK202310161035,158.294921875
EK202310211684,135.26953125
EK202310217627,136.7138671875
EK202310188184,159.8818359375
EK202310179703,152.2265625
EK202310191167,137.28515625
EK202310206412,131.5498046875
EK202310138851,161.9326171875
EK202320007328,149.5615234375
EK202310211346,144.16015625
EK202310169209,152.3388671875
EK202310145302,124.0185546875
EK202310203140,148.1396484375
EK202310209732,130.8447265625
EK202310117958,128.841796875
EK202310155922,139.33203125
EK202310184930,140.4326171875
EK202310150832,137.7236328125
EK202310208806,149.525390625
EK202310172410,170.865234375
EK202310230235,148.498046875
EK202310203566,133.4482421875
EK202310123801,147.28125
EK202310141762,170.12890625
EK202310245120,123.65234375
EK202310183959,130.619140625
EK202310128037,149.9072265625
EK202310004669,137.880859375
EK202310217022,129.2373046875
EK202310110060,164.248046875
EK202310231754,136.0849609375
EK202310132866,134.5615234375
EK202310246978,138.37109375
EK202310111800,139.5751953125
EK202310141316,146.09375
EK202310225078,141.2880859375
EK202310224113,132.1923828125
EK202310229156,131.1123046875
EK202310158924,160.69921875
EK202310193952,151.41015625
EK202310134851,147.373046875
EK202310107778,136.1650390625
EK202310201914,154.7080078125
EK202310226477,136.1123046875
EK202310200818,145.2314453125
EK202310178725,130.1513671875
EK202310136843,133.4013671875
EK202310188878,174.5302734375
EK202310192998,159.25390625
EK202310123605,150.0693359375
EK202310109206,133.48828125
EK202310110309,139.7275390625
EK202310201669,154.3935546875
EK202310228267,157.7919921875
EK202310120920,134.51953125
EK202310239638,164.0263671875
EK202310138789,157.3154296875
EK202310187947,175.529296875
EK202310143793,141.94921875
EK202310231992,141.521484375
EK202310243082,136.501953125
EK202310174903,141.3212890625
EK202310004153,155.3134765625
EK202310211574,136.27734375
EK202310133648,146.1669921875
EK202310145095,149.552734375
EK202310180354,170.5810546875
EK202310111206,123.8837890625
EK202310182140,155.015625
EK202310202202,140.4111328125
EK202310158892,136.6865234375
EK202310193967,143.693359375
EK202310222297,120.009765625
EK202310121931,144.072265625
EK202310170526,160.615234375
EK202310119454,177.40625
EK202310235204,152.4423828125
EK202310123917,143.193359375
EK202310157703,157.8583984375
EK202310149315,146.3125
EK202310146815,145.7529296875
EK202310126049,171.501953125
EK202310232396,151.3525390625
EK202310199056,155.63671875
EK202310141228,140.5693359375
EK202310196032,139.6240234375
EK202310107291,146.1171875
EK202310122690,147.337890625
EK202310236528,130.3095703125
EK202320007677,142.2099609375
EK202310210488,140.9072265625
EK202310207172,166.7275390625
EK202310182902,131.8076171875
EK202310139806,181.21875
EK202310148583,150.9423828125
EK202310220644,139.9375
EK202310112733,134.61328125
EK202310204401,149.234375
EK202310160356,131.6474609375
EK202310225435,129.2158203125
EK202310196076,141.7294921875
EK202310203598,141.6357421875
EK202310140544,153.201171875
EK202310212327,142.8740234375
EK202310235705,150.44921875
EK202310202376,127.603515625
EK202310196089,148.22265625
EK202310139122,151.5302734375
EK202310176023,145.033203125
EK202310117387,135.1591796875
EK202310192216,142.7490234375
EK202310122067,143.228515625
EK202310224886,137.7841796875
EK202310234937,142.8271484375
EK202310196488,155.4775390625
EK202310140986,131.4482421875
EK202310104819,144.3203125
EK202310192016,152.3857421875
EK202310230705,133.9697265625
EK202310191079,159.0185546875
EK202310224030,146.107421875
EK202310116108,132.2333984375
EK202310216944,149.0283203125
EK202310239270,132.3173828125
EK202310179674,136.28125
EK202310135614,132.912109375
EK202310196625,128.158203125
EK202310244109,139.1005859375
EK202310211711,145.5966796875
EK202310175336,153.2666015625
EK202310155402,130.029296875
EK202310110776,172.2578125
EK202310246416,129.8251953125
EK202310180852,128.6875
EK202310173163,144.0341796875
EK202310146639,151.4794921875
EK202320007618,151.572265625
EK202310245395,153.400390625
EK202310175505,150.23046875
EK202310196444,157.6796875
EK202310172044,126.6796875
EK202310140972,177.19921875
EK202310236512,142.3447265625
EK202310141653,143.912109375
EK202310236235,143.6953125
EK202310111947,131.7861328125
EK202310129970,129.37890625
EK202310156921,149.2021484375
EK202310111882,141.453125
EK202310142671,149.0419921875
EK202310225816,144.7451171875
EK202310129016,156.2685546875
EK202310216107,130.5810546875
EK202310192345,121.4365234375
EK202310115608,143.427734375
EK202310218293,134.44140625
EK202310105946,137.2470703125
EK202310194919,154.5908203125
EK202310138207,130.2548828125
EK202310199908,136.654296875
EK202320006707,163.576171875
EK202310162516,155.955078125
EK202310121312,126.3935546875
EK202310240696,136.646484375
EK202310124904,143.5361328125
EK202310238291,132.0390625
EK202310127974,140.17578125
EK202310136024,166.9521484375
EK202310187265,141.2890625
EK202310108072,120.5498046875
EK202310240013,146.8798828125
EK202310212042,142.1318359375
EK202310237376,135.5302734375
EK202310220612,134.0341796875
EK202310194509,148.6552734375
EK202310209569,142.185546875
EK202310114438,133.6318359375
EK202310132881,157.2529296875
EK202310175705,135.0615234375
EK202310004055,150.4091796875
EK202310175229,135.955078125
EK202310174345,156.2578125
EK202310212490,135.283203125
EK202310136810,129.59375
EK202310157304,145.201171875
EK202310169599,124.5107421875
EK202310107717,149.673828125
EK202310105279,142.0341796875
EK202310110848,135.8662109375
EK202310178772,161.66796875
EK202310245828,108.08203125
EK202310219817,150.0224609375
EK202310200575,146.5400390625
EK202310105122,149.4609375
EK202310162052,124.578125
EK202310150697,139.3466796875
EK202310158553,145.181640625
EK202310210487,129.5869140625
EK202310219594,139.328125
EK202310234064,174.005859375
EK202310147076,155.681640625
EK202310168891,155.947265625
EK202310230477,171.72265625
EK202310151700,145.787109375
EK202310105830,165.58203125
EK202310150350,140.9736328125
EK202310221753,141.7255859375
EK202310117832,134.0400390625
EK202310192005,134.3759765625
EK202310236133,129.0693359375
EK202310128003,127.853515625
EK202310192879,158.2646484375
EK202310127978,137.51953125
EK202310145508,139.8623046875
EK202310112586,150.240234375
EK202310241863,161.9658203125
EK202310221932,153.205078125
EK202310132949,139.7666015625
EK202310223688,161.30078125
EK202310143982,137.5830078125
EK202320006378,158.0888671875
EK202310104123,143.458984375
EK202310185565,147.64453125
EK202310229086,131.416015625
EK202310133226,151.2578125
EK202310118081,148.01171875
EK202310150049,136.5556640625
EK202310135400,127.4580078125
EK202310116088,138.0966796875
EK202310231696,143.1328125
EK202310146749,150.56640625
EK202310111238,143.974609375
EK202310191666,156.9404296875
EK202310135953,131.0205078125
EK202310161122,157.087890625
EK202310228253,140.1904296875
EK202310153608,155.6025390625
EK202310138495,169.400390625
EK202310145050,139.9462890625
EK202310206747,143.71484375
EK202310203488,170.5546875
EK202310183419,160.0615234375
EK202310129584,140.8759765625
EK202310131950,134.42578125
EK202320006497,149.732421875
EK202310158313,144.1640625
EK202310156450,122.767578125
EK202310206931,164.611328125
EK202310224192,134.6796875
EK202310181248,140.75
EK202310139477,144.58203125
EK202310106863,140.921875
EK202310113902,135.697265625
EK202310177431,140.576171875
EK202310189561,156.5107421875
EK202310206223,125.2744140625
EK202320005580,176.185546875
EK202310240584,138.0166015625
EK202310193474,130.6943359375
EK202310106515,147.779296875
EK202310134230,142.935546875
EK202310184191,140.7060546875
EK202310120682,135.1376953125
EK202310169684,131.1298828125
EK202310119557,151.8232421875
EK202310126983,143.705078125
EK202310167903,143.833984375
EK202310133442,146.5947265625
EK202310210959,135.0087890625
EK202310212306,134.876953125
EK202310230307,132.5859375
EK202310212565,127.328125
EK202310192899,148.416015625
EK202310170190,135.03515625
EK202310153027,160.7353515625
EK202310114380,139.2890625
EK202310133567,167.4345703125
EK202310214756,145.095703125
EK202310114168,150.09375
EK202310217065,159.9482421875
EK202310169361,144.2939453125
EK202310165708,150.9248046875
EK202310228615,127.5478515625
EK202310209019,166.6376953125
EK202310132985,119.314453125
EK202310110233,121.76953125
EK202310143464,126.2861328125
EK202310136141,154.734375
EK202310226017,143.6630859375
EK202310155663,127.9052734375
EK202310195009,160.822265625
EK202310126196,156.59375
EK202310108026,150.1015625
EK202310172643,128.05078125
EK202310153423,142.490234375
EK202310243003,129.4970703125
EK202310153678,136.9775390625
EK202310169206,156.5849609375
EK202310196881,147.927734375
EK202310247696,129.8056640625
EK202310160692,148.4853515625
EK202310157186,173.1572265625
EK202310156752,126.244140625
EK202310114419,144.92578125
EK202310117232,134.630859375
EK202310221881,139.865234375
EK202310202289,122.1884765625
EK202310221155,139.35546875
EK202310197000,152.1748046875
EK202310183680,128.2177734375
EK202310166065,133.0810546875
EK202310224104,134.0302734375
EK202310198490,133.484375
EK202310185320,139.6875
EK202310112969,143.9453125
EK202310122531,131.75
EK202310223294,144.6845703125
EK202310243257,150.8037109375
EK202310227369,161.521484375
EK202310132379,131.7958984375
EK202310207889,140.73046875
EK202310155220,129.6640625
EK202310149989,144.990234375
EK202310116304,131.5869140625
EK202310207654,178.5166015625
EK202310233148,133.0517578125
EK202310133990,167.9375
EK202310131881,145.4072265625
EK202310147674,156.0693359375
EK202310161848,157.7470703125
EK202310113742,154.8427734375
EK202310107292,125.470703125
EK202310157457,138.7900390625
EK202310159983,128.544921875
EK202310222436,129.638671875
EK202310116722,129.626953125
EK202310228029,130.33984375
EK202310226778,130.6171875
EK202310223904,137.9873046875
EK202310205019,140.1357421875
EK202310119364,132.9609375
EK202310003651,135.98046875
EK202310212861,137.419921875
EK202310110710,145.2421875
EK202310131651,151.9462890625
EK202310144906,106.486328125
EK202310188544,155.9423828125
EK202310133839,139.6357421875
EK202310118694,147.4111328125
EK202310110720,119.14453125
EK202310128544,137.248046875
EK202310193628,138.7294921875
EK202310148648,159.9365234375
EK202310153778,146.197265625
EK202310188918,127.1943359375
EK202310126546,137.5283203125
EK202310214084,165.3193359375
EK202310191915,161.361328125
EK202310230973,133.5263671875
EK202310220076,136.447265625
EK202310198281,126.06640625
EK202310210973,133.5087890625
EK202310116202,149.5322265625
EK202320007382,155.970703125
EK202310140017,130.646484375
EK202310235458,134.8955078125
EK202310224553,137.80859375
EK202310131411,131.2197265625
EK202310172944,134.1826171875
EK202310187715,148.1923828125
EK202310117160,133.056640625
EK202310223783,142.650390625
EK202310208505,129.31640625
EK202310177144,145.447265625
EK202310141554,125.646484375
EK202310153806,148.400390625
EK202310178651,128.3408203125
EK202310207053,150.8876953125
EK202310121285,139.1787109375
EK202310129917,123.5966796875
EK202310178974,134.1494140625
EK202310139959,145.0078125
EK202310240930,132.2412109375
EK202310184143,156.2138671875
EK202310141627,147.5947265625
EK202310248495,134.244140625
EK202310210251,141.943359375
EK202310181393,132.6376953125
EK202310203408,147.9638671875
EK202310210221,141.4169921875
EK202310153228,138.955078125
EK202310181161,147.6640625
EK202310122291,158.0732421875
EK202310219649,133.2978515625
EK202310108802,151.2158203125
EK202310147915,161.9541015625
EK202310219111,138.0869140625
EK202310004516,133.826171875
EK202310187796,141.5205078125
EK202310152632,156.16015625
EK202310234189,121.9287109375
EK202310248401,132.548828125
EK202310198077,140.421875
EK202310182281,163.453125
EK202310173305,135.740234375
EK202310191194,142.787109375
EK202320006641,175.7099609375
EK202310187839,158.6796875
EK202310166786,155.0224609375
EK202310104248,155.62890625
EK202310140808,154.904296875
EK202310154881,140.0439453125
EK202310158734,147.7666015625
EK202310198034,151.8759765625
EK202310210288,133.572265625
EK202310115555,150.84765625
EK202310122253,134.162109375
EK202310208001,145.830078125
EK202310247301,167.484375
EK202310158412,130.91015625
EK202310133516,125.20703125
EK202310199724,149.0361328125
EK202310203434,147.626953125
EK202310149601,149.568359375
EK202310207662,129.384765625
EK202310155823,162.4560546875
EK202310155070,138.8505859375
EK202310003692,173.83203125
EK202310112220,133.9443359375
EK202310210474,133.10546875
EK202310174563,155.1181640625
EK202310178481,155.5703125
EK202310161746,154.4833984375
EK202310184759,140.2490234375
EK202310214382,163.4111328125
EK202310220383,131.7294921875
EK202310181896,159.923828125
EK202310109101,152.970703125
EK202310111874,147.2744140625
EK202310239939,131.0380859375
EK202310146648,119.66015625
EK202310147888,155.5458984375
EK202310228585,125.009765625
EK202320006300,170.26953125
EK202310157823,127.2958984375
EK202310175416,144.4423828125
EK202310191246,151.232421875
EK202310241025,143.9404296875
EK202310175713,123.9111328125
EK202310165199,147.974609375
EK202310229611,131.60546875
EK202310167463,161.3671875
EK202310125411,136.7412109375
EK202310247310,137.9267578125
EK202310131556,150.06640625
EK202320007526,165.203125
EK202310109396,156.056640625
EK202310243612,152.2021484375
EK202320006821,158.0732421875
EK202310191818,144.630859375
EK202310206573,131.1865234375
EK202310176203,169.150390625
EK202310113063,146.4912109375
EK202310152411,154.3994140625
EK202310186297,155.6435546875
EK202320006177,159.453125
EK202310184504,168.2822265625
EK202310118343,132.9052734375
EK202310166342,155.548828125
EK202310238948,170.9296875
EK202310226471,130.2451171875
EK202310153486,129.4404296875
EK202310146780,137.4111328125
EK202310129676,139.2421875
EK202310230251,120.4326171875
EK202310227178,142.7744140625
EK202310148962,156.6767578125
EK202310235140,163.7587890625
EK202310158736,159.3291015625
EK202310208299,149.02734375
EK202310205311,154.9892578125
EK202310140268,129.3466796875
EK202310158411,135.97265625
EK202310120168,138.0048828125
EK202310120164,142.1416015625
EK202310191318,142.7294921875
EK202310124551,147.4345703125
EK202310133393,116.0546875
EK202310244048,134.515625
EK202310209487,143.5703125
EK202310130550,127.9111328125
EK202310134976,168.2431640625
EK202310113614,127.2255859375
EK202310237767,148.4208984375
EK202310120386,139.7783203125
EK202310190693,162.697265625
EK202310158340,130.30859375
EK202310185631,155.0107421875
EK202310193894,137.736328125
EK202310232391,133.51953125
EK202310129047,143.1796875
EK202310187052,143.8369140625
EK202310174623,149.529296875
EK202310149978,146.3212890625
EK202310238712,129.4111328125
EK202310172389,172.154296875
EK202310187833,129.943359375
EK202310238335,169.5361328125
EK202310232031,138.0009765625
EK202310224185,141.30859375
EK202310166575,143.22265625
EK202310119974,133.5380859375
EK202310195917,125.0283203125
EK202310174762,153.0966796875
EK202310237282,132.38671875
EK202310112142,154.2978515625
EK202310107661,150.736328125
EK202310197179,167.5771484375
EK202310154174,148.0400390625
EK202310241892,132.8505859375
EK202310178171,133.4384765625
EK202310134220,152.6689453125
EK202310200711,138.7939453125
EK202310190031,164.7119140625
EK202310215938,150.3427734375
EK202310125861,140.3544921875
EK202310143873,150.5302734375
EK202310165035,147.0146484375
EK202310157391,141.5771484375
EK202310216624,147.447265625
EK202310136516,121.7158203125
EK202310175267,166.0498046875
EK202310139527,136.658203125
EK202310145890,142.1728515625
EK202310207934,149.185546875
EK202310216534,143.1318359375
EK202310243402,141.8125
EK202310125822,146.8662109375
EK202310210671,133.84765625
EK202310118842,145.1455078125
EK202310242780,127.150390625
EK202310183963,125.767578125
EK202310192132,134.55859375
EK202310158172,168.298828125
EK202310107920,160.5458984375
EK202310116588,149.9599609375
EK202310157004,147.1767578125
EK202310203397,152.9970703125
EK202310145727,160.517578125
EK202310134294,153.3837890625
EK202310161573,159.6044921875
EK202310163914,146.0458984375
EK202320005749,152.2548828125
EK202310004457,147.955078125
EK202310198895,133.5947265625
EK202310200079,157.0068359375
EK202310236220,152.5458984375
EK202310167195,139.3740234375
EK202310190621,148.8544921875
EK202310126857,149.4951171875
EK202310221597,143.6025390625
EK202310139743,149.37109375
EK202310173860,147.8369140625
EK202310212130,139.0439453125
EK202310238113,150.2890625
EK202310232782,151.517578125
EK202310231990,158.4326171875
EK202310154189,129.98046875
EK202310111012,137.8701171875
EK202310208334,125.2177734375
EK202310222126,138.056640625
EK202310206217,132.9970703125
EK202310185801,129.53515625
EK202310207901,134.611328125
EK202310121054,141.7822265625
EK202310188410,159.201171875
EK202310203904,141.44921875
EK202310230514,137.7236328125
EK202320007184,166.5400390625
EK202310196925,158.81640625
EK202310201983,135.93359375
EK202310242071,148.3212890625
EK202310242487,138.919921875
EK202310174134,158.11328125
EK202310221304,141.4853515625
EK202310146366,122.134765625
EK202310242718,138.2236328125
EK202310158582,148.1728515625
EK202310182050,138.064453125
EK202310110321,130.90625
EK202310126720,148.2470703125
EK202310145134,163.595703125
EK202310134228,146.58203125
EK202310151176,134.2568359375
EK202310159471,128.103515625
EK202310197298,138.927734375
EK202310114442,142.85546875
EK202310216170,133.484375
EK202310126914,134.8193359375
EK202310160897,165.96875
EK202310241296,153.7275390625
EK202310145492,140.263671875
EK202310142012,159.177734375
EK202310141538,144.8369140625
EK202310154638,163.0087890625
EK202310238848,165.8701171875
EK202310139821,132.9306640625
EK202310108173,125.5498046875
EK202310119610,134.869140625
EK202310242565,156.625
EK202310186446,151.0458984375
EK202310144153,148.24609375
EK202310234883,144.0341796875
EK202310124017,165.63671875
EK202310163758,146.2353515625
EK202310203597,157.6064453125
EK202310104417,133.021484375
EK202310202155,145.5810546875
EK202310245823,110.5068359375
EK202310203079,128.8330078125
EK202310161636,150.2548828125
EK202310144165,141.4873046875
EK202310204775,144.556640625
EK202310167770,163.38671875
EK202310215963,150.37890625
EK202310133633,152.0634765625
EK202310214866,129.5859375
EK202310180646,135.8798828125
EK202310167541,140.439453125
EK202310136641,155.55859375
EK202310148939,150.619140625
EK202310103722,160.5029296875
EK202310179303,145.23046875
EK202310200620,156.171875
EK202310125714,138.3330078125
EK202310204522,153.0810546875
EK202310150835,140.125
EK202310130780,125.4404296875
EK202310105814,137.8994140625
EK202310172033,148.2880859375
EK202310201852,151.69140625
EK202310148715,153.234375
EK202310221644,126.18359375
EK202310114274,149.6162109375
EK202310178264,157.9541015625
EK202310164025,154.8173828125
EK202310204651,141.7353515625
EK202310141344,157.6064453125
EK202310185886,155.296875
EK202310203443,140.810546875
EK202320007693,147.9404296875
EK202310236673,145.8623046875
EK202310205537,167.30078125
EK202310215661,132.30859375
EK202310116840,136.8671875
EK202310179840,155.365234375
EK202310178802,157.7978515625
EK202310124043,138.8310546875
EK202310160029,136.439453125
EK202310166756,152.498046875
EK202310234362,124.9150390625
EK202310130046,130.0712890625
EK202310175285,142.888671875
EK202310155324,146.6806640625
EK202310110760,137.47265625
EK202310167871,145.44921875
EK202310111911,136.4423828125
EK202310105964,143.4580078125
EK202310187240,142.630859375
EK202310228002,142.8857421875
EK202310202448,160.798828125
EK202310144304,138.1162109375
EK202310132248,155.6005859375
EK202310200767,125.1845703125
EK202310246600,140.40234375
EK202310156024,141.5322265625
EK202310124951,138.150390625
EK202310127803,113.0869140625
EK202310212512,150.1328125
EK202310237901,128.1259765625
EK202310123799,131.3935546875
EK202310122255,139.279296875
EK202310140607,134.8447265625
EK202310214168,157.62890625
EK202310205290,128.2744140625
EK202310201590,135.3076171875
EK202310246716,150.052734375
EK202310211043,129.6435546875
EK202310245155,136.478515625
EK202310146684,147.849609375
EK202310224856,165.0478515625
EK202310149244,131.8603515625
EK202310130714,122.08984375
EK202310185702,152.6455078125
EK202310105075,130.1572265625
EK202310103937,159.392578125
EK202310219458,139.0146484375
EK202310220878,133.298828125
EK202310114846,150.9150390625
EK202310165810,128.1787109375
EK202310188784,160.3603515625
EK202310119305,124.5458984375
EK202310142173,135.66796875
EK202310218752,145.0478515625
EK202310191456,151.767578125
EK202310110108,121.5244140625
EK202310159818,162.404296875
EK202310151468,171.564453125
EK202310107315,124.4814453125
EK202310200556,166.6396484375
EK202310217485,141.08203125
EK202310206013,133.94140625
EK202310004134,152.248046875
EK202310124207,143.53125
EK202310216869,152.4013671875
EK202310112622,160.4111328125
EK202310239660,142.98046875
EK202310236964,129.2265625
EK202310182396,144.2421875
EK202310213788,163.1796875
EK202310193031,160.8974609375
EK202310181134,130.060546875
EK202310232914,134.7314453125
EK202310229534,143.5595703125
EK202310187612,168.4248046875
EK202310186706,152.68359375
EK202310146528,145.5634765625
EK202310201671,144.0966796875
EK202310155878,142.4755859375
EK202310186935,125.4443359375
EK202310165048,145.2431640625
EK202310214244,147.8759765625
EK202310003448,132.8505859375
EK202310237813,135.439453125
EK202310229380,126.734375
EK202310136410,134.4853515625
EK202310181792,144.2392578125
EK202310174073,146.3955078125
EK202310230921,142.6591796875
EK202310131346,126.8603515625
EK202310167144,167.7607421875
EK202310198792,131.7294921875
EK202310230863,141.9716796875
EK202310116803,131.859375
EK202310161651,164.1689453125
EK202310140098,135.189453125
EK202310147311,177.1484375
EK202310228798,129.818359375
EK202310166857,163.2607421875
EK202310204207,155.6552734375
EK202310181214,145.0234375
EK202310163102,135.2890625
EK202310132529,152.3505859375
EK202310194194,163.521484375
EK202310185194,141.0185546875
EK202310139315,132.609375
EK202310133963,178.2333984375
EK202310107375,133.216796875
EK202310183190,140.3173828125
EK202310150967,138.57421875
EK202310235477,127.5947265625
EK202310231329,138.91796875
EK202310151218,141.671875
EK202310117961,137.4169921875
EK202310115637,134.37109375
EK202310148316,137.7841796875
EK202310189439,163.19921875
EK202310183291,163.7587890625
EK202310180341,160.80859375
EK202310195359,142.4267578125
EK202310168437,160.4248046875
EK202310239724,146.8505859375
EK202310120281,170.4384765625
EK202310154084,128.234375
EK202310202226,139.0234375
EK202310211847,134.9296875
EK202310225040,146.380859375
EK202310148021,146.79296875
EK202310219384,133.2333984375
EK202310189651,161.7314453125
EK202310172718,138.0400390625
EK202310154499,137.8310546875
EK202310199387,153.5185546875
EK202310109346,138.7021484375
EK202310151918,143.1650390625
EK202310138435,129.083984375
EK202310208281,143.15234375
EK202310144236,142.572265625
EK202310169290,134.0947265625
EK202310120393,127.8798828125
EK202310183688,137.72265625
EK202310192046,128.314453125
EK202310141942,148.826171875
EK202310120519,120.28125
EK202310226413,130.7802734375
EK202310177117,151.9814453125
EK202310217940,138.40625
EK202310170501,150.123046875
EK202310223357,151.853515625
EK202310245835,116.0771484375
EK202310137793,138.6201171875
EK202310174008,147.1142578125
EK202310209155,134.3193359375
EK202310177866,139.9404296875
EK202310137396,139.0517578125
EK202320006094,153.55859375
EK202310237036,138.6142578125
EK202310177476,142.46875
EK202310218927,143.33203125
EK202320007708,162.7734375
EK202310150749,147.0927734375
EK202310226921,141.3916015625
EK202310134168,142.978515625
EK202310198694,177.373046875
EK202310153758,147.880859375
EK202310164887,153.37890625
EK202310235542,166.607421875
EK202310175801,139.9658203125
EK202310201383,152.7216796875
EK202310003604,146.7041015625
EK202310132259,168.6220703125
EK202310223451,147.529296875
EK202310232766,155.6171875
EK202310162702,129.8388671875
EK202310191785,135.9501953125
EK202310222647,137.9375
EK202310120606,128.44921875
EK202310196738,141.5595703125
EK202310167031,164.1494140625
EK202320006878,165.6826171875
EK202310128617,176.2099609375
EK202310156730,131.1982421875
EK202310154328,120.2802734375
EK202310199723,167.5947265625
EK202310204015,155.583984375
EK202310165125,148.1787109375
EK202310128837,150.12890625
EK202310109283,143.1044921875
EK202310140754,147.7626953125
EK202310133445,144.216796875
EK202310215163,142.8330078125
EK202310152379,154.564453125
EK202310222153,127.603515625
EK202310168369,130.759765625
EK202310146927,126.986328125
EK202310233613,148.27734375
EK202310194475,138.1025390625
EK202310176902,137.853515625
EK202310109845,130.435546875
EK202310143688,141.7958984375
EK202310223718,140.0888671875
EK202310114527,128.4267578125
EK202310120556,137.826171875
EK202310228552,139.431640625
EK202310149970,142.0146484375
EK202310199626,143.5341796875
EK202310214977,145.6982421875
EK202310184953,144.4189453125
EK202310004437,138.705078125
EK202310213912,162.0498046875
EK202310151119,136.451171875
EK202310171466,116.0078125
EK202310152063,149.37109375
EK202310137186,158.84375
EK202320007104,152.4892578125
EK202310202185,143.662109375
EK202310226204,135.896484375
EK202310189423,142.1103515625
EK202310192491,130.2333984375
EK202310187212,143.01171875
EK202310192179,146.9814453125
EK202310126111,127.5986328125
EK202310175586,148.240234375
EK202310194758,153.7939453125
EK202310214384,156.955078125
EK202310179433,151.623046875
EK202310118937,130.2626953125
EK202310230656,142.43359375
EK202310212922,160.2412109375
EK202310223591,130.396484375
EK202310182731,139.6484375
EK202310197092,149.1005859375
EK202310188601,142.9609375
EK202310185962,159.9580078125
EK202310154873,126.806640625
EK202310140333,127.7763671875
EK202310239540,131.3818359375
EK202310207256,117.4853515625
EK202310193996,140.0048828125
EK202310196769,143.1767578125
EK202310123958,139.470703125
EK202310240085,142.4140625
EK202310246484,124.0703125
EK202310147689,144.5546875
EK202310189701,139.900390625
EK202310237575,139.6708984375
EK202310219357,128.6484375
EK202310120804,134.52734375
EK202310125732,131.74609375
EK202310167873,137.93359375
EK202310247821,132.9306640625
EK202310206331,160.828125
EK202310131746,150.3408203125
EK202310125465,133.068359375
EK202310137591,133.3896484375
EK202310146755,134.7216796875
EK202310145331,167.8896484375
EK202310126909,135.9970703125
EK202310176521,125.9990234375
EK202310160650,158.6201171875
EK202310114819,123.228515625
EK202310218236,145.0654296875
EK202310204841,168.2138671875
EK202310004910,145.5478515625
EK202310146653,131.625
EK202310188782,132.3955078125
EK202310125945,143.6357421875
EK202310176437,142.005859375
EK202310193288,131.4912109375
EK202310178658,156.181640625
EK202310150054,131.2099609375
EK202310142919,167.0654296875
EK202310222262,136.6865234375
EK202310235742,163.4306640625
EK202310113166,150.2216796875
EK202310224000,159.3125
EK202310198993,134.7255859375
EK202310228553,135.2529296875
EK202310190794,148.7998046875
EK202310201535,162.7490234375
EK202310165775,145.2890625
EK202310173099,139.4189453125
EK202310152431,151.6171875
EK202310232652,158.3603515625
EK202310182578,146.876953125
EK202310176081,156.828125
EK202310168495,127.646484375
EK202310243081,148.2392578125
EK202310214666,138.44921875
EK202310173376,119.7080078125
EK202310185049,137.21875
EK202310151788,136.203125
EK202310142398,146.7177734375
EK202310191734,160.87109375
EK202310185366,133.2158203125
EK202310110653,124.79296875
EK202310197984,146.0302734375
EK202310212461,124.30859375
EK202310220987,127.0693359375
EK202310114458,125.365234375
EK202310167289,144.1640625
EK202310178582,147.2724609375
EK202310135726,142.9912109375
EK202310208307,129.2099609375
EK202310186529,148.5888671875
EK202310163685,148.857421875
EK202310204304,164.486328125
EK202310174269,133.490234375
EK202310169002,142.63671875
EK202310195183,154.486328125
EK202310172158,155.1259765625
EK202310195251,150.6728515625
EK202310217760,156.3876953125
EK202310233545,134.92578125
EK202310146187,133.376953125
EK202310201834,145.4814453125
EK202310172626,145.119140625
EK202310173313,143.7275390625
EK202310151898,159.341796875
EK202310112427,133.1689453125
EK202310202848,152.0732421875
EK202310106441,140.2080078125
EK202310200903,134.6416015625
EK202310211769,133.833984375
EK202310210065,133.115234375
EK202310243416,133.67578125
EK202310178697,166.943359375
EK202310161358,142.26171875
EK202320006190,163.8369140625
EK202310180462,131.4677734375
EK202310162539,159.814453125
EK202310148977,150.5791015625
EK202310194237,138.173828125
EK202310223514,138.9423828125
EK202310162269,144.986328125
EK202310121844,134.1943359375
EK202310124866,127.3154296875
EK202310107700,154.353515625
EK202310221161,137.0185546875
EK202310245562,130.7841796875
EK202310179235,123.7041015625
EK202310124532,147.4462890625
EK202310128389,170.544921875
EK202310129800,156.884765625
EK202310207578,143.6728515625
EK202310193457,151.7451171875
EK202310206549,143.55078125
EK202310192075,137.326171875
EK202310234817,142.205078125
EK202310152042,136.5615234375
EK202310199732,136.33984375
EK202310106385,135.9423828125
EK202310232034,138.560546875
EK202310225160,146.3515625
EK202310168514,170.36328125
EK202310196347,164.865234375
EK202310132598,147.2841796875
EK202310193609,137.8662109375
EK202310112508,143.0078125
EK202310155472,148.388671875
EK202310177321,132.4150390625
EK202310128022,150.5986328125
EK202310206990,137.8740234375
EK202310142239,147.3994140625
EK202310129832,143.5068359375
EK202310213810,137.4130859375
EK202310198404,145.0927734375
EK202310003754,129.6572265625
EK202310133307,134.6875
EK202310155718,149.1318359375
EK202310124975,144.5380859375
EK202310238569,136.0625
EK202310155626,139.724609375
EK202310109451,135.96875
EK202310156701,124.57421875
EK202310112702,129.9599609375
EK202310219593,125.623046875
EK202310236091,139.9072265625
EK202310109465,148.865234375
EK202310239232,132.1474609375
EK202310153092,135.1455078125
EK202310142926,168.0009765625
EK202310195282,166.2041015625
EK202310144631,147.9130859375
EK202310158174,135.822265625
EK202310130498,155.912109375
EK202310152250,140.5732421875
EK202310154816,145.0390625
EK202310187452,144.9306640625
EK202310130712,130.9658203125
EK202310225931,139.724609375
EK202310212154,144.228515625
EK202310180982,161.208984375
EK202310187065,133.9140625
EK202310231143,129.22265625
EK202310244459,124.71484375
EK202310117863,141.1171875
EK202310104458,141.9853515625
EK202310228846,132.6953125
EK202310129898,152.9658203125
EK202310160315,158.333984375
EK202310146629,135.7060546875
EK202310166930,174.4423828125
EK202310242374,155.7724609375
EK202310210376,147.8056640625
EK202310197387,137.4638671875
EK202310136364,138.6650390625
EK202310204149,141.427734375
EK202310107806,153.107421875
EK202310233474,148.0869140625
EK202310228559,145.98828125
EK202310138215,129.4560546875
EK202310143063,151.0673828125
EK202310157985,140.943359375
EK202310190599,129.9501953125
EK202310114903,133.2978515625
EK202310133276,121.142578125
EK202310132588,124.1376953125
EK202310004157,153.7294921875
EK202310152358,167.4912109375
EK202310111141,170.4619140625
EK202310200435,136.251953125
EK202310204982,144.998046875
EK202310212495,126.052734375
EK202310183601,153.9677734375
EK202310214375,158.412109375
EK202310210198,136.0322265625
EK202310167063,160.9609375
EK202310149576,159.46875
EK202310132215,151.51171875
EK202310163904,160.83984375
EK202310200956,145.6103515625
EK202310180120,157.662109375
EK202310121104,130.90625
EK202310203655,156.3173828125
EK202310194561,161.59765625
EK202310222799,137.6005859375
EK202320007041,148.9130859375
EK202310119052,138.3642578125
EK202310137233,148.7265625
EK202310187775,153.7587890625
EK202310232434,145.1953125
EK202310205717,144.6259765625
EK202310221339,145.1142578125
EK202310123835,149.7431640625
EK202310232532,140.5205078125
EK202310107165,141.9736328125
EK202310203436,140.2197265625
EK202310169851,143.048828125
EK202310193274,156.7724609375
EK202310151878,129.8271484375
EK202310180128,136.6181640625
EK202310150220,137.439453125
EK202310187751,142.9853515625
EK202310162881,144.2275390625
EK202310192822,164.484375
EK202310195620,137.7734375
EK202310135344,128.962890625
EK202310190721,150.7353515625
EK202310121180,157.3583984375
EK202310197995,151.03125
EK202310238294,142.650390625
EK202310181201,143.091796875
EK202320006195,160.912109375
EK202310144714,134.9921875
EK202310174694,164.966796875
EK202310130143,151.3427734375
EK202310213402,134.83203125
EK202310164458,156.912109375
EK202310138233,148.681640625
EK202310196325,168.75390625
EK202310230287,132.244140625
EK202320007443,157.724609375
EK202310237310,152.71875
EK202310188028,154.3603515625
EK202310221385,138.8349609375
EK202310201433,142.4912109375
EK202310210894,135.5166015625
EK202310144757,125.072265625
EK202310230555,121.302734375
EK202310127197,168.2822265625
EK202310210367,141.8193359375
EK202310107406,138.1123046875
EK202310201552,147.3388671875
EK202310163315,138.3515625
EK202310106204,148.1064453125
EK202310189865,139.30078125
EK202310143319,165.13671875
EK202310187989,141.42578125
EK202310204280,148.8564453125
EK202310166053,166.7763671875
EK202310179719,153.9345703125
EK202310119334,139.521484375
EK202310212088,137.251953125
EK202310123364,145.0126953125
EK202310235184,148.6796875
EK202310150098,126.6455078125
EK202310219013,143.166015625
EK202320005598,145.640625
EK202310122400,160.0478515625
EK202320006069,157.2548828125
EK202310240606,137.21875
EK202310192122,160.078125
EK202310239991,147.9345703125
EK202310129077,142.4892578125
EK202310246377,115.140625
EK202310242482,144.6953125
EK202310162862,131.1787109375
EK202310217556,137.1025390625
EK202310136375,144.4599609375
EK202310193072,142.3916015625
EK202310232709,119.9091796875
EK202310137784,129.2021484375
EK202310195933,145.791015625
EK202310190342,139.3564453125
EK202310128675,145.7109375
EK202310156867,116.234375
EK202310148670,130.5283203125
EK202310176460,120.5703125
EK202310129961,168.544921875
EK202310146909,140.5517578125
EK202310138497,149.6435546875
EK202320005583,154.671875
EK202310139679,153.27734375
EK202310138331,130.77734375
EK202310183937,152.06640625
EK202310180455,129.9638671875
EK202310197763,137.0341796875
EK202310196627,147.1220703125
EK202310219790,138.3193359375
EK202310185905,161.3232421875
EK202310004706,131.1376953125
EK202310181268,122.927734375
EK202310219922,140.595703125
EK202310149625,154.8408203125
EK202310200086,133.8486328125
EK202310214446,146.140625
EK202310244555,134.8935546875
EK202310203678,149.953125
EK202310121725,151.1904296875
EK202310178580,154.5947265625
EK202310231258,133.4375
EK202310116413,140.6259765625
EK202310130519,152.4072265625
EK202310114605,153.759765625
EK202310104328,134.6357421875
EK202310217095,137.9677734375
EK202310159014,152.59375
EK202310240255,141.6396484375
EK202320006678,170.228515625
EK202310127358,168.7138671875
EK202310228371,137.0810546875
EK202310212880,132.7666015625
EK202310184252,158.8515625
EK202310222457,135.4697265625
EK202310106525,142.9169921875
EK202310212900,130.90234375
EK202310164200,164.2578125
EK202310141506,145.3388671875
EK202310124179,121.7412109375
EK202310210747,137.609375
EK202310104325,132.615234375
EK202310171837,147.396484375
EK202310183388,133.64453125
EK202310175474,160.7177734375
EK202310161361,138.8037109375
EK202310163883,137.3857421875
EK202310233128,127.1591796875
EK202310199650,158.9404296875
EK202310107707,156.474609375
EK202310112036,152.6044921875
EK202310152162,145.2607421875
EK202310115154,153.384765625
EK202310106295,139.0361328125
EK202310209811,144.830078125
EK202310170779,138.8935546875
EK202310132319,132.7421875
EK202310176117,160.244140625
EK202310109117,120.7978515625
EK202310146050,127.10546875
EK202310189377,180.4921875
EK202310108901,146.8125
EK202310129280,142.0517578125
EK202310186201,155.5400390625
EK202310125879,149.791015625
EK202310223489,161.8876953125
EK202310195362,154.828125
EK202310168199,125.02734375
EK202310123430,143.9619140625
EK202310169481,154.947265625
EK202310212350,130.0556640625
EK202310204165,141.9609375
EK202310116597,154.2470703125
EK202310178940,131.8525390625
EK202310181172,157.033203125
EK202310232407,128.279296875
EK202310120201,122.0556640625
EK202310132088,187.1865234375
EK202310176583,142.5634765625
EK202310116485,132.8994140625
EK202310232488,132.267578125
EK202310185248,144.017578125
EK202310114195,133.669921875
EK202310171527,140.861328125
EK202310239847,136.939453125
EK202310109025,128.0634765625
EK202310188543,133.6474609375
EK202310164772,149.974609375
EK202310220946,129.38671875
EK202310157893,150.3876953125
EK202310130096,154.177734375
EK202310215475,134.0498046875
EK202310175525,147.4658203125
EK202310241739,148.0693359375
EK202310149577,136.7685546875
EK202320007764,140.2236328125
EK202310162677,145.01953125
EK202310118455,140.5166015625
EK202310144170,153.115234375
EK202310123446,153.4970703125
EK202310111614,163.3818359375
EK202310148681,155.244140625
EK202310135706,124.0869140625
EK202310169610,143.7353515625
EK202310154626,166.037109375
EK202310186396,134.5537109375
EK202310130384,128.0439453125
EK202310139999,125.162109375
EK202310173443,146.2119140625
EK202310172753,152.2294921875
EK202310150539,144.2998046875
EK202310197972,161.5537109375
EK202310167038,143.7021484375
EK202310121549,143.7353515625
EK202310144749,140.2294921875
EK202310129763,131.0791015625
EK202310105138,134.8330078125
EK202310145803,134.427734375
EK202310150239,133.6748046875
EK202310169489,144.611328125
EK202310138665,156.3291015625
EK202310123078,126.2724609375
EK202310219135,141.232421875
EK202310116443,129.9384765625
EK202310195859,147.25
EK202310118292,131.6435546875
EK202310134982,153.4990234375
EK202310236579,140.2705078125
EK202310145251,142.369140625
EK202310144320,136.5205078125
EK202310165413,135.6103515625
EK202310164223,143.1533203125
EK202310178660,153.240234375
EK202310152292,155.6826171875
EK202310232276,127.400390625
EK202310227732,145.513671875
EK202310155773,141.3408203125
EK202310188232,157.134765625
EK202310182770,129.296875
EK202310202719,148.0439453125
EK202310138556,138.73828125
EK202310239172,150.7314453125
EK202310151877,129.322265625
EK202310116662,141.2431640625
EK202310206983,130.130859375
EK202310161922,134.1875
EK202310116370,121.328125
EK202310216242,145.197265625
EK202310223914,144.669921875
EK202310183638,147.453125
EK202310180955,167.0615234375
EK202310135432,148.3798828125
EK202310220264,122.1591796875
EK202310241824,161.06640625
EK202310175340,159.7705078125
EK202310123572,133.9296875
EK202310228745,135.22265625
EK202310150402,147.1640625
EK202310123048,145.275390625
EK202310245625,150.08203125
EK202310004596,135.810546875
EK202310187568,129.0927734375
EK202310004796,135.7861328125
EK202310206482,141.7490234375
EK202310152723,166.04296875
EK202310144324,142.2021484375
EK202310182703,148.962890625
EK202310207031,154.0087890625
EK202310224829,135.1533203125
EK202310194916,139.474609375
EK202310158171,165.2177734375
EK202310237739,153.5859375
EK202310233535,159.6162109375
EK202310159582,150.45703125
EK202310157407,123.1005859375
EK202310222554,130.3037109375
EK202310209992,136.435546875
EK202310197773,159.8623046875
EK202310219559,155.3330078125
EK202310149590,134.6123046875
EK202310172229,131.5380859375
EK202310179759,137.4482421875
EK202310141351,151.3876953125
EK202310202674,151.8037109375
EK202310150237,142.2421875
EK202310131854,149.38671875
EK202310209299,141.443359375
EK202310152323,171.6875
EK202310130424,161.90234375
EK202310219110,145.2802734375
EK202310208971,141.751953125
EK202310175417,135.5703125
EK202310178979,141.92578125
EK202310149330,141.4267578125
EK202310214732,155.685546875
EK202310151284,131.0966796875
EK202310246323,139.064453125
EK202310162754,145.7470703125
EK202310142435,158.2734375
EK202310218666,145.154296875
EK202310221049,145.8916015625
EK202310173708,142.7724609375
EK202310192941,128.0673828125
EK202310126047,160.4609375
EK202310241369,154.205078125
EK202310183820,167.1806640625
EK202310243559,141.4697265625
EK202310148350,147.3896484375
EK202310224931,146.7412109375
EK202310236248,148.529296875
EK202310156811,148.8681640625
EK202310224565,136.849609375
EK202310203958,137.103515625
EK202310119312,132.8251953125
EK202310178028,144.1953125
EK202310186588,153.3154296875
EK202310139697,152.267578125
EK202310197136,145.4501953125
EK202310220806,130.841796875
EK202310222987,154.4970703125
EK202310161970,134.44921875
EK202310208174,150.1455078125
EK202310118068,131.8505859375
EK202310131022,136.4345703125
EK202310122159,131.259765625
EK202310216067,111.3056640625
EK202310245924,138.6318359375
EK202310111788,136.2822265625
EK202310127853,143.3193359375
EK202310106238,143.263671875
EK202310158124,125.09375
EK202310132835,139.3701171875
EK202310148914,149.3232421875
EK202310231691,139.5908203125
EK202310247000,160.9501953125
EK202310192115,140.71484375
EK202310104130,131.419921875
EK202310139212,140.095703125
EK202310197454,138.0859375
EK202310192429,148.51171875
EK202310167625,132.9794921875
EK202310199497,147.970703125
EK202310153618,146.2353515625
EK202310181484,143.150390625
EK202310198186,134.53515625
EK202310152220,145.7099609375
EK202310159039,135.708984375
EK202310191546,137.509765625
EK202310133158,133.8603515625
EK202310201688,148.953125
EK202310235017,144.83984375
EK202310135857,156.515625
EK202310218208,170.7841796875
EK202310118595,137.91796875
EK202310163828,137.626953125
EK202310141421,136.001953125
EK202310180807,137.3193359375
EK202310205637,140.9052734375
EK202310105788,149.009765625
EK202310216219,152.96875
EK202320007125,178.388671875
EK202310104911,142.4140625
EK202310189159,163.6962890625
EK202310195473,143.2783203125
EK202310118604,127.447265625
EK202310195319,145.1845703125
EK202310240500,155.6005859375
EK202310113748,158.0380859375
EK202310004313,153.2587890625
EK202310143650,154.623046875
EK202310165864,159.564453125
EK202310197618,146.9033203125
EK202310147381,138.216796875
EK202310204456,141.62890625
EK202310168795,132.7666015625
EK202310162071,167.2373046875
EK202310155041,127.1435546875
EK202310116293,135.82421875
EK202310111802,142.4482421875
EK202310143876,141.580078125
EK202310170107,156.328125
EK202320006604,175.478515625
EK202310181395,158.265625
EK202310128405,141.1630859375
EK202310172117,133.4521484375
EK202310173280,150.4189453125
EK202310114735,132.0390625
EK202310124558,130.544921875
EK202310122475,131.0595703125
EK202310137618,138.0732421875
EK202310105474,136.501953125
EK202310209280,112.7001953125
EK202310142912,138.7333984375
EK202310246004,117.9580078125
EK202310186374,126.603515625
EK202310139853,152.8984375
EK202310243432,142.5546875
EK202310135700,128.8896484375
EK202320006074,181.646484375
EK202310207199,150.8544921875
EK202310114736,147.091796875
EK202310129145,151.0810546875
EK202310135339,162.283203125
EK202310105627,139.3056640625
EK202310114046,142.7783203125
EK202310121749,124.80078125
EK202310160579,151.787109375
EK202310132059,151.2275390625
EK202310158407,142.0791015625
EK202310115805,142.453125
EK202310165675,145.3857421875
EK202310223393,144.556640625
EK202310166586,149.451171875
EK202310142763,144.5654296875
EK202310169174,131.26171875
EK202310118007,134.826171875
EK202310188453,125.12890625
EK202310186603,135.1845703125
EK202310115518,135.9326171875
EK202310237777,153.1044921875
EK202310245509,137.8525390625
EK202310149571,153.7470703125
EK202310238699,127.345703125
EK202310162044,143.5546875
EK202310178900,123.3837890625
EK202310210189,140.7294921875
EK202310246044,153.8857421875
EK202310169510,161.0966796875
EK202310224019,138.658203125
EK202310196916,137.712890625
EK202310110545,152.2607421875
EK202310158475,151.6865234375
EK202310240666,141.765625
EK202310147702,132.6787109375
EK202310240541,141.236328125
EK202310165419,151.787109375
EK202310158944,156.384765625
EK202310154741,141.8173828125
EK202310183411,137.6875
EK202310150802,133.775390625
EK202310236647,136.314453125
EK202310168877,159.26953125
EK202310177550,135.2802734375
EK202310161815,132.4345703125
EK202310205936,136.56640625
EK202310236918,150.3525390625
EK202310231978,135.0673828125
EK202310145447,132.390625
EK202310113081,145.1103515625
EK202310245380,141.716796875
EK202310226536,122.0322265625
EK202310171629,135.560546875
EK202310142578,163.1982421875
EK202310154571,140.4765625
EK202310133424,148.2646484375
EK202310205232,135.5869140625
EK202310125353,129.2216796875
EK202310129062,139.623046875
EK202310148286,144.31640625
EK202310217186,163.5712890625
EK202310240058,152.916015625
EK202310004925,155.2841796875
EK202310121900,141.7236328125
EK202310193811,152.96484375
EK202310236073,128.7021484375
EK202310209661,138.845703125
EK202310183452,118.583984375
EK202310198390,135.5126953125
EK202310194814,153.3037109375
EK202310154258,135.8037109375
EK202310225570,140.8642578125
EK202310236562,124.89453125
EK202310125786,124.0546875
EK202310227228,126.349609375
EK202310104334,152.2041015625
EK202310247598,156.3017578125
EK202310163731,157.380859375
EK202310153854,156.6767578125
EK202310209072,153.1552734375
EK202310130417,145.19140625
EK202310161714,115.2265625
EK202310161726,160.0546875
EK202310214070,154.9384765625
EK202310174019,141.75390625
EK202310197029,152.7255859375
EK202310236341,134.453125
EK202310218675,140.8125
EK202310124319,137.529296875
EK202310231778,140.95703125
EK202320006401,140.4228515625
EK202310107779,132.6884765625
EK202310133015,141.1962890625
EK202310181550,146.294921875
EK202310247332,153.8115234375
EK202310111163,132.8564453125
EK202310145310,148.4931640625
EK202310126094,135.533203125
EK202310161397,136.4677734375
EK202310146374,138.216796875
EK202310136414,147.916015625
EK202310141425,157.302734375
EK202310138405,141.5400390625
EK202310173668,152.2421875
EK202310184285,149.587890625
EK202310176095,166.1767578125
EK202310211570,132.884765625
EK202310208829,147.3173828125
EK202310147190,163.826171875
EK202310191735,131.4736328125
EK202310213951,150.380859375
EK202310140049,152.35546875
EK202310169326,150.697265625
EK202310157230,173.8408203125
EK202310124090,136.8349609375
EK202310142146,136.5576171875
EK202310107242,136.7236328125
EK202310192993,137.8916015625
EK202310149787,141.5009765625
EK202310177888,147.5693359375
EK202310212815,148.5703125
EK202310223609,151.396484375
EK202310189733,176.53515625
EK202310218104,136.61328125
EK202310111896,140.513671875
EK202310132753,154.5849609375
EK202310112173,127.6923828125
EK202310167323,156.9287109375
EK202310140969,141.13671875
EK202310214853,149.0068359375
EK202310105928,130.9794921875
EK202310213446,139.951171875
EK202310134309,147.3291015625
EK202310177619,152.583984375
EK202310004283,130.767578125
EK202310176874,138.1123046875
EK202310160131,148.326171875
EK202310201219,170.9306640625
EK202310004099,138.33984375
EK202310167947,152.720703125
EK202310155342,141.107421875
EK202310209163,133.078125
EK202310242285,132.0400390625
EK202310215045,161.1865234375
EK202310245674,145.3330078125
EK202310192087,152.8857421875
EK202310182851,129.5556640625
EK202310184176,149.9287109375
EK202310205303,163.96484375
EK202310108199,153.1435546875
EK202310124913,151.4912109375
EK202310140458,133.4228515625
EK202310142132,137.5078125
EK202310147065,156.734375
EK202310143393,132.1630859375
EK202310139964,136.890625
EK202310225775,148.8525390625
EK202310127142,151.3583984375
EK202310179582,155.17578125
EK202310207922,156.224609375
EK202310195810,159.2314453125
EK202310178849,157.5869140625
EK202310229124,148.6171875
EK202310113502,139.7822265625
EK202310223610,141.3544921875
EK202310147986,153.3740234375
EK202310236813,156.244140625
EK202310176936,152.33203125
EK202310199151,142.9248046875
EK202310192534,140.5830078125
EK202310217624,132.966796875
EK202310003755,126.9765625
EK202310161830,121.5224609375
EK202310243624,132.251953125
EK202310164105,128.1005859375
EK202310179948,169.30859375
EK202310135310,156.490234375
EK202310004295,119.103515625
EK202310141079,154.626953125
EK202310225179,164.2587890625
EK202310227335,143.7333984375
EK202310161160,177.2587890625
EK202310247623,153.8623046875
EK202310206076,131.638671875
EK202310119053,143.9296875
EK202310139617,135.642578125
EK202310143241,118.9013671875
EK202310115504,143.927734375
EK202320007161,147.0400390625
EK202310183784,158.88671875
EK202310187344,167.26171875
EK202310185527,133.7119140625
EK202310238290,143.611328125
EK202310140457,138.7333984375
EK202310150648,142.6865234375
EK202310223600,134.4150390625
EK202310167530,143.4365234375
EK202310224100,136.5107421875
EK202310152786,135.6845703125
EK202310135478,147.2880859375
EK202310193078,133.740234375
EK202310155463,153.06640625
EK202310105582,146.6044921875
EK202310135195,139.6845703125
EK202320005552,164.9560546875
EK202310228708,128.962890625
EK202310141498,129.28125
EK202310193872,155.3359375
EK202310141414,171.0400390625
EK202310151905,129.7978515625
EK202310127407,158.9365234375
EK202320006299,153.318359375
EK202310212343,139.8115234375
EK202310168454,122.8642578125
EK202310171479,125.9560546875
EK202310110727,164.75390625
EK202310109806,138.845703125
EK202310229172,133.482421875
EK202310221527,125.7294921875
EK202310136692,112.87109375
EK202310225939,135.8681640625
EK202310128011,139.5263671875
EK202310119451,136.0283203125
EK202310240016,149.7841796875
EK202310137412,142.6513671875
EK202320006473,168.3349609375
EK202310133714,149.791015625
EK202310182002,140.8232421875
EK202310146885,144.37109375
EK202310228765,154.3837890625
EK202310199335,147.2822265625
EK202310144286,145.2607421875
EK202310120179,142.46875
EK202310125242,135.830078125
EK202310129853,153.7568359375
EK202310105724,139.7353515625
EK202310177232,123.056640625
EK202310240889,150.7646484375
EK202310135626,123.6806640625
EK202310182429,149.95703125
EK202310160815,155.3984375
EK202310161842,148.9228515625
EK202310194125,139.21484375
EK202310163430,147.9130859375
EK202310207741,134.37109375
EK202310202036,114.60546875
EK202310165652,113.1669921875
EK202310136570,141.369140625
EK202310139028,147.5712890625
EK202310163487,144.41015625
EK202310177984,152.982421875
EK202310239997,149.34765625
EK202310176249,162.732421875
EK202310152361,149.4296875
EK202310151709,129.267578125
EK202310135268,133.9482421875
EK202310171919,149.72265625
EK202310122006,152.6044921875
EK202310127839,152.0546875
EK202310219814,155.515625
EK202310187560,152.6826171875
EK202310113366,134.92578125
EK202310134748,140.251953125
EK202310208843,148.5029296875
EK202310175338,140.708984375
EK202310124470,133.7646484375
EK202310121775,131.0869140625
EK202310237332,118.353515625
EK202310141855,137.052734375
EK202310154289,144.640625
EK202310120044,129.8046875
EK202310192432,150.9228515625
EK202310160195,151.4072265625
EK202310105413,151.8720703125
EK202310004863,154.650390625
EK202310138732,143.5751953125
EK202310225944,121.4462890625
EK202310239340,121.2626953125
EK202310155959,165.134765625
EK202310177384,154.4521484375
EK202310114746,121.9248046875
EK202310156841,147.9248046875
EK202310213654,135.2216796875
EK202310210592,141.001953125
EK202310110296,134.9521484375
EK202310240236,143.7998046875
EK202310242957,133.94140625
EK202310163621,145.9697265625
EK202310202691,166.0986328125
EK202310127490,130.85546875
EK202310199512,153.5205078125
EK202310155288,135.4892578125
EK202310237968,151.30078125
EK202310118847,153.123046875
EK202310144769,123.2138671875
EK202310212518,137.7939453125
EK202320007577,149.4716796875
EK202310244590,166.6142578125
EK202310003432,138.4912109375
EK202310242932,138.8505859375
EK202310184880,154.982421875
EK202310208839,152.779296875
EK202310225707,151.4794921875
EK202310196085,161.3017578125
EK202310111047,136.8310546875
EK202310149321,153.8681640625
EK202310214602,142.583984375
EK202310190162,153.1435546875
EK202310203789,123.7646484375
EK202310165931,146.181640625
EK202310143768,145.8916015625
EK202310226420,155.861328125
EK202310206883,136.7509765625
EK202310230191,159.0302734375
EK202310223966,138.90625
EK202310118804,123.115234375
EK202310224984,125.71875
EK202310221101,136.240234375
EK202310241759,134.349609375
EK202310219986,134.4853515625
EK202310247113,129.330078125
EK202310136489,148.55078125
EK202310189176,155.2861328125
EK202310201813,155.09375
EK202310167143,140.7431640625
EK202310245156,148.2353515625
EK202310149980,143.564453125
EK202310238395,158.5576171875
EK202310223767,148.3818359375
EK202310118543,139.4921875
EK202310137202,117.78515625
EK202310245378,151.41796875
EK202310202917,150.8994140625
EK202310120015,126.9462890625
EK202310242744,147.541015625
EK202310170961,145.33984375
EK202310170849,129.8232421875
EK202310108365,127.6787109375
EK202310225302,136.4697265625
EK202310141853,128.9521484375
EK202310152952,151.783203125
EK202310118252,125.806640625
EK202310150764,136.16015625
EK202310188288,145.75
EK202310236699,154.580078125
EK202310228975,143.74609375
EK202310176364,142.5810546875
EK202310148297,140.4833984375
EK202310234706,134.1337890625
EK202310202029,133.587890625
EK202310218635,123.0185546875
EK202310187565,169.6220703125
EK202310238217,141.5048828125
EK202310144263,137.4658203125
EK202310216046,121.2216796875
EK202310240199,143.6494140625
EK202310118761,146.9287109375
EK202310118387,138.5859375
EK202310228319,133.4755859375
EK202310188942,154.14453125
EK202310171922,141.66796875
EK202310205751,161.0693359375
EK202310181387,152.8935546875
EK202310194611,135.4482421875
EK202310123903,140.611328125
EK202310201170,169.515625
EK202310124579,136.47265625
EK202310225456,136.6171875
EK202310224047,133.859375
EK202310168185,136.5283203125
EK202310149367,146.359375
EK202310222236,157.0888671875
EK202310191402,136.2177734375
EK202310216518,134.1953125
EK202310116323,120.0439453125
EK202310229479,133.7333984375
EK202310242068,137.328125
EK202310172108,123.353515625
EK202310148960,143.0126953125
EK202310203368,151.7041015625
EK202310248782,125.8349609375
EK202310130742,168.0947265625
EK202310127431,133.8916015625
EK202310166666,156.072265625
EK202310142516,129.501953125
EK202310171160,159.0947265625
EK202310131980,146.0986328125
EK202310230754,128.1005859375
EK202310205660,134.4462890625
EK202310195938,164.1796875
EK202310223018,132.2314453125
EK202310189611,170.751953125
EK202310114061,145.7724609375
EK202310168186,144.9150390625
EK202310123079,138.2978515625
EK202310142507,123.2060546875
EK202310192082,132.1591796875
EK202310116417,148.4326171875
EK202310152679,120.9619140625
EK202310186123,151.09765625
EK202310187670,145.9453125
EK202310199114,148.689453125
EK202310144744,129.310546875
EK202310171906,148.3388671875
EK202310222160,139.486328125
EK202310202383,130.8837890625
EK202310133543,162.7314453125
EK202310240197,153.4599609375
EK202310224654,138.7685546875
EK202310159827,162.2431640625
EK202310129302,167.009765625
EK202310220687,151.392578125
EK202310137416,144.7822265625
EK202310195263,145.474609375
EK202310226117,132.8349609375
EK202310177937,159.6982421875
EK202310224977,138.470703125
EK202310104811,156.7353515625
EK202310202225,144.4130859375
EK202310198252,144.6875
EK202310169634,161.1494140625
EK202310141724,145.3955078125
EK202310132515,132.2490234375
EK202310222595,132.845703125
EK202310245206,159.71484375
EK202310206384,153.73828125
EK202310131595,154.4970703125
EK202310114450,149.0048828125
EK202310193999,132.205078125
EK202310153211,112.8623046875
EK202310168571,167.580078125
EK202310117487,121.6611328125
EK202310147040,151.2060546875
EK202310164747,159.138671875
EK202310185539,144.1689453125
EK202310180947,158.1455078125
EK202310209467,139.958984375
EK202310197453,129.4482421875
EK202310241952,150.357421875
EK202310171659,137.8388671875
EK202310121984,131.46484375
EK202310145988,148.9765625
EK202310227472,168.6025390625
EK202310158925,157.9091796875
EK202310161059,153.634765625
EK202310246350,136.3037109375
EK202310204768,152.640625
EK202310245196,138.564453125
EK202310134281,152.21484375
EK202310232567,151.4853515625
EK202310187864,151.095703125
EK202310175599,142.9169921875
EK202310137474,145.3974609375
EK202310214594,129.123046875
EK202310176570,131.8486328125
EK202310143525,131.166015625
EK202310216731,131.9912109375
EK202310182951,161.96875
EK202310195606,161.1787109375
EK202310003354,145.271484375
EK202310003704,154.845703125
EK202310207753,147.865234375
EK202310108512,150.4921875
EK202310230571,138.8291015625
EK202310210082,157.556640625
EK202310191492,132.5400390625
EK202310113969,121.8212890625
EK202310123941,142.17578125
EK202310135080,172.6240234375
EK202310117802,131.4697265625
EK202310158376,137.3740234375
EK202310140051,154.7197265625
EK202310230366,131.904296875
EK202310138959,172.265625
EK202310112243,144.3330078125
EK202310142973,161.2724609375
EK202310179563,149.873046875
EK202310213686,140.548828125
EK202310207985,136.2470703125
EK202310169142,124.6669921875
EK202310189846,158.962890625
EK202310217981,148.66015625
EK202310168427,149.5302734375
EK202310165111,133.341796875
EK202310211489,146.619140625
EK202310164721,158.1181640625
EK202310192084,138.1640625
EK202310155310,135.3369140625
EK202310207807,152.7978515625
EK202310167274,133.5517578125
EK202310232098,147.6025390625
EK202310246400,161.779296875
EK202310181247,151.46875
EK202310146677,130.4306640625
EK202310199983,149.9091796875
EK202310198892,128.861328125
EK202310118490,154.5888671875
EK202310218556,142.08984375
EK202310209766,154.1767578125
EK202310201549,129.1083984375
EK202310227205,126.2666015625
EK202310201879,136.181640625
EK202310208984,133.6083984375
EK202310172280,132.6552734375
EK202310127074,141.2783203125
EK202310003431,135.0302734375
EK202310128481,132.404296875
EK202310191056,140.849609375
EK202310224670,139.8701171875
EK202310148699,149.53515625
EK202310186655,161.3388671875
EK202310145129,146.26953125
EK202310141368,143.5869140625
EK202310215091,145.3583984375
EK202310131768,133.61328125
EK202310169680,145.0224609375
EK202310215558,148.994140625
EK202310235372,147.9208984375
EK202310123185,137.556640625
EK202310188811,125.9619140625
EK202310160442,143.81640625
EK202310190513,169.595703125
EK202310174071,151.4208984375
EK202310226475,137.0498046875
EK202310124362,125.796875
EK202310217706,141.8642578125
EK202310226498,151.203125
EK202310237132,136.580078125
EK202310156490,172.802734375
EK202310161525,156.1083984375
EK202310233261,141.44140625
EK202310183188,154.35546875
EK202310204179,141.541015625
EK202310221970,131.1962890625
EK202310136055,141.2265625
EK202310192784,146.287109375
EK202310154098,147.83984375
EK202310195221,167.3134765625
EK202310247669,175.0068359375
EK202320006739,184.341796875
EK202310143079,126.8486328125
EK202310157780,142.1455078125
EK202310122685,124.2236328125
EK202310228079,133.9375
EK202310178496,157.2626953125
EK202310108793,146.73828125
EK202310243880,134.5595703125
EK202310108022,148.779296875
EK202310127023,137.4658203125
EK202310114813,124.671875
EK202310211046,130.998046875
EK202310139161,122.23828125
EK202310165288,151.5927734375
EK202310245913,133.18359375
EK202310216026,144.57421875
EK202310132021,143.8408203125
EK202310206339,145.5966796875
EK202310216740,136.4873046875
EK202310210301,133.55859375
EK202310167900,148.53125
EK202310173409,154.5693359375
EK202310144428,168.109375
EK202310194970,145.5224609375
EK202310105005,122.44921875
EK202310108090,137.283203125
EK202310229406,147.578125
EK202310152037,134.99609375
EK202310204361,147.6396484375
EK202310114029,132.0458984375
EK202310158725,162.2744140625
EK202310158027,148.509765625
EK202310148586,122.9541015625
EK202310237068,130.732421875
EK202310144709,141.1728515625
EK202310161357,129.849609375
EK202310124452,139.9638671875
EK202310131605,160.7021484375
EK202310162054,157.1123046875
EK202310181680,171.5078125
EK202310117645,129.1953125
EK202310147699,116.150390625
EK202310153309,131.4130859375
EK202310184492,145.59375
EK202310104645,147.4697265625
EK202310137713,144.2763671875
EK202310243221,148.2314453125
EK202310156335,136.4052734375
EK202310197583,164.484375
EK202310137359,138.357421875
EK202310130956,129.3994140625
EK202310171369,152.029296875
EK202310232324,149.7900390625
EK202310172995,136.7939453125
EK202310134239,142.78125
EK202310243506,138.5380859375
EK202310163154,127.25
EK202310127929,142.1865234375
EK202310202227,127.5546875
EK202310139348,146.1474609375
EK202310158547,149.908203125
EK202310236863,137.6494140625
EK202310179959,171.91015625
EK202310195894,122.353515625
EK202310229850,139.6650390625
EK202310242435,155.61328125
EK202310135502,135.3623046875
EK202310229084,134.9697265625
EK202310118049,137.5498046875
EK202310201122,165.169921875
EK202310109875,111.9462890625
EK202310196757,139.0830078125
EK202310139569,160.076171875
EK202310107377,142.6103515625
EK202310116923,137.9150390625
EK202310228873,128.20703125
EK202310218754,128.0341796875
EK202310154272,133.31640625
EK202310231169,130.8330078125
EK202310217977,157.4111328125
EK202310222555,153.0888671875
EK202310162130,153.8154296875
EK202310112323,152.306640625
EK202310159262,156.2294921875
EK202310151594,146.3193359375
EK202310163721,131.4384765625
EK202310149061,139.9892578125
EK202310147880,150.7744140625
EK202310212050,139.044921875
EK202310117729,132.1611328125
EK202310107629,145.5751953125
EK202310139317,131.8251953125
EK202310179272,137.3466796875
EK202310121894,137.7509765625
EK202310139188,147.6591796875
EK202310167435,149.8447265625
EK202310228964,155.703125
EK202310113550,156.2109375
EK202310180850,153.8251953125
EK202310105563,127.0
EK202310110748,137.5263671875
EK202310234819,139.7001953125
EK202310154339,142.9853515625
EK202310210307,129.771484375
EK202310239873,133.8681640625
EK202310183383,131.2490234375
EK202310193557,122.123046875
EK202310228033,134.537109375
EK202310167532,152.025390625
EK202310222264,130.9990234375
EK202310106581,134.5771484375
EK202310221125,126.9111328125
EK202310165054,159.375
EK202310150415,162.5439453125
EK202310233802,146.52734375
EK202310190617,136.703125
EK202310106410,138.4169921875
EK202310216886,150.759765625
EK202310115900,125.59375
EK202310104935,149.822265625
EK202310129722,165.0087890625
EK202310120948,136.064453125
EK202310164436,130.4462890625
EK202310122507,134.69921875
EK202310160593,150.7919921875
EK202310210615,126.0791015625
EK202310132871,130.9794921875
EK202310237902,124.7177734375
EK202310231150,129.560546875
EK202310165528,149.6162109375
EK202310244497,123.9453125
EK202310107512,128.3076171875
EK202310120477,136.53125
EK202310229593,133.9462890625
EK202310126986,153.4404296875
EK202310175535,137.5888671875
EK202310148104,135.9580078125
EK202310201431,145.6337890625
EK202310148767,148.521484375
EK202310113034,134.443359375
EK202310209227,141.876953125
EK202310114309,126.755859375
EK202310174763,152.5458984375
EK202310236793,134.3369140625
EK202310177429,137.3837890625
EK202310167536,124.248046875
EK202310141576,159.298828125
EK202310213488,134.005859375
EK202310162322,161.767578125
EK202310130610,129.3359375
EK202310152488,146.45703125
EK202310151734,169.2060546875
EK202310155060,123.6259765625
EK202310226481,136.2724609375
EK202310119174,144.9189453125
EK202310180130,131.171875
EK202310104489,156.48828125
EK202310195688,156.2880859375
EK202310132973,136.6923828125
EK202310135035,173.85546875
EK202310167150,133.2236328125
EK202310195252,136.388671875
EK202310127294,155.9990234375
EK202310140484,130.90234375
EK202310119854,135.58203125
EK202310248841,146.6572265625
EK202320007808,154.81640625
EK202310199228,135.4306640625
EK202310184715,139.2529296875
EK202320007242,142.853515625
EK202310147415,151.740234375
EK202310171570,143.494140625
EK202310110477,117.67578125
EK202310113604,162.2333984375
EK202320006431,164.2490234375
EK202310121838,126.111328125
EK202310148733,148.55859375
EK202310148335,141.38671875
EK202310113968,114.5361328125
EK202310231455,138.4951171875
EK202310203454,133.892578125
EK202310191708,138.0078125
EK202310109582,143.28125
EK202310203719,129.873046875
EK202310201332,162.98828125
EK202310204835,137.0537109375
EK202310131213,159.71484375
EK202310155687,146.4833984375
EK202310178634,148.6865234375
EK202310115110,143.2978515625
EK202310201445,165.4619140625
EK202310233989,136.388671875
EK202310226621,127.8037109375
EK202310182124,143.990234375
EK202310129960,148.0986328125
EK202310172024,156.0302734375
EK202310124587,145.71875
EK202310180490,129.3291015625
EK202310218866,137.3349609375
EK202310145486,125.7607421875
EK202310243783,126.8740234375
EK202310163544,147.384765625
EK202310245299,140.4384765625
EK202310185466,138.802734375
EK202310114372,154.3330078125
EK202310132954,134.9453125
EK202310156324,138.3076171875
EK202310237016,132.8828125
EK202310214641,139.080078125
EK202310106858,123.1650390625
EK202310182500,158.13671875
EK202310125749,147.603515625
EK202310201978,128.5849609375
EK202310112112,143.1591796875
EK202310243292,143.142578125
EK202310192897,136.78515625
EK202310173512,139.1787109375
EK202310125634,131.9150390625
EK202310165797,143.70703125
EK202310213138,160.455078125
EK202310211642,136.5537109375
EK202310156317,149.751953125
EK202310154649,170.3212890625
EK202310198938,156.7783203125
EK202310175465,144.6513671875
EK202310187555,132.990234375
EK202310183448,176.9833984375
EK202310205101,135.8525390625
EK202310201536,129.7451171875
EK202310131221,107.056640625
EK202310242173,160.017578125
EK202310195317,140.3232421875
EK202310139267,141.251953125
EK202310189575,157.5341796875
EK202310186883,145.1328125
EK202310184286,151.0732421875
EK202310194270,144.6455078125
EK202310003611,142.919921875
EK202310189126,161.4853515625
EK202310179964,157.595703125
EK202310118181,134.080078125
EK202310220832,144.421875
EK202310203022,130.0673828125
EK202310205592,156.705078125
EK202310128283,120.8125
EK202310214279,148.978515625
EK202310175101,142.505859375
EK202310116399,129.4111328125
EK202310132303,136.076171875
EK202310147925,148.7197265625
EK202310219063,162.833984375
EK202310197713,143.6630859375
EK202310165104,136.9736328125
EK202310198835,149.298828125
EK202310230554,138.1103515625
EK202310103890,118.7333984375
EK202310152894,164.3232421875
EK202310156771,146.25
EK202310239166,136.5439453125
EK202310157043,169.6572265625
EK202310158767,141.5673828125
EK202310231819,162.7412109375
EK202310162990,149.3349609375
EK202310237033,160.505859375
EK202310220279,141.8203125
EK202310105088,138.04296875
EK202310183088,127.97265625
EK202310134719,153.9384765625
EK202310126509,136.763671875
EK202310113028,142.6318359375
EK202320007641,150.5615234375
EK202310194771,123.8740234375
EK202310193624,139.4140625
EK202310178811,161.048828125
EK202310127140,149.8759765625
EK202310193675,149.4521484375
EK202310208947,131.7939453125
EK202310242072,127.2548828125
EK202310129762,151.380859375
EK202310178638,157.7255859375
EK202310208504,128.5439453125
EK202310131365,143.9111328125
EK202310118546,134.759765625
EK202310245144,135.341796875
EK202310142879,137.90625
EK202310197920,161.7119140625
EK202310182216,139.2216796875
EK202310163824,151.103515625
EK202310247357,151.2412109375
EK202310145691,157.4658203125
EK202310176063,162.2021484375
EK202320006459,156.9091796875
EK202310227785,128.97265625
EK202310189723,174.7353515625
EK202310182881,157.5810546875
EK202310196251,133.3662109375
EK202310212183,139.69140625
EK202310165884,144.0205078125
EK202310162354,153.8037109375
EK202320006915,172.5
EK202310152978,170.66796875
EK202310186596,171.2216796875
EK202310184203,136.6298828125
EK202310115228,137.0966796875
EK202310187250,148.060546875
EK202310199882,146.9755859375
EK202310247733,151.5947265625
EK202310142093,141.595703125
EK202310192250,146.423828125
EK202310161127,175.4091796875
EK202310227929,141.7255859375
EK202310144416,130.904296875
EK202310129300,156.8154296875
EK202310132887,133.7236328125
EK202320007268,158.2236328125
EK202310117763,117.1083984375
EK202310135610,119.767578125
EK202310108226,142.41015625
EK202310197484,163.904296875
EK202310220905,131.6044921875
EK202310210612,138.2685546875
EK202310199825,137.6435546875
EK202310167815,116.75
EK202310222270,127.8037109375
EK202310218829,131.396484375
EK202310158524,143.8818359375
EK202310227353,129.3583984375
EK202310105993,143.142578125
EK202310128862,141.9072265625
EK202320005603,168.615234375
EK202310145543,168.6982421875
EK202310226964,116.1689453125
EK202310106404,156.607421875
EK202310158792,149.203125
EK202310169557,159.634765625
EK202320007615,161.41015625
EK202310244340,130.3134765625
EK202310241009,130.6005859375
EK202310173004,145.2314453125
EK202310229814,162.8408203125
EK202310136774,146.69921875
EK202310134670,151.0380859375
EK202310125653,143.876953125
EK202310104378,139.5751953125
EK202310114092,142.515625
EK202310242755,131.0439453125
EK202310175831,145.244140625
EK202310123102,126.8564453125
EK202310246196,131.1435546875
EK202310164308,142.3544921875
EK202310164001,136.3310546875
EK202310127733,177.8974609375
EK202310107896,144.9970703125
EK202310196209,168.25
EK202310164751,143.921875
EK202310180897,149.8232421875
EK202310217788,137.8544921875
EK202310193711,160.037109375
EK202310244316,152.9345703125
EK202310224163,142.66015625
EK202310104994,134.697265625
EK202310140073,154.2890625
EK202310188584,147.5439453125
EK202310110511,119.5634765625
EK202310231033,146.6689453125
EK202310178461,159.326171875
EK202310167965,139.0205078125
EK202310106027,125.400390625
EK202310193439,145.7041015625
EK202310151107,140.5244140625
EK202310196605,134.6376953125
EK202310218318,150.3427734375
EK202310195078,144.5107421875
EK202310148837,175.744140625
EK202310127102,156.7294921875
EK202310114514,144.251953125
EK202310121553,124.609375
EK202310172559,133.3720703125
EK202310151216,124.302734375
EK202310128073,140.4248046875
EK202310108605,147.44921875
EK202310201812,140.53125
EK202310190862,158.7724609375
EK202310223367,174.0908203125
EK202310217222,143.9775390625
EK202310171756,151.9423828125
EK202320006771,165.17578125
EK202310124052,152.80078125
EK202310221124,132.1025390625
EK202310154368,134.8564453125
EK202310155273,120.8388671875
EK202310161608,165.2451171875
EK202310176630,140.603515625
EK202310158951,156.2001953125
EK202310223924,131.9052734375
EK202310187178,152.8125
EK202310189441,163.8798828125
EK202310193808,164.9599609375
EK202310117653,120.71875
EK202320006281,150.58984375
EK202310104452,143.013671875
EK202310170998,163.361328125
EK202310247137,137.2724609375
EK202310207587,152.2626953125
EK202310224054,144.6337890625
EK202310124503,134.5146484375
EK202310111608,166.34375
EK202310169517,132.12109375
EK202310177572,154.9091796875
EK202320005767,144.32421875
EK202310194290,127.3798828125
EK202310115205,159.0888671875
EK202310227698,119.8349609375
EK202310120637,151.74609375
EK202310143976,137.8291015625
EK202310246533,129.2783203125
EK202310244741,137.0791015625
EK202310163421,138.1005859375
EK202310169247,166.3037109375
EK202310136860,130.1064453125
EK202310217749,138.0068359375
EK202310128152,138.5625
EK202310193309,159.177734375
EK202310243321,160.85546875
EK202310152737,130.7958984375
EK202310187887,157.798828125
EK202310150896,126.4990234375
EK202310123219,148.9296875
EK202310166345,130.6494140625
EK202310163457,158.822265625
EK202310218300,154.0185546875
EK202310177093,139.5234375
EK202310123434,124.265625
EK202310226930,121.80859375
EK202310210088,169.5927734375
EK202310190936,157.2275390625
EK202310127583,138.3935546875
EK202310185141,142.158203125
EK202310138333,135.8330078125
EK202310143408,146.3173828125
EK202310147317,131.3779296875
EK202310127752,135.90625
EK202310248048,160.712890625
EK202310109094,135.974609375
EK202310230897,140.1474609375
EK202310229240,156.3623046875
EK202310158776,142.0576171875
EK202310178235,161.2900390625
EK202310153456,122.7314453125
EK202310125365,131.056640625
EK202310228431,137.98828125
EK202310177613,173.2041015625
EK202310230016,137.115234375
EK202310124464,138.158203125
EK202310160084,158.509765625
EK202310230147,143.6904296875
EK202310154253,145.42578125
EK202310180390,136.6025390625
EK202310126260,137.2578125
EK202310110447,136.4384765625
EK202310225162,140.0263671875
EK202310127787,136.203125
EK202310127024,138.8642578125
EK202310123897,142.412109375
EK202310191044,151.01171875
EK202310107279,134.451171875
EK202310222709,151.7880859375
EK202310158190,132.8916015625
EK202310226271,137.7197265625
EK202310227119,133.4296875
EK202310180033,151.5224609375
EK202310113831,116.458984375
EK202310127200,135.810546875
EK202310234951,142.43359375
EK202310113479,131.25390625
EK202310207326,152.3212890625
EK202310227319,154.9296875
EK202310230874,141.998046875
EK202310139589,150.6337890625
EK202310114753,151.4453125
EK202310121349,140.375
EK202310202957,158.328125
EK202310159641,147.201171875
EK202310176020,151.6171875
EK202310163367,146.1650390625
EK202310186524,141.0302734375
EK202310221903,153.5537109375
EK202310161048,154.390625
EK202310187444,131.1201171875
EK202310127440,132.630859375
EK202310218146,156.7412109375
EK202310150639,168.1787109375
EK202310233888,137.80078125
EK202310209197,153.203125
EK202310143716,177.2158203125
EK202310104198,131.970703125
EK202310154483,128.9697265625
EK202310167981,152.5966796875
EK202310180723,122.4560546875
EK202310196829,127.08984375
EK202310115909,132.5439453125
EK202310142747,159.5048828125
EK202310168568,152.578125
EK202310116790,118.1845703125
EK202310246722,120.8427734375
EK202310201508,152.8154296875
EK202310184072,149.6826171875
EK202310243865,131.8984375
EK202310210914,126.2685546875
EK202310239276,139.3759765625
EK202310215006,162.24609375
EK202310104899,144.5029296875
EK202310123211,121.6845703125
EK202310139857,149.48046875
EK202310229104,131.02734375
EK202310225758,150.2900390625
EK202310154150,121.236328125
EK202310151559,154.6494140625
EK202310121018,145.4619140625
EK202310139751,129.458984375
EK202310130814,154.0283203125
EK202310226459,138.5771484375
EK202310144732,130.0322265625
EK202310159300,164.45703125
EK202310216298,145.5283203125
EK202310108276,125.4775390625
EK202310132846,144.0029296875
EK202310146926,133.646484375
EK202310205179,144.1923828125
EK202310172161,152.0869140625
EK202310206115,166.443359375
EK202310197301,133.29296875
EK202310172771,139.82421875
EK202310109812,139.560546875
EK202310152808,121.7001953125
EK202310121442,138.23828125
EK202310136433,131.1181640625
EK202310242312,129.859375
EK202310104384,133.0126953125
EK202310199318,133.4619140625
EK202310135620,148.1689453125
EK202310153631,153.83203125
EK202310133022,127.8896484375
EK202310112038,133.0849609375
EK202310200944,152.765625
EK202310209272,145.6455078125
EK202310221651,142.00390625
EK202310147889,156.3701171875
EK202310004590,131.4853515625
EK202310196915,156.162109375
EK202310186595,139.9052734375
EK202310104696,148.9404296875
EK202310144577,167.8583984375
EK202310169285,126.1416015625
EK202310184084,155.177734375
EK202310132378,148.3173828125
EK202310246159,176.8271484375
EK202310202358,121.5478515625
EK202310159800,143.7158203125
EK202310209349,151.2880859375
EK202310200523,115.7529296875
EK202310231409,143.013671875
EK202310125721,145.611328125
EK202310150276,150.8134765625
EK202310197223,142.4189453125
EK202310160408,147.9375
EK202310213557,137.9443359375
EK202310218382,153.97265625
EK202310209694,157.9345703125
EK202310211465,154.333984375
EK202310227036,141.107421875
EK202310168055,140.451171875
EK202310173868,146.47265625
EK202310235783,143.435546875
EK202310182758,151.724609375
EK202310202200,134.90625
EK202310114988,140.150390625
EK202310176929,150.0244140625
EK202310121237,142.2666015625
EK202310152253,144.3037109375
EK202310226416,163.8408203125
EK202310140761,140.4873046875
EK202310200743,160.2744140625
EK202310165360,135.6435546875
EK202310235685,155.8232421875
EK202310238675,144.8232421875
EK202310191990,155.548828125
EK202310149927,152.5986328125
EK202310196613,142.72265625
EK202310138650,153.3447265625
EK202310135837,133.0234375
EK202310004179,148.2060546875
EK202310202844,141.4736328125
EK202310156145,138.337890625
EK202310137772,125.3486328125
EK202310139643,171.19921875
EK202310190140,146.298828125
EK202310182976,132.5400390625
EK202310140267,143.0107421875
EK202310149614,148.5556640625
EK202310188618,143.77734375
EK202310153165,128.3349609375
EK202310239729,154.4736328125
EK202310104290,126.3037109375
EK202310237254,153.5732421875
EK202310127230,157.7802734375
EK202310133287,152.4228515625
EK202310196943,140.615234375
EK202310154405,144.7666015625
EK202310235085,136.30859375
EK202310144062,135.4697265625
EK202310185906,146.1220703125
EK202310133676,159.6337890625
EK202310196801,150.36328125
EK202310223356,146.2509765625
EK202310174845,163.6923828125
EK202310131724,135.10546875
EK202310227778,131.5068359375
EK202310139935,136.1357421875
EK202310109785,156.251953125
EK202310162467,148.3359375
EK202310190820,158.7392578125
EK202310111438,134.4677734375
EK202310202344,171.1552734375
EK202310128622,166.0439453125
EK202310239716,137.7412109375
EK202310206350,166.7509765625
EK202310137152,138.1162109375
EK202310186456,157.1357421875
EK202310247836,134.892578125
EK202310239485,147.169921875
EK202310192860,144.5751953125
EK202310130413,147.23046875
EK202310193922,151.23828125
EK202310181806,136.888671875
EK202310121213,140.7841796875
EK202320006017,167.7060546875
EK202310123080,128.3486328125
EK202310155988,142.4287109375
EK202310126966,157.748046875
EK202310189745,143.8212890625
EK202310203961,134.02734375
EK202310118179,141.4580078125
EK202310109004,141.85546875
EK202310003506,136.7939453125
EK202310106808,131.5205078125
EK202310242146,128.7392578125
EK202310114687,153.470703125
EK202310139155,141.45703125
EK202310229903,143.5107421875
EK202310170375,137.796875
EK202310199839,139.2900390625
EK202310112897,136.3251953125
EK202310221448,145.5390625
EK202310191215,156.3017578125
EK202310221051,140.8388671875
EK202310221033,138.724609375
EK202310224111,143.97265625
EK202310217504,117.9755859375
EK202310179120,133.9150390625
EK202310106293,140.4892578125
EK202310228948,126.0107421875
EK202310192129,150.23046875
EK202310109160,127.95703125
EK202310170771,147.427734375
EK202310242806,139.9951171875
EK202310175538,160.958984375
EK202310149012,162.6015625
EK202310104532,139.6240234375
EK202310212068,146.359375
EK202310123340,147.80078125
EK202310131077,135.1201171875
EK202310148068,136.3408203125
EK202310190251,140.7587890625
EK202310174004,161.3642578125
EK202310156599,126.197265625
EK202310153023,141.3798828125
EK202310145554,162.771484375
EK202310160744,157.763671875
EK202310185195,143.1826171875
EK202320006590,167.0810546875
EK202310129886,144.2978515625
EK202310124625,141.857421875
EK202310188309,148.025390625
EK202310142832,147.4228515625
EK202310183119,135.7392578125
EK202310105045,132.193359375
EK202310170611,125.943359375
EK202310155999,148.07421875
EK202310230234,132.87890625
EK202310103794,155.529296875
EK202310241301,158.60546875
EK202310202926,160.8291015625
EK202310247420,146.1328125
EK202310165584,169.6982421875
EK202310179695,128.1591796875
EK202310164314,159.80078125
EK202310155082,152.119140625
EK202310145770,149.419921875
EK202310247538,168.9931640625
EK202310214111,165.345703125
EK202310181544,140.6552734375
EK202310151024,134.5400390625
EK202310229794,122.4267578125
EK202310125839,135.513671875
EK202310128797,134.166015625
EK202310147449,128.9609375
EK202310211288,126.2236328125
EK202310165604,145.7822265625
EK202310140481,145.2412109375
EK202310154542,147.302734375
EK202310213091,129.419921875
EK202310248733,131.8564453125
EK202310152930,170.537109375
EK202320006866,162.6123046875
EK202310216477,113.66796875
EK202310181197,158.06640625
EK202310244809,147.8212890625
EK202310111806,141.962890625
EK202310106490,157.0546875
EK202310145258,126.412109375
EK202310205168,142.3095703125
EK202310157331,152.7490234375
EK202310163882,131.1630859375
EK202310129546,132.2431640625
EK202310148414,130.107421875
EK202310224909,118.0361328125
EK202310165479,138.611328125
EK202310170016,134.734375
EK202310182759,136.2109375
EK202310111689,133.7392578125
EK202310202711,157.5908203125
EK202310201534,143.0048828125
EK202310113940,138.06640625
EK202310114299,145.3095703125
EK202310203251,149.6689453125
EK202310143744,163.4716796875
EK202310149498,159.6806640625
EK202310217908,132.78515625
EK202310211929,122.2001953125
EK202310149164,157.013671875
EK202310164565,136.6298828125
EK202310210725,133.3857421875
EK202310121120,142.3046875
EK202310216961,136.8017578125
EK202310172951,147.8369140625
EK202310230076,129.025390625
EK202310214365,151.9892578125
EK202310120411,141.1923828125
EK202310233763,147.125
EK202310189756,134.291015625
EK202310180908,152.0
EK202310163595,139.80859375
EK202310117226,141.3310546875
EK202310133078,144.59765625
EK202310214364,139.9462890625
EK202310216563,144.2353515625
EK202310233460,128.61328125
EK202310145609,160.3046875
EK202310224257,139.84375
EK202310192247,132.4150390625
EK202310205631,143.6083984375
EK202310231421,137.958984375
EK202310226086,127.2451171875
EK202310237602,135.40625
EK202310136602,126.7587890625
EK202310122474,132.98046875
EK202310188932,159.8974609375
EK202310138201,118.1591796875
EK202310194378,170.1435546875
EK202310214991,166.275390625
EK202310225525,140.677734375
EK202310134214,150.0419921875
EK202310195862,142.302734375
EK202310159199,151.1064453125
EK202310155737,147.09765625
EK202310170011,135.234375
EK202310201630,140.9765625
EK202310226552,130.5078125
EK202310160002,135.6318359375
EK202310151703,154.291015625
EK202310143816,134.0458984375
EK202310232638,153.1962890625
EK202310114002,140.7294921875
EK202310129927,149.560546875
EK202310203267,141.05859375
EK202310177954,138.6015625
EK202310153060,146.0791015625
EK202310111529,133.802734375
EK202310137725,146.33984375
EK202310166343,148.501953125
EK202310186809,147.119140625
EK202310144953,139.93359375
EK202310122463,138.25390625
EK202310134204,153.1455078125
EK202310150378,119.5048828125
EK202310237288,142.666015625
EK202310248480,154.0029296875
EK202310004124,151.189453125
EK202310003566,123.927734375
EK202310213203,140.9697265625
EK202310124344,134.0576171875
EK202310228408,170.4169921875
EK202310232131,141.5869140625
EK202310118742,144.98828125
EK202310134004,145.1005859375
EK202310247397,147.4169921875
EK202310239190,131.8173828125
EK202310246475,127.0322265625
EK202310198578,154.4296875
EK202310215084,139.6376953125
EK202310105260,141.8447265625
EK202310165433,146.3271484375
EK202310140038,149.8564453125
EK202310107453,148.5576171875
EK202310221064,143.908203125
EK202310120243,153.75390625
EK202310184845,149.3994140625
EK202310176066,140.7919921875
EK202310227077,155.345703125
EK202310144370,150.880859375
EK202310162124,121.65625
EK202310110699,153.4462890625
EK202310153084,166.259765625
EK202310160786,144.9990234375
EK202310242308,141.9091796875
EK202310194163,137.8818359375
EK202310105869,139.806640625
EK202310214672,158.318359375
EK202310145840,143.7919921875
EK202310178975,134.181640625
EK202310189351,160.1650390625
EK202310180495,140.400390625
EK202310202435,134.3818359375
EK202310111129,136.2763671875
EK202310157646,147.2587890625
EK202310227821,158.9638671875
EK202310142018,129.388671875
EK202310176861,162.5244140625
EK202310228822,132.3291015625
EK202310142217,143.220703125
EK202310237859,149.94921875
EK202310146830,128.650390625
EK202310152183,143.4677734375
EK202310179889,139.7744140625
EK202310217535,154.1240234375
EK202310111073,142.6806640625
EK202310228103,151.849609375
EK202310171811,147.6533203125
EK202310224290,151.052734375
EK202310108057,135.189453125
EK202310240225,168.841796875
EK202310240301,145.2890625
EK202310126961,140.9794921875
EK202310235847,126.185546875
EK202310107011,148.3203125
EK202310185554,147.3857421875
EK202310224213,129.525390625
EK202310132189,135.009765625
EK202310193327,163.9853515625
EK202310230501,141.51171875
EK202310130145,159.1201171875
EK202310188675,156.21875
EK202310155036,127.5849609375
EK202310177355,152.9794921875
EK202310139948,138.4228515625
EK202310119442,136.236328125
EK202310133620,129.064453125
EK202310202179,146.619140625
EK202310217546,145.3115234375
EK202310182683,130.5517578125
EK202310184843,137.8134765625
EK202310108718,152.6552734375
EK202310159849,155.73828125
EK202310004889,132.58203125
EK202320006575,159.9189453125
EK202310209060,156.462890625
EK202310104959,145.009765625
EK202310182681,129.9619140625
EK202310145101,156.7373046875
EK202310134497,132.177734375
EK202310120585,128.51171875
EK202310198684,152.623046875
EK202310109466,136.728515625
EK202310106981,131.3779296875
EK202310004230,117.810546875
EK202310173364,127.2099609375
EK202310164220,140.947265625
EK202310207890,118.5068359375
EK202310134470,146.2666015625
EK202310124056,130.546875
EK202310185859,131.6494140625
EK202310160054,148.2294921875
EK202310246219,157.1767578125
EK202310196525,152.8349609375
EK202310193933,147.6845703125
EK202310144345,137.5771484375
EK202310004466,153.1240234375
EK202310168682,153.3701171875
EK202310231230,131.7490234375
EK202310206143,128.1494140625
EK202310120180,139.5869140625
EK202310208027,138.6982421875
EK202310211315,142.6572265625
EK202310176576,140.3681640625
EK202310174969,150.6708984375
EK202310210179,142.560546875
EK202310217528,135.2568359375
EK202310238600,131.5234375
EK202310236054,133.97265625
EK202310137936,138.8115234375
EK202310222493,127.513671875
EK202310171713,132.546875
EK202310171703,132.03515625
EK202310132101,164.845703125
EK202310136177,131.9033203125
EK202310222204,141.669921875
EK202310198438,150.1708984375
EK202310198847,143.7900390625
EK202310212204,127.220703125
EK202310158611,145.2666015625
EK202310214429,140.13671875
EK202310197505,134.74609375
EK202310155317,157.9716796875
EK202310103873,143.2158203125
EK202310203439,143.2529296875
EK202310205578,159.7451171875
EK202310114493,126.361328125
EK202310192330,142.2392578125
EK202310150257,119.2548828125
EK202310212345,138.326171875
EK202310166764,148.7021484375
EK202310173381,130.5732421875
EK202310129246,138.8330078125
EK202310198977,163.474609375
EK202310111435,150.9814453125
EK202310210569,142.7392578125
EK202310216496,160.505859375
EK202310159176,141.56640625
EK202310205779,141.2783203125
EK202310160097,167.001953125
EK202310144776,144.8408203125
EK202310232327,146.2216796875
EK202310177826,171.1533203125
EK202310232783,137.3876953125
EK202310247658,129.4443359375
EK202310192257,140.6923828125
EK202310105522,148.2890625
EK202310110676,134.921875
EK202310175277,140.9990234375
EK202310222480,130.533203125
EK202310244692,146.1259765625
EK202310238299,155.68359375
EK202310196847,155.39453125
EK202310219030,125.0927734375
EK202310003531,137.328125
EK202310216422,157.8681640625
EK202310112977,147.5224609375
EK202310184951,156.8046875
EK202310195157,151.0341796875
EK202310107454,142.640625
EK202310139967,127.9287109375
EK202310150754,123.853515625
EK202310136822,140.3466796875
EK202310219114,128.94140625
EK202310200603,172.9501953125
EK202310141838,131.64453125
EK202310148763,144.8701171875
EK202310234275,152.505859375
EK202310219816,135.2607421875
EK202310105056,136.1455078125
EK202310164743,155.0009765625
EK202310132814,147.8671875
EK202310188510,139.77734375
EK202310190625,143.03515625
EK202310133363,137.8125
EK202310164850,145.7431640625
EK202310112766,131.921875
EK202310242743,146.7861328125
EK202310167944,159.8447265625
EK202310174056,144.1806640625
EK202310196467,146.919921875
EK202310112347,156.6396484375
EK202310183616,144.3662109375
EK202310169352,152.7568359375
EK202310209027,157.2685546875
EK202310223654,149.1318359375
EK202310118853,143.2548828125
EK202310161978,151.6005859375
EK202310226345,138.751953125
EK202310229817,135.33203125
EK202310163424,121.94140625
EK202310230830,141.921875
EK202310181485,152.216796875
EK202310173117,147.8544921875
EK202310191342,146.2060546875
EK202310205302,159.404296875
EK202310122843,132.755859375
EK202310201365,137.52734375
EK202310164039,140.6748046875
EK202310176835,141.1044921875
EK202310240788,129.1669921875
EK202310112640,138.0966796875
EK202310181638,124.587890625
EK202310233877,152.6220703125
EK202310107169,128.826171875
EK202310178789,154.9501953125
EK202310152645,137.9765625
EK202310139143,151.9208984375
EK202310185606,128.1455078125
EK202310236253,117.66015625
EK202310188369,132.23046875
EK202310138500,165.908203125
EK202310231971,146.4189453125
EK202310194339,127.76171875
EK202310175771,164.333984375
EK202310109100,173.185546875
EK202310196714,139.8916015625
EK202310135780,134.8837890625
EK202310177286,149.9228515625
EK202310162248,142.7607421875
EK202310113556,151.7763671875
EK202310225632,152.8994140625
EK202310247856,140.376953125
EK202310178852,135.5517578125
EK202310163577,140.10546875
EK202310151357,129.310546875
EK202310111121,136.8525390625
EK202310181600,148.5859375
EK202310194358,139.888671875
EK202310202153,163.802734375
EK202310105466,110.1240234375
EK202310216384,136.8232421875
EK202310153150,153.3857421875
EK202310230780,145.6884765625
EK202310248548,123.6064453125
EK202310121252,149.435546875
EK202310201045,137.5712890625
EK202310208942,156.318359375
EK202310173243,136.50390625
EK202310183907,157.3505859375
EK202310152258,139.5166015625
EK202310151886,122.533203125
EK202310124883,132.150390625
EK202310206942,158.5908203125
EK202310186343,137.6650390625
EK202310199252,144.3056640625
EK202310153785,143.646484375
EK202310119274,138.90625
EK202310229019,133.048828125
EK202310003459,150.0498046875
EK202310215837,136.365234375
EK202310104012,171.8974609375
EK202310226825,170.880859375
EK202310112000,134.2919921875
EK202310228139,125.87109375
EK202310195964,141.4892578125
EK202310196447,135.63671875
EK202310133431,146.5693359375
EK202310148207,143.0673828125
EK202310208262,150.5888671875
EK202310234548,133.3779296875
EK202310110644,173.671875
EK202310112284,151.3359375
EK202310185528,160.4296875
EK202310120181,112.6240234375
EK202310155062,127.3017578125
EK202310141339,147.00390625
EK202320007364,150.3359375
EK202310153420,129.14453125
EK202310168023,154.66015625
EK202310136980,156.9560546875
EK202310109577,144.44921875
EK202310242836,147.6669921875
EK202310245264,142.07421875
EK202310156259,144.181640625
EK202310190170,138.42578125
EK202310248085,115.8359375
EK202310236610,130.599609375
EK202310127984,110.0615234375
EK202310151526,174.2158203125
EK202310183833,126.9755859375
EK202310181035,121.48828125
EK202310209277,134.8115234375
EK202310208187,137.5478515625
EK202310113331,134.525390625
EK202310130050,145.5673828125
EK202310210098,172.5546875
EK202310131769,153.357421875
EK202310182943,160.54296875
EK202310245900,130.458984375
EK202310112562,158.5107421875
EK202310112368,141.9921875
EK202310153158,141.3662109375
EK202310246187,159.9931640625
EK202310158259,181.9794921875
EK202310191908,174.7255859375
EK202310229177,120.4716796875
EK202310173976,128.0341796875
EK202310235029,144.55859375
EK202310160651,143.3955078125
EK202310104176,143.8740234375
EK202310163031,154.73828125
EK202310189284,164.240234375
EK202310203767,116.77734375
EK202310153903,131.361328125
EK202310163959,139.634765625
EK202310175696,144.416015625
EK202310196551,138.0390625
EK202310130357,134.7314453125
EK202310227070,165.1357421875
EK202310223980,155.3046875
EK202320005716,156.9560546875
EK202310191016,149.94921875
EK202310159308,168.755859375
EK202310157506,125.83203125
EK202310205339,147.6416015625
EK202310173591,154.6669921875
EK202310212415,132.7490234375
EK202310152400,123.9365234375
EK202310116809,142.474609375
EK202310223921,165.0029296875
EK202310136881,126.8203125
EK202310197683,159.673828125
EK202310119242,147.4853515625
EK202310156431,144.5380859375
EK202310142993,163.0205078125
EK202310190357,125.029296875
EK202310138818,153.8603515625
EK202310180708,123.0302734375
EK202310171205,149.0869140625
EK202310205536,142.232421875
EK202310178501,150.3310546875
EK202310114516,146.947265625
EK202310217959,127.3369140625
EK202310197130,126.515625
EK202310175335,160.7841796875
EK202310106557,156.150390625
EK202310228468,138.53515625
EK202310107166,130.87890625
EK202310187850,160.392578125
EK202310231655,139.5048828125
EK202320005951,161.6533203125
EK202310110395,110.4326171875
EK202310229554,153.083984375
EK202310129150,138.3193359375
EK202310245507,151.7880859375
EK202310165967,144.9228515625
EK202310139144,126.86328125
EK202310205378,136.8466796875
EK202310118211,130.29296875
EK202310117975,134.40625
EK202310246423,121.373046875
EK202310224264,135.8955078125
EK202310157523,134.384765625
EK202310136806,153.8955078125
EK202310209414,144.921875
EK202310105657,145.421875
EK202310227287,133.966796875
EK202310143495,162.734375
EK202310104202,133.1611328125
EK202310132179,149.2900390625
EK202310192107,148.0537109375
EK202310201701,153.724609375
EK202310204228,133.267578125
EK202310204465,166.2568359375
EK202310220504,157.6630859375
EK202310190283,139.93359375
EK202310220919,146.1845703125
EK202310136224,146.1572265625
EK202310229439,126.15234375
EK202310201973,134.076171875
EK202310233266,143.6611328125
EK202310120402,148.2939453125
EK202310203268,138.779296875
EK202310103759,139.791015625
EK202310206364,138.3564453125
EK202310239486,133.8203125
EK202310167126,155.615234375
EK202310172738,139.0869140625
EK202310225872,157.2900390625
EK202310124187,146.5693359375
EK202310230657,144.60546875
EK202310219193,117.2978515625
EK202310169804,160.2783203125
EK202310214791,141.3515625
EK202310130499,153.109375
EK202310125258,139.0673828125
EK202310217221,136.162109375
EK202310244345,158.71875
EK202310130692,137.787109375
EK202310225290,160.078125
EK202310202584,152.119140625
EK202310165777,131.0732421875
EK202310173066,146.775390625
EK202310142994,158.873046875
EK202310146665,138.3212890625
EK202310213439,138.81640625
EK202310239350,134.6689453125
EK202310187146,164.0615234375
EK202310141831,168.7578125
EK202310181405,158.001953125
EK202310218983,137.00390625
EK202310224271,147.7333984375
EK202310141723,145.029296875
EK202310191900,143.7470703125
EK202310179485,160.9482421875
EK202310162868,141.2490234375
EK202310182366,134.505859375
EK202310148108,136.384765625
EK202310160133,155.6279296875
EK202310166838,162.8447265625
EK202310209189,135.2587890625
EK202310135477,168.9580078125
EK202310136211,128.673828125
EK202310211907,156.0966796875
EK202310204224,148.0546875
EK202310003420,121.0341796875
EK202310111245,166.634765625
EK202310155528,125.68359375
EK202310116420,156.046875
EK202310163647,131.4189453125
EK202310004316,131.25
EK202310136565,144.5400390625
EK202310242785,138.6044921875
EK202310142669,135.6650390625
EK202310113336,136.955078125
EK202310147196,138.5859375
EK202310198324,178.078125
EK202310143104,162.654296875
EK202310112994,143.458984375
EK202310175359,159.9541015625
EK202310185406,148.1357421875
EK202310179778,139.7431640625
EK202310112667,142.7587890625
EK202310194252,131.3173828125
EK202310147035,131.52734375
EK202310111219,162.0068359375
EK202310214524,142.138671875
EK202310232716,142.1591796875
EK202310105019,134.283203125
EK202310234559,135.1884765625
EK202310173427,169.1611328125
EK202310195378,137.98046875
EK202310134112,139.703125
EK202310181301,130.876953125
EK202310214980,146.2109375
EK202310238261,136.318359375
EK202310130718,136.876953125
EK202310147373,130.48828125
EK202310168667,154.7158203125
EK202310225226,162.421875
EK202310118349,142.5810546875
EK202310157718,149.2529296875
EK202310187448,164.982421875
EK202310181860,148.1884765625
EK202310236193,155.2626953125
EK202310152103,154.89453125
EK202310136089,170.1552734375
EK202310238835,150.6142578125
EK202310142264,133.4521484375
EK202310198539,157.119140625
EK202310190468,152.263671875
EK202320006389,154.5986328125
EK202310148444,130.3447265625
EK202310149959,161.814453125
EK202310228555,138.087890625
EK202310105501,144.615234375
EK202310119203,142.8203125
EK202310232306,151.2255859375
EK202310182557,136.1201171875
EK202310213342,128.900390625
EK202310167646,166.0771484375
EK202310195462,154.244140625
EK202310171718,148.5087890625
EK202310150737,131.1474609375
EK202310207739,152.0322265625
EK202310121660,139.4814453125
EK202310205678,139.9052734375
EK202310242815,116.7568359375
EK202310193926,131.267578125
EK202310169215,159.7861328125
EK202310121914,127.697265625
EK202310146443,131.83984375
EK202310186043,147.4921875
EK202310242764,142.8525390625
EK202310125734,113.6220703125
EK202310188093,137.734375
EK202310247744,151.4091796875
EK202310183732,158.8310546875
EK202310120950,131.6767578125
EK202310160943,147.4423828125
EK202310223077,146.7109375
EK202310113322,138.166015625
EK202310171016,167.431640625
EK202310118992,152.841796875
EK202310210813,133.017578125
EK202310119393,142.134765625
EK202310165072,146.39453125
EK202310130476,151.091796875
EK202310176158,134.1962890625
EK202310235070,151.6845703125
EK202310108800,131.8408203125
EK202310213698,122.9482421875
EK202310211960,138.7001953125
EK202310115107,144.587890625
EK202310154887,149.19140625
EK202310125964,140.470703125
EK202310197631,160.3564453125
EK202310152495,160.1181640625
EK202310138965,147.55859375
EK202310229751,138.0615234375
EK202310243042,142.3486328125
EK202310104932,136.0283203125
EK202310196593,164.8388671875
EK202310166871,131.4619140625
EK202310148398,156.87890625
EK202310209486,136.2861328125
EK202310136632,131.4921875
EK202310189646,159.9736328125
EK202310225870,148.5029296875
EK202310161755,132.0361328125
EK202310228917,139.095703125
EK202310148074,147.6845703125
EK202310127137,153.287109375
EK202310189248,131.00390625
EK202310125103,134.458984375
EK202310191210,130.3798828125
EK202310218240,142.1904296875
EK202310237275,129.5068359375
EK202310162417,159.6044921875
EK202320007302,158.1572265625
EK202310198514,130.076171875
EK202310156654,175.40625
EK202310171571,161.4775390625
EK202310177305,148.6455078125
EK202310246747,156.2109375
EK202310202758,178.8505859375
EK202310106134,134.361328125
EK202310004263,160.8662109375
EK202310167253,136.8310546875
EK202310154950,139.279296875
EK202310104343,141.806640625
EK202310162981,155.6044921875
EK202310170399,137.78515625
EK202310157462,141.353515625
EK202310222137,145.69140625
EK202320007745,148.8349609375
EK202310220891,126.884765625
EK202310197465,153.4365234375
EK202310169484,140.26171875
EK202310206857,133.4189453125
EK202310246430,122.5673828125
EK202310116674,138.7568359375
EK202310143852,148.9921875
EK202310181630,147.318359375
EK202310208946,139.5732421875
EK202310108868,146.9873046875
EK202310175588,139.4423828125
EK202310159547,120.6650390625
EK202310188294,141.7607421875
EK202310180437,152.1064453125
EK202310212936,143.6611328125
EK202310130231,172.0048828125
EK202310127231,141.8818359375
EK202310189985,147.8427734375
EK202310116510,141.8583984375
EK202310207462,155.8056640625
EK202310218692,151.8837890625
EK202310227138,132.6728515625
EK202310209607,148.494140625
EK202310119774,125.580078125
EK202310244607,134.080078125
EK202310113466,154.6669921875
EK202310117710,121.4599609375
EK202310175467,148.439453125
EK202310137952,145.748046875
EK202310235796,140.927734375
EK202310248336,141.46484375
EK202310185289,154.3505859375
EK202310149146,152.2412109375
EK202310129791,177.01171875
EK202310122547,132.9013671875
EK202310131673,152.1044921875
EK202310218477,156.412109375
EK202310158788,159.1455078125
EK202310243244,147.4853515625
EK202310137064,136.0361328125
EK202310178386,152.80078125
EK202310159003,131.3251953125
EK202310127413,145.1015625
EK202310194146,147.1298828125
EK202310232087,155.53515625
EK202310143601,156.8916015625
EK202310127915,148.52734375
EK202310148535,126.5009765625
EK202310127692,141.2998046875
EK202310134785,141.3779296875
EK202310196646,140.791015625
EK202310003600,130.3505859375
EK202310246935,165.615234375
EK202310239761,143.1201171875
EK202310216852,133.0009765625
EK202310220984,140.919921875
EK202310144095,136.48046875
EK202310152597,160.443359375
EK202310168343,139.923828125
EK202310137883,127.21875
EK202310193368,127.9990234375
EK202310127993,158.0009765625
EK202310141466,162.7666015625
EK202310124906,136.697265625
EK202310121318,139.9658203125
EK202310214552,159.41015625
EK202310242972,135.4091796875
EK202310169356,170.8076171875
EK202310141331,147.1962890625
EK202310148511,173.9814453125
EK202320006765,173.8974609375
EK202310131274,134.142578125
EK202310126970,139.3359375
EK202310167321,154.150390625
EK202310215589,135.80078125
EK202320006107,147.09765625
EK202310147086,160.494140625
EK202310233859,145.8330078125
EK202310141954,143.4306640625
EK202310234852,135.3935546875
EK202310136328,127.0712890625
EK202310133047,129.119140625
EK202310136399,134.0146484375
EK202310207760,135.923828125
EK202310139278,141.724609375
EK202310125356,136.375
EK202310146350,143.779296875
EK202310177090,134.0771484375
EK202310138005,129.681640625
EK202310137985,148.2412109375
EK202320005567,154.275390625
EK202310197087,137.1416015625
EK202310157990,151.7744140625
EK202310176214,150.6259765625
EK202310128811,132.9091796875
EK202310120029,138.005859375
EK202310144471,144.8388671875
EK202310188230,137.2607421875
EK202310154178,147.337890625
EK202310157814,137.765625
EK202310130684,141.7685546875
EK202310140639,140.1630859375
EK202310233784,140.6376953125
EK202310177044,133.1513671875
EK202310204770,157.9326171875
EK202310143193,128.4365234375
EK202310229063,147.580078125
EK202310142428,150.5126953125
EK202310142101,152.1279296875
EK202310199185,141.423828125
EK202310122048,141.189453125
EK202310189594,167.6572265625
EK202310105475,155.3095703125
EK202310181985,141.0751953125
EK202310111833,138.0888671875
EK202310164318,126.4658203125
EK202310170916,146.0556640625
EK202310158358,165.1630859375
EK202310106802,142.5693359375
EK202310158510,142.6298828125
EK202310212527,140.6142578125
EK202310109926,147.173828125
EK202310114932,168.298828125
EK202310223038,133.0087890625
EK202310193126,152.494140625
EK202310246777,147.994140625
EK202310189632,155.2587890625
EK202310240945,137.65234375
EK202310239693,141.5966796875
EK202310216494,141.466796875
EK202310183749,152.6259765625
EK202310141275,142.40234375
EK202310131036,130.8583984375
EK202310113828,160.8876953125
EK202310207144,131.6171875
EK202310190451,133.7470703125
EK202310229761,135.09765625
EK202320006392,156.3798828125
EK202310227082,144.453125
EK202310211827,134.1650390625
EK202310235192,144.4482421875
EK202310198132,148.9716796875
EK202310189905,161.3095703125
EK202310193570,151.9462890625
EK202310137822,123.453125
EK202310206557,135.6533203125
EK202310127272,150.154296875
EK202310195399,141.31640625
EK202310116174,168.6923828125
EK202310112198,141.6123046875
EK202310163418,157.2939453125
EK202310003339,151.22265625
EK202310145884,150.380859375
EK202310210819,130.6376953125
EK202310188596,136.0380859375
EK202310227740,128.01953125
EK202310171332,148.91015625
EK202310107268,133.951171875
EK202310232122,139.5693359375
EK202310145739,159.380859375
EK202310240638,129.931640625
EK202310174884,166.68359375
EK202310213193,138.6171875
EK202310218429,139.029296875
EK202310225216,124.8701171875
EK202310235813,135.4384765625
EK202310223825,147.525390625
EK202310165260,144.837890625
EK202310136218,146.681640625
EK202310138301,154.3076171875
EK202310217412,150.5771484375
EK202310224143,151.955078125
EK202310155730,148.2138671875
EK202310246010,111.3818359375
EK202310111437,143.435546875
EK202310162583,156.8740234375
EK202310126440,126.3759765625
EK202310104619,149.6962890625
EK202310172843,132.595703125
EK202310147555,176.5390625
EK202310161054,149.763671875
EK202310209188,147.2431640625
EK202310144583,132.56640625
EK202310113571,172.4951171875
EK202310236906,143.6171875
EK202310236614,143.8818359375
EK202310153224,151.669921875
EK202310139052,162.4130859375
EK202310238192,133.6875
EK202310233466,121.08984375
EK202310215038,156.111328125
EK202310179617,149.486328125
EK202310159717,139.919921875
EK202310152017,165.8671875
EK202310190439,138.138671875
EK202310193413,156.90625
EK202310160170,174.65234375
EK202310123300,126.8681640625
EK202310204445,146.232421875
EK202310214835,139.6484375
EK202310220520,140.869140625
EK202310003433,139.240234375
EK202310159797,131.2431640625
EK202310139535,158.630859375
EK202310118986,134.6494140625
EK202310131290,134.72265625
EK202310145211,123.3173828125
EK202310124121,141.0244140625
EK202310164013,134.78515625
EK202310158539,157.8330078125
EK202310157029,131.2880859375
EK202310205071,161.2666015625
EK202310237265,145.2578125
EK202310121334,154.609375
EK202310169722,160.1005859375
EK202310227972,148.9248046875
EK202310148017,172.4453125
EK202310201744,159.388671875
EK202310178777,155.064453125
EK202310158599,142.01171875
EK202310223823,144.55859375
EK202310244269,143.1982421875
EK202310145223,154.5322265625
EK202310183001,137.091796875
EK202310144652,135.984375
EK202310149925,147.6552734375
EK202310232433,139.623046875
EK202310170505,140.9599609375
EK202310213173,151.7861328125
EK202310140978,146.0146484375
EK202310003838,159.4052734375
EK202310197038,142.6640625
EK202310144172,155.82421875
EK202310107554,167.4287109375
EK202310145215,146.00390625
EK202310178423,134.4150390625
EK202310135509,167.4658203125
EK202310114244,137.9482421875
EK202310143184,142.619140625
EK202310141247,133.3046875
EK202310202303,148.4423828125
EK202310111325,140.4814453125
EK202310167906,151.107421875
EK202310105431,136.8408203125
EK202320005905,169.9814453125
EK202310127826,167.0791015625
EK202310104035,136.9521484375
EK202310213387,128.1484375
EK202310109955,128.3369140625
EK202310218233,143.326171875
EK202310115271,131.171875
EK202310206248,147.4375
EK202310158573,159.40625
EK202310183224,143.2529296875
EK202310231210,129.9462890625
EK202310118684,139.193359375
EK202310242985,134.345703125
EK202310136035,128.7197265625
EK202310231734,148.9423828125
EK202310145163,138.2744140625
EK202310211871,124.8251953125
EK202310151737,140.671875
EK202310165550,180.6298828125
EK202310214955,134.6416015625
EK202310112312,141.1357421875
EK202310122742,148.19140625
EK202310202487,130.0771484375
EK202310233089,148.376953125
EK202310166257,155.53125
EK202310180021,144.685546875
EK202310149123,125.3994140625
EK202310139242,154.4345703125
EK202310140791,147.8173828125
EK202310230828,141.8486328125
EK202310242667,139.037109375
EK202310188077,154.533203125
EK202310184134,154.3916015625
EK202310227767,158.8515625
EK202310206257,137.6357421875
EK202310112535,149.36328125
EK202310142903,149.0302734375
EK202310109645,134.171875
EK202310153020,145.2177734375
EK202310106726,132.154296875
EK202310223842,142.6650390625
EK202310194598,163.2109375
EK202310148450,118.533203125
EK202310120806,140.5458984375
EK202310209691,137.51953125
EK202310114213,150.58203125
EK202310152335,144.19140625
EK202310232377,143.61328125
EK202310150359,149.59765625
EK202310172745,128.0517578125
EK202310201411,158.5458984375
EK202310152893,162.060546875
EK202310155212,137.4287109375
EK202310182742,140.34375
EK202310183087,141.87890625
EK202310200379,141.5947265625
EK202310173094,118.6689453125
EK202310227985,142.55859375
EK202310238336,166.1728515625
EK202310184224,152.2109375
EK202310232915,154.3759765625
EK202310219151,137.228515625
EK202310213370,135.703125
EK202310219745,138.2265625
EK202310138780,140.34375
EK202310203481,145.6083984375
EK202310174922,141.931640625
EK202310233758,140.716796875
EK202310153471,135.189453125
EK202310151891,158.03515625
EK202320005592,148.3291015625
EK202310105631,133.9169921875
EK202310176003,146.177734375
EK202310181211,138.7685546875
EK202310144399,139.896484375
EK202310240649,131.3876953125
EK202310145192,152.7568359375
EK202310206829,143.4111328125
EK202310110211,131.5546875
EK202310234760,144.9990234375
EK202310114319,132.4658203125
EK202310135966,135.8720703125
EK202310183214,151.5556640625
EK202310163942,176.3349609375
EK202310219060,133.7626953125
EK202310192350,150.7177734375
EK202310130531,154.3427734375
EK202310163172,131.52734375
EK202310240348,131.693359375
EK202310198945,158.0556640625
EK202310004178,123.7646484375
EK202310199537,157.26953125
EK202310152430,146.2783203125
EK202310200143,157.19140625
EK202310190524,154.8642578125
EK202310116645,126.375
EK202310193204,145.93359375
EK202310148808,157.0166015625
EK202310231781,145.4619140625
EK202310129095,129.4130859375
EK202310114613,147.009765625
EK202310190518,135.8056640625
EK202310180509,135.587890625
EK202310220514,129.7685546875
EK202310225336,123.7900390625
EK202310237750,154.43359375
EK202310182363,143.0771484375
EK202310196291,166.0234375
EK202310161270,133.8095703125
EK202310132154,125.091796875
EK202310181652,126.4169921875
EK202310238306,144.5048828125
EK202310187861,133.671875
EK202310196524,162.7421875
EK202310218151,150.3876953125
EK202310176813,134.03125
EK202310115338,147.4287109375
EK202320007107,164.966796875
EK202310190744,159.740234375
EK202310242292,155.7763671875
EK202310133848,143.375
EK202310173165,141.978515625
EK202310201969,136.3427734375
EK202310194094,158.38671875
EK202310192787,138.8330078125
EK202310107065,129.0341796875
EK202310247670,171.017578125
EK202310200824,154.1650390625
EK202310157197,144.0146484375
EK202310192671,127.6630859375
EK202310189959,165.943359375
EK202310242747,141.6884765625
EK202310221418,106.49609375
EK202310178956,129.791015625
EK202310162978,157.86328125
EK202320006792,143.1494140625
EK202310119199,140.388671875
EK202310229640,141.490234375
EK202310136912,138.1728515625
EK202310193691,159.7783203125
EK202310141736,131.4072265625
EK202310159077,158.1923828125
EK202310199320,145.279296875
EK202310205972,126.7109375
EK202310155578,144.890625
EK202310115031,145.8076171875
EK202310143815,145.34375
EK202310133150,168.5419921875
EK202310133982,144.6025390625
EK202310216455,153.66015625
EK202310206390,133.71875
EK202310204338,156.7197265625
EK202310115162,143.6376953125
EK202310117837,122.53125
EK202310211582,137.0185546875
EK202310119713,147.904296875
EK202310136154,141.994140625
EK202310222178,132.01171875
EK202310143261,143.2412109375
EK202310122388,144.251953125
EK202310125099,143.7412109375
EK202310172723,126.3291015625
EK202310226850,137.705078125
EK202310111054,149.2978515625
EK202310187762,158.1044921875
EK202310213222,142.435546875
EK202310105201,169.271484375
EK202310173124,158.3154296875
EK202310180253,132.58984375
EK202310248026,169.826171875
EK202310177052,130.3466796875
EK202310171106,153.28515625
EK202310136327,131.77734375
EK202310208120,135.66796875
EK202310004784,140.7607421875
EK202310164690,147.751953125
EK202310214669,153.46875
EK202310131706,154.796875
EK202310104529,132.24609375
EK202310118248,140.91015625
EK202310137915,141.0068359375
EK202310247207,156.8759765625
EK202310185211,145.384765625
EK202310121850,111.3134765625
EK202310128165,154.865234375
EK202310123063,129.3076171875
EK202310219511,123.1650390625
EK202310242037,155.419921875
EK202310180079,145.583984375
EK202310193224,160.4736328125
EK202310191500,126.724609375
EK202310116444,127.91015625
EK202310130285,132.38671875
EK202310108568,128.939453125
EK202310136319,128.1494140625
EK202310224242,146.0712890625
EK202310227382,130.1865234375
EK202310202780,139.11328125
EK202310137223,144.376953125
EK202310230312,132.5537109375
EK202310234557,145.55078125
EK202310189352,164.0009765625
EK202310226383,130.8525390625
EK202310141535,149.5458984375
EK202310184208,132.380859375
EK202310230152,152.796875
EK202310160390,149.34765625
EK202310122632,134.0009765625
EK202310165838,142.642578125
EK202310144483,170.169921875
EK202310108194,141.279296875
EK202310106793,127.2333984375
EK202310120779,135.2939453125
EK202310113163,145.9404296875
EK202310115686,134.013671875
EK202310153049,143.98828125
EK202310177121,153.8818359375
EK202310151267,150.0400390625
EK202310214589,150.734375
EK202310208963,157.662109375
EK202310154044,149.47265625
EK202310198051,142.8115234375
EK202310105305,152.228515625
EK202310135168,139.6435546875
EK202310200887,125.3740234375
EK202310202015,145.794921875
EK202310211458,149.4599609375
EK202310135559,146.76953125
EK202310135685,159.1142578125
EK202310164450,126.861328125
EK202310195626,165.2470703125
EK202310238957,139.30078125
EK202310131647,148.2919921875
EK202310150387,140.712890625
EK202310121479,135.869140625
EK202310236900,133.7880859375
EK202310159488,148.97265625
EK202310191125,133.818359375
EK202310132284,143.701171875
EK202310205918,129.0419921875
EK202310192730,146.9912109375
EK202310123751,152.296875
EK202310157723,145.2724609375
EK202310166159,162.607421875
EK202310217657,132.69921875
EK202310139130,166.1787109375
EK202310176465,130.29296875
EK202310135907,133.1064453125
EK202310142364,119.630859375
EK202310106377,143.58984375
EK202310246049,125.3671875
EK202310213693,141.130859375
EK202310164186,158.6552734375
EK202310160898,148.4599609375
EK202310217495,161.4833984375
EK202310170927,127.5869140625
EK202310164087,130.73828125
EK202310202710,136.4345703125
EK202310161660,146.7607421875
EK202310118714,132.099609375
EK202310208776,156.150390625
EK202310192073,156.4248046875
EK202310149834,130.6796875
EK202310115300,140.8408203125
EK202310137234,134.6376953125
EK202310167336,143.8916015625
EK202310130940,137.4853515625
EK202310108363,132.4990234375
EK202310240062,153.9482421875
EK202310143711,147.08203125
EK202310126099,136.330078125
EK202310111701,143.2529296875
EK202310109430,131.4619140625
EK202310229241,125.0078125
EK202310224916,141.75
EK202310198104,141.6884765625
EK202310146821,141.6572265625
EK202310149423,158.001953125
EK202310189461,154.87890625
EK202310113093,131.2421875
EK202310203899,161.6494140625
EK202310222972,132.2197265625
EK202310122045,138.876953125
EK202310197655,170.4208984375
EK202310207370,157.642578125
EK202310126718,148.1162109375
EK202310239768,137.7021484375
EK202310154953,142.884765625
EK202310104866,139.1376953125
EK202310213299,141.841796875
EK202310152880,174.4580078125
EK202310210510,134.2841796875
EK202310003355,142.8896484375
EK202310138578,149.07421875
EK202310221979,125.962890625
EK202310136372,148.7451171875
EK202310240726,134.076171875
EK202310199316,161.9111328125
EK202310180477,141.216796875
EK202310222146,126.0283203125
EK202310195135,154.140625
EK202310225124,126.162109375
EK202310197588,167.439453125
EK202310164715,163.1904296875
EK202310224547,145.6953125
EK202310195634,158.2490234375
EK202310233272,133.6796875
EK202310133354,142.37109375
EK202310155274,145.408203125
EK202310187381,155.431640625
EK202310181622,135.23828125
EK202310180891,140.3291015625
EK202310208781,157.2724609375
EK202310138532,125.5341796875
EK202310158039,140.53515625
EK202310234759,145.7802734375
EK202310172371,139.181640625
EK202310004492,141.0068359375
EK202310167403,158.478515625
EK202310224663,133.2685546875
EK202310125319,139.064453125
EK202310148708,162.8271484375
EK202310199777,166.0068359375
EK202310121002,144.8232421875
EK202310223457,120.4501953125
EK202310241156,162.37109375
EK202310242414,157.15234375
EK202310233868,144.4541015625
EK202310218542,128.443359375
EK202310181849,173.458984375
EK202310199972,138.404296875
EK202310219891,112.5888671875
EK202310198598,162.3671875
EK202310192601,140.54296875
EK202310192902,145.8251953125
EK202310186540,133.4423828125
EK202310135637,144.8388671875
EK202310224182,168.287109375
EK202310245468,163.7431640625
EK202310187476,140.5966796875
EK202310004176,147.525390625
EK202310173306,138.708984375
EK202310174815,119.6728515625
EK202310003528,130.048828125
EK202310106869,140.3291015625
EK202310114334,127.498046875
EK202310128865,140.4873046875
EK202310162698,150.052734375
EK202310246100,143.6572265625
EK202310183029,145.443359375
EK202310138016,124.4248046875
EK202310003652,125.5068359375
EK202310206206,134.33984375
EK202310152370,150.5947265625
EK202310168292,149.7705078125
EK202310198068,144.8193359375
EK202310138206,133.9462890625
EK202310199965,138.791015625
EK202310108649,161.7900390625
EK202310120575,126.353515625
EK202310124777,131.7294921875
EK202310165021,139.3916015625
EK202310183112,150.2587890625
EK202310105459,131.6220703125
EK202310134757,135.41796875
EK202310103956,121.181640625
EK202310222980,155.3681640625
EK202310199522,164.599609375
EK202310224732,126.2529296875
EK202310192783,141.0244140625
EK202310194812,172.82421875
EK202310236020,148.1455078125
EK202310108411,155.162109375
EK202310106942,150.1875
EK202310110399,138.8115234375
EK202310203809,128.4482421875
EK202310126385,134.63671875
EK202310130826,138.1396484375
EK202310143699,157.150390625
EK202310115466,131.119140625
EK202310201041,146.2060546875
EK202310210566,158.59375
EK202310142263,145.2041015625
EK202310226772,145.578125
EK202310174000,143.3369140625
EK202310134341,174.5205078125
EK202310213426,132.9814453125
EK202310135863,154.70703125
EK202310135242,162.3154296875
EK202310146997,144.8037109375
EK202310243667,165.744140625
EK202310229674,135.3515625
EK202310130805,128.021484375
EK202310220574,137.783203125
EK202310164649,148.8779296875
EK202310134408,120.126953125
EK202310003474,132.3623046875
EK202310118263,140.9462890625
EK202310161867,152.3837890625
EK202310181365,131.6064453125
EK202310154801,156.3740234375
EK202310219520,146.453125
EK202310200310,151.0576171875
EK202310207883,157.1591796875
EK202310146716,144.447265625
EK202310123679,135.01171875
EK202310240065,169.9658203125
EK202310185668,153.0771484375
EK202310182482,164.734375
EK202310112781,145.53125
EK202310105135,160.7470703125
EK202310164531,131.30859375
EK202310150078,159.1611328125
EK202310223094,173.8603515625
EK202310247424,171.005859375
EK202310186061,125.767578125
EK202310173560,131.3359375
EK202310190249,155.6923828125
EK202310160821,153.654296875
EK202310188946,133.0078125
EK202310149161,145.716796875
EK202310122403,135.6611328125
EK202310195995,143.2548828125
EK202310176442,118.4814453125
EK202310146105,151.798828125
EK202310212801,151.361328125
EK202310227700,143.7392578125
EK202310180756,126.4931640625
EK202310140861,143.88671875
EK202310207186,164.564453125
EK202310225979,135.2548828125
EK202310171463,146.232421875
EK202310123630,136.00390625
EK202310184360,133.6552734375
EK202310176661,143.3447265625
EK202310118436,142.43359375
EK202310106839,130.923828125
EK202310205589,146.1162109375
EK202310224665,120.3037109375
EK202310191707,136.6875
EK202310108998,130.4140625
EK202310168084,145.4267578125
EK202310222339,160.7646484375
EK202310129697,136.0654296875
EK202310170459,135.2998046875
EK202310170867,146.1201171875
EK202310004814,137.3935546875
EK202310139330,128.0703125
EK202310243947,129.0498046875
EK202310158812,152.2294921875
EK202310246467,114.9501953125
EK202310139605,144.3876953125
EK202310204546,160.5244140625
EK202310247739,164.0546875
EK202310163645,139.45703125
EK202310213374,136.734375
EK202320006854,170.0966796875
EK202310003821,114.3056640625
EK202310154988,134.380859375
EK202310141484,156.1357421875
EK202310166793,147.318359375
EK202310216066,132.6103515625
EK202310209262,143.00390625
EK202310216292,153.0478515625
EK202310134069,120.9560546875
EK202310177735,146.634765625
EK202310213634,148.0478515625
EK202310162478,144.8369140625
EK202310232091,134.02734375
EK202310138848,152.201171875
EK202310233671,147.9658203125
EK202310142473,155.8994140625
EK202310159684,154.298828125
EK202310180111,157.6875
EK202310229192,154.361328125
EK202310119588,156.7412109375
EK202310238495,139.1201171875
EK202310209893,127.1494140625
EK202310234545,143.0341796875
EK202310174703,136.732421875
EK202310171373,141.94140625
EK202310150301,149.6494140625
EK202310198468,130.373046875
EK202310142834,137.33203125
EK202310123180,148.6181640625
EK202310205955,138.0361328125
EK202310227181,143.7705078125
EK202310147163,142.9853515625
EK202310196863,166.6103515625
EK202310107077,106.529296875
EK202310224123,134.37109375
EK202310178723,112.1806640625
EK202310188726,156.072265625
EK202310145842,138.3359375
EK202310126848,151.4541015625
EK202310149653,155.76171875
EK202310210321,127.12890625
EK202310138754,157.7412109375
EK202310190404,151.7958984375
EK202310142661,118.2275390625
EK202310163611,160.1240234375
EK202310192118,150.94140625
EK202310209339,145.814453125
EK202310211087,135.8935546875
EK202310200565,169.4912109375
EK202310162171,128.8603515625
EK202310239766,129.5634765625
EK202310242115,141.6474609375
EK202310206840,136.7373046875
EK202310186840,146.3720703125
EK202310122626,152.73046875
EK202310247532,152.291015625
EK202310248321,128.6123046875
EK202310137335,149.4501953125
EK202310164720,140.1650390625
EK202310164776,142.171875
EK202310172694,140.6162109375
EK202310115208,134.4248046875
EK202310140400,130.2470703125
EK202310217155,161.3994140625
EK202310220114,164.0615234375
EK202310145630,144.9111328125
EK202310246549,134.2119140625
EK202310204696,148.34765625
EK202310225296,134.841796875
EK202310195107,148.3154296875
EK202320006795,177.7080078125
EK202310108157,143.7490234375
EK202310121697,137.31640625
EK202310106708,151.0166015625
EK202310181363,132.9638671875
EK202310106364,137.869140625
EK202310180893,142.8115234375
EK202310183016,137.0390625
EK202310004166,123.3720703125
EK202310199838,144.896484375
EK202310148423,148.1572265625
EK202310181024,142.0380859375
EK202310114930,134.86328125
EK202310128476,175.146484375
EK202310169523,131.8798828125
EK202310168371,170.123046875
EK202310195418,159.62109375
EK202310176857,127.8076171875
EK202310111775,143.5419921875
EK202310153448,144.1142578125
EK202310141648,160.466796875
EK202320005982,145.771484375
EK202310003582,140.205078125
EK202310222503,136.45703125
EK202310202091,138.7412109375
EK202310115161,159.7900390625
EK202320007144,166.7763671875
EK202310120067,147.6484375
EK202310156517,146.01171875
EK202310248466,124.47265625
EK202310183536,155.0244140625
EK202310237952,159.7353515625
EK202310205472,160.4892578125
EK202310170132,152.3642578125
EK202310132623,121.232421875
EK202310227130,133.0439453125
EK202310131693,151.5888671875
EK202310212847,173.234375
EK202310192454,151.7626953125
EK202310151379,169.9443359375
EK202310166887,138.67578125
EK202310151838,135.1474609375
EK202310218637,136.6318359375
EK202320006368,173.8916015625
EK202310110191,133.0966796875
EK202310123397,149.8193359375
EK202310183798,146.2666015625
EK202310142570,150.04296875
EK202310123542,135.80078125
EK202310189606,172.79296875
EK202310239154,163.0185546875
EK202310218250,127.0849609375
EK202310222212,175.275390625
EK202310213689,137.625
EK202310108905,146.0498046875
EK202310201539,139.91796875
EK202310241773,131.6591796875
EK202310136938,156.798828125
EK202310223539,136.1455078125
EK202310175290,139.7763671875
EK202310167269,131.986328125
EK202310136276,155.2529296875
EK202310241802,123.326171875
EK202310159213,151.0771484375
EK202310163058,142.1591796875
EK202310204661,167.6513671875
EK202310165933,162.7041015625
EK202310123794,135.669921875
EK202310191803,113.3125
EK202310158551,165.841796875
EK202310146637,135.5322265625
EK202310214984,141.2421875
EK202310191267,148.380859375
EK202320005702,161.673828125
EK202310112412,138.794921875
EK202310246169,158.85546875
EK202310173215,149.3046875
EK202310233468,140.986328125
EK202310197783,174.6376953125
EK202310151122,130.7421875
EK202310248270,128.5673828125
EK202310238332,136.0283203125
EK202310194686,143.0146484375
EK202310205802,142.26171875
EK202310205367,137.2822265625
EK202310119704,145.25
EK202310149724,137.6787109375
EK202320007846,154.3310546875
EK202310108803,141.44921875
EK202310004799,146.23046875
EK202310198015,174.912109375
EK202310179913,137.2265625
EK202310180275,135.056640625
EK202310201100,157.8603515625
EK202310203139,154.546875
EK202310175999,152.2060546875
EK202310205556,151.423828125
EK202310215029,165.560546875
EK202310246170,152.2880859375
EK202310169135,142.7529296875
EK202310132991,123.876953125
EK202310122441,154.7275390625
EK202310004600,149.8388671875
EK202310158154,167.2333984375
EK202320006789,147.1865234375
EK202310235205,133.6962890625
EK202310241817,160.2255859375
EK202310108496,149.6943359375
EK202310159875,128.7060546875
EK202310214914,148.5498046875
EK202310145239,150.9150390625
EK202310133595,160.931640625
EK202310144564,133.3955078125
EK202310003645,145.2783203125
EK202310152554,144.361328125
EK202310234203,140.1875
EK202310119736,152.216796875
EK202310111683,137.94140625
EK202310171365,160.73046875
EK202310145469,148.0703125
EK202310104013,153.2998046875
EK202310162563,168.3251953125
EK202310234855,132.021484375
EK202310165574,179.1669921875
EK202310128252,125.5498046875
EK202310230398,141.1728515625
EK202310197359,164.2265625
EK202310184700,157.0517578125
EK202310139238,144.79296875
EK202310189435,152.1748046875
EK202310229589,135.1279296875
EK202310238308,134.8212890625
EK202310119072,139.3623046875
EK202310106928,131.109375
EK202310248344,138.3896484375
EK202310171179,165.103515625
EK202310247349,145.6376953125
EK202310246070,137.626953125
EK202310003686,145.505859375
EK202310113178,153.3115234375
EK202310228096,153.75
EK202310186013,118.4716796875
EK202310106951,146.56640625
EK202310177362,159.9375
EK202310158884,129.9853515625
EK202310138608,157.4931640625
EK202310143128,169.642578125
EK202310247561,137.78125
EK202310204978,131.234375
EK202310105695,128.2119140625
EK202310108077,123.2822265625
EK202310222072,130.8330078125
EK202310140241,132.869140625
EK202310175319,157.54296875
EK202310122035,141.130859375
EK202310106538,143.7177734375
EK202310178197,150.2998046875
EK202310169222,144.7724609375
EK202310216866,146.6953125
EK202310189689,149.822265625
EK202310228733,118.1328125
EK202310201271,138.3896484375
EK202310119633,148.544921875
EK202310138720,142.7431640625
EK202310108018,136.794921875
EK202310222345,128.9921875
EK202310210971,137.013671875
EK202310239519,142.193359375
EK202310111361,143.4189453125
EK202310115072,141.7607421875
EK202310152934,177.7626953125
EK202310201912,151.8203125
EK202310213140,148.94921875
EK202310123466,145.2724609375
EK202310212463,137.076171875
EK202310237675,161.83984375
EK202310161926,152.6357421875
EK202310145150,126.8466796875
EK202310185746,116.953125
EK202310177566,147.501953125
EK202310244477,150.0224609375
EK202310206745,162.333984375
EK202310174696,148.3857421875
EK202310218448,132.4228515625
EK202310131105,152.7109375
EK202310202457,131.8447265625
EK202310107914,137.69921875
EK202310177630,131.0400390625
EK202310167548,150.25
EK202310153531,131.30078125
EK202310119481,168.2392578125
EK202310233113,129.5947265625
EK202310200729,140.8115234375
EK202310107842,157.0419921875
EK202310145572,161.8896484375
EK202310141270,141.0732421875
EK202310180294,144.455078125
EK202310211781,145.08984375
EK202310130166,149.982421875
EK202310168426,148.9814453125
EK202310238553,139.9443359375
EK202310216542,159.1611328125
EK202310188002,143.1865234375
EK202310210328,141.5302734375
EK202310125237,129.4296875
EK202310248501,120.984375
EK202310178221,148.2607421875
EK202310108029,150.3701171875
EK202310111887,138.7490234375
EK202310185328,150.630859375
EK202310104024,150.1015625
EK202310136271,134.50390625
EK202310204759,168.3818359375
EK202310223434,137.2119140625
EK202310195383,148.9013671875
EK202310140709,126.8681640625
EK202310195890,164.7744140625
EK202310208311,158.083984375
EK202310154808,107.8916015625
EK202310125908,122.78125
EK202310128381,141.66796875
EK202310126417,142.1650390625
EK202310155257,141.59765625
EK202310180115,158.294921875
EK202310134943,145.1982421875
EK202310146571,132.3173828125
EK202310151982,151.9091796875
EK202310185006,140.849609375
EK202310141525,149.0146484375
EK202310122362,161.5234375
EK202310131463,145.7802734375
EK202310112675,136.0732421875
EK202310214395,152.0078125
EK202310117362,138.591796875
EK202310195147,150.671875
EK202310221205,134.869140625
EK202310108309,132.4619140625
EK202310117176,135.0703125
EK202310197367,168.3427734375
EK202310167645,166.947265625
EK202310216871,156.7646484375
EK202310246466,123.35546875
EK202310174197,131.52734375
EK202310133708,160.052734375
EK202310214726,153.06640625
EK202310235715,131.8876953125
EK202310144146,139.5908203125
EK202310232336,142.3212890625
EK202310126787,131.3232421875
EK202310147504,141.5537109375
EK202310205381,125.80859375
EK202310121997,134.388671875
EK202310212329,141.5869140625
EK202310112068,157.4658203125
EK202310136784,125.26953125
EK202310120002,125.1376953125
EK202310226231,141.5361328125
EK202310167029,162.5771484375
EK202310232991,141.9169921875
EK202310141646,161.755859375
EK202310217163,151.482421875
EK202310147198,150.3994140625
EK202310228365,134.12890625
EK202310194716,143.5224609375
EK202310199844,136.837890625
EK202310168777,132.80078125
EK202310192183,136.599609375
EK202310109241,149.59375
EK202310222596,141.40625
EK202310126978,146.4150390625
EK202310152604,126.3544921875
EK202310122324,126.0673828125
EK202310112196,141.7138671875
EK202310145565,162.236328125
EK202310207537,138.01953125
EK202310198691,179.955078125
EK202310193152,150.9833984375
EK202310131752,151.9599609375
EK202310201904,158.4111328125
EK202310244465,130.04296875
EK202310233714,144.8076171875
EK202310153449,137.109375
EK202310217520,132.1416015625
EK202310113415,129.7783203125
EK202310172532,144.685546875
EK202310211969,136.2626953125
EK202310199232,137.8427734375
EK202310218608,139.8740234375
EK202310122448,130.576171875
EK202310184841,144.2333984375
EK202310130240,164.6123046875
EK202310210575,121.9501953125
EK202310175143,145.53125
EK202310121434,129.791015625
EK202310172273,130.87109375
EK202310175483,154.7021484375
EK202310197679,152.5517578125
EK202310155037,118.953125
EK202310171911,165.7138671875
EK202310191161,114.93359375
EK202310244157,144.505859375
EK202310189824,158.4326171875
EK202310149560,142.6640625
EK202310179284,122.0
EK202310203064,158.4482421875
EK202310185974,128.458984375
EK202310225562,150.34375
EK202310153740,131.1083984375
EK202310225206,145.58203125
EK202310193780,122.791015625
EK202310198553,150.3076171875
EK202310174477,162.4462890625
EK202310200421,126.3388671875
EK202310119138,151.2353515625
EK202320005816,144.1484375
EK202310175740,135.5732421875
EK202310116505,140.3828125
EK202310198911,137.201171875
EK202310127697,136.099609375
EK202310212650,143.5205078125
EK202310150100,110.80078125
EK202310167937,153.2392578125
EK202310221941,131.3818359375
EK202310117495,131.708984375
EK202310143529,151.7607421875
EK202310166968,130.2861328125
EK202310129968,157.357421875
EK202310194131,142.3798828125
EK202310186960,162.29296875
EK202310128028,149.0615234375
EK202310105027,148.6376953125
EK202310222774,127.95703125
EK202310244918,124.6689453125
EK202310210086,163.2099609375
EK202310179813,138.1015625
EK202310187059,164.4375
EK202310195516,133.255859375
EK202310132170,124.978515625
EK202310183880,159.8779296875
EK202310248278,141.4384765625
EK202310221792,137.3056640625
EK202310166778,148.23046875
EK202310148365,141.2373046875
EK202310205442,135.1376953125
EK202310201815,149.23828125
EK202310201915,151.837890625
EK202310183293,164.60546875
EK202310104337,150.3359375
EK202310120714,131.0478515625
EK202310132745,140.2392578125
EK202310241556,152.087890625
EK202310145559,154.927734375
EK202310140527,132.435546875
EK202310105180,134.783203125
EK202310115505,129.4775390625
EK202310232969,154.64453125
EK202310168606,124.619140625
EK202310117990,135.4384765625
EK202310143898,130.365234375
EK202310111999,140.3310546875
EK202310133045,131.634765625
EK202310142041,140.9814453125
EK202310216099,134.55078125
EK202310138895,139.751953125
EK202310147820,152.6298828125
EK202310113918,144.5283203125
EK202310226640,130.8564453125
EK202310169991,164.7529296875
EK202310195941,148.8935546875
EK202310213195,148.591796875
EK202310161969,148.1025390625
EK202310208345,158.5546875
EK202310180754,148.94140625
EK202310110267,136.9677734375
EK202310194583,159.3740234375
EK202320007655,158.5009765625
EK202310142157,138.1025390625
EK202310112664,128.0771484375
EK202310136957,166.318359375
EK202310215766,130.2060546875
EK202310167175,149.951171875
EK202310004831,151.4208984375
EK202310159889,160.51171875
EK202310125472,139.0244140625
EK202310166020,146.4248046875
EK202310240418,140.615234375
EK202310156003,144.3740234375
EK202310188199,131.9130859375
EK202310213973,144.6376953125
EK202310233649,136.6474609375
EK202310124811,141.796875
EK202310216543,137.626953125
EK202310121207,128.6708984375
EK202310132104,137.9072265625
EK202310138805,154.4287109375
EK202310234030,140.5634765625
EK202310172808,132.3017578125
EK202310122536,140.2763671875
EK202310189381,130.8662109375
EK202310242706,162.2294921875
EK202310239058,122.3994140625
EK202310192990,145.71484375
EK202310202471,158.361328125
EK202310222312,164.2646484375
EK202310202945,152.2490234375
EK202310199092,155.875
EK202310128375,143.4912109375
EK202310107473,136.263671875
EK202310170279,147.2978515625
EK202310149133,149.30078125
EK202310199648,169.7978515625
EK202320006719,150.697265625
EK202310234669,143.1123046875
EK202310149973,152.6435546875
EK202310154407,137.6416015625
EK202310192562,152.734375
EK202310158354,147.236328125
EK202310202377,132.7470703125
EK202310225193,135.0478515625
EK202310117896,143.4189453125
EK202310122973,130.8603515625
EK202310163485,159.064453125
EK202310146561,126.8466796875
EK202310248571,155.23046875
EK202310145328,167.5146484375
EK202310229897,134.3642578125
EK202310225899,131.6025390625
EK202310154673,150.9375
EK202310242080,145.1044921875
EK202310234618,142.4755859375
EK202310229514,112.5341796875
EK202310199205,144.8330078125
EK202310189908,154.7685546875
EK202310227654,142.6806640625
EK202310108175,128.126953125
EK202310165456,126.5712890625
EK202310204739,131.5634765625
EK202310124368,136.68359375
EK202310221567,137.1337890625
EK202310111364,123.7373046875
EK202310166449,145.7216796875
EK202310104016,149.0517578125
EK202310109663,144.099609375
EK202310233976,154.4345703125
EK202310116602,133.865234375
EK202310206707,174.1806640625
EK202310125360,135.0361328125
EK202310141090,146.8818359375
EK202310187733,145.6708984375
EK202310146874,137.1357421875
EK202310199999,125.265625
EK202310133984,155.1787109375
EK202310239052,136.208984375
EK202310116872,136.115234375
EK202310170227,155.26171875
EK202320007825,164.1025390625
EK202310247712,140.703125
EK202310133557,154.94921875
EK202310122565,138.05859375
EK202310164010,140.28125
EK202310176533,155.5263671875
EK202310222265,130.93359375
EK202310164867,146.6240234375
EK202310163156,136.0615234375
EK202310183272,148.560546875
EK202310127914,130.724609375
EK202310245446,123.2919921875
EK202310207443,144.6171875
EK202310197727,162.0341796875
EK202310172576,154.45703125
EK202310004885,125.4384765625
EK202310233895,152.953125
EK202310210570,173.0791015625
EK202310199572,157.298828125
EK202310168376,176.5361328125
EK202310196031,143.3896484375
EK202310208454,150.46875
EK202310218454,146.087890625
EK202310194926,123.7666015625
EK202310150716,159.4365234375
EK202310169424,155.302734375
EK202310141489,165.4775390625
EK202310198731,180.326171875
EK202310224708,138.748046875
EK202310220317,155.9892578125
EK202310158723,163.6259765625
EK202310226439,148.095703125
EK202310155952,156.869140625
EK202310235925,146.56640625
EK202310149483,155.2646484375
EK202310182940,144.4755859375
EK202310233127,153.1494140625
EK202310198223,166.3193359375
EK202310206595,124.7666015625
EK202310162953,147.712890625
EK202310124622,141.7353515625
EK202310199000,145.4697265625
EK202310225515,145.51171875
EK202310200414,149.5
EK202310163151,140.6357421875
EK202310147583,128.6572265625
EK202310175959,143.60546875
EK202310156571,162.0673828125
EK202310159464,141.1201171875
EK202310133803,142.6796875
EK202310143242,165.8310546875
EK202320007862,144.5390625
EK202310137674,136.1845703125
EK202310158748,149.515625
EK202310134807,147.89453125
EK202310232180,133.611328125
EK202310115545,154.73828125
EK202310106800,143.705078125
EK202310164487,135.408203125
EK202310189669,165.4140625
EK202310183633,134.4052734375
EK202310160528,150.951171875
EK202310157424,140.3076171875
EK202310175169,141.2333984375
EK202310230775,132.6630859375
EK202310176300,128.37109375
EK202310154141,136.4970703125
EK202310121636,141.69140625
EK202310117991,127.541015625
EK202310114748,145.1572265625
EK202310182305,152.49609375
EK202310183422,163.103515625
EK202310196576,159.9541015625
EK202310212365,147.0654296875
EK202310157851,142.3486328125
EK202310143833,144.50390625
EK202310162493,146.69140625
EK202310200657,157.36328125
EK202310164870,145.939453125
EK202310139418,156.5634765625
EK202310114290,152.1591796875
EK202310206834,133.5693359375
EK202310235641,145.07421875
EK202310179682,153.7421875
EK202310209582,127.146484375
EK202310225738,142.2197265625
EK202310108381,128.759765625
EK202310125569,130.4267578125
EK202310218417,133.3251953125
EK202310228389,164.7646484375
EK202310145963,146.4580078125
EK202310109134,124.9775390625
EK202310177470,139.48046875
EK202310162374,125.8994140625
EK202310195949,124.064453125
EK202310122797,166.2255859375
EK202310140758,120.15625
EK202310232602,148.5576171875
EK202310200151,136.0
EK202310166863,122.4482421875
EK202310237243,131.232421875
EK202310120027,146.1318359375
EK202310132524,171.9765625
EK202310204016,138.3330078125
EK202310189020,141.322265625
EK202310202009,144.494140625
EK202310139108,170.0966796875
EK202310181804,151.31640625
EK202310205040,153.3193359375
EK202310141451,141.927734375
EK202310164866,153.30859375
EK202310245490,132.279296875
EK202310181489,135.9384765625
EK202310147345,139.18359375
EK202310148300,130.8642578125
EK202320006124,164.9423828125
EK202310196622,126.4501953125
EK202310182658,160.552734375
EK202310227451,156.1201171875
EK202310209633,132.9306640625
EK202310180045,150.3017578125
EK202310240543,117.8505859375
EK202310115142,154.501953125
EK202310247768,141.14453125
EK202320005662,158.2490234375
EK202310182225,168.056640625
EK202310187393,142.7685546875
EK202310111676,137.9228515625
EK202310234672,157.78125
EK202310217174,166.3662109375
EK202310169712,160.408203125
EK202310141144,152.0830078125
EK202310204110,135.5927734375
EK202310217308,133.1025390625
EK202310117170,149.783203125
EK202310129087,157.0244140625
EK202310221591,153.0732421875
EK202310209271,123.3251953125
EK202310219363,133.986328125
EK202310004090,142.7958984375
EK202310211544,119.8232421875
EK202310224956,144.046875
EK202310141398,127.970703125
EK202310148915,142.419921875
EK202310170219,124.0390625
EK202310191982,148.4345703125
EK202310223575,131.9482421875
EK202310104511,131.0654296875
EK202310152387,150.8369140625
EK202310218082,149.884765625
EK202310217177,141.1611328125
EK202310248357,135.8037109375
EK202310129896,139.8095703125
EK202310152480,129.365234375
EK202310239767,146.4638671875
EK202310160883,144.3447265625
EK202310140193,140.625
EK202310207625,141.5859375
EK202310165482,150.0517578125
EK202310158005,143.1806640625
EK202310185420,127.173828125
EK202310187990,157.236328125
EK202310138441,154.224609375
EK202310147390,133.52734375
EK202310158825,140.58203125
EK202310183745,146.9794921875
EK202310148680,142.84375
EK202310129708,153.9853515625
EK202310190440,133.826171875
EK202310157144,173.333984375
EK202310113257,133.8994140625
EK202310141541,139.6298828125
EK202310190438,144.357421875
EK202310243356,148.3115234375
EK202310183196,153.9619140625
EK202310196369,142.3037109375
EK202310144897,104.6064453125
EK202310144635,139.1513671875
EK202310237276,121.8125
EK202310196220,158.3486328125
EK202310202228,139.216796875
EK202310123488,122.416015625
EK202310105805,142.650390625
EK202310142565,162.9873046875
EK202310218967,130.939453125
EK202310120796,141.2998046875
EK202310231531,126.9970703125
EK202310199801,142.943359375
EK202310134790,135.208984375
EK202310203666,155.9345703125
EK202310226666,136.70703125
EK202310232447,133.1640625
EK202310135897,149.544921875
EK202310168701,139.9169921875
EK202310237343,138.765625
EK202310154466,166.380859375
EK202310136457,149.353515625
EK202310121974,135.4287109375
EK202310134631,140.2568359375
EK202310213018,126.8662109375
EK202310194001,144.4296875
EK202310136650,163.8876953125
EK202310111505,151.7978515625
EK202310209080,157.4697265625
EK202310152444,150.4462890625
EK202310121350,138.35546875
EK202310240365,145.251953125
EK202310159007,162.421875
EK202310127159,142.0439453125
EK202310226609,124.8701171875
EK202310161102,175.8876953125
EK202310103730,139.73828125
EK202310111243,142.908203125
EK202310156130,131.96484375
EK202310178873,122.96875
EK202310176169,142.11328125
EK202320005724,182.6396484375
EK202310150195,153.0517578125
EK202320005792,161.5986328125
EK202310117762,128.234375
EK202310234499,130.1943359375
EK202310176172,154.7333984375
EK202320007254,146.767578125
EK202310128419,163.5400390625
EK202310117754,137.8291015625
EK202310222410,133.5595703125
EK202310132750,130.7431640625
EK202310195145,137.2255859375
EK202310221266,134.0654296875
EK202310156961,144.525390625
EK202310105175,155.3720703125
EK202310167584,145.4794921875
EK202310119050,146.21875
EK202310127062,146.771484375
EK202310192052,120.9052734375
EK202310118002,138.6728515625
EK202310108997,124.3447265625
EK202310160289,139.7421875
EK202310245922,139.2353515625
EK202310116464,124.40625
EK202310192195,145.494140625
EK202310237707,128.4169921875
EK202310145422,141.462890625
EK202310245683,141.849609375
EK202310121291,122.5244140625
EK202310209309,162.5283203125
EK202310104450,148.41796875
EK202310123660,115.169921875
EK202310186410,130.3203125
EK202310151555,167.4501953125
EK202310104952,144.0244140625
EK202310115719,121.162109375
EK202310181542,139.958984375
EK202310150013,165.1728515625
EK202310205849,155.9775390625
EK202310196534,144.3623046875
EK202310131464,148.4228515625
EK202310210210,135.546875
EK202310104249,150.306640625
EK202310207772,142.8583984375
EK202310134829,135.8046875
EK202310179456,122.2685546875
EK202310113484,117.2236328125
EK202310182484,153.2978515625
EK202310120445,132.478515625
EK202310213478,129.48828125
EK202310130129,144.4658203125
EK202310197510,150.62890625
EK202310192959,143.740234375
EK202310203760,144.5419921875
EK202310240021,157.7392578125
EK202310160111,148.9189453125
EK202310202544,149.4013671875
EK202310195908,139.369140625
EK202310220917,131.8125
EK202310146833,133.8955078125
EK202310108791,133.4580078125
EK202310225259,147.3974609375
EK202310197958,167.6025390625
EK202310157062,154.0166015625
EK202310214170,131.3798828125
EK202310243954,144.8251953125
EK202310110033,137.3271484375
EK202310144804,132.37109375
EK202310114117,142.345703125
EK202310165416,142.43359375
EK202310228479,128.9892578125
EK202310188134,155.427734375
EK202320006372,157.87109375
EK202310111226,165.0400390625
EK202310118404,133.767578125
EK202310160695,156.5478515625
EK202310114408,146.3330078125
EK202310182288,143.673828125
EK202310213633,135.689453125
EK202310229313,126.9755859375
EK202310118665,138.474609375
EK202310233785,158.8876953125
EK202310143238,128.7275390625
EK202310128242,131.947265625
EK202310208336,148.2822265625
EK202310216912,152.7900390625
EK202310227300,133.4814453125
EK202310196434,134.69921875
EK202310241940,158.4990234375
EK202310140334,137.013671875
EK202310122524,135.220703125
EK202310211571,121.7509765625
EK202310202080,147.1591796875
EK202310155180,167.5703125
EK202310209752,136.5302734375
EK202310003753,159.44921875
EK202310194332,150.3271484375
EK202320005885,164.041015625
EK202310135026,168.423828125
EK202310225630,153.1025390625
EK202310129248,156.865234375
EK202310118004,146.826171875
EK202310126344,129.517578125
EK202310125666,155.9853515625
EK202310169951,130.8828125
EK202310159424,150.8095703125
EK202310195617,144.2275390625
EK202310240165,126.318359375
EK202310109583,147.2666015625
EK202310127484,153.6181640625
EK202310115422,124.7109375
EK202310189217,137.1796875
EK202310164467,118.865234375
EK202310160239,157.3232421875
EK202310205148,145.6171875
EK202310177198,127.341796875
EK202310248326,131.7646484375
EK202320007611,155.5703125
EK202310216806,135.39453125
EK202310236444,128.0205078125
EK202310202895,164.3857421875
EK202310189069,138.146484375
EK202310164095,175.138671875
EK202310177139,140.6064453125
EK202310150069,153.2998046875
EK202310217651,137.1484375
EK202310104531,117.8349609375
EK202310175593,125.1455078125
EK202310128801,127.98046875
EK202310226079,178.5830078125
EK202310195896,151.6298828125
EK202310248307,135.466796875
EK202310213215,158.4189453125
EK202310126761,152.0400390625
EK202310138077,136.09765625
EK202310219983,130.5048828125
EK202310155585,147.8115234375
EK202310224738,162.4130859375
EK202310121398,129.6435546875
EK202310144202,140.7099609375
EK202310171260,147.1005859375
EK202310224405,138.5732421875
EK202310168192,147.1787109375
EK202310147878,147.14453125
EK202310190896,141.779296875
EK202310114382,143.505859375
EK202310115319,153.3232421875
EK202310212295,138.134765625
EK202310145014,133.494140625
EK202310153112,130.7490234375
EK202310181859,133.2470703125
EK202310201638,136.734375
EK202310217948,146.0439453125
EK202310126418,127.7041015625
EK202310147842,140.146484375
EK202310213180,145.759765625
EK202310149555,157.4677734375
EK202310162559,152.248046875
EK202310181969,147.4814453125
EK202310239453,135.01953125
EK202310185897,150.349609375
EK202320007785,144.6142578125
EK202310181407,155.7431640625
EK202310223290,141.416015625
EK202310197319,143.3310546875
EK202310128098,149.568359375
EK202310131498,149.37109375
EK202310104275,151.5439453125
EK202310152898,165.982421875
EK202310207617,141.9521484375
EK202310165239,142.8544921875
EK202310161435,140.859375
EK202310242971,152.873046875
EK202310111598,140.6337890625
EK202310131958,125.0302734375
EK202310186311,140.419921875
EK202310157046,140.07421875
EK202310115828,136.783203125
EK202320005888,156.625
EK202310116165,151.8701171875
EK202310127616,151.826171875
EK202310190516,139.6474609375
EK202310181145,145.4501953125
EK202310112674,130.5
EK202310108818,146.4287109375
EK202310137418,134.66015625
EK202310234306,154.193359375
EK202310147271,136.2294921875
EK202310228137,127.625
EK202310208396,142.6396484375
EK202310129360,158.6640625
EK202310104685,127.4560546875
EK202310240248,150.634765625
EK202310111851,123.623046875
EK202310110232,141.9921875
EK202310149631,141.703125
EK202310111987,135.2763671875
EK202310149812,155.7001953125
EK202310125394,144.359375
EK202310201038,133.8505859375
EK202310196950,131.3916015625
EK202310130689,145.7763671875
EK202310162831,147.1044921875
EK202310191124,116.068359375
EK202310137249,140.7705078125
EK202310221302,135.09765625
EK202310119496,128.4853515625
EK202310123089,126.708984375
EK202310201023,135.6162109375
EK202310200056,139.763671875
EK202310124074,137.9541015625
EK202310187451,166.794921875
EK202310178204,167.6162109375
EK202310176034,166.5908203125
EK202310105275,156.876953125
EK202310217600,156.66796875
EK202310145365,104.86328125
EK202310179864,124.9111328125
EK202310146164,125.3642578125
EK202310148409,146.77734375
EK202310160145,153.6552734375
EK202310211569,144.27734375
EK202310191535,147.9169921875
EK202310212337,147.5576171875
EK202310186617,143.4482421875
EK202310200499,139.4287109375
EK202310190255,139.7373046875
EK202310161517,168.6025390625
EK202310167751,147.578125
EK202310230575,134.9306640625
EK202310160889,129.259765625
EK202310236418,139.755859375
EK202310176273,142.9921875
EK202310104700,143.1513671875
EK202310107420,144.017578125
EK202310169267,157.24609375
EK202310187330,169.4208984375
EK202310140279,142.111328125
EK202310201773,148.7431640625
EK202310168395,153.9501953125
EK202310166412,131.7060546875
EK202310175402,132.2275390625
EK202310128581,159.6962890625
EK202310232461,148.5302734375
EK202310138340,146.705078125
EK202310175300,139.1181640625
EK202310125041,143.5615234375
EK202310177394,166.515625
EK202310163068,155.1552734375
EK202310128960,152.0146484375
EK202310213859,144.8251953125
EK202310153664,136.1337890625
EK202310168885,143.71875
EK202310211096,151.396484375
EK202310233212,137.41796875
EK202310204970,148.939453125
EK202310246566,140.59765625
EK202310181736,169.8974609375
EK202310235583,152.986328125
EK202310235586,133.3642578125
EK202310229567,137.56640625
EK202310237891,156.212890625
EK202310156320,145.0625
EK202310200700,145.150390625
EK202310157317,127.2119140625
EK202310165659,120.2314453125
EK202310230462,171.03125
EK202310107771,123.5537109375
EK202310199945,132.54296875
EK202310239536,147.703125
EK202310108719,140.1533203125
EK202310193930,144.40234375
EK202310153705,150.970703125
EK202310230423,135.494140625
EK202310142088,128.40234375
EK202310240261,129.796875
EK202310234834,117.7158203125
EK202310175123,129.9990234375
EK202310223459,140.4853515625
EK202310113022,137.7548828125
EK202310139384,129.453125
EK202310127365,142.8330078125
EK202310175890,123.181640625
EK202310210471,113.3359375
EK202310124749,121.28515625
EK202310107106,155.76953125
EK202310199447,137.1455078125
EK202310214057,146.7626953125
EK202310158006,174.388671875
EK202310183095,153.052734375
EK202310122989,158.4501953125
EK202310004181,122.1748046875
EK202310221000,160.861328125
EK202310216704,132.3662109375
EK202310218492,136.22265625
EK202310175061,147.4423828125
EK202310144712,133.0986328125
EK202310230385,123.619140625
EK202310154951,144.9619140625
EK202310158887,150.8388671875
EK202310132252,132.2177734375
EK202310160262,169.578125
EK202310153966,129.814453125
EK202310190560,132.5283203125
EK202310124555,139.8896484375
EK202310114555,145.958984375
EK202310190493,156.6982421875
EK202310161137,138.8369140625
EK202310224942,144.74609375
EK202310230466,160.7529296875
EK202310216178,141.64453125
EK202310205948,135.4697265625
EK202320006948,159.1171875
EK202310224873,132.06640625
EK202310231707,127.9873046875
EK202310198816,147.0244140625
EK202310239894,135.7099609375
EK202310212434,130.265625
EK202310242399,136.630859375
EK202310126630,161.0390625
EK202310212116,140.0244140625
EK202310116735,151.232421875
EK202310142424,137.9052734375
EK202310126653,142.205078125
EK202310130536,146.46484375
EK202320007559,164.30078125
EK202310244114,129.3251953125
EK202310194656,141.087890625
EK202310228023,130.798828125
EK202310184412,141.6318359375
EK202310138297,148.5810546875
EK202310233553,148.3212890625
EK202310222650,135.3271484375
EK202310148133,151.8798828125
EK202310124138,147.314453125
EK202310210134,139.365234375
EK202310203676,144.4140625
EK202310120898,158.39453125
EK202310167341,158.8388671875
EK202310180216,152.3359375
EK202310246916,131.705078125
EK202310157656,122.9091796875
EK202310205414,134.9052734375
EK202310152717,156.5732421875
EK202310106791,154.8857421875
EK202310105725,139.9130859375
EK202310104432,148.703125
EK202310194299,139.5986328125
EK202310153184,137.591796875
EK202310240659,156.6083984375
EK202310219840,127.462890625
EK202310153949,145.0615234375
EK202310132803,157.791015625
EK202310146592,151.7685546875
EK202310172131,129.9404296875
EK202310121613,128.3310546875
EK202310167818,147.83984375
EK202310200796,152.7529296875
EK202310116481,130.2919921875
EK202310114639,153.1669921875
EK202310212375,123.2568359375
EK202310235321,141.240234375
EK202310222322,142.3583984375
EK202310110700,130.611328125
EK202310189946,158.8095703125
EK202310162874,152.0693359375
EK202310130785,123.572265625
EK202310242378,139.322265625
EK202310241513,128.6884765625
EK202310160539,144.8017578125
EK202310222342,131.7099609375
EK202310138062,130.6103515625
EK202310231769,137.0791015625
EK202310158224,134.314453125
EK202310224139,139.2705078125
EK202310216169,135.576171875
EK202310139185,135.6103515625
EK202310110485,138.71875
EK202310239046,140.7119140625
EK202310138942,140.4267578125
EK202310169633,125.8388671875
EK202310109575,154.041015625
EK202310200090,155.54296875
EK202310163491,153.7724609375
EK202310148729,136.7724609375
EK202310140411,154.169921875
EK202310243532,138.1591796875
EK202310125468,131.79296875
EK202310221117,143.9111328125
EK202310232056,138.705078125
EK202310210091,154.6806640625
EK202320006396,150.552734375
EK202310142016,119.1669921875
EK202310235002,135.4765625
EK202310183074,130.6298828125
EK202310182233,147.4716796875
EK202310225556,133.3583984375
EK202310179915,139.876953125
EK202310173349,150.8779296875
EK202310212842,156.8876953125
EK202310197784,165.048828125
EK202310138785,153.177734375
EK202310144444,134.658203125
EK202310181562,135.291015625
EK202310248524,142.9404296875
EK202310216425,149.9970703125
EK202310229912,124.9345703125
EK202310139002,138.5146484375
EK202310120982,123.4013671875
EK202310221837,127.70703125
EK202310119947,160.9443359375
EK202310149071,158.9072265625
EK202310185898,154.6708984375
EK202310117197,142.5791015625
EK202310142908,147.3330078125
EK202310185756,171.0546875
EK202310238913,170.84375
EK202310204574,155.27734375
EK202310113564,161.4462890625
EK202310118542,134.431640625
EK202310167688,136.8466796875
EK202310212185,135.56640625
EK202310117088,135.599609375
EK202310229808,166.708984375
EK202310207582,150.7978515625
EK202310154912,138.927734375
EK202310181168,139.072265625
EK202310149374,136.0732421875
EK202310104396,150.3876953125
EK202310109994,138.779296875
EK202310170860,136.2265625
EK202310115815,145.1923828125
EK202310214779,149.51953125
EK202310109121,135.1748046875
EK202310134158,136.310546875
EK202310167627,161.146484375
EK202310225236,137.9013671875
EK202310181807,134.4130859375
EK202310247389,147.88671875
EK202310235579,157.9755859375
EK202310173291,140.7880859375
EK202310192355,138.6708984375
EK202310142541,138.017578125
EK202310150510,123.0888671875
EK202310223761,137.298828125
EK202310175574,128.6787109375
EK202310238511,134.787109375
EK202310157509,147.9189453125
EK202310181989,138.8701171875
EK202310003618,138.5693359375
EK202310179471,141.185546875
EK202310230763,142.4765625
EK202310204971,151.265625
EK202310233557,121.2666015625
EK202310145292,140.169921875
EK202320005880,160.6982421875
EK202310245241,149.072265625
EK202310212493,135.740234375
EK202310193001,141.8447265625
EK202310199238,135.4501953125
EK202310160941,126.04296875
EK202310155028,123.9052734375
EK202310130868,139.701171875
EK202310200440,155.66796875
EK202310182060,151.5625
EK202310111816,141.5576171875
EK202310146969,136.6865234375
EK202310158404,139.0771484375
EK202310110705,139.494140625
EK202310186759,137.26171875
EK202310157536,129.1025390625
EK202310140019,131.1572265625
EK202310179351,126.0634765625
EK202310183791,155.767578125
EK202310206480,177.171875
EK202310133811,133.52734375
EK202310217540,147.716796875
EK202310132032,131.7197265625
EK202310139504,178.57421875
EK202310161554,149.578125
EK202310127921,144.837890625
EK202310140328,130.76953125
EK202310179259,152.1142578125
EK202310110275,143.0830078125
EK202310148522,147.1865234375
EK202310245827,113.009765625
EK202310104601,142.9501953125
EK202310158718,138.857421875
EK202310148204,147.146484375
EK202310152034,148.6162109375
EK202310205880,136.3564453125
EK202310150725,138.5849609375
EK202310154400,153.134765625
EK202310120186,175.6083984375
EK202310192712,144.078125
EK202310165189,138.7001953125
EK202310152937,163.625
EK202310234101,136.2978515625
EK202310191564,154.783203125
EK202310174430,137.802734375
EK202310208622,157.52734375
EK202310233831,147.931640625
EK202310136566,147.291015625
EK202310146005,131.45703125
EK202310221494,140.078125
EK202310239849,134.609375
EK202310176728,160.8349609375
EK202310106909,138.8720703125
EK202310208429,146.6962890625
EK202310174444,150.873046875
EK202310242098,150.259765625
EK202310175190,149.6826171875
EK202310177312,142.2607421875
EK202310229607,140.4033203125
EK202310121574,118.029296875
EK202310187339,143.880859375
EK202310227049,151.2744140625
EK202310135213,127.9462890625
EK202310128318,129.8046875
EK202310108701,157.0703125
EK202310114284,142.4296875
EK202310108473,139.796875
EK202310160235,140.5205078125
EK202310120842,114.11328125
EK202310142363,141.96875
EK202310163562,146.47265625
EK202310192991,147.4072265625
EK202310203468,147.158203125
EK202310188577,142.23046875
EK202310240344,123.3056640625
EK202310113690,169.541015625
EK202310213117,153.9775390625
EK202310222749,141.5322265625
EK202310004635,134.8349609375
EK202310141613,158.228515625
EK202310108032,152.6328125
EK202310233880,150.9111328125
EK202310205163,155.4755859375
EK202310104692,125.5322265625
EK202310237071,116.03125
EK202310111732,135.3369140625
EK202310137404,134.521484375
EK202310146556,139.6845703125
EK202310111180,164.6865234375
EK202310190526,144.248046875
EK202310119701,149.5712890625
EK202310182123,145.541015625
EK202310187615,174.11328125
EK202310201487,144.7548828125
EK202310144094,123.6630859375
EK202310116261,156.5986328125
EK202310142783,130.5810546875
EK202310192602,151.7109375
EK202310167866,154.6796875
EK202310145551,168.703125
EK202310117731,134.41796875
EK202310125526,128.9775390625
EK202310128615,129.8916015625
EK202310180563,140.001953125
EK202310139532,125.595703125
EK202310224142,136.7626953125
EK202310233781,162.0048828125
EK202310157368,146.7333984375
EK202310203603,142.26171875
EK202310180362,164.345703125
EK202310198397,145.08984375
EK202310124770,128.5830078125
EK202310223755,128.6474609375
EK202310106275,125.7412109375
EK202310205161,131.3310546875
EK202310139936,139.416015625
EK202310205611,147.3251953125
EK202310134137,124.716796875
EK202310127542,160.810546875
EK202310193128,129.0771484375
EK202310237157,126.740234375
EK202310107674,139.1259765625
EK202310149217,142.6240234375
EK202310129309,162.4404296875
EK202310156886,121.119140625
EK202310117116,141.0498046875
EK202310225911,121.8232421875
EK202310145676,151.6318359375
EK202310166738,168.9931640625
EK202310158541,129.009765625
EK202310106511,145.06640625
EK202310131343,135.6474609375
EK202310245992,141.177734375
EK202310140003,132.3818359375
EK202310174342,144.5498046875
EK202310208385,145.3330078125
EK202310216439,137.337890625
EK202310211004,152.62890625
EK202310106760,144.0908203125
EK202310176087,134.052734375
EK202310106317,122.1572265625
EK202310215460,129.486328125
EK202310201661,133.7158203125
EK202310166937,163.4599609375
EK202310200307,145.6123046875
EK202310181766,177.9453125
EK202310214069,154.8173828125
EK202310200177,141.3251953125
EK202310123321,153.0185546875
EK202310151256,143.705078125
EK202310171945,152.71875
EK202310136311,133.20703125
EK202310150029,155.6474609375
EK202310212078,135.888671875
EK202310210902,130.8896484375
EK202310210594,143.2099609375
EK202310127288,139.5390625
EK202310126517,135.0068359375
EK202310161234,163.5458984375
EK202310220266,135.9140625
EK202310142494,170.1142578125
EK202310217357,138.8720703125
EK202310132692,140.779296875
EK202310227115,146.7119140625
EK202310141700,143.380859375
EK202310115959,136.521484375
EK202310230099,135.669921875
EK202310211438,143.548828125
EK202310219042,134.3447265625
EK202310177531,148.453125
EK202310233521,156.1953125
EK202310128329,161.6689453125
EK202310201328,173.1640625
EK202310171078,142.103515625
EK202310138130,140.5205078125
EK202310177993,131.91796875
EK202310228196,175.8876953125
EK202310170822,134.06640625
EK202310184514,144.1982421875
EK202310208895,138.0224609375
EK202310204293,163.4228515625
EK202310163755,143.5234375
EK202310112893,146.02734375
EK202310207633,134.8984375
EK202310120935,131.626953125
EK202310198348,150.9873046875
EK202310216671,133.21875
EK202310203558,137.1845703125
EK202310221470,120.56640625
EK202310134114,133.5205078125
EK202310161904,150.083984375
EK202310121193,135.87109375
EK202310112380,130.755859375
EK202310123715,139.142578125
EK202310182522,127.61328125
EK202310165246,148.1796875
EK202310165109,146.5
EK202310226207,140.9716796875
EK202310189166,161.0283203125
EK202310171824,140.4228515625
EK202310212508,144.6396484375
EK202310188289,145.650390625
EK202310161253,137.71875
EK202310188025,149.998046875
EK202310170339,134.265625
EK202310103831,125.5771484375
EK202310214220,131.857421875
EK202310149031,160.3935546875
EK202310147724,152.6494140625
EK202310142296,158.4921875
EK202310176974,156.0009765625
EK202310161334,161.7333984375
EK202310213866,143.767578125
EK202310225737,135.66796875
EK202310156109,137.166015625
EK202310200303,152.4130859375
EK202310185044,171.48046875
EK202320006653,165.1572265625
EK202310111122,135.498046875
EK202310120782,164.814453125
EK202310198165,149.0556640625
EK202310228584,120.9326171875
EK202310205188,138.318359375
EK202310121258,153.0908203125
EK202310199633,144.9921875
EK202310143847,132.8505859375
EK202310135571,149.015625
EK202310206110,141.45703125
EK202310138447,137.0478515625
EK202310192664,136.0068359375
EK202310187215,156.076171875
EK202310151514,169.65625
EK202310144726,163.1962890625
EK202310207249,131.6650390625
EK202310161306,160.291015625
EK202310158826,136.3720703125
EK202310173556,165.2509765625
EK202310125091,144.0380859375
EK202310142377,143.580078125
EK202310236947,127.76171875
EK202310208442,132.251953125
EK202310118298,129.65234375
EK202310219483,129.4169921875
EK202310211212,151.240234375
EK202310104173,146.1669921875
EK202310201478,157.7900390625
EK202310158280,131.08984375
EK202310123070,139.2568359375
EK202310138063,148.8154296875
EK202310164203,143.23046875
EK202310190017,168.564453125
EK202310169668,126.8134765625
EK202310113501,156.71484375
EK202310235684,134.9443359375
EK202310137261,133.607421875
EK202310162355,143.5673828125
EK202310217469,152.1044921875
EK202310161201,119.2734375
EK202310157515,124.6982421875
EK202310145284,156.873046875
EK202310227827,138.7158203125
EK202310209456,132.8515625
EK202310211698,135.00390625
EK202310194731,129.037109375
EK202310248330,137.451171875
EK202310106105,127.8466796875
EK202310160743,131.0224609375
EK202310166605,139.2841796875
EK202310212995,139.6611328125
EK202310233144,132.9560546875
EK202310230980,133.7275390625
EK202310226067,158.837890625
EK202310120976,119.2236328125
EK202310128266,130.8466796875
EK202310106331,142.916015625
EK202310199325,141.2744140625
EK202310204088,155.427734375
EK202310174720,136.1220703125
EK202310240940,141.345703125
EK202310109263,144.5390625
EK202310106322,130.65234375
EK202310135599,114.41015625
EK202310145520,138.2861328125
EK202320005632,150.7978515625
EK202310199819,148.806640625
EK202310172008,149.0029296875
EK202310199276,122.5185546875
EK202310106548,143.140625
EK202310217167,153.3896484375
EK202310176173,156.1220703125
EK202310221378,159.1982421875
EK202310201211,166.44921875
EK202320007715,149.12109375
EK202310182662,127.0849609375
EK202310177694,148.4970703125
EK202310156023,139.7294921875
EK202310111848,126.7177734375
EK202310129647,162.4521484375
EK202310170544,160.7998046875
EK202310242820,148.0029296875
EK202310194133,157.0791015625
EK202310216029,141.9990234375
EK202310107349,134.6728515625
EK202310208265,150.333984375
EK202310229154,139.6298828125
EK202310107089,133.1767578125
EK202310112252,133.44140625
EK202310148875,149.0048828125
EK202310119051,140.25390625
EK202310147588,137.0859375
EK202310113617,153.9765625
EK202310147037,136.443359375
EK202310238313,113.083984375
EK202310192918,134.19140625
EK202310155166,130.4287109375
EK202310177734,154.3369140625
EK202310125003,126.650390625
EK202310204102,142.4541015625
EK202310127233,143.6298828125
EK202310154507,164.916015625
EK202310208352,146.529296875
EK202310123745,142.9990234375
EK202310147036,150.01953125
EK202310110497,115.0615234375
EK202310246320,150.9931640625
EK202310138361,140.1025390625
EK202310167217,137.841796875
EK202310229839,140.7958984375
EK202310204873,148.1962890625
EK202310208025,140.076171875
EK202310139865,150.3076171875
EK202310238834,143.85546875
EK202320007032,165.6396484375
EK202310223956,130.0703125
EK202310205152,128.3994140625
EK202310127859,150.3232421875
EK202310122230,141.154296875
EK202310235039,117.3134765625
EK202310172181,136.9169921875
EK202310152472,145.029296875
EK202310163385,163.7158203125
EK202310226473,128.0517578125
EK202310196206,164.587890625
EK202310004942,106.947265625
EK202310141871,132.5556640625
EK202310215986,146.3271484375
EK202310211462,147.912109375
EK202310245537,136.2099609375
EK202310204491,142.205078125
EK202310139744,150.8037109375
EK202310138719,121.8583984375
EK202310128437,142.68359375
EK202310138286,152.6591796875
EK202310148950,144.0234375
EK202310225042,157.0341796875
EK202310227372,156.7939453125
EK202310184056,166.046875
EK202310203882,129.1845703125
EK202310108510,140.9775390625
EK202310220594,144.1875
EK202310119141,144.7353515625
EK202310246490,131.95703125
EK202310143698,159.5771484375
EK202310126746,149.8955078125
EK202310233106,152.6318359375
EK202310108410,155.36328125
EK202310186336,148.8173828125
EK202310231142,131.4306640625
EK202310126076,145.791015625
EK202310205622,144.705078125
EK202310220488,142.091796875
EK202310120527,139.5146484375
EK202310220246,147.705078125
EK202310161188,133.8037109375
EK202310155699,155.8759765625
EK202310189021,121.0244140625
EK202310236601,135.1630859375
EK202310164905,146.7060546875
EK202310128052,135.7001953125
EK202310126712,168.5185546875
EK202310239805,166.4228515625
EK202310224857,131.587890625
EK202310173357,154.16796875
EK202310127584,138.4091796875
EK202310229371,143.6083984375
EK202310110882,136.576171875
EK202310160530,152.166015625
EK202310116477,121.0205078125
EK202310118586,99.70703125
EK202310172703,131.2431640625
EK202310136123,174.0986328125
EK202310108114,135.720703125
EK202310208296,143.9541015625
EK202310232508,143.87890625
EK202310220252,122.734375
EK202310168728,164.7802734375
EK202310165440,178.03515625
EK202310214684,140.029296875
EK202310107697,134.404296875
EK202310129545,125.525390625
EK202310163236,143.9482421875
EK202310236802,151.859375
EK202310153242,156.5263671875
EK202310144615,162.9306640625
EK202310129912,118.521484375
EK202310197325,137.0859375
EK202310216540,151.287109375
EK202310104778,141.6005859375
EK202310114062,145.560546875
EK202310205213,141.1064453125
EK202310227892,127.2607421875
EK202310232305,149.466796875
EK202310185667,160.48046875
EK202310212219,135.1298828125
EK202310214315,153.140625
EK202310222807,141.978515625
EK202310192829,168.51953125
EK202310246736,128.70703125
EK202310144859,158.0712890625
EK202310167652,130.888671875
EK202310120246,150.1796875
EK202310182888,143.091796875
EK202310150758,137.2939453125
EK202310172256,146.4736328125
EK202310143177,145.7646484375
EK202310197462,139.0986328125
EK202310196459,148.5166015625
EK202310164019,135.6962890625
EK202310139039,150.611328125
EK202310134361,172.2587890625
EK202310147025,148.720703125
EK202310208999,157.2412109375
EK202310142527,122.7822265625
EK202310193745,158.6494140625
EK202310167641,147.8173828125
EK202310240938,137.74609375
EK202310112017,105.59375
EK202310240024,155.6943359375
EK202310244708,164.154296875
EK202310210230,128.8955078125
EK202310004423,142.8984375
EK202310221224,149.9912109375
EK202310157667,134.568359375
EK202310215430,157.2294921875
EK202310182844,156.1064453125
EK202310236293,133.41796875
EK202310123092,147.931640625
EK202310125798,146.169921875
EK202310167474,158.919921875
EK202310124113,129.328125
EK202310232206,126.888671875
EK202310222185,141.591796875
EK202310149306,139.9560546875
EK202310167817,156.9658203125
EK202310212632,152.3974609375
EK202310132358,129.138671875
EK202310145151,146.189453125
EK202310141011,158.7353515625
EK202310200018,135.1298828125
EK202310132356,158.9140625
EK202310149165,144.3095703125
EK202310129607,130.4521484375
EK202310194843,133.6904296875
EK202310190635,139.0947265625
EK202310207943,152.2900390625
EK202310164644,137.7626953125
EK202310241540,130.962890625
EK202310116312,126.4267578125
EK202310162974,143.1396484375
EK202310151341,128.970703125
EK202310158724,131.0302734375
EK202310247924,146.28515625
EK202310119010,131.7265625
EK202310186778,127.1025390625
EK202310183764,153.8408203125
EK202310151317,139.794921875
EK202310110771,132.34375
EK202310180616,141.3486328125
EK202310162283,138.791015625
EK202310228393,129.830078125
EK202310003867,139.9091796875
EK202310162011,151.3916015625
EK202310192785,157.220703125
EK202310205984,141.595703125
EK202310191301,151.84765625
EK202310205696,158.3837890625
EK202310003384,164.2490234375
EK202310244834,137.4306640625
EK202310204220,148.4482421875
EK202310110856,143.3203125
EK202310134787,133.9150390625
EK202320007820,147.697265625
EK202310179208,134.4296875
EK202310223932,160.3447265625
EK202310216781,145.431640625
EK202310187602,120.2275390625
EK202310179844,156.728515625
EK202310163357,144.09765625
EK202310137800,135.90625
EK202310202504,153.3125
EK202310152435,129.6484375
EK202310138850,149.1611328125
EK202310120464,130.8720703125
EK202310200493,149.9638671875
EK202310243016,136.544921875
EK202310168573,143.9921875
EK202310163051,152.8388671875
EK202310188721,160.72265625
EK202310187647,148.736328125
EK202310194460,133.6845703125
EK202310199853,138.5087890625
EK202310199354,133.916015625
EK202310156872,152.7060546875
EK202310183296,142.9443359375
EK202310105927,129.8408203125
EK202310106682,140.3310546875
EK202310127329,171.4189453125
EK202310116459,132.0576171875
EK202310192223,144.0908203125
EK202310004549,145.4375
EK202310108809,143.41796875
EK202310180902,127.3408203125
EK202310104309,141.431640625
EK202320005779,179.751953125
EK202310145003,142.4423828125
EK202310234434,132.19921875
EK202310228455,137.0654296875
EK202310196294,171.70703125
EK202310214611,145.6650390625
EK202310128897,143.6708984375
EK202310140953,151.484375
EK202310153523,124.75390625
EK202310107262,138.0029296875
EK202310177695,137.47265625
EK202310133157,134.779296875
EK202310243662,126.9970703125
EK202310155394,144.7138671875
EK202310126776,148.0205078125
EK202310241762,141.5478515625
EK202310141862,127.4775390625
EK202310151835,157.908203125
EK202310128935,141.5947265625
EK202310114330,137.033203125
EK202310166988,132.640625
EK202310201794,118.451171875
EK202310181313,153.201171875
EK202310186725,142.7607421875
EK202310146475,132.8291015625
EK202310109755,156.3564453125
EK202310161538,162.0
EK202310186435,144.5791015625
EK202310193897,150.703125
EK202310160769,143.5283203125
EK202310212581,139.138671875
EK202310248122,129.0048828125
EK202310235931,129.0556640625
EK202310181771,171.1376953125
EK202310155768,152.83984375
EK202310111605,149.4150390625
EK202310127306,165.7939453125
EK202310150190,131.8349609375
EK202320005858,168.966796875
EK202310236072,145.607421875
EK202310225439,131.0419921875
EK202310237893,154.54296875
EK202310136361,116.9775390625
EK202310191072,142.1083984375
EK202310181865,137.05859375
EK202310231592,148.4296875
EK202310207325,124.4921875
EK202310172714,152.6142578125
EK202310224865,146.4287109375
EK202310168576,141.4462890625
EK202310103778,143.0615234375
EK202310217586,151.703125
EK202310231160,121.162109375
EK202310234098,149.4462890625
EK202310178165,140.8125
EK202310135798,145.6181640625
EK202310207159,162.189453125
EK202310161503,160.4501953125
EK202310164971,151.1025390625
EK202310227797,145.9599609375
EK202310138476,153.845703125
EK202310105436,123.7919921875
EK202310171599,139.3876953125
EK202310155833,157.8037109375
EK202320007748,160.1298828125
EK202310216275,132.4453125
EK202310178246,151.1025390625
EK202310233952,144.41796875
EK202310236351,132.2158203125
EK202310208975,127.1376953125
EK202310210410,148.822265625
EK202310179531,138.443359375
EK202310207618,148.9638671875
EK202310173550,182.7802734375
EK202310226730,144.8876953125
EK202310129523,145.685546875
EK202310220746,145.4765625
EK202310248566,144.779296875
EK202310193943,162.740234375
EK202310119814,156.875
EK202310142248,154.2822265625
EK202310186304,157.3876953125
EK202310138557,171.15625
EK202310245483,128.2998046875
EK202310132300,124.8515625
EK202310208081,148.689453125
EK202310230460,168.40625
EK202310140474,137.521484375
EK202310212083,145.8720703125
EK202310136665,127.23828125
EK202310131251,153.7060546875
EK202310232633,140.0390625
EK202310147477,144.4931640625
EK202310205850,152.5087890625
EK202310202041,144.4052734375
EK202310173763,137.1806640625
EK202310160578,168.91796875
EK202310191339,143.677734375
EK202310212270,138.6396484375
EK202310145728,157.5947265625
EK202310221046,137.8603515625
EK202310188691,149.982421875
EK202310171896,158.09765625
EK202310139766,136.6494140625
EK202310173220,154.8740234375
EK202310162948,135.640625
EK202310105701,122.8740234375
EK202310197311,156.2119140625
EK202310147640,162.93359375
EK202310183542,144.271484375
EK202310183535,158.1279296875
EK202310245904,145.716796875
EK202310133031,141.2333984375
EK202310188018,163.70703125
EK202310135860,144.05078125
EK202310236943,128.3525390625
EK202310156470,173.3662109375
EK202310195857,152.7431640625
EK202310187539,142.1337890625
EK202310004424,133.16796875
EK202310217002,140.3564453125
EK202310179415,119.5810546875
EK202310120456,148.6650390625
EK202310200863,125.1396484375
EK202310147545,147.994140625
EK202310230822,143.755859375
EK202310121215,137.9248046875
EK202310177411,173.0234375
EK202310224282,143.1025390625
EK202310140227,129.0576171875
EK202310129737,144.2978515625
EK202310140849,123.4248046875
EK202310189202,157.373046875
EK202310104642,131.9033203125
EK202310208010,144.55078125
EK202310166940,168.4794921875
EK202310162024,150.048828125
EK202310199815,132.7685546875
EK202310152439,137.93359375
EK202310233448,140.962890625
EK202310242843,143.4873046875
EK202310201491,159.62890625
EK202310107632,125.208984375
EK202310198770,183.447265625
EK202310137566,138.712890625
EK202310142121,139.9482421875
EK202310190572,144.9111328125
EK202310205775,142.07421875
EK202310220844,149.9150390625
EK202310139338,144.2080078125
EK202310108582,157.9375
EK202310158552,125.9736328125
EK202310184301,172.0048828125
EK202310243616,139.71875
EK202310151811,159.447265625
EK202310125407,124.2158203125
EK202310139375,126.8330078125
EK202310239439,139.083984375
EK202310155841,123.6650390625
EK202310215149,141.701171875
EK202310107124,148.58203125
EK202310134118,125.978515625
EK202310194279,145.873046875
EK202310246720,141.6943359375
EK202310162584,149.5966796875
EK202310195982,155.470703125
EK202310228933,137.3662109375
EK202310116256,156.4765625
EK202310114568,151.96875
EK202310131206,139.8154296875
EK202310175053,151.91796875
EK202310221935,143.455078125
EK202310185735,154.0029296875
EK202310223371,117.0068359375
EK202310228532,136.1708984375
EK202310201399,156.4873046875
EK202310225779,136.6435546875
EK202310223354,150.9912109375
EK202310149880,131.119140625
EK202310182361,134.720703125
EK202310245495,122.1982421875
EK202310004203,138.171875
EK202310179618,140.2548828125
EK202320007066,152.220703125
EK202310114050,137.8486328125
EK202310191315,147.5791015625
EK202310146983,150.587890625
EK202310130594,158.1484375
EK202310242203,157.5078125
EK202310241138,150.345703125
EK202310156504,155.8310546875
EK202310197660,161.935546875
EK202310140136,145.6259765625
EK202310143917,128.69140625
EK202310219192,133.1162109375
EK202310134270,163.0029296875
EK202310232270,137.5146484375
EK202310173917,145.830078125
EK202310173711,135.6982421875
EK202310112756,132.232421875
EK202310204172,146.9814453125
EK202310159759,147.78515625
EK202310186227,132.1044921875
EK202310185665,138.8154296875
EK202310117309,145.470703125
EK202310197672,138.9912109375
EK202310153079,125.4833984375
EK202320006035,161.841796875
EK202310247525,119.359375
EK202310161438,122.08984375
EK202310218023,145.9013671875
EK202310150064,148.1328125
EK202310142573,153.3935546875
EK202310124576,133.578125
EK202310219887,133.6728515625
EK202310120184,148.6484375
EK202310112918,134.845703125
EK202310109372,177.2353515625
EK202310107015,147.7822265625
EK202310150353,147.119140625
EK202310204484,130.7451171875
EK202310146488,129.9306640625
EK202310124804,144.7197265625
EK202310185666,166.583984375
EK202310195519,142.4619140625
EK202310160733,132.62890625
EK202310104544,144.400390625
EK202310184750,141.4990234375
EK202310003740,123.4892578125
EK202310226854,122.1484375
EK202310125742,153.603515625
EK202310168317,130.5634765625
EK202310149766,149.9736328125
EK202310190272,155.9501953125
EK202310146274,139.2529296875
EK202310112851,144.3447265625
EK202310175254,151.7529296875
EK202310163259,132.8173828125
EK202310133880,143.1767578125
EK202310217079,129.24609375
EK202310170637,147.5205078125
EK202310194778,112.9990234375
EK202310218095,144.8095703125
EK202310135253,141.9287109375
EK202310197692,147.912109375
EK202310208639,133.2119140625
EK202310246924,137.669921875
EK202310189081,146.0478515625
EK202310186006,151.8203125
EK202310234924,140.9189453125
EK202310159161,152.6357421875
EK202310118361,126.3037109375
EK202310103934,119.3916015625
EK202310218075,140.7900390625
EK202310151847,146.015625
EK202310227485,150.49609375
EK202310215170,140.5947265625
EK202310182285,147.5302734375
EK202320006523,174.7099609375
EK202310226724,131.6806640625
EK202310144268,153.775390625
EK202310156630,181.08203125
EK202310245294,147.2431640625
EK202310223363,126.953125
EK202310237800,138.9365234375
EK202310173460,145.076171875
EK202310209655,146.8076171875
EK202310119136,142.392578125
EK202310127314,167.9853515625
EK202310193844,142.541015625
EK202310162315,148.1533203125
EK202310218294,128.984375
EK202310151071,140.3876953125
EK202310217686,131.2841796875
EK202310154435,161.271484375
EK202310191927,155.443359375
EK202310181837,138.04296875
EK202310148256,160.228515625
EK202310230363,142.4990234375
EK202310156095,133.953125
EK202310169939,147.5029296875
EK202310141818,154.177734375
EK202310230706,139.615234375
EK202310138074,137.1728515625
EK202310213136,168.15625
EK202310245174,156.4521484375
EK202310149067,152.306640625
EK202310215609,128.228515625
EK202310170363,129.2197265625
EK202310238402,148.5458984375
EK202310117314,137.2109375
EK202310241750,158.5126953125
EK202310154247,120.0703125
EK202310148755,147.083984375
EK202310150162,130.890625
EK202310189110,136.7265625
EK202310168769,167.6591796875
EK202310211938,142.3193359375
EK202310176335,148.3662109375
EK202310113812,120.552734375
EK202310123004,136.939453125
EK202310205174,142.3046875
EK202310168759,150.947265625
EK202310213442,140.41796875
EK202310239610,150.978515625
EK202310195241,117.15625
EK202310153703,153.6806640625
EK202310150341,124.755859375
EK202310208289,141.5595703125
EK202310111014,151.8857421875
EK202310221055,147.37109375
EK202310201138,169.87890625
EK202310004391,135.58984375
EK202310155939,136.2412109375
EK202310148376,139.068359375
EK202310116871,144.8916015625
EK202310197518,127.6865234375
EK202310119757,145.18359375
EK202320007473,162.6533203125
EK202310134809,145.71484375
EK202310189457,168.490234375
EK202310185033,142.3291015625
EK202310229340,151.7578125
EK202310122288,148.3974609375
EK202310120743,145.0615234375
EK202310242075,135.7587890625
EK202310140597,139.1796875
EK202310242069,130.556640625
EK202310136890,153.71484375
EK202310209810,137.0302734375
EK202310223071,135.0625
EK202310218487,148.072265625
EK202310232696,160.2587890625
EK202310209345,150.61328125
EK202310170813,131.048828125
EK202310153786,167.6904296875
EK202310151789,138.7900390625
EK202310151677,129.9833984375
EK202310137204,138.7060546875
EK202310218836,135.990234375
EK202310151080,135.3017578125
EK202310164354,148.0556640625
EK202310173775,153.8955078125
EK202310121695,145.75
EK202310205477,142.3779296875
EK202310157033,142.90625
EK202310119370,133.03125
EK202310126142,161.3798828125
EK202310205658,144.5908203125
EK202310186719,168.5244140625
EK202310144182,142.470703125
EK202310246415,133.326171875
EK202310227129,175.5380859375
EK202310156707,151.2451171875
EK202320005770,162.05078125
EK202310166383,153.294921875
EK202310210479,133.2333984375
EK202310179571,145.53515625
EK202310187791,131.11328125
EK202310171969,141.400390625
EK202310132165,158.8779296875
EK202310124907,145.2373046875
EK202310208889,155.5771484375
EK202310247697,142.849609375
EK202310194854,132.5205078125
EK202310225021,162.7021484375
EK202310238477,142.85546875
EK202310239246,128.837890625
EK202310176503,145.5556640625
EK202310176496,140.1435546875
EK202310198306,151.55859375
EK202310188583,139.2041015625
EK202310207194,154.0283203125
EK202310219806,143.1884765625
EK202310227819,114.5458984375
EK202310164368,169.951171875
EK202310239912,147.5439453125
EK202310198458,135.5888671875
EK202310142902,134.6796875
EK202310240388,137.064453125
EK202310222895,142.08203125
EK202310160875,136.33984375
EK202310167060,155.0908203125
EK202310224028,165.2080078125
EK202310151657,141.4404296875
EK202310155117,133.11328125
EK202310136926,147.75
EK202310143427,173.5166015625
EK202310172189,120.10546875
EK202310125542,116.1064453125
EK202310217168,137.109375
EK202310121975,128.0205078125
EK202310182960,135.3349609375
EK202310128220,122.0634765625
EK202310112524,146.4638671875
EK202310212379,135.388671875
EK202310207577,154.955078125
EK202310153262,160.2216796875
EK202310198456,150.04296875
EK202310108358,133.392578125
EK202310160189,157.9697265625
EK202310210891,128.9697265625
EK202310193109,137.4541015625
EK202310181289,142.912109375
EK202310131577,147.708984375
EK202310211895,144.4541015625
EK202310190829,156.9931640625
EK202310127301,153.142578125
EK202310116811,141.791015625
EK202310107250,136.92578125
EK202310107498,121.1005859375
EK202310192130,153.294921875
EK202310132040,132.1064453125
EK202310175120,120.408203125
EK202310246012,151.2763671875
EK202320006537,173.3037109375
EK202310129645,146.1474609375
EK202310188742,140.4462890625
EK202310196813,129.1025390625
EK202310125413,154.6796875
EK202310166995,133.916015625
EK202310146585,132.73828125
EK202310229973,136.8662109375
EK202310247518,140.013671875
EK202310198340,131.9091796875
EK202310113811,125.3994140625
EK202310188773,153.9033203125
EK202310109282,141.1787109375
EK202310240034,147.7529296875
EK202310215437,135.310546875
EK202310194389,161.3701171875
EK202310172196,125.4208984375
EK202310165827,148.1884765625
EK202320005561,151.1083984375
EK202310149595,149.890625
EK202310168288,160.7841796875
EK202310140892,140.8251953125
EK202310184756,154.814453125
EK202310155970,156.5673828125
EK202310219701,133.7509765625
EK202310174732,133.515625
EK202310195694,154.9267578125
EK202310213272,147.6123046875
EK202310140437,150.107421875
EK202310235734,130.654296875
EK202310130236,171.91796875
EK202310144191,135.6103515625
EK202310190014,168.208984375
EK202310244140,140.8701171875
EK202310179886,149.9072265625
EK202310124185,135.0654296875
EK202310153209,127.6005859375
EK202310153141,144.1962890625
EK202310203881,140.609375
EK202310166214,168.515625
EK202310165860,161.919921875
EK202310221150,129.8994140625
EK202310212669,137.533203125
EK202310183646,132.294921875
EK202310161293,142.1884765625
EK202310123374,144.265625
EK202310167702,131.4091796875
EK202310218991,136.595703125
EK202310153681,134.9580078125
EK202310132053,143.7626953125
EK202310181558,127.9599609375
EK202310234347,162.021484375
EK202310205398,132.1748046875
EK202310236180,128.43359375
EK202310215127,130.3994140625
EK202310184646,177.2568359375
EK202310248044,143.462890625
EK202310232425,134.2763671875
EK202310151757,128.052734375
EK202310134956,161.1416015625
EK202310203447,137.9638671875
EK202310125366,130.4326171875
EK202310180083,139.439453125
EK202310170602,147.6943359375
EK202310189329,131.7119140625
EK202310152190,123.859375
EK202310118845,148.056640625
EK202310202683,135.1162109375
EK202310131733,155.4765625
EK202310151659,136.3935546875
EK202310111223,139.2646484375
EK202310189015,165.3564453125
EK202310204933,121.8046875
EK202310220311,145.1416015625
EK202310153186,144.6640625
EK202310204998,154.4775390625
EK202310206640,128.3828125
EK202310148731,155.6513671875
EK202310177950,130.384765625
EK202310236764,157.6689453125
EK202310149184,131.326171875
EK202310243178,154.7607421875
EK202310149329,146.7490234375
EK202310124506,142.6396484375
EK202310175231,147.94921875
EK202310117163,136.7548828125
EK202310235121,150.0869140625
EK202310201963,151.072265625
EK202310177877,127.8076171875
EK202310196442,138.31640625
EK202310165909,145.322265625
EK202310148120,155.9140625
EK202310165323,131.384765625
EK202310148717,129.556640625
EK202310110684,128.6337890625
EK202310131621,167.3291015625
EK202310155848,130.931640625
EK202310116241,133.451171875
EK202310139259,158.203125
EK202310125773,139.8603515625
EK202310233036,145.9169921875
EK202310149022,156.5751953125
EK202310189335,137.51171875
EK202310124884,133.6103515625
EK202310120137,140.7548828125
EK202310164298,135.5849609375
EK202310210341,151.96875
EK202310235088,144.95703125
EK202310187731,143.2060546875
EK202310243618,134.466796875
EK202310246975,140.1806640625
EK202310178699,180.23828125
EK202310208826,153.345703125
EK202310192931,152.287109375
EK202310144942,126.400390625
EK202310204406,140.9677734375
EK202310228390,132.341796875
EK202310116598,161.3955078125
EK202310168298,148.314453125
EK202310221487,161.5517578125
EK202310129003,132.6142578125
EK202310199518,155.708984375
EK202310230415,142.5322265625
EK202310229198,125.1142578125
EK202310191619,165.7509765625
EK202310135624,124.7021484375
EK202310188764,124.8603515625
EK202310194928,133.5498046875
EK202310136019,142.517578125
EK202310193486,143.095703125
EK202310114440,133.779296875
EK202310233214,138.8935546875
EK202310228766,146.62109375
EK202310149990,169.123046875
EK202310122654,131.7275390625
EK202310221978,123.88671875
EK202310166235,135.3115234375
EK202310165801,144.1357421875
EK202310164057,139.8525390625
EK202310168718,122.2958984375
EK202310108201,146.1982421875
EK202310206343,163.587890625
EK202310114675,132.0693359375
EK202310188537,143.3798828125
EK202310179087,142.2919921875
EK202310187084,164.9423828125
EK202310187925,129.7451171875
EK202310170956,160.994140625
EK202310212887,125.4521484375
EK202310137413,144.5693359375
EK202310217648,130.5927734375
EK202310174679,156.685546875
EK202310229265,141.849609375
EK202310148461,145.6484375
EK202310222772,139.31640625
EK202310113407,138.892578125
EK202310206546,148.2412109375
EK202310224810,137.2509765625
EK202310228008,124.8173828125
EK202310165670,131.6298828125
EK202310188801,175.57421875
EK202310163428,138.1337890625
EK202310155452,139.46484375
EK202310188057,148.5888671875
EK202310191879,129.2060546875
EK202310221170,130.87890625
EK202310231103,133.619140625
EK202310242198,161.0234375
EK202310187526,173.1298828125
EK202310188098,131.7509765625
EK202310203053,157.32421875
EK202310215291,138.302734375
EK202310175087,138.0556640625
EK202310187624,165.09765625
EK202310190415,131.66015625
EK202310123309,160.4267578125
EK202310148164,147.224609375
EK202310185918,128.74609375
EK202310122611,137.1552734375
EK202310174402,130.552734375
EK202310165680,128.3232421875
EK202310234342,156.6494140625
EK202310196937,155.3603515625
EK202310111601,139.8779296875
EK202310115643,137.5517578125
EK202310111554,131.6748046875
EK202310128358,120.1591796875
EK202310131862,137.943359375
EK202310207446,137.8662109375
EK202310189921,158.0283203125
EK202310129789,150.1953125
EK202310226523,139.0458984375
EK202310231417,121.625
EK202320007285,181.958984375
EK202310217873,150.716796875
EK202310105042,147.203125
EK202310136636,146.7265625
EK202310175915,153.1474609375
EK202310003483,129.6591796875
EK202310200419,152.7724609375
EK202310117924,153.4931640625
EK202310181210,145.333984375
EK202310202561,156.650390625
EK202310107499,141.5791015625
EK202310107137,141.232421875
EK202310231924,143.40234375
EK202310144923,146.0302734375
EK202310207718,147.2021484375
EK202310212477,141.9345703125
EK202310107846,135.6796875
EK202310185004,147.4248046875
EK202310134355,159.5419921875
EK202310170491,144.771484375
EK202310234495,134.65234375
EK202310126339,129.666015625
EK202310185015,140.8916015625
EK202310208389,138.8037109375
EK202310165712,173.896484375
EK202310168161,156.42578125
EK202310152314,144.3369140625
EK202310207349,133.4609375
EK202310195623,122.298828125
EK202310187039,139.357421875
EK202310141159,151.7314453125
EK202310209863,157.900390625
EK202310160465,138.0966796875
EK202310171624,128.47265625
EK202310227086,150.01953125
EK202310177422,143.12109375
EK202310240033,141.158203125
EK202310147863,145.015625
EK202310187436,149.38671875
EK202310210870,144.55078125
EK202310104543,150.2109375
EK202310136266,118.4287109375
EK202310169848,141.0673828125
EK202310134804,130.7109375
EK202310128125,133.875
EK202310105804,137.2041015625
EK202310240636,134.7802734375
EK202310128250,121.330078125
EK202310167986,150.3916015625
EK202310223738,128.4873046875
EK202310194978,151.568359375
EK202310174109,135.5693359375
EK202310234407,116.9501953125
EK202310174138,138.6767578125
EK202310167183,146.8046875
EK202310111941,119.5419921875
EK202310199956,145.7041015625
EK202310116743,141.29296875
EK202310140835,156.00390625
EK202310179216,167.7490234375
EK202310205539,152.5751953125
EK202310196566,131.0927734375
EK202310224930,138.1806640625
EK202310120947,144.4775390625
EK202310170902,123.0556640625
EK202310235028,138.3525390625
EK202310113734,152.6025390625
EK202310204036,140.1865234375
EK202310230642,143.3232421875
EK202310131709,136.546875
EK202310226061,138.599609375
EK202310175946,140.66796875
EK202310152205,148.6259765625
EK202310188482,142.9248046875
EK202310108311,123.4208984375
EK202310191290,143.0859375
EK202310144489,126.716796875
EK202310172283,135.46875
EK202310226719,146.2216796875
EK202310159716,148.345703125
EK202310199594,155.0693359375
EK202310173559,150.3466796875
EK202310136955,146.2509765625
EK202310116269,144.6962890625
EK202310193704,145.3125
EK202320007431,164.5009765625
EK202310132812,151.9140625
EK202310180739,136.9775390625
EK202310174941,163.61328125
EK202310178926,150.9208984375
EK202310194112,143.201171875
EK202310133210,129.1962890625
EK202310192212,132.1513671875
EK202310120175,132.1982421875
EK202310139063,138.4892578125
EK202310110816,132.197265625
EK202310133264,146.1474609375
EK202310104140,148.5048828125
EK202310162125,140.94921875
EK202310144954,136.0361328125
EK202310169762,125.1318359375
EK202310161221,162.8466796875
EK202310216951,146.84765625
EK202310231726,145.2509765625
EK202310149140,176.5732421875
EK202310129051,143.638671875
EK202310134433,135.392578125
EK202310247557,160.53125
EK202310231514,124.458984375
EK202310224127,144.3720703125
EK202310126711,128.5927734375
EK202310145914,124.2138671875
EK202310147010,157.908203125
EK202310141199,151.35546875
EK202310163547,133.634765625
EK202310204148,132.2490234375
EK202310159997,150.8486328125
EK202310147517,145.654296875
EK202310120397,137.099609375
EK202310154029,143.27734375
EK202310208628,142.203125
EK202310240529,140.2861328125
EK202310119023,152.3447265625
EK202310171849,131.00390625
EK202310180911,138.5869140625
EK202310111220,137.66796875
EK202310155400,129.2138671875
EK202310205379,142.1044921875
EK202310151041,153.470703125
EK202310122951,135.728515625
EK202310196536,150.4365234375
EK202310160766,144.2734375
EK202310209097,163.8447265625
EK202310140289,123.87109375
EK202310133699,155.51953125
EK202310193965,132.7255859375
EK202310201530,159.0546875
EK202310131280,131.5732421875
EK202310225831,141.220703125
EK202310197460,140.216796875
EK202310225230,127.51171875
EK202310158454,149.919921875
EK202310245266,164.1416015625
EK202310175415,134.474609375
EK202310194223,145.37890625
EK202310199942,149.5048828125
EK202310233835,146.423828125
EK202310220027,137.7724609375
EK202310119464,145.43359375
EK202310179368,140.806640625
EK202320006345,158.6416015625
EK202310124702,140.177734375
EK202310197937,127.5205078125
EK202310159091,139.7578125
EK202310138888,136.1962890625
EK202310216680,135.6982421875
EK202310240252,129.5009765625
EK202310175387,145.4248046875
EK202310199869,121.384765625
EK202310140275,136.783203125
EK202310151577,116.4013671875
EK202310130981,135.078125
EK202310131764,131.9853515625
EK202310121874,122.1748046875
EK202310171868,131.46484375
EK202310140109,160.822265625
EK202310120574,131.916015625
EK202310151566,135.33203125
EK202310124827,162.6826171875
EK202310120607,146.8994140625
EK202320006257,148.1943359375
EK202310220130,153.71484375
EK202310144885,155.6884765625
EK202310186525,134.173828125
EK202310219807,158.9375
EK202310167657,135.4453125
EK202310123275,139.3232421875
EK202310215234,163.0478515625
EK202310146524,142.8974609375
EK202310169940,136.9306640625
EK202310243649,129.7060546875
EK202310183687,132.6123046875
EK202310130415,157.7578125
EK202310188385,143.6982421875
EK202310158217,145.763671875
EK202310004449,135.67578125
EK202310193236,144.7353515625
EK202310151651,141.94140625
EK202310106009,154.4892578125
EK202310185711,135.1640625
EK202310104495,120.9609375
EK202310144848,161.05859375
EK202310180048,146.0322265625
EK202310137754,142.7841796875
EK202310156546,164.5888671875
EK202310137352,150.7216796875
EK202310182441,126.5224609375
EK202310208167,144.9716796875
EK202310223871,141.29296875
EK202310172342,131.2900390625
EK202310219366,148.9921875
EK202310196187,153.1962890625
EK202310138150,123.0400390625
EK202310172299,139.421875
EK202310127364,159.9990234375
EK202310139869,136.8837890625
EK202310128954,139.955078125
EK202310146322,149.490234375
EK202310162849,150.4501953125
EK202310181038,129.5185546875
EK202310170175,148.3349609375
EK202310112098,154.9931640625
EK202310176673,137.5654296875
EK202310139559,147.375
EK202310233592,161.998046875
EK202310224263,152.0908203125
EK202310110134,133.05859375
EK202310226556,143.4580078125
EK202310209883,143.1728515625
EK202310231890,141.8349609375
EK202310190968,163.9404296875
EK202310136859,167.099609375
EK202310247260,127.7705078125
EK202310172360,119.8642578125
EK202310210416,138.2548828125
EK202310227699,137.1650390625
EK202310213569,136.279296875
EK202310224874,125.77734375
EK202310169709,162.802734375
EK202310228257,142.056640625
EK202310141038,143.8046875
EK202310129192,129.7578125
EK202310107751,139.94921875
EK202310140717,133.4375
EK202310228229,143.529296875
EK202310207072,133.4833984375
EK202310202830,141.76953125
EK202310148905,154.0517578125
EK202310127758,147.771484375
EK202310178020,144.5458984375
EK202310193951,143.9951171875
EK202310155292,126.07421875
EK202310144487,134.2080078125
EK202310121253,142.7353515625
EK202310148088,142.6337890625
EK202310187124,137.34375
EK202310229693,131.3798828125
EK202310201484,150.0517578125
EK202310129571,144.064453125
EK202310125950,144.8583984375
EK202310185603,157.68359375
EK202310114453,155.3291015625
EK202310117950,178.6220703125
EK202310119043,146.8310546875
EK202310198703,183.458984375
EK202310140299,139.234375
EK202310135296,171.8583984375
EK202310107227,120.7001953125
EK202310240359,145.0673828125
EK202310240921,132.158203125
EK202310128737,132.83203125
EK202310124258,136.4150390625
EK202310220986,125.994140625
EK202310120232,158.357421875
EK202310164246,135.2861328125
EK202310179029,139.3330078125
EK202310162108,177.4384765625
EK202310117566,123.76171875
EK202310232452,129.6318359375
EK202310199397,160.767578125
EK202310150619,160.7548828125
EK202310112912,139.59765625
EK202310196213,163.1005859375
EK202310128306,136.1796875
EK202310186545,147.654296875
EK202310245338,136.7373046875
EK202310126833,141.25
EK202310183324,119.3076171875
EK202310206548,144.9345703125
EK202310162684,141.82421875
EK202310158471,159.876953125
EK202310237583,131.857421875
EK202310142976,134.859375
EK202310181877,165.1162109375
EK202310193411,137.5830078125
EK202310140403,119.9814453125
EK202310223571,143.404296875
EK202310200630,148.0732421875
EK202310219428,141.0517578125
EK202310149680,144.1259765625
EK202310109895,153.0908203125
EK202310204098,158.2607421875
EK202310177412,160.7060546875
EK202310219692,113.80859375
EK202310103878,152.7275390625
EK202310193630,144.8056640625
EK202310109504,138.0205078125
EK202310109364,140.681640625
EK202310239283,133.6787109375
EK202310104478,132.041015625
EK202310204048,152.0322265625
EK202310159059,152.4482421875
EK202310156030,157.8974609375
EK202310245545,150.181640625
EK202320007416,169.8896484375
EK202310221846,154.5537109375
EK202310132308,151.4267578125
EK202310197059,118.353515625
EK202310234332,157.310546875
EK202310194822,176.400390625
EK202310148932,131.0751953125
EK202310128434,143.9267578125
EK202310238922,136.44921875
EK202310114232,160.66015625
EK202310175005,148.9541015625
EK202320007002,162.3076171875
EK202310197439,136.404296875
EK202310236355,132.2431640625
EK202310003833,136.3974609375
EK202310204832,140.419921875
EK202310004506,127.861328125
EK202310121065,145.0595703125
EK202310127094,179.7109375
EK202310213840,149.8955078125
EK202310114333,142.4296875
EK202310145274,186.576171875
EK202310222042,138.625
EK202310213433,134.1806640625
EK202310146144,126.7685546875
EK202310204047,141.1845703125
EK202310212828,159.9541015625
EK202310138593,139.9912109375
EK202310226806,127.8134765625
EK202310208095,154.7119140625
EK202310114814,138.150390625
EK202310186543,146.7880859375
EK202310110336,132.7939453125
EK202310167478,146.408203125
EK202310236430,137.1083984375
EK202310217023,137.6904296875
EK202310153953,143.173828125
EK202310230502,138.896484375
EK202310247381,138.361328125
EK202310208704,138.3994140625
EK202310139824,119.69921875
EK202310197168,138.1015625
EK202310128080,161.16796875
EK202310123269,139.9013671875
EK202310121955,140.5947265625
EK202310161214,147.7275390625
EK202310133556,136.2451171875
EK202310197481,143.255859375
EK202310246538,126.150390625
EK202310194330,154.3056640625
EK202310178652,140.6015625
EK202310209776,151.287109375
EK202310242382,131.4033203125
EK202310234518,148.8388671875
EK202310217553,139.982421875
EK202310003369,126.8369140625
EK202310207859,131.75390625
EK202310215266,136.916015625
EK202310191942,150.03125
EK202310113737,160.8134765625
EK202310128655,152.5419921875
EK202310248203,122.240234375
EK202310170678,160.27734375
EK202310225376,156.9677734375
EK202310198236,126.88671875
EK202310138567,143.1201171875
EK202310148635,151.5341796875
EK202310121362,134.1435546875
EK202310216537,152.3369140625
EK202310244010,130.708984375
EK202310199391,157.8701171875
EK202310150957,137.8759765625
EK202310160956,161.529296875
EK202310234204,128.7685546875
EK202310230587,151.95703125
EK202310212166,160.103515625
EK202310164638,142.4384765625
EK202310157872,154.8056640625
EK202310206238,154.7421875
EK202310137733,119.1513671875
EK202310123238,124.3046875
EK202310201665,131.3408203125
EK202310150077,125.318359375
EK202310140491,115.68359375
EK202310183010,149.4736328125
EK202310168338,141.388671875
EK202310146731,144.046875
EK202310201575,128.466796875
EK202310151646,131.7001953125
EK202310110613,150.4189453125
EK202310107412,156.3251953125
EK202310110590,120.4697265625
EK202310127237,154.0908203125
EK202310217513,152.353515625
EK202310148694,165.845703125
EK202310223185,136.9951171875
EK202310172511,156.7958984375
EK202310219014,140.228515625
EK202310134780,144.81640625
EK202310117915,127.6708984375
EK202310153389,138.908203125
EK202310207296,150.43359375
EK202310132494,139.9404296875
EK202310187803,133.44921875
EK202310233954,148.2509765625
EK202310119049,117.8896484375
EK202310243256,133.970703125
EK202310244548,123.93359375
EK202310240124,143.6669921875
EK202310148734,132.611328125
EK202310131233,131.22265625
EK202310220058,142.2255859375
EK202310217202,146.453125
EK202310179774,143.376953125
EK202310227794,141.021484375
EK202310132105,135.283203125
EK202310177761,150.177734375
EK202310227840,154.205078125
EK202310169016,135.6044921875
EK202320006837,165.8623046875
EK202310108574,152.423828125
EK202310190548,132.7333984375
EK202310109486,131.05078125
EK202310200259,162.72265625
EK202310162701,171.857421875
EK202310160336,129.0556640625
EK202310212709,128.8662109375
EK202310226725,140.083984375
EK202310158681,150.4560546875
EK202310107964,141.763671875
EK202310235518,148.72265625
EK202310123552,152.328125
EK202310201865,147.1474609375
EK202310145317,154.37109375
EK202310183030,169.0576171875
EK202310200118,155.537109375
EK202310114422,148.5498046875
EK202310157848,125.2451171875
EK202310239370,144.603515625
EK202310131836,161.44921875
EK202310143421,140.04296875
EK202310205485,137.494140625
EK202310168662,152.337890625
EK202310154586,173.189453125
EK202310186744,137.7099609375
EK202310233340,132.66015625
EK202310239910,121.2841796875
EK202310245136,141.8017578125
EK202310149851,169.59765625
EK202310149779,149.955078125
EK202310228990,140.458984375
EK202310242178,160.0146484375
EK202310133873,182.7890625
EK202310164264,138.1943359375
EK202310231632,139.3818359375
EK202310144424,140.3603515625
EK202310112760,135.314453125
EK202310212956,136.2197265625
EK202310145964,143.7041015625
EK202310126563,120.494140625
EK202310109694,146.9208984375
EK202310128490,133.150390625
EK202310180704,167.4892578125
EK202310126998,143.7109375
EK202310112115,139.9765625
EK202310209159,140.7529296875
EK202310191498,138.8759765625
EK202310216436,134.921875
EK202310163197,149.1298828125
EK202310151701,129.5634765625
EK202310110130,136.1630859375
EK202310226705,138.345703125
EK202310139340,165.21484375
EK202310110862,131.1015625
EK202310127381,173.328125
EK202310202546,167.9658203125
EK202310225643,148.763671875
EK202310213096,136.693359375
EK202310235079,144.8564453125
EK202310109108,173.076171875
EK202310225137,145.9013671875
EK202310187484,146.56640625
EK202310244698,157.1376953125
EK202310182643,152.7333984375
EK202310172470,163.7646484375
EK202310202542,117.279296875
EK202310240368,137.1435546875
EK202310103843,128.2041015625
EK202310219530,143.3095703125
EK202310176306,168.8740234375
EK202310239841,145.705078125
EK202310216087,138.54296875
EK202310153817,133.65625
EK202310170433,132.7666015625
EK202310219831,138.638671875
EK202310232545,150.9384765625
EK202310128070,162.32421875
EK202310160215,140.4150390625
EK202310233605,146.091796875
EK202310004309,139.478515625
EK202310162940,150.8818359375
EK202310229901,112.0263671875
EK202310155025,140.494140625
EK202310127004,143.7109375
EK202310247408,141.0341796875
EK202310202128,143.2724609375
EK202310178091,126.908203125
EK202310123328,136.5771484375
EK202310228444,133.93359375
EK202310156135,146.5126953125
EK202310164582,146.07421875
EK202310120354,133.80078125
EK202310225755,150.7392578125
EK202310242750,133.2998046875
EK202310142998,148.31640625
EK202310224125,151.41796875
EK202310169891,160.5576171875
EK202310115679,124.3720703125
EK202310198800,167.1728515625
EK202310105498,137.7177734375
EK202310178156,156.7470703125
EK202310186930,155.158203125
EK202310133899,142.5234375
EK202310156394,147.0029296875
EK202310122250,143.328125
EK202310148614,143.2734375
EK202310195974,150.2333984375
EK202310140125,125.0224609375
EK202310210027,158.0732421875
EK202310123730,137.8583984375
EK202310116187,133.9150390625
EK202310159940,133.5517578125
EK202310120469,128.1875
EK202310153614,148.947265625
EK202310233640,131.41015625
EK202310185515,159.2001953125
EK202310205120,153.716796875
EK202310178305,150.4169921875
EK202310184917,169.8603515625
EK202310194354,155.2978515625
EK202310171208,150.7685546875
EK202310154255,158.0869140625
EK202310245884,139.2548828125
EK202310179361,139.208984375
EK202310181720,162.38671875
EK202310198136,165.6572265625
EK202310123723,153.3466796875
EK202310162489,151.697265625
EK202310242175,159.849609375
EK202310224905,144.22265625
EK202310248091,146.5517578125
EK202310123593,156.34375
EK202310183684,125.5068359375
EK202310235351,148.2978515625
EK202310169872,141.5078125
EK202320006484,167.458984375
EK202310199450,159.185546875
EK202310109127,135.4150390625
EK202320007711,163.2529296875
EK202310156432,128.806640625
EK202310233998,137.6376953125
EK202310128218,136.294921875
EK202310121076,129.6826171875
EK202310161013,142.3935546875
EK202310116233,141.49609375
EK202310172825,136.642578125
EK202310126048,165.3076171875
EK202310238467,139.3740234375
EK202310172112,133.8720703125
EK202310105094,142.0166015625
EK202310228653,128.0615234375
EK202310166974,146.9345703125
EK202310236937,132.779296875
EK202310155066,137.6552734375
EK202310110822,144.013671875
EK202310117204,145.4248046875
EK202310124699,141.8369140625
EK202310201420,135.0419921875
EK202310193066,152.7109375
EK202310103851,122.0458984375
EK202310107858,134.5341796875
EK202310136568,146.03125
EK202310108975,146.3505859375
EK202310123028,116.205078125
EK202310124327,141.3994140625
EK202310127718,165.9736328125
EK202310155357,141.4931640625
EK202310230360,138.4189453125
EK202310107277,128.7939453125
EK202310140418,163.2080078125
EK202310205320,144.4267578125
EK202310111068,152.8701171875
EK202310199336,154.00390625
EK202310124051,134.630859375
EK202310137534,129.9912109375
EK202310134728,121.515625
EK202310186537,139.6259765625
EK202310212779,166.388671875
EK202310184455,161.5361328125
EK202310243388,130.3955078125
EK202310137422,139.45703125
EK202310241788,148.0126953125
EK202310107922,155.7734375
EK202310193955,137.2998046875
EK202310194721,136.859375
EK202310146903,130.53515625
EK202310134637,129.15625
EK202310115633,128.1806640625
EK202310226326,139.1572265625
EK202310191621,168.3046875
EK202310218537,150.681640625
EK202310140032,140.498046875
EK202310187906,163.6181640625
EK202310160631,149.0283203125
EK202310235165,122.951171875
EK202310226953,159.5537109375
EK202310231462,140.9990234375
EK202310131496,142.984375
EK202310215576,167.7412109375
EK202310122149,157.1728515625
EK202310167024,138.6982421875
EK202310201015,156.220703125
EK202310139845,161.5400390625
EK202310206739,162.689453125
EK202310107474,131.9248046875
EK202310212444,126.361328125
EK202310160242,159.884765625
EK202310151058,144.1416015625
EK202310107745,137.6279296875
EK202310180777,147.06640625
EK202310118200,131.1572265625
EK202310110288,144.9501953125
EK202310133962,173.5390625
EK202310209998,155.49609375
EK202310113961,136.765625
EK202310125421,127.1162109375
EK202310204604,137.88671875
EK202310120459,140.2783203125
EK202310179318,164.8876953125
EK202310188043,130.662109375
EK202310139621,154.744140625
EK202310223960,141.1259765625
EK202310116277,155.8359375
EK202310173520,138.1044921875
EK202310140244,112.392578125
EK202310172775,132.921875
EK202310209021,166.3544921875
EK202310137060,139.6083984375
EK202310169472,153.751953125
EK202310220708,148.0634765625
EK202310155346,130.6298828125
EK202310203724,138.0712890625
EK202310174172,124.826171875
EK202310127338,138.900390625
EK202310231177,128.7666015625
EK202310110283,125.2890625
EK202310194192,159.9990234375
EK202310179609,140.9228515625
EK202310233542,167.69921875
EK202310223188,144.39453125
EK202310160161,142.5283203125
EK202310142059,142.6884765625
EK202310148973,153.5283203125
EK202310185968,139.6318359375
EK202310143375,153.041015625
EK202310223394,141.8505859375
EK202310142935,144.7490234375
EK202310128889,133.01171875
EK202310243694,131.72265625
EK202310168873,145.29296875
EK202310110255,134.35546875
EK202310217355,146.07421875
EK202310170477,121.95703125
EK202310126294,130.892578125
EK202310193447,159.1044921875
EK202310208452,137.0537109375
EK202310121117,131.4501953125
EK202310188124,139.6484375
EK202310200744,163.96484375
EK202310246111,129.5810546875
EK202310161343,164.6220703125
EK202310174717,156.484375
EK202310162592,148.970703125
EK202310199334,158.8251953125
EK202310004427,161.5888671875
EK202310128231,127.294921875
EK202310159198,120.4814453125
EK202310190595,135.2158203125
EK202310234887,149.322265625
EK202310230530,140.6796875
EK202310212245,128.2939453125
EK202310247440,120.4423828125
EK202310190679,152.5576171875
EK202310215878,145.27734375
EK202310118270,137.01171875
EK202310109213,151.4208984375
EK202320007685,169.5810546875
EK202310125681,156.505859375
EK202310187523,140.4658203125
EK202310185418,157.6015625
EK202310147002,144.2451171875
EK202310171520,148.318359375
EK202310222521,133.41015625
EK202310200454,163.1953125
EK202310121658,122.22265625
EK202310147902,151.2490234375
EK202310204527,148.2646484375
EK202310202723,136.05859375
EK202310149975,153.1064453125
EK202310157163,149.8251953125
EK202310125893,134.6982421875
EK202310121387,120.78125
EK202310151762,169.4296875
EK202310193998,150.4912109375
EK202310106551,147.255859375
EK202310245044,127.1103515625
EK202310207864,139.3330078125
EK202310150519,128.71484375
EK202310180535,151.119140625
EK202310140574,154.826171875
EK202310152351,122.583984375
EK202310119381,153.0712890625
EK202310144308,138.9091796875
EK202310204920,145.2939453125
EK202310169039,170.27734375
EK202310126992,144.578125
EK202310165821,134.83203125
EK202310218625,133.587890625
EK202310224581,142.0390625
EK202310104040,126.8359375
EK202310151985,144.5107421875
EK202310151422,178.2626953125
EK202310181497,128.08203125
EK202310143064,149.9140625
EK202310115232,160.5302734375
EK202310160598,144.009765625
EK202310153804,141.208984375
EK202310246991,141.1025390625
EK202310205912,128.51171875
EK202310147949,151.5048828125
EK202310147713,136.314453125
EK202310172130,122.0732421875
EK202310193689,143.1708984375
EK202320007377,144.7490234375
EK202310234778,142.1767578125
EK202310126968,143.16015625
EK202310168723,130.5693359375
EK202310205210,133.125
EK202310236972,131.9873046875
EK202310110805,139.982421875
EK202310110541,158.630859375
EK202320006784,144.30859375
EK202310169268,146.662109375
EK202310192717,152.705078125
EK202310134072,128.0458984375
EK202310109817,141.3466796875
EK202310111416,139.3369140625
EK202310163760,139.0283203125
EK202310206928,156.2685546875
EK202310222806,154.7724609375
EK202310245025,161.8603515625
EK202310154335,123.818359375
EK202310122966,145.6845703125
EK202310147154,153.54296875
EK202310161786,151.201171875
EK202310122057,136.228515625
EK202310206279,154.8837890625
EK202310241236,158.3740234375
EK202310107469,130.673828125
EK202310236549,148.7294921875
EK202310144138,152.9072265625
EK202310212131,137.5048828125
EK202310112701,141.31640625
EK202310163659,130.89453125
EK202310172713,145.4033203125
EK202310175303,131.84375
EK202310129678,138.2724609375
EK202310204116,142.791015625
EK202310226565,148.3701171875
EK202310177622,142.373046875
EK202310173275,142.65234375
EK202310108694,134.7373046875
EK202310124863,138.220703125
EK202310209698,136.9228515625
EK202310155502,139.533203125
EK202310160025,137.1865234375
EK202310219991,147.0400390625
EK202310229114,127.90234375
EK202310179717,145.1630859375
EK202310112666,146.1015625
EK202310122607,153.484375
EK202310203774,114.734375
EK202310167012,134.39453125
EK202310177207,158.3916015625
EK202310108755,136.6650390625
EK202310235791,140.681640625
EK202310193173,159.8583984375
EK202310226669,142.72265625
EK202310241591,145.3330078125
EK202310139673,152.6435546875
EK202310245678,145.7861328125
EK202320005871,148.630859375
EK202310146553,143.369140625
EK202310110812,145.7978515625
EK202310163248,178.4931640625
EK202310198120,143.8486328125
EK202310130383,174.8486328125
EK202310165453,155.7705078125
EK202310129296,133.0546875
EK202310114158,136.201171875
EK202310206093,166.2412109375
EK202310178733,154.0234375
EK202310148785,135.22265625
EK202310182839,146.279296875
EK202310243137,139.57421875
EK202310180781,134.798828125
EK202310221757,168.0078125
EK202310247595,143.7685546875
EK202310119239,150.8505859375
EK202310174112,122.83203125
EK202310195036,148.8818359375
EK202310139240,153.9091796875
EK202310161228,157.634765625
EK202310124628,170.384765625
EK202310216201,139.4912109375
EK202310171177,158.8671875
EK202310217298,139.2177734375
EK202310105105,152.9677734375
EK202310121917,109.9921875
EK202310175901,125.16796875
EK202310248632,135.4462890625
EK202310168647,145.25
EK202310189433,159.2685546875
EK202310219364,146.76953125
EK202310208149,133.5224609375
EK202310115824,139.2333984375
EK202310147437,142.3134765625
EK202310131516,157.98046875
EK202310216229,143.2890625
EK202310143057,140.7490234375
EK202310227618,137.96875
EK202310105862,136.86328125
EK202310191429,176.1220703125
EK202310114100,141.4970703125
EK202310240658,138.9599609375
EK202310221826,148.7529296875
EK202310228005,136.6005859375
EK202310114273,139.7060546875
EK202310129611,152.8779296875
EK202310106828,130.228515625
EK202310216849,151.865234375
EK202310217419,151.240234375
EK202310123260,129.7119140625
EK202310189255,138.927734375
EK202310141612,158.17578125
EK202310115638,126.6376953125
EK202310144626,149.171875
EK202310128398,143.0546875
EK202310150599,151.5078125
EK202310209851,136.2158203125
EK202310142306,131.1923828125
EK202310151733,155.5458984375
EK202310115665,139.939453125
EK202310144016,130.0341796875
EK202310194248,145.720703125
EK202310221662,147.400390625
EK202310239754,138.46875
EK202310183618,148.181640625
EK202310247966,128.2275390625
EK202310144467,136.43359375
EK202310199980,133.0234375
EK202310147993,159.7236328125
EK202310219732,146.810546875
EK202310201255,154.046875
EK202310166834,164.7138671875
EK202310188039,160.46484375
EK202310125812,135.0166015625
EK202310149327,144.8486328125
EK202310186774,169.2861328125
EK202310131937,144.1806640625
EK202310136858,142.0986328125
EK202310194737,169.35546875
EK202310227116,132.0546875
EK202310188953,164.4677734375
EK202310152825,179.21484375
EK202310233830,155.6923828125
EK202310175569,141.861328125
EK202310127649,144.4794921875
EK202310189873,163.20703125
EK202310164363,145.33203125
EK202310122930,135.3193359375
EK202310159410,143.986328125
EK202310150191,124.3583984375
EK202310174699,124.9716796875
EK202310184344,173.8115234375
EK202310142972,152.521484375
EK202310136313,145.8916015625
EK202310159605,157.34765625
EK202310211606,137.5263671875
EK202310194487,151.1748046875
EK202310109553,138.9951171875
EK202310121906,117.7919921875
EK202310132283,136.8740234375
EK202310156330,155.0625
EK202310109685,143.47265625
EK202310166453,162.3984375
EK202310235141,132.86328125
EK202310242155,143.8232421875
EK202310171093,141.6650390625
EK202310157094,157.46484375
EK202310157497,147.052734375
EK202310112679,137.0400390625
EK202310201020,141.724609375
EK202310137760,135.31640625
EK202310152523,162.369140625
EK202310227728,139.5712890625
EK202310194083,140.533203125
EK202310194984,155.837890625
EK202310145213,131.763671875
EK202310216337,137.1279296875
EK202310189326,173.794921875
EK202310145361,115.6201171875
EK202310209596,134.591796875
EK202310147914,158.1474609375
EK202310210977,133.9755859375
EK202310169601,130.65234375
EK202310218627,131.0068359375
EK202310222818,143.1025390625
EK202310175529,144.1025390625
EK202310201612,163.833984375
EK202310174062,141.283203125
EK202310223170,131.388671875
EK202310225186,147.984375
EK202310243838,156.5322265625
EK202310241520,140.931640625
EK202310166518,135.24609375
EK202310113920,147.8251953125
EK202310164784,130.1474609375
EK202310159164,149.490234375
EK202310149463,159.978515625
EK202310227499,149.4404296875
EK202310217794,143.0712890625
EK202310225560,147.2685546875
EK202310147201,150.0966796875
EK202310128156,153.888671875
EK202310115240,135.291015625
EK202310238532,130.3828125
EK202310183846,149.2958984375
EK202310144731,128.068359375
EK202310162390,134.5888671875
EK202310197431,132.68359375
EK202310105951,123.359375
EK202310204990,151.0166015625
EK202310210191,138.5537109375
EK202310126933,133.01953125
EK202310202480,139.1845703125
EK202310111923,129.7041015625
EK202310119216,145.00390625
EK202310157432,151.2919921875
EK202310177567,152.1708984375
EK202310131552,141.30078125
EK202310179248,139.89453125
EK202310151456,163.03515625
EK202310168955,145.0810546875
EK202320007813,156.345703125
EK202310117010,136.5107421875
EK202310151990,149.4462890625
EK202310125852,138.8623046875
EK202310136345,127.41796875
EK202310107482,146.572265625
EK202310136674,143.3994140625
EK202310162359,164.71484375
EK202310130813,124.9814453125
EK202310242095,136.263671875
EK202310112314,139.958984375
EK202310234433,129.974609375
EK202310202458,132.45703125
EK202310129103,154.9873046875
EK202310177132,155.9814453125
EK202310242050,158.4228515625
EK202310232456,142.4189453125
EK202310200214,159.9541015625
EK202310163472,169.9794921875
EK202310185311,153.2587890625
EK202310228179,141.5595703125
EK202310130371,142.052734375
EK202310179660,154.326171875
EK202310190711,141.9111328125
EK202310246542,143.595703125
EK202310231496,135.392578125
EK202310222179,131.0615234375
EK202310132158,142.755859375
EK202310167423,155.40234375
EK202310201349,166.0244140625
EK202310142224,126.998046875
EK202310179938,141.15234375
EK202310223135,124.30859375
EK202310205817,170.1591796875
EK202310246593,146.79296875
EK202310176304,150.3974609375
EK202310130059,136.939453125
EK202310111192,140.7451171875
EK202310165881,144.2548828125
EK202310127812,157.19140625
EK202310190156,145.98046875
EK202310216483,134.361328125
EK202310144414,138.94921875
EK202310132901,123.6796875
EK202310154231,133.904296875
EK202310145897,146.9658203125
EK202310209392,138.1279296875
EK202310178084,129.9091796875
EK202310125343,132.1279296875
EK202310146816,146.3037109375
EK202310155084,132.2724609375
EK202310168900,148.3857421875
EK202310185047,142.171875
EK202310237486,135.3056640625
EK202310203671,172.322265625
EK202310135522,158.162109375
EK202310159093,145.7822265625
EK202310189257,133.7333984375
EK202310177736,149.65625
EK202310105312,137.625
EK202310242607,146.0947265625
EK202310206314,172.75
EK202310125578,127.6435546875
EK202310217187,154.8125
EK202310239344,114.0380859375
EK202310148598,125.43359375
EK202310211006,149.005859375
EK202310141573,144.8076171875
EK202310208369,142.5302734375
EK202310143928,142.162109375
EK202310149152,146.9677734375
EK202310150945,136.140625
EK202310158400,137.74609375
EK202310117629,138.533203125
EK202310104031,158.4501953125
EK202310110083,140.443359375
EK202310178368,150.546875
EK202310119686,142.419921875
EK202310143618,161.1357421875
EK202310120487,137.9580078125
EK202310219395,131.04296875
EK202310112376,140.5
EK202310201306,146.2548828125
EK202310228811,161.3740234375
EK202310171144,141.978515625
EK202310196110,152.8583984375
EK202310115076,140.392578125
EK202310106850,125.1845703125
EK202310224133,143.0576171875
EK202310138595,139.04296875
EK202310197537,138.8671875
EK202310190665,129.5087890625
EK202310148759,149.2509765625
EK202310243283,142.650390625
EK202310159395,167.35546875
EK202310114620,142.0966796875
EK202310111786,148.4013671875
EK202310179340,131.0888671875
EK202310246360,144.642578125
EK202310165546,117.8076171875
EK202310231626,137.3701171875
EK202310154298,148.9765625
EK202310234468,127.8046875
EK202310216859,169.853515625
EK202310159904,165.794921875
EK202310122874,143.22265625
EK202310226448,133.5380859375
EK202310109658,137.2529296875
EK202310248327,144.45703125
EK202310240275,134.205078125
EK202310160292,120.6845703125
EK202310130749,136.1357421875
EK202310208708,139.0
EK202310184600,141.970703125
EK202310136202,135.1845703125
EK202310118993,153.001953125
EK202310135570,164.044921875
EK202310144234,136.16015625
EK202310232831,140.4521484375
EK202310190714,123.7509765625
EK202310237590,158.4541015625
EK202310105068,128.5908203125
EK202310233087,128.916015625
EK202310174797,155.4521484375
EK202310241325,157.2353515625
EK202310003548,144.3154296875
EK202310226491,148.1025390625
EK202310111356,139.3447265625
EK202310246019,148.49609375
EK202310104422,133.9267578125
EK202310140919,131.9482421875
EK202310247367,154.8896484375
EK202310108141,149.5732421875
EK202310202875,170.4599609375
EK202310132953,133.533203125
EK202310163551,160.0732421875
EK202310155719,140.03125
EK202310128169,154.9423828125
EK202310227798,129.9228515625
EK202310112895,155.9521484375
EK202310110637,125.978515625
EK202310111099,164.55859375
EK202310160891,135.4072265625
EK202310174833,140.146484375
EK202310133014,126.9892578125
EK202310229258,140.087890625
EK202310191591,140.884765625
EK202310190178,135.28125
EK202310227882,144.6162109375
EK202310248423,146.908203125
EK202310199669,158.1298828125
EK202310178419,144.7451171875
EK202310229489,131.904296875
EK202310109158,161.2734375
EK202310167700,145.8232421875
EK202310183769,145.9453125
EK202320007189,154.109375
EK202310119946,140.416015625
EK202310171685,157.8544921875
EK202310237171,130.6787109375
EK202310114451,133.4140625
EK202310200193,141.2451171875
EK202310211187,121.26171875
EK202310163649,136.921875
EK202310128906,141.7294921875
EK202310155349,158.03125
EK202310226103,137.5771484375
EK202310130867,129.6298828125
EK202310144735,138.90234375
EK202310131002,131.1220703125
EK202310147837,149.45703125
EK202310182788,130.986328125
EK202310130743,135.2099609375
EK202310195554,147.8486328125
EK202310111296,149.4833984375
EK202310109329,132.2177734375
EK202310003505,128.865234375
EK202310182130,145.33203125
EK202310158028,152.7763671875
EK202310156165,153.857421875
EK202310210442,136.515625
EK202310182184,166.322265625
EK202310198996,121.419921875
EK202310141171,145.2294921875
EK202310223224,151.1142578125
EK202310186527,135.1943359375
EK202310155114,145.7939453125
EK202310176069,157.107421875
EK202310129120,148.95703125
EK202310189707,137.806640625
EK202310116275,148.68359375
EK202310208833,153.365234375
EK202310197309,152.498046875
EK202310213895,142.0673828125
EK202310208737,142.33984375
EK202310200447,131.744140625
EK202310152283,155.447265625
EK202310220449,145.33984375
EK202310110949,133.072265625
EK202310209106,155.73046875
EK202310223835,141.08984375
EK202310230881,137.26953125
EK202310122186,155.9169921875
EK202310170304,148.9775390625
EK202310193993,158.0791015625
EK202310141761,149.2646484375
EK202310127568,131.33984375
EK202310128895,149.0283203125
EK202310228433,141.0244140625
EK202310118632,141.0634765625
EK202310104226,129.2744140625
EK202310164491,157.6171875
EK202310216438,138.0478515625
EK202310214077,167.484375
EK202310247400,168.8798828125
EK202310174422,151.0673828125
EK202310122877,129.435546875
EK202310128301,159.283203125
EK202310121029,136.990234375
EK202310156904,127.53125
EK202310228463,148.80078125
EK202310197399,137.6630859375
EK202310210314,141.8173828125
EK202310114247,153.3515625
EK202320005931,167.5595703125
EK202310129928,154.5234375
EK202310213491,139.0439453125
EK202310117524,159.1767578125
EK202310118755,141.654296875
EK202310184404,123.7421875
EK202310227256,106.7685546875
EK202310179166,123.904296875
EK202310136432,141.2021484375
EK202310176274,142.5
EK202310151297,136.5341796875
EK202310125109,144.9287109375
EK202310116780,133.77734375
EK202310135569,135.107421875
EK202310134565,132.8271484375
EK202310186448,134.888671875
EK202310178115,132.6162109375
EK202310113148,156.2158203125
EK202310228489,135.4912109375
EK202310179723,128.7587890625
EK202310157269,158.369140625
EK202310199275,134.498046875
EK202310233646,153.3388671875
EK202310154900,149.5615234375
EK202310140705,129.9970703125
EK202310148303,140.7646484375
EK202310216595,137.310546875
EK202310109916,133.37109375
EK202310115675,138.5693359375
EK202310155830,128.9287109375
EK202310218005,149.189453125
EK202310141563,150.9228515625
EK202310228213,165.1162109375
EK202310212791,135.0029296875
EK202310194782,167.109375
EK202310231645,139.025390625
EK202310241926,150.3291015625
EK202310210213,131.380859375
EK202310134817,131.0556640625
EK202310133386,147.4130859375
EK202310142531,147.9541015625
EK202310187663,156.865234375
EK202310117777,129.6064453125
EK202310158245,134.56640625
EK202310195137,145.0009765625
EK202310142488,159.1044921875
EK202310187991,159.1298828125
EK202310150662,145.2705078125
EK202310217688,137.296875
EK202310179171,139.833984375
EK202310127405,157.0009765625
EK202310135392,149.9013671875
EK202310171859,129.5126953125
EK202310105858,132.5859375
EK202310158319,155.236328125
EK202310230414,139.5537109375
EK202310118707,139.8173828125
EK202310128139,154.75
EK202310186693,153.935546875
EK202310179495,153.9365234375
EK202310199992,134.537109375
EK202310107900,137.9921875
EK202310139759,132.7451171875
EK202310109278,138.70703125
EK202310126409,123.0810546875
EK202310207784,133.5380859375
EK202310236292,140.1005859375
EK202310154556,126.7236328125
EK202310134873,139.3251953125
EK202310132640,141.3671875
EK202310228961,128.861328125
EK202310185810,145.580078125
EK202310149986,140.7021484375
EK202310131518,144.126953125
EK202310121880,141.3876953125
EK202310191180,164.9970703125
EK202310177003,156.26171875
EK202310215011,159.853515625
EK202310146470,133.126953125
EK202310200272,155.98046875
EK202310172780,137.8115234375
EK202310225929,140.2568359375
EK202310145639,148.52734375
EK202310246707,141.1630859375
EK202310196529,115.3701171875
EK202310232839,136.5439453125
EK202310140369,140.8935546875
EK202310141325,158.0244140625
EK202310151532,170.56640625
EK202310217721,125.837890625
EK202310189960,157.0947265625
EK202310132726,136.9736328125
EK202310182587,150.6552734375
EK202310216789,152.6123046875
EK202310187849,151.390625
EK202310234305,134.2578125
EK202310142640,132.5546875
EK202310211367,137.0546875
EK202310237820,144.259765625
EK202310128311,144.9013671875
EK202310234908,140.2998046875
EK202310104928,142.8330078125
EK202310124402,136.9755859375
EK202310170954,136.4033203125
EK202310238908,144.3212890625
EK202310138176,132.041015625
EK202310150598,161.6767578125
EK202310108952,152.88671875
EK202310147721,127.810546875
EK202310164148,146.1708984375
EK202310164879,133.2685546875
EK202310170715,147.7783203125
EK202310169418,129.4384765625
EK202310133466,138.7939453125
EK202310133903,133.6826171875
EK202310204671,144.7470703125
EK202310156209,150.3046875
EK202310243873,149.0146484375
EK202310134929,138.015625
EK202310216695,130.9921875
EK202310158237,137.8544921875
EK202310194292,143.4267578125
EK202310103856,171.6962890625
EK202310126627,172.20703125
EK202310121161,130.3115234375
EK202310191392,148.5615234375
EK202310245531,116.2177734375
EK202310126763,143.9033203125
EK202310161498,153.9599609375
EK202310112456,164.0341796875
EK202310191483,149.447265625
EK202310140746,135.68359375
EK202310175247,144.56640625
EK202310112978,137.3662109375
EK202310115781,128.1728515625
EK202310150028,129.74609375
EK202310204581,151.3369140625
EK202310137480,143.0146484375
EK202310191514,135.4228515625
EK202310201678,142.9736328125
EK202310117265,127.388671875
EK202310112369,127.521484375
EK202310208647,153.548828125
EK202310142602,135.6171875
EK202310113073,140.9580078125
EK202310149092,134.4462890625
EK202310162989,133.142578125
EK202320006610,142.9501953125
EK202310177443,129.6064453125
EK202310104850,113.4462890625
EK202310126368,129.19921875
EK202310248204,142.1708984375
EK202310190956,148.46484375
EK202310110980,127.0634765625
EK202310154273,152.791015625
EK202310242223,148.0419921875
EK202310117698,132.5595703125
EK202310195417,168.62890625
EK202310145942,116.04296875
EK202310152887,169.8310546875
EK202310169297,156.54296875
EK202310221863,120.1904296875
EK202310199131,140.0107421875
EK202310185529,145.693359375
EK202310113311,127.3857421875
EK202310209762,139.744140625
EK202310164806,132.5908203125
EK202310134642,128.6044921875
EK202310146968,148.037109375
EK202310107027,121.23828125
EK202310226716,153.4541015625
EK202310243795,136.5556640625
EK202310138740,136.501953125
EK202310144607,129.185546875
EK202310244471,136.7431640625
EK202310159052,156.12890625
EK202310123055,138.19921875
EK202310113885,139.810546875
EK202310199531,134.9326171875
EK202310236118,135.0400390625
EK202310137888,140.5322265625
EK202310215531,147.216796875
EK202310185054,144.8369140625
EK202310129573,141.3857421875
EK202310163633,147.2607421875
EK202310202282,155.9443359375
EK202310143694,140.470703125
EK202320006080,169.97265625
EK202310232132,143.5439453125
EK202310138363,153.2734375
EK202310193434,136.8720703125
EK202310175511,142.6337890625
EK202310133748,126.2431640625
EK202310106718,136.0263671875
EK202310188899,152.357421875
EK202310232574,144.0478515625
EK202310212172,145.451171875
EK202310190446,128.4736328125
EK202310113384,131.4833984375
EK202310181368,162.30859375
EK202310003999,121.3798828125
EK202310141115,155.9521484375
EK202310109981,153.3212890625
EK202310166769,132.8388671875
EK202310138115,125.4482421875
EK202310128203,164.396484375
EK202310206649,137.119140625
EK202310110780,151.4208984375
EK202310240635,134.765625
EK202310190614,157.3642578125
EK202310129881,161.4384765625
EK202310127835,136.6943359375
EK202310121093,116.3759765625
EK202310150408,116.8466796875
EK202310164894,141.716796875
EK202310109584,134.341796875
EK202310173464,143.55859375
EK202310204837,142.8955078125
EK202310152348,172.9814453125
EK202310164097,144.1611328125
EK202310127163,147.7080078125
EK202310244695,153.2744140625
EK202310229812,156.9453125
EK202310134538,120.474609375
EK202310210536,146.33203125
EK202310140667,157.083984375
EK202310141775,127.875
EK202310214180,146.7822265625
EK202310164023,132.8583984375
EK202310173588,121.2744140625
EK202310170905,125.3681640625
EK202310114396,148.3818359375
EK202310183841,135.669921875
EK202310201453,153.7890625
EK202310113439,135.2001953125
EK202310238212,123.13671875
EK202310127261,144.18359375
EK202310238188,142.1923828125
EK202310206294,164.1240234375
EK202310144833,149.9951171875
EK202310211732,124.390625
EK202310224752,163.1005859375
EK202310193699,151.0634765625
EK202310143520,154.9423828125
EK202310115211,134.990234375
EK202310164360,145.9580078125
EK202310117381,138.193359375
EK202310229483,143.705078125
EK202310188649,151.8076171875
EK202310200724,149.2470703125
EK202310144431,169.8759765625
EK202310133572,142.2568359375
EK202310208802,127.431640625
EK202310248659,134.9189453125
EK202310131585,136.005859375
EK202310233777,181.1865234375
EK202310129212,131.470703125
EK202310155799,140.0419921875
EK202310229572,139.4375
EK202310128875,126.458984375
EK202310148223,165.6064453125
EK202310142900,160.5361328125
EK202310183384,150.224609375
EK202310111421,130.4931640625
EK202310212086,145.1962890625
EK202310239476,133.400390625
EK202310131957,156.759765625
EK202310204264,173.3349609375
EK202310178704,157.3173828125
EK202310227864,127.6171875
EK202310169538,119.8642578125
EK202310173784,181.8173828125
EK202310216416,155.2939453125
EK202310196443,163.466796875
EK202310214690,142.513671875
EK202310224533,138.6279296875
EK202310171089,150.83203125
EK202310213256,158.625
EK202310136488,136.58984375
EK202310199625,142.876953125
EK202310171589,146.86328125
EK202310226351,138.1025390625
EK202310106984,150.5087890625
EK202310212070,138.7060546875
EK202310183076,166.61328125
EK202310232081,138.208984375
EK202310126981,144.1689453125
EK202310154523,158.4755859375
EK202310184085,139.8515625
EK202310170300,149.5341796875
EK202310218531,158.0205078125
EK202310206452,170.271484375
EK202310004184,128.2578125
EK202310177618,123.9853515625
EK202310222352,134.83203125
EK202310106506,137.3935546875
EK202310186819,145.2568359375
EK202310140723,125.3916015625
EK202310238611,135.681640625
EK202310120555,124.66796875
EK202310147094,132.091796875
EK202310155462,139.9677734375
EK202310105723,156.0576171875
EK202310136398,142.9775390625
EK202310233819,146.78125
EK202310133289,149.36328125
EK202310230003,124.154296875
EK202310144991,157.0361328125
EK202310172964,157.4482421875
EK202310238178,158.201171875
EK202310126938,153.259765625
EK202310231506,123.458984375
EK202310190088,141.126953125
EK202310172578,142.4609375
EK202310153732,139.7900390625
EK202310179604,137.712890625
EK202310129682,126.591796875
EK202310143507,137.1455078125
EK202310155560,136.740234375
EK202310127202,168.689453125
EK202310143252,143.513671875
EK202310217653,128.142578125
EK202310173062,170.4541015625
EK202310105294,141.7138671875
EK202310117821,130.033203125
EK202310215199,141.193359375
EK202310241483,142.2197265625
EK202310174150,154.484375
EK202310219893,153.365234375
EK202310219552,141.4873046875
EK202310136028,133.1455078125
EK202310225636,140.7490234375
EK202310150738,141.4072265625
EK202310176837,128.1171875
EK202310172368,143.3828125
EK202310184904,147.9013671875
EK202310191265,153.5712890625
EK202310144201,143.03125
EK202310139926,142.3720703125
EK202310133343,158.5341796875
EK202310193942,135.478515625
EK202310181626,158.3046875
EK202310138065,132.10546875
EK202310175111,130.8388671875
EK202310242001,136.6865234375
EK202310160431,134.134765625
EK202310169578,144.44140625
EK202310137385,134.1220703125
EK202310136468,144.5830078125
EK202310158374,153.064453125
EK202310108318,131.9150390625
EK202310122270,132.611328125
EK202310144491,163.439453125
EK202310123031,132.5185546875
EK202310155418,141.8564453125
EK202320006341,156.21484375
EK202310110341,133.5625
EK202310103961,157.6962890625
EK202310003695,160.3134765625
EK202310200040,131.7255859375
EK202310119278,166.0556640625
EK202310174626,162.6923828125
EK202310153937,142.158203125
EK202310189548,168.2041015625
EK202310149005,161.5068359375
EK202310184006,152.0634765625
EK202310129614,148.6572265625
EK202310178276,146.7470703125
EK202310124293,150.591796875
EK202310199434,142.6298828125
EK202310111178,149.3212890625
EK202310143329,161.6748046875
EK202310229141,133.1650390625
EK202310225446,138.97265625
EK202310133140,165.3955078125
EK202310204388,136.8779296875
EK202310127528,130.8466796875
EK202310175944,148.2724609375
EK202310205185,166.5419921875
EK202310220142,158.3779296875
EK202310188984,134.5869140625
EK202310117484,178.33203125
EK202310222387,140.0625
EK202310238376,145.6357421875
EK202310190275,156.9853515625
EK202310127517,137.5
EK202310148647,146.591796875
EK202310144619,137.353515625
EK202310172144,141.291015625
EK202310105902,135.580078125
EK202310169293,135.78515625
EK202310231168,136.55859375
EK202310147200,140.95703125
EK202310193258,139.8759765625
EK202310134686,152.8427734375
EK202310184958,155.2451171875
EK202310172029,164.9580078125
EK202310199176,142.2373046875
EK202310232628,126.00390625
EK202310230800,139.06640625
EK202310169188,167.78515625
EK202310143652,150.4228515625
EK202310210776,145.98828125
EK202310243268,124.5546875
EK202310219929,145.3671875
EK202320006873,149.5810546875
EK202310142750,165.7314453125
EK202310105033,147.4189453125
EK202310171957,135.1416015625
EK202310167819,148.3291015625
EK202310224575,136.8212890625
EK202310218984,125.6591796875
EK202310148378,174.474609375
EK202310124296,132.7734375
EK202310153505,122.4443359375
EK202310202475,165.49609375
EK202310105768,139.9970703125
EK202310155150,158.79296875
EK202310131403,149.4140625
EK202310236965,132.33984375
EK202310128158,156.2626953125
EK202310244898,134.689453125
EK202310168438,164.1240234375
EK202310191063,136.470703125
EK202310247883,152.30078125
EK202310144879,130.7138671875
EK202310248004,169.56640625
EK202310129311,166.904296875
EK202310159341,134.015625
EK202310186599,132.9609375
EK202310003714,172.5849609375
EK202310141937,155.3916015625
EK202310141516,152.1728515625
EK202310211399,116.814453125
EK202310133332,149.923828125
EK202310245637,142.392578125
EK202310195191,122.08984375
EK202310120028,151.41015625
EK202310238137,141.314453125
EK202310155822,131.7548828125
EK202310178814,161.814453125
EK202310117251,149.0537109375
EK202310134938,158.2333984375
EK202310209690,138.49609375
EK202310203758,147.23828125
EK202310115669,140.4609375
EK202310104134,142.7822265625
EK202310145861,113.767578125
EK202310150671,129.3115234375
EK202310240589,133.4404296875
EK202310212301,132.384765625
EK202310142614,148.9443359375
EK202310141457,141.5078125
EK202310245972,143.5283203125
EK202310150051,170.8173828125
EK202310170670,149.4365234375
EK202310211033,143.501953125
EK202310206028,142.6748046875
EK202310116009,129.2587890625
EK202310119459,166.0771484375
EK202310205201,140.3916015625
EK202320005999,156.64453125
EK202310137068,141.125
EK202310125205,138.6787109375
EK202310111843,122.68359375
EK202310155744,159.7197265625
EK202310189271,169.1376953125
EK202310200042,138.419921875
EK202310234396,129.263671875
EK202310203600,144.3671875
EK202310206171,142.9951171875
EK202310206072,143.5068359375
EK202310163819,155.4150390625
EK202310241837,154.443359375
EK202310122958,118.0966796875
EK202310143934,166.5673828125
EK202310108166,156.6484375
EK202310157169,166.6357421875
EK202310152923,152.2353515625
EK202310194312,135.5986328125
EK202310176406,149.736328125
EK202310150358,155.3037109375
EK202310219917,125.306640625
EK202310196050,124.720703125
EK202310199317,149.83203125
EK202310214061,160.6396484375
EK202310122593,137.2294921875
EK202310244955,137.82421875
EK202310156822,140.47265625
EK202310207476,135.615234375
EK202310158934,146.4140625
EK202310201930,156.7509765625
EK202310119122,142.3671875
EK202310196169,164.05859375
EK202310201449,151.2802734375
EK202310130630,134.7578125
EK202310216667,158.1396484375
EK202310109941,116.822265625
EK202310200400,140.6953125
EK202310137456,147.94140625
EK202310196853,129.3984375
EK202310215704,140.5703125
EK202310135405,136.6796875
EK202310169616,125.64453125
EK202310216148,135.2177734375
EK202310243354,123.630859375
EK202310228967,134.4892578125
EK202310243234,145.615234375
EK202310192532,170.0556640625
EK202310214813,151.8564453125
EK202310104914,147.4384765625
EK202310153816,141.5009765625
EK202310202614,136.56640625
EK202310210862,161.21484375
EK202310170135,150.275390625
EK202310188088,148.6220703125
EK202310221249,153.6171875
EK202310232182,135.1962890625
EK202310185589,126.33203125
EK202310220140,143.7041015625
EK202310151225,140.9677734375
EK202310120905,159.419921875
EK202310125281,142.5078125
EK202310129594,132.625
EK202310131652,142.904296875
EK202310178780,146.4765625
EK202310199546,149.0283203125
EK202310184333,131.0869140625
EK202310129518,138.6494140625
EK202310125847,150.3759765625
EK202310146303,147.6162109375
EK202310175806,140.5185546875
EK202310220347,146.791015625
EK202310225734,144.3505859375
EK202310240284,135.822265625
EK202310114155,152.0244140625
EK202310208667,134.6416015625
EK202310247128,163.7783203125
EK202310218283,142.9892578125
EK202310227443,144.130859375
EK202310157358,149.2958984375
EK202310205155,148.8154296875
EK202310189640,148.53515625
EK202310219047,130.2451171875
EK202310155307,122.94140625
EK202310190346,150.626953125
EK202310186825,161.2353515625
EK202310203583,156.2099609375
EK202310122872,127.291015625
EK202310223579,143.4482421875
EK202310134595,161.740234375
EK202310199315,123.9716796875
EK202310197280,131.318359375
EK202310105445,149.38671875
EK202310170127,130.435546875
EK202310124087,125.5849609375
EK202310186812,148.9853515625
EK202310175470,148.7177734375
EK202310178249,155.623046875
EK202310246428,121.654296875
EK202310206906,154.943359375
EK202320007523,183.3642578125
EK202310106696,115.4384765625
EK202310139497,182.5087890625
EK202310135104,125.197265625
EK202310165444,158.4462890625
EK202310150670,156.828125
EK202310141326,150.734375
EK202310206479,131.69140625
EK202310182003,158.251953125
EK202310240148,166.5048828125
EK202310246934,157.826171875
EK202310157908,148.03125
EK202310233790,136.1142578125
EK202310227231,150.9287109375
EK202310104197,127.5263671875
EK202310003919,144.3525390625
EK202310134161,124.9326171875
EK202310132637,134.158203125
EK202310112692,138.4091796875
EK202310004804,137.7607421875
EK202310188449,150.453125
EK202310161514,145.638671875
EK202310121257,132.8251953125
EK202310165460,173.626953125
EK202310246582,137.9921875
EK202310182549,146.9716796875
EK202310153021,145.609375
EK202310155857,137.4619140625
EK202310112710,150.083984375
EK202310193527,142.609375
EK202310210851,133.5361328125
EK202310166991,147.767578125
EK202310153617,147.5693359375
EK202310162029,154.953125
EK202310150898,137.1962890625
EK202310119566,145.2958984375
EK202310172046,159.6513671875
EK202310113364,149.5908203125
EK202310104697,160.1064453125
EK202310110438,135.0361328125
EK202310139792,135.5859375
EK202310108044,133.037109375
EK202310191154,156.12890625
EK202310162199,137.3662109375
EK202310159050,140.626953125
EK202310127404,158.6591796875
EK202310216583,146.0625
EK202310233658,156.802734375
EK202310141492,139.384765625
EK202310203883,125.8779296875
EK202310219043,167.04296875
EK202310145653,141.384765625
EK202310228503,133.20703125
EK202310179347,117.0419921875
EK202310132009,143.9365234375
EK202310212361,129.8671875
EK202310124879,135.8740234375
EK202320006785,169.3330078125
EK202310245990,134.5361328125
EK202310177823,171.6748046875
EK202310229376,134.9716796875
EK202310181146,139.77734375
EK202310201989,126.517578125
EK202310192148,141.63671875
EK202310185865,133.6181640625
EK202310149322,143.01953125
EK202310154759,143.1455078125
EK202310142366,140.3896484375
EK202310225136,150.73046875
EK202310140657,140.861328125
EK202310181056,142.5537109375
EK202310147652,148.5263671875
EK202310195069,136.1142578125
EK202310186330,151.1318359375
EK202310170880,137.9326171875
EK202310104902,130.3857421875
EK202310137021,153.2470703125
EK202310112219,145.1484375
EK202310114567,140.9599609375
EK202310174050,144.56640625
EK202310146459,135.9140625
EK202310125401,125.3037109375
EK202310232042,136.3115234375
EK202310137842,136.6484375
EK202310235166,127.1708984375
EK202310123303,127.8720703125
EK202310204672,144.564453125
EK202310147206,146.9873046875
EK202310165103,173.6533203125
EK202310246536,153.4873046875
EK202310204665,121.5869140625
EK202310139971,168.69140625
EK202310230726,129.7119140625
EK202310217044,130.4658203125
EK202310175720,141.9775390625
EK202310208548,124.0244140625
EK202310213825,139.591796875
EK202310196825,137.9580078125
EK202310117004,129.6669921875
EK202310164666,143.6962890625
EK202310195792,154.7099609375
EK202310195121,153.0703125
EK202310188217,144.0693359375
EK202310178996,126.5673828125
EK202310107580,150.8720703125
EK202310163974,158.458984375
EK202310237799,128.59375
EK202310232053,142.4775390625
EK202310178319,157.1943359375
EK202310126202,130.1943359375
EK202310227911,141.6142578125
EK202310109084,132.865234375
EK202310143067,122.52734375
EK202310206930,142.7978515625
EK202310201884,134.986328125
EK202310130641,133.041015625
EK202310157121,169.2529296875
EK202310220877,131.06640625
EK202310149540,145.3046875
EK202310169600,136.29296875
EK202310163175,161.6162109375
EK202310106277,133.8916015625
EK202310209667,136.9541015625
EK202310119877,126.498046875
EK202310204499,139.4150390625
EK202310190780,158.2705078125
EK202310115565,146.6708984375
EK202310195056,139.9091796875
EK202310111373,176.947265625
EK202310161299,137.5283203125
EK202310245424,133.0615234375
EK202310246906,117.1337890625
EK202310120316,142.9814453125
EK202310144965,155.6767578125
EK202310211133,136.638671875
EK202310167406,151.34375
EK202310162901,154.509765625
EK202310107075,128.765625
EK202310140916,143.4814453125
EK202310143120,153.9541015625
EK202310114506,128.2265625
EK202310175480,155.951171875
EK202310118790,124.1669921875
EK202310169280,132.123046875
EK202310129297,156.0732421875
EK202310198282,133.3701171875
EK202310240512,131.611328125
EK202310192236,137.3330078125
EK202310177577,134.4814453125
EK202310161068,160.064453125
EK202310111934,122.28515625
EK202310155260,135.3974609375
EK202310124483,144.8037109375
EK202310155315,145.2099609375
EK202310123325,132.2373046875
EK202310149045,153.6142578125
EK202310222163,128.11328125
EK202310108935,132.33984375
EK202310188397,142.4541015625
EK202310110895,155.1328125
EK202310146042,135.5283203125
EK202310116291,123.4951171875
EK202310214128,169.22265625
EK202310122572,134.9228515625
EK202310246206,140.4873046875
EK202310190227,152.6806640625
EK202310137442,151.404296875
EK202310240613,145.908203125
EK202310171036,141.4755859375
EK202310165619,176.796875
EK202310135508,174.49609375
EK202310203859,129.5888671875
EK202310208937,126.3359375
EK202310190964,150.2958984375
EK202310157232,146.7119140625
EK202310233329,135.736328125
EK202310004857,128.923828125
EK202310114112,148.8271484375
EK202310231381,142.7119140625
EK202310183273,146.9853515625
EK202310198133,133.7451171875
EK202310243118,136.3544921875
EK202310179772,153.876953125
EK202310177045,133.1513671875
EK202310129608,141.2939453125
EK202310146699,134.1953125
EK202310118550,145.703125
EK202310236716,123.46875
EK202310225924,153.7197265625
EK202310137908,121.62890625
EK202310136472,146.947265625
EK202310227498,153.2880859375
EK202310197540,143.0126953125
EK202310177606,143.02734375
EK202310233230,143.1435546875
EK202310129471,155.435546875
EK202310240950,133.47265625
EK202320007590,165.619140625
EK202310163887,145.97265625
EK202320007425,165.904296875
EK202310127560,173.1162109375
EK202310155824,136.5439453125
EK202310187346,141.662109375
EK202310200413,134.93359375
EK202310185717,151.9912109375
EK202310217975,127.2099609375
EK202310216468,143.990234375
EK202310201451,148.7666015625
EK202310187386,141.6396484375
EK202310113263,139.1533203125
EK202310129498,141.44140625
EK202310168744,150.7314453125
EK202310142626,152.025390625
EK202310190880,153.3623046875
EK202310131573,140.5859375
EK202310220638,135.5888671875
EK202310207069,153.8046875
EK202310116824,135.30859375
EK202310231727,141.7080078125
EK202310184770,153.0380859375
EK202310197350,155.4375
EK202310147966,152.9951171875
EK202310160556,139.48046875
EK202310242942,125.962890625
EK202310207659,163.2060546875
EK202310189516,135.712890625
EK202310214218,151.890625
EK202310105070,137.609375
EK202310218843,141.9619140625
EK202310163176,154.08984375
EK202310109656,137.51171875
EK202310004202,127.380859375
EK202310203545,152.2392578125
EK202310153518,138.3681640625
EK202310119723,141.224609375
EK202310122303,147.4833984375
EK202310113636,160.228515625
EK202310216948,131.931640625
EK202310154167,126.0078125
EK202310122355,141.9130859375
EK202310150417,123.3408203125
EK202310218226,142.431640625
EK202310191370,139.560546875
EK202310146010,136.9580078125
EK202310242320,136.666015625
EK202310182162,151.4541015625
EK202310129315,146.3818359375
EK202310106705,154.017578125
EK202310240258,131.6455078125
EK202310241039,166.9833984375
EK202310204816,144.4892578125
EK202310142491,143.095703125
EK202310200125,151.03125
EK202310111662,138.2890625
EK202310141792,152.8310546875
EK202310242215,158.7236328125
EK202310227322,164.052734375
EK202310206010,128.7333984375
EK202310220576,132.1416015625
EK202310169744,157.1162109375
EK202310236130,159.37890625
EK202310117603,134.439453125
EK202310164018,140.03125
EK202310173758,149.8056640625
EK202310169263,146.607421875
EK202310220742,137.4912109375
EK202310234928,157.216796875
EK202310133036,130.3583984375
EK202310134185,154.7353515625
EK202310185530,135.8447265625
EK202310218330,141.9794921875
EK202310220164,134.8056640625
EK202310136625,128.005859375
EK202310190327,132.1708984375
EK202310156810,133.1396484375
EK202310235883,160.375
EK202310135135,162.39453125
EK202310232747,134.1181640625
EK202310146074,139.412109375
EK202310170263,148.0712890625
EK202310117439,117.1298828125
EK202310155695,133.2490234375
EK202310180749,124.650390625
EK202310165733,166.3876953125
EK202310122820,134.513671875
EK202310132148,157.201171875
EK202310174037,143.9306640625
EK202310116351,136.0537109375
EK202320007454,162.728515625
EK202310126404,137.4560546875
EK202310179147,118.314453125
EK202310119107,147.6064453125
EK202310232208,122.3984375
EK202310146308,147.25390625
EK202310221836,167.5712890625
EK202310241730,142.591796875
EK202310126972,143.333984375
EK202310190112,151.552734375
EK202310189550,160.8037109375
EK202310167601,157.1533203125
EK202310129178,154.099609375
EK202310208362,143.5458984375
EK202310108633,124.873046875
EK202310119330,124.9091796875
EK202310241595,124.1845703125
EK202310133580,168.8486328125
EK202310184140,140.8388671875
EK202310243629,147.62109375
EK202310240837,128.728515625
EK202310133514,169.6083984375
EK202310248438,138.544921875
EK202310144323,141.55078125
EK202310199263,163.48828125
EK202310170561,145.212890625
EK202320006441,157.3544921875
EK202310156158,148.5888671875
EK202310160966,126.4794921875
EK202310170924,144.6015625
EK202310166196,155.630859375
EK202310180519,149.08984375
EK202310163021,127.3134765625
EK202310217277,129.0009765625
EK202310182542,145.330078125
EK202310187706,158.724609375
EK202310177424,144.6005859375
EK202310116469,131.8984375
EK202310126864,146.9423828125
EK202310171044,137.8291015625
EK202310159422,149.9716796875
EK202310126564,163.939453125
EK202310136978,142.216796875
EK202310227254,151.2802734375
EK202310241407,137.4501953125
EK202310151596,161.17578125
EK202310143155,127.9501953125
EK202310003368,155.951171875
EK202310225579,140.5390625
EK202310142662,120.9140625
EK202310124623,163.7578125
EK202310117099,141.5341796875
EK202310209488,150.328125
EK202310218949,153.244140625
EK202310163688,138.0087890625
EK202310233616,144.4951171875
EK202310181063,145.0791015625
EK202310122017,153.1396484375
EK202310232279,134.796875
EK202310188255,159.9306640625
EK202310222087,125.4921875
EK202310235863,137.9326171875
EK202310142201,152.3603515625
EK202310142028,137.8193359375
EK202310105750,129.5341796875
EK202310192986,153.7119140625
EK202310183238,158.13671875
EK202310184211,142.955078125
EK202310114501,132.181640625
EK202310183815,141.9677734375
EK202310239065,131.1943359375
EK202310203010,135.794921875
EK202310119934,130.462890625
EK202310245690,133.2431640625
EK202310228481,132.2685546875
EK202310115026,138.5673828125
EK202310227715,128.7763671875
EK202310147211,151.7236328125
EK202310112774,148.07421875
EK202310213753,143.873046875
EK202310115799,139.8076171875
EK202310158491,162.3173828125
EK202310224855,129.0654296875
EK202310175378,138.8466796875
EK202310120852,138.14453125
EK202310115724,131.6826171875
EK202310188278,152.712890625
EK202310218258,131.3583984375
EK202310187357,138.7314453125
EK202310170314,138.65234375
EK202310219875,141.6484375
EK202310198138,143.2041015625
EK202310238879,150.3984375
EK202310179039,142.431640625
EK202310221294,122.21875
EK202310181636,139.177734375
EK202310180030,123.9951171875
EK202310188261,145.9306640625
EK202310109627,143.9599609375
EK202310218359,143.8828125
EK202310221160,126.4921875
EK202310210517,137.9697265625
EK202310231490,117.7177734375
EK202310142904,163.4013671875
EK202310228183,131.814453125
EK202310190608,136.7080078125
EK202310229652,143.9306640625
EK202310201677,138.607421875
EK202310161948,160.447265625
EK202310164852,144.7529296875
EK202310130019,150.5595703125
EK202310137201,148.8349609375
EK202310199958,149.3017578125
EK202310168651,163.4150390625
EK202310163750,132.0087890625
EK202310164255,165.4765625
EK202310112200,140.62109375
EK202310226582,142.0283203125
EK202310150983,144.3115234375
EK202310117868,139.4365234375
EK202310104519,135.998046875
EK202310112900,141.1689453125
EK202310175950,155.2021484375
EK202310132832,156.6318359375
EK202310177022,135.8798828125
EK202310224847,162.1044921875
EK202310220893,132.501953125
EK202310140282,154.3427734375
EK202310140130,156.3330078125
EK202310111884,138.2099609375
EK202310169119,133.79296875
EK202310114003,147.0693359375
EK202310204840,143.29296875
EK202310227423,163.09375
EK202310243266,141.453125
EK202310224568,132.025390625
EK202310129159,142.8232421875
EK202310216851,148.3828125
EK202310173637,138.0087890625
EK202310137694,150.0771484375
EK202310224949,150.369140625
EK202310182755,168.3994140625
EK202310121872,150.0283203125
EK202310199590,142.904296875
EK202310237216,131.9873046875
EK202310152666,149.3349609375
EK202310119202,160.4189453125
EK202310154055,139.7998046875
EK202310131194,121.7353515625
EK202310205515,128.7705078125
EK202310226482,127.3486328125
EK202310131717,149.1806640625
EK202310116461,128.6005859375
EK202310209370,142.9765625
EK202310112844,128.8701171875
EK202310148195,142.166015625
EK202310205500,121.3994140625
EK202310180785,168.1455078125
EK202310114659,144.5234375
EK202310206704,147.8564453125
EK202310194100,138.03125
EK202310192316,131.0458984375
EK202310227158,152.501953125
EK202310210960,132.8515625
EK202310201569,155.6142578125
EK202310208440,156.6103515625
EK202310159738,151.607421875
EK202310167571,179.0634765625
EK202310133506,147.080078125
EK202310206074,162.4482421875
EK202310189737,150.099609375
EK202310168575,155.4013671875
EK202310159786,145.826171875
EK202310241528,137.2080078125
EK202310135551,171.203125
EK202310154421,169.6611328125
EK202310229939,139.3076171875
EK202310199977,139.5634765625
EK202310212346,136.9091796875
EK202310240842,132.4228515625
EK202310188648,149.2548828125
EK202310204867,140.19921875
EK202310221803,135.2744140625
EK202310216991,125.6943359375
EK202310234267,142.7939453125
EK202310164050,146.4599609375
EK202310160606,130.87109375
EK202310163801,150.74609375
EK202310202607,154.30859375
EK202310211679,138.76171875
EK202310161289,133.455078125
EK202310216723,139.7060546875
EK202310241675,138.16796875
EK202310227693,153.017578125
EK202310153006,132.5263671875
EK202310152517,123.798828125
EK202310119296,169.71484375
EK202310135167,148.466796875
EK202310129365,157.2021484375
EK202310224938,144.03125
EK202310246031,116.28125
EK202310227934,150.5693359375
EK202310155888,131.4853515625
EK202310112003,159.302734375
EK202310110042,146.7294921875
EK202310202481,128.69140625
EK202310119852,149.6259765625
EK202310191910,155.5615234375
EK202310208404,135.6689453125
EK202310175620,131.12890625
EK202310162522,157.6962890625
EK202310141148,135.099609375
EK202310173552,124.4453125
EK202310235762,135.912109375
EK202310170630,135.8583984375
EK202310215013,162.458984375
EK202310233350,123.1904296875
EK202310189297,174.62890625
EK202310201145,151.470703125
EK202310128701,127.7978515625
EK202310135409,138.5
EK202310117705,132.2236328125
EK202310122677,126.169921875
EK202310193307,160.2744140625
EK202310150126,165.8681640625
EK202310203066,155.1591796875
EK202310243263,157.908203125
EK202310147744,136.552734375
EK202310115839,141.12109375
EK202310120766,160.8173828125
EK202310141591,153.9501953125
EK202310171912,152.630859375
EK202310105341,138.7314453125
EK202320005577,159.900390625
EK202310168922,145.26953125
EK202310241884,130.779296875
EK202310231171,128.3486328125
EK202310160293,138.8173828125
EK202310177237,129.6884765625
EK202310003836,135.9560546875
EK202310159624,140.146484375
EK202310201626,133.5869140625
EK202310109032,154.083984375
EK202310139930,144.63671875
EK202310004116,136.6337890625
EK202310186841,134.0517578125
EK202310118029,149.46875
EK202310239323,147.5419921875
EK202310204171,110.716796875
EK202310190000,150.2861328125
EK202310220235,142.4892578125
EK202310200517,139.33203125
EK202310124822,151.9912109375
EK202310206677,144.25
EK202310173092,127.9658203125
EK202310140031,145.2763671875
EK202310118392,154.876953125
EK202310241116,132.677734375
EK202310162167,129.271484375
EK202310165764,127.814453125
EK202310109757,141.2265625
EK202310166993,129.671875
EK202310178462,164.6572265625
EK202310236406,127.7548828125
EK202310168692,133.587890625
EK202310221373,157.9150390625
EK202310144973,126.4365234375
EK202310125785,127.0439453125
EK202310187049,139.21875
EK202310216907,136.736328125
EK202310129517,143.1162109375
EK202310195530,116.275390625
EK202310177392,171.001953125
EK202310224171,160.3076171875
EK202310195298,138.8427734375
EK202310196360,131.0859375
EK202310197685,133.6650390625
EK202310127212,137.3037109375
EK202310194711,140.60546875
EK202310134995,166.095703125
EK202310215322,131.8056640625
EK202310129156,144.1435546875
EK202310194573,165.9638671875
EK202310107850,158.671875
EK202310224151,136.1484375
EK202310236621,130.4560546875
EK202310240110,145.939453125
EK202310151137,175.5771484375
EK202310245976,139.615234375
EK202310201981,147.0966796875
EK202310128852,146.83203125
EK202310105479,134.390625
EK202310134237,139.44140625
EK202310186135,142.1923828125
EK202310126691,138.7314453125
EK202310230960,135.478515625
EK202310167746,145.51171875
EK202310220451,141.900390625
EK202310187367,112.5556640625
EK202310211918,140.7333984375
EK202310218758,135.9482421875
EK202310170030,159.5849609375
EK202310182773,140.6806640625
EK202310132214,137.8193359375
EK202310004044,143.0185546875
EK202310210481,136.8681640625
EK202310233818,143.8193359375
EK202310134772,132.001953125
EK202310190788,148.7255859375
EK202310245891,160.9775390625
EK202310152473,144.3505859375
EK202310173468,124.8310546875
EK202310134860,137.7314453125
EK202310219927,141.115234375
EK202310242547,141.435546875
EK202310190542,151.474609375
EK202310248304,133.4658203125
EK202310234323,147.9423828125
EK202310116774,162.330078125
EK202310162192,134.2880859375
EK202310200226,129.9287109375
EK202310223298,124.751953125
EK202310131109,155.88671875
EK202310170422,135.703125
EK202310247958,137.171875
EK202310150344,132.904296875
EK202310186547,164.4658203125
EK202310159511,138.0849609375
EK202310107832,117.2197265625
EK202310157429,141.7685546875
EK202310206031,127.63671875
EK202310153162,162.4814453125
EK202310246453,119.970703125
EK202310169465,128.4658203125
EK202310127917,142.2099609375
EK202310230060,132.662109375
EK202310115986,128.7548828125
EK202310231341,140.8876953125
EK202310207431,138.9775390625
EK202310115427,140.3583984375
EK202310148216,156.6513671875
EK202310236465,135.728515625
EK202310214889,140.0615234375
EK202310183344,127.1875
EK202310115563,143.2998046875
EK202310204127,147.517578125
EK202310148558,166.123046875
EK202310239253,142.89453125
EK202310223421,145.2607421875
EK202310164157,144.53515625
EK202310191038,129.9130859375
EK202310206653,138.95703125
EK202310189587,132.6455078125
EK202320007832,154.759765625
EK202310107195,140.1611328125
EK202310154834,162.267578125
EK202310225399,139.19921875
EK202310200244,122.3681640625
EK202310181369,138.04296875
EK202310238327,146.1416015625
EK202310119929,155.4580078125
EK202310199445,162.484375
EK202310167881,145.658203125
EK202310134304,133.6064453125
EK202310206774,163.76171875
EK202310217924,150.89453125
EK202310114025,134.033203125
EK202310153648,138.33203125
EK202310168223,149.5908203125
EK202310217182,148.25390625
EK202310228108,144.4677734375
EK202310106503,137.974609375
EK202310132704,136.416015625
EK202310146469,132.5654296875
EK202310190547,150.81640625
EK202310131045,134.287109375
EK202310120149,141.6025390625
EK202310188786,151.859375
EK202310164309,166.181640625
EK202310141856,132.7607421875
EK202310174571,149.5732421875
EK202310191248,150.3955078125
EK202310228497,131.564453125
EK202310248650,139.5966796875
EK202310003518,136.71875
EK202310184477,147.3486328125
EK202310177306,134.310546875
EK202310124268,130.4111328125
EK202310207962,149.3212890625
EK202310187364,145.568359375
EK202310188630,173.693359375
EK202310183825,177.4150390625
EK202310228647,133.7685546875
EK202310242814,135.216796875
EK202310190403,137.2802734375
EK202310152077,155.470703125
EK202310127706,134.7685546875
EK202310142346,139.544921875
EK202310140834,154.158203125
EK202310124143,119.919921875
EK202310158418,161.5556640625
EK202310104315,143.1044921875
EK202310186057,115.3525390625
EK202310175318,145.98046875
EK202310170196,134.8056640625
EK202310222979,150.5205078125
EK202310179579,124.7744140625
EK202310131268,140.0498046875
EK202310232636,132.3251953125
EK202310240941,129.23828125
EK202310162473,131.7822265625
EK202310214960,140.0380859375
EK202310158148,155.9306640625
EK202310240646,172.353515625
EK202310190660,156.2705078125
EK202310137900,138.5234375
EK202310105369,128.7890625
EK202310182640,131.42578125
EK202310222831,148.4521484375
EK202310158111,130.046875
EK202310137268,141.615234375
EK202310172836,166.0478515625
EK202310130602,126.2626953125
EK202310116478,123.96875
EK202310176354,143.2822265625
EK202310136605,134.2470703125
EK202310120400,151.1943359375
EK202310138807,135.2353515625
EK202310158128,152.9453125
EK202320007743,152.4716796875
EK202310240290,147.8544921875
EK202310176995,158.880859375
EK202310178489,156.548828125
EK202310125320,134.1962890625
EK202310158248,160.2783203125
EK202310115199,137.5498046875
EK202310214342,146.0625
EK202310164698,141.1669921875
EK202310181281,157.0478515625
EK202310105605,136.529296875
EK202310117153,136.3544921875
EK202310169108,160.619140625
EK202310135565,139.2451171875
EK202310176476,131.125
EK202310245673,147.8115234375
EK202310200545,136.560546875
EK202310147448,152.2412109375
EK202310195084,132.1376953125
EK202310228420,139.4111328125
EK202310136789,118.4423828125
EK202310141614,163.7294921875
EK202310151545,173.8095703125
EK202310183497,140.072265625
EK202320005693,168.9169921875
EK202310160617,166.87109375
EK202310207236,126.4345703125
EK202310123254,129.595703125
EK202310131721,140.3544921875
EK202310129551,150.7607421875
EK202310125982,134.068359375
EK202310129231,132.0810546875
EK202310237005,113.2080078125
EK202310138431,154.4501953125
EK202310107167,132.4521484375
EK202310180405,133.0419921875
EK202310185138,132.3779296875
EK202310207362,133.306640625
EK202310188914,149.978515625
EK202310157622,134.7802734375
EK202310209933,134.7314453125
EK202310191168,150.40234375
EK202310168227,119.9833984375
EK202310211342,138.4560546875
EK202310166980,143.4033203125
EK202310206475,138.6767578125
EK202310186567,131.3525390625
EK202310227651,133.5361328125
EK202310157161,150.439453125
EK202310171211,173.8544921875
EK202310132575,130.5478515625
EK202310135453,144.634765625
EK202310219005,149.935546875
EK202310186299,143.0107421875
EK202310122783,165.427734375
EK202310112879,137.853515625
EK202310236548,130.4912109375
EK202310156862,171.2666015625
EK202310158283,149.6708984375
EK202310220175,150.6748046875
EK202310205692,126.9306640625
EK202310104703,142.6845703125
EK202310201863,120.8720703125
EK202310175191,135.0341796875
EK202310143809,135.2294921875
EK202310228164,145.83984375
EK202310227395,141.2392578125
EK202310170797,151.486328125
EK202310147520,168.8974609375
EK202310241613,136.6572265625
EK202310135976,133.2724609375
EK202310248616,133.2607421875
EK202310246754,123.9140625
EK202310197862,149.6220703125
EK202310177128,145.2412109375
EK202310232113,138.240234375
EK202310141746,129.23046875
EK202310168387,163.7490234375
EK202310245345,149.6044921875
EK202310209506,131.0390625
EK202310180792,164.3330078125
EK202310230504,153.5439453125
EK202310207171,161.6162109375
EK202310123678,129.7978515625
EK202310116185,137.7880859375
EK202310237515,133.28515625
EK202310168029,151.185546875
EK202310226787,154.740234375
EK202310171773,136.763671875
EK202310213797,152.0224609375
EK202310210449,133.796875
EK202310200138,137.2490234375
EK202310124561,138.3505859375
EK202310104095,137.111328125
EK202310173838,120.0263671875
EK202310188790,144.5732421875
EK202320006026,152.560546875
EK202310175964,135.9853515625
EK202310246749,130.3720703125
EK202310211166,124.8125
EK202310130296,155.8154296875
EK202310133656,138.982421875
EK202310162528,152.259765625
EK202310232172,126.0869140625
EK202310126678,140.9912109375
EK202310175006,132.4638671875
EK202310195947,143.9248046875
EK202310175965,152.3330078125
EK202310194000,138.4169921875
EK202310109642,136.2841796875
EK202310234602,141.5810546875
EK202310216505,142.2841796875
EK202310182057,152.1708984375
EK202310205348,155.2646484375
EK202310231919,130.927734375
EK202310143248,128.3720703125
EK202310170516,145.4755859375
EK202310228644,127.1884765625
EK202310162365,157.224609375
EK202310221959,136.03515625
EK202310135830,130.306640625
EK202310132773,130.353515625
EK202310116452,145.7607421875
EK202310125827,146.484375
EK202310153615,137.328125
EK202310104234,129.0029296875
EK202310171291,133.6123046875
EK202310143530,146.779296875
EK202310199377,137.859375
EK202310148675,132.9326171875
EK202310136051,148.0859375
EK202310108210,139.671875
EK202310199466,131.744140625
EK202310227747,159.306640625
EK202310247834,136.205078125
EK202310241529,136.66015625
EK202310112144,152.6376953125
EK202310182993,154.16015625
EK202310189245,134.033203125
EK202310160406,147.611328125
EK202310200045,134.2587890625
EK202310220419,154.4423828125
EK202310139976,138.9208984375
EK202310004037,122.0634765625
EK202310151229,155.7431640625
EK202310124255,116.3759765625
EK202310112236,147.650390625
EK202310169836,122.47265625
EK202310206379,157.7998046875
EK202310237044,127.2080078125
EK202310156899,174.4462890625
EK202310135286,141.06640625
EK202310233848,142.1337890625
EK202310243867,141.3515625
EK202310193719,144.16015625
EK202310115856,122.390625
EK202310152769,128.7763671875
EK202310208931,149.51171875
EK202310166273,131.580078125
EK202310174146,162.0869140625
EK202310216893,139.962890625
EK202310200816,152.31640625
EK202310117687,144.74609375
EK202310109308,122.7705078125
EK202310130253,166.8154296875
EK202310129353,157.685546875
EK202310232695,138.353515625
EK202310168934,147.7265625
EK202320006147,175.521484375
EK202310131865,169.30078125
EK202310154389,169.8955078125
EK202310144452,136.5322265625
EK202310109772,133.58984375
EK202310142187,168.4619140625
EK202310220392,136.6142578125
EK202310185327,132.685546875
EK202310147396,146.677734375
EK202310207907,114.6845703125
EK202310137274,131.2822265625
EK202310192264,144.171875
EK202310217353,138.841796875
EK202310169024,142.5458984375
EK202310168820,139.3828125
EK202310156728,133.0849609375
EK202310172897,154.271484375
EK202310141606,148.0791015625
EK202310209150,168.1806640625
EK202310242727,138.9384765625
EK202310172918,129.0986328125
EK202310238608,145.5986328125
EK202310118817,139.09765625
EK202310209232,141.65234375
EK202310246528,151.416015625
EK202310225110,160.0673828125
EK202310196139,156.6796875
EK202310183805,111.09765625
EK202310109611,131.703125
EK202310165156,142.005859375
EK202310169977,160.5224609375
EK202320005840,181.3681640625
EK202310164548,160.8212890625
EK202310200636,150.0185546875
EK202310175371,154.1025390625
EK202310149850,159.986328125
EK202310192563,148.3310546875
EK202310150786,137.720703125
EK202310232852,141.0107421875
EK202310129104,157.8603515625
EK202310222400,139.3837890625
EK202310238847,130.8359375
EK202310215409,134.62890625
EK202310132626,155.5107421875
EK202310209457,141.1064453125
EK202310191648,160.33984375
EK202310211924,136.4345703125
EK202310123972,170.53125
EK202320006941,156.2451171875
EK202310172894,140.748046875
EK202310201352,134.80859375
EK202310246908,131.099609375
EK202310159957,153.3359375
EK202310208067,151.423828125
EK202310132399,159.4306640625
EK202310154363,137.83203125
EK202310190672,129.2265625
EK202310191938,142.5654296875
EK202310190279,141.9580078125
EK202310205127,160.3505859375
EK202310202799,130.4794921875
EK202310169811,159.1025390625
EK202310131611,154.2470703125
EK202310124021,136.0947265625
EK202310105652,142.1318359375
EK202310133772,133.1611328125
EK202310222132,136.8779296875
EK202310187623,150.2138671875
EK202310138088,131.615234375
EK202310203335,134.5947265625
EK202310139562,154.4541015625
EK202310239042,141.7216796875
EK202310231151,129.814453125
EK202310142022,148.2275390625
EK202310227265,131.7490234375
EK202310122491,154.6376953125
EK202310246498,134.8125
EK202310237745,145.431640625
EK202310230083,143.1591796875
EK202310239818,140.072265625
EK202310109374,135.4462890625
EK202310188938,148.2470703125
EK202310239985,151.7275390625
EK202310190536,138.791015625
EK202310108454,144.111328125
EK202310185187,129.1201171875
EK202310214929,150.12890625
EK202310163742,151.0
EK202310133341,144.560546875
EK202310123932,138.3486328125
EK202310224048,138.9091796875
EK202310194734,126.4462890625
EK202310233579,135.51171875
EK202310111120,139.7001953125
EK202310202005,121.3837890625
EK202310170430,136.509765625
EK202310215966,152.505859375
EK202310142957,158.15234375
EK202310238877,129.33984375
EK202310197380,155.5078125
EK202310242798,136.98046875
EK202310118054,147.41015625
EK202310171995,141.103515625
EK202310156378,151.5126953125
EK202310209380,133.01953125
EK202320005988,166.1171875
EK202310132771,142.333984375
EK202310196985,175.076171875
EK202310209813,142.056640625
EK202310156025,152.8662109375
EK202310119261,145.1240234375
EK202310200800,157.5478515625
EK202310113114,134.9365234375
EK202310176337,170.23828125
EK202310116221,138.1103515625
EK202310185787,147.865234375
EK202310161101,169.18359375
EK202310109179,121.3779296875
EK202310211864,124.7158203125
EK202310233086,146.0390625
EK202310203086,143.1396484375
EK202310209153,127.29296875
EK202320006944,154.1455078125
EK202310124624,155.1650390625
EK202310160066,166.0888671875
EK202310212610,151.232421875
EK202310176922,151.8505859375
EK202310221476,163.9873046875
EK202310178896,140.55859375
EK202310242101,143.39453125
EK202310208004,139.5234375
EK202310217499,140.94140625
EK202310133817,127.677734375
EK202310169528,135.5224609375
EK202310239561,161.7275390625
EK202310158179,134.361328125
EK202310145688,150.8857421875
EK202310242791,142.994140625
EK202310152257,134.056640625
EK202310137070,145.080078125
EK202310146130,131.8125
EK202310204201,152.1357421875
EK202310155505,134.130859375
EK202310154019,142.0966796875
EK202310233453,156.646484375
EK202310217804,148.169921875
EK202310172949,154.9345703125
EK202310188635,150.8935546875
EK202310117443,111.0751953125
EK202310160841,139.1591796875
EK202310125406,149.6748046875
EK202310182154,142.4658203125
EK202310118807,137.5322265625
EK202310159569,162.8642578125
EK202310185202,171.4736328125
EK202310240184,136.2783203125
EK202310180957,170.08203125
EK202310208211,140.95703125
EK202310152382,137.8740234375
EK202310174048,132.7939453125
EK202310150319,152.4482421875
EK202310152702,149.759765625
EK202310170820,134.3994140625
EK202320007378,148.19140625
EK202310131773,142.984375
EK202310185301,155.697265625
EK202310175383,157.783203125
EK202310170884,129.0712890625
EK202310178300,161.6845703125
EK202310246617,151.4697265625
EK202310238047,130.8544921875
EK202310208163,175.4853515625
EK202310124260,138.9765625
EK202310128456,144.98828125
EK202310212256,126.3515625
EK202310234312,142.4091796875
EK202310104195,136.2861328125
EK202310148897,165.796875
EK202310158080,140.8818359375
EK202310219877,136.14453125
EK202310165158,137.8408203125
EK202310109254,146.5068359375
EK202310185727,142.34765625
EK202310143277,154.8818359375
EK202310194994,156.373046875
EK202310243012,161.384765625
EK202310134903,132.064453125
EK202310231333,142.7841796875
EK202310156732,165.4541015625
EK202310216366,145.060546875
EK202310220643,143.0224609375
EK202310165968,120.5576171875
EK202310246411,124.603515625
EK202310155750,146.1611328125
EK202310190049,155.7431640625
EK202310004189,164.90625
EK202310184691,169.6787109375
EK202310111760,139.05078125
EK202310176428,138.1142578125
EK202310152951,142.7744140625
EK202310104263,158.5234375
EK202310103997,143.775390625
EK202310229279,143.859375
EK202310157826,136.8740234375
EK202310142511,139.0595703125
EK202310232992,134.7919921875
EK202320007132,173.9140625
EK202310180745,120.2216796875
EK202310225853,147.6337890625
EK202310198235,136.2001953125
EK202310196329,151.0341796875
EK202310223113,138.2685546875
EK202310166045,165.5908203125
EK202310174983,134.9501953125
EK202310197554,158.115234375
EK202310215823,141.3466796875
EK202310122372,150.345703125
EK202310157463,141.126953125
EK202310175294,146.6708984375
EK202310004183,126.48828125
EK202310111002,127.390625
EK202310132507,172.951171875
EK202310226239,128.705078125
EK202310160993,122.525390625
EK202310177494,143.0146484375
EK202310247179,163.4365234375
EK202310159413,156.1103515625
EK202310205675,135.5283203125
EK202310204805,152.7802734375
EK202310104970,144.6796875
EK202310143326,149.6669921875
EK202310104508,145.669921875
EK202310109138,135.8564453125
EK202310155067,130.69921875
EK202310180368,171.1494140625
EK202310174283,157.552734375
EK202310164563,161.9794921875
EK202310248605,140.7705078125
EK202310144814,145.3671875
EK202310151103,140.1201171875
EK202310137749,126.6220703125
EK202310244871,145.7421875
EK202310231958,137.373046875
EK202320006420,156.2216796875
EK202310180132,100.2294921875
EK202310208818,148.3369140625
EK202310242680,141.5849609375
EK202310124810,181.3310546875
EK202310179535,141.0546875
EK202310180039,135.892578125
EK202310142068,156.2734375
EK202310241810,150.484375
EK202310142213,148.2451171875
EK202310205835,129.8017578125
EK202310176395,130.32421875
EK202310108817,148.5224609375
EK202310144432,125.3115234375
EK202310164208,140.6181640625
EK202310125282,131.59375
EK202310110364,140.2978515625
EK202310147767,140.7861328125
EK202310175310,155.30078125
EK202310169612,113.4384765625
EK202310177089,137.142578125
EK202310164613,139.7431640625
EK202310214491,157.408203125
EK202310159145,174.3701171875
EK202310148143,160.625
EK202310130196,167.306640625
EK202310140526,133.248046875
EK202310220135,134.4248046875
EK202310116422,132.478515625
EK202310121781,130.21875
EK202310108897,142.9677734375
EK202310110908,151.3271484375
EK202310219796,134.31640625
EK202310109152,158.5966796875
EK202310217807,139.328125
EK202310115494,124.505859375
EK202310221948,133.783203125
EK202320006012,173.6728515625
EK202310119926,142.9228515625
EK202310212680,120.4111328125
EK202310004522,153.359375
EK202310200665,161.40234375
EK202310159142,132.2919921875
EK202310217394,143.5224609375
EK202310247390,165.6962890625
EK202310153429,130.8125
EK202310133009,162.8291015625
EK202310183153,162.2607421875
EK202310223238,149.4814453125
EK202310189167,154.7861328125
EK202310167404,147.3251953125
EK202310123436,148.513671875
EK202310201161,159.0869140625
EK202310202874,129.4658203125
EK202310205144,138.740234375
EK202310211825,136.8603515625
EK202310119888,123.6640625
EK202310187594,140.826171875
EK202310127146,163.6064453125
EK202310115361,144.71484375
EK202310122062,148.4052734375
EK202310161120,172.0673828125
EK202310119640,159.5849609375
EK202310196025,153.9453125
EK202310239045,120.8896484375
EK202310197374,159.037109375
EK202310201644,141.455078125
EK202310239463,130.6015625
EK202310234006,149.13671875
EK202310209744,141.1220703125
EK202310138496,174.59765625
EK202310159749,173.1025390625
EK202310199933,132.9091796875
EK202310121772,156.611328125
EK202310150984,138.1630859375
EK202310245852,125.8212890625
EK202310129919,152.2373046875
EK202310203657,154.5458984375
EK202320007279,158.7724609375
EK202310213923,144.5400390625
EK202310004091,126.708984375
EK202310142372,158.296875
EK202320007651,144.30859375
EK202310188243,162.6728515625
EK202310162087,154.177734375
EK202310124791,146.791015625
EK202310111667,135.033203125
EK202310105642,129.5234375
EK202310196224,156.8984375
EK202310159474,130.662109375
EK202310137962,132.1611328125
EK202310194276,161.6865234375
EK202310155765,142.69140625
EK202310222240,125.013671875
EK202310175830,150.80078125
EK202310115286,155.1474609375
EK202310179252,125.7744140625
EK202310216929,145.6484375
EK202310158567,133.90625
EK202310124273,145.05078125
EK202310162224,151.2021484375
EK202310165570,183.73046875
EK202310151292,127.171875
EK202310123293,134.4296875
EK202310151984,140.767578125
EK202310133891,157.3388671875
EK202310108554,136.1806640625
EK202310108056,157.619140625
EK202310208276,143.193359375
EK202310106720,127.1982421875
EK202310164462,141.9306640625
EK202310153370,158.26953125
EK202310156354,141.3154296875
EK202310120895,139.83203125
EK202310204021,141.8037109375
EK202310144453,163.84765625
EK202310187876,152.9912109375
EK202310234386,132.2275390625
EK202310223302,133.5888671875
EK202310198885,136.2841796875
EK202310133774,156.244140625
EK202310216355,143.3154296875
EK202310170923,132.6630859375
EK202310190308,143.42578125
EK202310116974,158.326171875
EK202310147600,152.91796875
EK202310134725,159.5595703125
EK202310205939,121.5888671875
EK202310166068,140.830078125
EK202310228965,141.7099609375
EK202310106007,133.9736328125
EK202310192113,161.0
EK202310168030,145.58203125
EK202310119751,156.6591796875
EK202310196784,134.1708984375
EK202310147073,148.3076171875
EK202310215585,155.2734375
EK202310176737,132.673828125
EK202310191426,156.4013671875
EK202310234686,137.5859375
EK202310173981,142.634765625
EK202310238285,141.8603515625
EK202310004398,138.8427734375
EK202310227760,144.5205078125
EK202310228813,138.177734375
EK202310108999,142.326171875
EK202310170661,155.2724609375
EK202310107069,120.5732421875
EK202310107605,158.921875
EK202310149427,165.5400390625
EK202310235767,135.0126953125
EK202310146513,140.6005859375
EK202310134095,143.4326171875
EK202310212824,154.16796875
EK202310187784,169.630859375
EK202310220588,144.3720703125
EK202310171664,123.888671875
EK202310213580,136.595703125
EK202310117169,125.2353515625
EK202310225689,126.1748046875
EK202310228834,137.650390625
EK202310199085,159.8974609375
EK202310115337,139.6689453125
EK202310222451,135.0419921875
EK202310120450,142.484375
EK202310196902,158.298828125
EK202310213448,140.94921875
EK202310194551,151.611328125
EK202310210607,141.0107421875
EK202310240625,133.2470703125
EK202310232826,145.5673828125
EK202310115580,148.091796875
EK202310230496,130.4814453125
EK202310153896,155.955078125
EK202310167421,160.900390625
EK202310185386,149.201171875
EK202310226162,146.4541015625
EK202320006296,159.3271484375
EK202310122211,132.3798828125
EK202310120410,145.6826171875
EK202310135887,131.32421875
EK202310123262,141.83203125
EK202310116308,135.4365234375
EK202310141964,144.88671875
EK202310114738,140.2890625
EK202320007799,146.4658203125
EK202310135945,146.7080078125
EK202310152049,138.580078125
EK202310159468,148.2783203125
EK202310137922,139.25
EK202310137799,135.7744140625
EK202310185003,156.287109375
EK202310183141,132.8798828125
EK202310179706,147.3564453125
EK202310226300,126.974609375
EK202310209408,143.3232421875
EK202310224094,137.201171875
EK202310155840,124.3896484375
EK202310153392,156.794921875
EK202310119916,145.5390625
EK202310189485,141.0986328125
EK202310153973,158.921875
EK202310143859,144.2275390625
EK202310209322,159.1650390625
EK202310219928,141.994140625
EK202310177843,149.8212890625
EK202310235521,147.708984375
EK202310227218,136.26171875
EK202310120634,132.1240234375
EK202310237236,114.111328125
EK202310174275,165.828125
EK202310207517,141.91015625
EK202310197066,141.5244140625
EK202310235418,129.9970703125
EK202310229043,139.1708984375
EK202310232518,140.3408203125
EK202310127726,139.345703125
EK202310216259,157.14453125
EK202310132033,131.5615234375
EK202310204271,165.498046875
EK202310194461,151.3876953125
EK202310202541,150.4853515625
EK202310201397,153.3603515625
EK202310169275,129.1435546875
EK202310115278,133.3037109375
EK202310157300,163.470703125
EK202310111329,139.7626953125
EK202310132731,164.5068359375
EK202310107770,149.5771484375
EK202310131063,153.0146484375
EK202310212722,131.302734375
EK202310172610,156.537109375
EK202310243791,121.4423828125
EK202310219499,125.7900390625
EK202310131588,151.4208984375
EK202310217120,138.5576171875
EK202310172169,146.7548828125
EK202310133205,144.205078125
EK202310190824,164.6806640625
EK202310119229,151.462890625
EK202310172059,149.1689453125
EK202320006521,150.083984375
EK202310221989,152.884765625
EK202310178785,159.5849609375
EK202310183830,132.3759765625
EK202310168297,152.21484375
EK202310127675,119.0732421875
EK202310172854,136.552734375
EK202310176515,149.8212890625
EK202310154731,142.7724609375
EK202310213784,162.5537109375
EK202310150574,154.86328125
EK202310130454,143.689453125
EK202310131489,148.548828125
EK202310174498,143.876953125
EK202310103853,143.5537109375
EK202320007395,162.7587890625
EK202310182375,152.697265625
EK202310146376,148.4150390625
EK202310236179,117.65234375
EK202310149241,136.8515625
EK202310135136,136.330078125
EK202310140867,140.4228515625
EK202310223502,139.46484375
EK202310243943,146.697265625
EK202310174164,143.3671875
EK202310158044,148.1357421875
EK202310148103,136.306640625
EK202310156336,161.9775390625
EK202310190263,155.1982421875
EK202310176162,158.0693359375
EK202310129272,151.064453125
EK202310199173,140.515625
EK202310150794,148.2333984375
EK202310207717,151.166015625
EK202310109712,135.05859375
EK202310142567,157.6142578125
EK202310117141,149.611328125
EK202310204093,135.93359375
EK202310241706,146.1025390625
EK202310183611,175.8935546875
EK202310233211,145.9033203125
EK202320005748,145.58984375
EK202310124159,135.138671875
EK202310138315,126.9921875
EK202310193796,164.3837890625
EK202310218166,174.1962890625
EK202310229779,145.8095703125
EK202310131658,148.248046875
EK202310229978,125.9169921875
EK202310171658,130.037109375
EK202310121521,117.1455078125
EK202310190841,149.0732421875
EK202310104228,138.419921875
EK202310113040,142.7958984375
EK202310131735,146.4013671875
EK202310170151,146.6884765625
EK202310124366,115.6640625
EK202310149451,147.7470703125
EK202310206552,124.7314453125
EK202310129905,143.8134765625
EK202310227850,133.640625
EK202310235398,141.10546875
EK202310218108,125.328125
EK202310157681,126.375
EK202310214538,135.044921875
EK202310201752,165.3251953125
EK202310105353,152.634765625
EK202310106768,123.6396484375
EK202310200116,162.11328125
EK202310127715,133.154296875
EK202310105124,144.0322265625
EK202310198102,134.927734375
EK202310106141,136.716796875
EK202310165059,137.6865234375
EK202310163969,155.482421875
EK202310163911,158.15234375
EK202310160055,144.5419921875
EK202310126497,136.2763671875
EK202310189545,150.677734375
EK202310187535,154.09375
EK202310224997,130.0947265625
EK202310147587,122.166015625
EK202310130969,132.1494140625
EK202310157178,169.2353515625
EK202310150244,136.2626953125
EK202310114255,160.228515625
EK202310214855,145.607421875
EK202310158832,162.9189453125
EK202310143631,147.1435546875
EK202310206903,143.5986328125
EK202310213965,149.9619140625
EK202310140974,138.8857421875
EK202310243752,142.150390625
EK202310230647,164.298828125
EK202310110490,132.2841796875
EK202310168466,135.2900390625
EK202310138755,161.9072265625
EK202310169502,130.568359375
EK202310203430,167.3662109375
EK202310163679,146.828125
EK202310157628,128.251953125
EK202310224841,129.8974609375
EK202310153096,170.0478515625
EK202310116043,127.7001953125
EK202310201955,137.1728515625
EK202310240755,133.1220703125
EK202310215391,150.310546875
EK202310120508,129.5
EK202310166816,142.548828125
EK202310197615,169.5146484375
EK202310149113,158.51171875
EK202310187571,139.4365234375
EK202310234394,129.6171875
EK202310204787,136.7236328125
EK202310170562,157.5205078125
EK202310158575,146.681640625
EK202310200164,152.3291015625
EK202310167493,129.2783203125
EK202310181034,142.666015625
EK202310167070,127.474609375
EK202310221166,126.46875
EK202310157175,133.75390625
EK202310148464,141.2900390625
EK202310143208,137.1474609375
EK202310139027,119.25390625
EK202310224872,132.4443359375
EK202310173761,140.9775390625
EK202310234649,135.7529296875
EK202310134946,156.833984375
EK202310132145,147.115234375
EK202310124351,138.84765625
EK202310240711,142.1240234375
EK202310228181,132.9384765625
EK202310152792,122.736328125
EK202310218480,159.0029296875
EK202310233680,169.193359375
EK202310226082,144.962890625
EK202310166293,157.9638671875
EK202310178413,164.8994140625
EK202310192848,157.4716796875
EK202310169316,140.7236328125
EK202320006913,155.4404296875
EK202310108324,135.951171875
EK202310209693,144.724609375
EK202310108004,155.4560546875
EK202310198846,155.943359375
EK202310219677,133.4638671875
EK202310164857,146.03515625
EK202310147656,158.779296875
EK202310145013,134.4052734375
EK202310147368,150.302734375
EK202310170036,134.1748046875
EK202310120376,133.330078125
EK202310150683,135.1708984375
EK202310240238,156.900390625
EK202310217185,168.658203125
EK202310164586,147.7265625
EK202310198428,148.87109375
EK202310233407,139.6923828125
EK202310163412,130.783203125
EK202310151118,138.423828125
EK202310206940,165.75
EK202310229350,117.2919921875
EK202310118968,134.9130859375
EK202320006106,170.7568359375
EK202310201360,131.83984375
EK202310214617,149.2587890625
EK202310230798,130.529296875
EK202310131993,124.96484375
EK202310165856,169.84765625
EK202310208421,124.802734375
EK202310140732,139.640625
EK202310134224,148.23046875
EK202310108759,138.2998046875
EK202310115586,141.74609375
EK202310166328,135.3681640625
EK202310104171,149.205078125
EK202310218466,124.6669921875
EK202310186769,140.587890625
EK202310231774,141.630859375
EK202310130856,121.6416015625
EK202310199243,163.5830078125
EK202310178583,151.1005859375
EK202310231077,132.18359375
EK202310232984,134.1708984375
EK202310204584,142.6640625
EK202310210808,147.6181640625
EK202310243853,129.404296875
EK202310114871,136.74609375
EK202310220680,144.876953125
EK202310225716,132.6904296875
EK202310171582,150.1865234375
EK202310153093,134.6298828125
EK202310170911,150.7861328125
EK202310165452,178.4951171875
EK202310235729,129.1005859375
EK202310175158,138.20703125
EK202310161650,158.9892578125
EK202310179057,156.9453125
EK202310173343,150.123046875
EK202310188221,133.7119140625
EK202310207572,148.6787109375
EK202310126999,154.8701171875
EK202310121103,151.203125
EK202310186391,139.8056640625
EK202310210239,131.404296875
EK202310195085,143.197265625
EK202310160300,116.7431640625
EK202310199891,142.4951171875
EK202310163707,146.0927734375
EK202310196523,151.3134765625
EK202310234859,139.8671875
EK202310231803,136.140625
EK202310136798,124.2705078125
EK202310244538,138.5048828125
EK202310004017,139.3408203125
EK202320006492,163.5068359375
EK202310185950,137.37890625
EK202310130639,130.5595703125
EK202320005689,142.5986328125
EK202320006687,156.35546875
EK202310167248,127.9775390625
EK202310134731,133.427734375
EK202310179818,133.7783203125
EK202310147913,154.6884765625
EK202310153980,149.6943359375
EK202310117979,138.3251953125
EK202310149501,150.478515625
EK202310236960,137.0263671875
EK202310181994,136.130859375
EK202310170364,128.025390625
EK202310173530,153.3388671875
EK202310111439,124.494140625
EK202310222093,133.25
EK202310144055,136.6435546875
EK202310214164,132.9775390625
EK202310177168,153.91015625
EK202310233756,133.9326171875
EK202310154451,144.9033203125
EK202310193603,142.6337890625
EK202310210012,122.18359375
EK202310109490,139.603515625
EK202310161365,158.3720703125
EK202310153596,138.490234375
EK202310171021,172.1474609375
EK202310135046,156.2890625
EK202310105468,116.3349609375
EK202310180678,142.30078125
EK202310123763,131.708984375
EK202310137466,154.4111328125
EK202310138581,173.435546875
EK202310221347,152.5224609375
EK202310175567,131.818359375
EK202310136752,141.1171875
EK202310129734,150.44140625
EK202310120365,138.111328125
EK202310127797,143.73046875
EK202310183416,146.4912109375
EK202310239153,163.07421875
EK202310222246,145.6796875
EK202310144082,129.0771484375
EK202310226435,131.2490234375
EK202310110236,149.546875
EK202310172009,130.888671875
EK202310152432,168.4716796875
EK202310219667,132.888671875
EK202310202548,155.68359375
EK202310179444,136.212890625
EK202310110933,147.6123046875
EK202310112714,148.6376953125
EK202310129776,164.9853515625
EK202310184025,150.7763671875
EK202310199495,144.69921875
EK202310120853,151.611328125
EK202310110965,136.6162109375
EK202310125670,135.8076171875
EK202310129995,163.3857421875
EK202310228248,134.2080078125
EK202310128534,119.712890625
EK202310183479,149.5537109375
EK202310159882,156.4072265625
EK202310224442,132.2177734375
EK202310119875,154.544921875
EK202310165118,135.0322265625
EK202310003461,127.9033203125
EK202310127902,122.9150390625
EK202310241227,149.78125
EK202310177075,124.267578125
EK202310195321,149.0693359375
EK202310109724,178.6923828125
EK202310224884,133.4111328125
EK202310246986,140.1904296875
EK202310180027,153.6142578125
EK202310143531,138.3310546875
EK202310180604,123.2333984375
EK202310241988,156.755859375
EK202310109076,152.900390625
EK202310117902,132.5458984375
EK202310215898,140.669921875
EK202310134539,133.32421875
EK202310239440,130.40625
EK202310230665,135.10546875
EK202310172063,160.3876953125
EK202310126450,126.9736328125
EK202310229116,143.3837890625
EK202310178898,165.201171875
EK202310111721,149.673828125
EK202310170101,165.8837890625
EK202310158581,134.6435546875
EK202310157015,170.34375
EK202310229038,145.9345703125
EK202310222680,134.3330078125
EK202310111285,154.5712890625
EK202310222575,157.1298828125
EK202310156621,178.2734375
EK202310199481,137.2841796875
EK202310204046,155.1630859375
EK202310219609,129.466796875
EK202310222642,131.478515625
EK202310199140,138.5966796875
EK202310200730,143.3837890625
EK202310139007,129.716796875
EK202310126900,129.7646484375
EK202310228039,138.5146484375
EK202310177276,151.330078125
EK202310233570,134.42578125
EK202310237169,143.6064453125
EK202310238023,167.5322265625
EK202310127838,126.009765625
EK202310232618,142.1455078125
EK202310114863,144.3564453125
EK202310196485,141.3212890625
EK202310128223,133.80078125
EK202310121663,141.4287109375
EK202310111075,144.5771484375
EK202310131404,127.697265625
EK202310104361,142.4794921875
EK202310188771,138.2236328125
EK202310166069,167.24609375
EK202310225476,119.9609375
EK202310118945,110.7392578125
EK202310203625,142.3017578125
EK202310245898,146.490234375
EK202310197749,124.1533203125
EK202310185073,143.744140625
EK202310114565,141.455078125
EK202310151446,164.4296875
EK202310206021,144.9580078125
EK202310179791,150.216796875
EK202310205394,132.048828125
EK202310166488,175.7548828125
EK202310106840,127.8779296875
EK202310115082,139.8134765625
EK202310173564,141.7138671875
EK202310205877,156.2080078125
EK202310152051,148.2412109375
EK202310144703,132.1318359375
EK202310130259,160.744140625
EK202310177228,153.6357421875
EK202310218957,129.728515625
EK202310142498,158.2119140625
EK202310119549,126.9794921875
EK202310233725,140.7822265625
EK202310233810,144.9541015625
EK202310210342,138.3974609375
EK202310142303,152.6455078125
EK202310227362,139.884765625
EK202310212631,142.107421875
EK202310148066,149.9951171875
EK202310115133,147.4970703125
EK202310145502,122.0537109375
EK202310151385,165.96875
EK202310245859,131.8857421875
EK202310222753,139.7783203125
EK202310170556,156.3125
EK202310186591,112.0771484375
EK202310141795,162.380859375
EK202310129475,137.251953125
EK202310117335,137.244140625
EK202310219091,145.8037109375
EK202310224742,113.2333984375
EK202310153827,167.4248046875
EK202310159244,135.818359375
EK202310218618,138.419921875
EK202310229622,126.4580078125
EK202310212905,131.873046875
EK202310190075,137.7373046875
EK202310190265,160.0322265625
EK202310168559,121.9365234375
EK202310215223,144.6513671875
EK202310231305,134.0849609375
EK202310220211,133.33984375
EK202310183222,132.654296875
EK202310141182,134.291015625
EK202310227695,134.0546875
EK202310233303,130.5029296875
EK202310108658,131.5205078125
EK202310157889,154.2333984375
EK202310176473,149.2021484375
EK202310235635,134.5205078125
EK202310127390,145.3994140625
EK202310137562,151.0341796875
EK202310104205,146.5234375
EK202310174206,130.83203125
EK202310212816,164.234375
EK202310147436,128.8447265625
EK202310180611,142.74609375
EK202310210354,144.1572265625
EK202310189663,129.6181640625
EK202310119259,139.9189453125
EK202310235125,136.7958984375
EK202310246750,134.962890625
EK202310218896,151.48046875
EK202310203786,137.6259765625
EK202310180913,134.8447265625
EK202310124372,139.62109375
EK202310165379,138.4541015625
EK202310180954,158.2666015625
EK202310145852,130.3583984375
EK202310236766,144.3583984375
EK202310134276,158.552734375
EK202310121348,143.888671875
EK202310141601,157.109375
EK202310128602,126.2099609375
EK202310110423,134.357421875
EK202310145558,146.486328125
EK202310155126,145.43359375
EK202310148031,161.185546875
EK202310174648,137.2216796875
EK202310107125,150.046875
EK202310206336,168.2333984375
EK202310244639,137.1474609375
EK202310225703,122.451171875
EK202310246590,160.224609375
EK202310162037,146.3310546875
EK202310214389,148.5068359375
EK202310186078,150.1923828125
EK202310237892,133.6875
EK202310139019,136.1064453125
EK202310144411,160.935546875
EK202310121887,134.0576171875
EK202310182472,141.2578125
EK202310110577,132.9990234375
EK202310217458,151.943359375
EK202310206751,159.3173828125
EK202310135834,143.72265625
EK202310129936,151.1875
EK202310193629,147.6416015625
EK202310109058,130.6669921875
EK202310229608,147.9970703125
EK202310201686,145.3701171875
EK202310206823,129.8662109375
EK202310109660,126.255859375
EK202310202418,154.0595703125
EK202310140335,133.2587890625
EK202310198168,130.0869140625
EK202310117989,137.1474609375
EK202310110082,147.2587890625
EK202310227199,132.90234375
EK202310219307,161.1416015625
EK202310236825,142.6025390625
EK202310114629,144.052734375
EK202310180370,162.2734375
EK202310145206,162.6015625
EK202310108111,144.9189453125
EK202310226175,143.4658203125
EK202310227223,170.8857421875
EK202310199795,151.3076171875
EK202310228694,130.259765625
EK202310217385,134.0087890625
EK202310104812,123.2265625
EK202310216111,140.7001953125
EK202310176703,146.498046875
EK202310240602,130.5791015625
EK202310103728,134.5966796875
EK202310220868,124.4794921875
EK202310114579,145.3779296875
EK202310165033,150.724609375
EK202310150030,146.708984375
EK202310201296,155.7998046875
EK202310105195,148.294921875
EK202310213553,128.205078125
EK202310162788,153.9931640625
EK202310216325,130.2744140625
EK202310144613,153.2978515625
EK202310226580,128.2080078125
EK202310229109,133.185546875
EK202310124954,184.1494140625
EK202310205954,142.8564453125
EK202310179712,130.1767578125
EK202310193847,151.1181640625
EK202310175822,133.6689453125
EK202310116359,126.2275390625
EK202320006662,171.1865234375
EK202310111520,138.5419921875
EK202310213288,142.8779296875
EK202310191137,155.90625
EK202310132404,142.0205078125
EK202310201570,165.263671875
EK202310203322,124.4345703125
EK202310143258,155.4873046875
EK202310241669,144.30078125
EK202310190261,161.595703125
EK202310145096,128.9716796875
EK202310231686,146.6181640625
EK202310163789,140.025390625
EK202310196402,142.7275390625
EK202310230132,142.8525390625
EK202310155673,131.3671875
EK202310210437,137.2353515625
EK202310107353,142.232421875
EK202310219475,143.2880859375
EK202310232408,132.6708984375
EK202310152774,116.0869140625
EK202310200770,151.951171875
EK202310185372,157.876953125
EK202310119209,147.7763671875
EK202310131238,142.9697265625
EK202310162969,134.7470703125
EK202310127182,147.8896484375
EK202310245830,105.673828125
EK202310205893,146.9052734375
EK202310104756,131.3359375
EK202310153892,147.16796875
EK202310244027,152.6591796875
EK202310163145,153.0185546875
EK202310165966,140.0419921875
EK202310185338,158.607421875
EK202310004564,130.09375
EK202310246545,123.046875
EK202310243927,146.8466796875
EK202310171098,145.0283203125
EK202310226637,132.7587890625
EK202310240501,131.89453125
EK202310213124,150.2451171875
EK202310185369,150.7529296875
EK202310184650,161.80859375
EK202310191710,133.2685546875
EK202310186505,144.1181640625
EK202310246315,146.84375
EK202310128179,133.748046875
EK202310218717,137.99609375
EK202310140183,137.0673828125
EK202310218416,130.5791015625
EK202310104512,142.5986328125
EK202310148024,146.4404296875
EK202310211056,135.6123046875
EK202310212788,146.19921875
EK202310151708,151.349609375
EK202310192193,143.9287109375
EK202310147119,165.275390625
EK202310134171,157.8427734375
EK202310120405,143.1357421875
EK202310197432,127.962890625
EK202310116473,130.939453125
EK202310148941,134.548828125
EK202310225424,161.1259765625
EK202310160249,172.3466796875
EK202310177564,134.5087890625
EK202310147712,131.6845703125
EK202310130033,140.2333984375
EK202310161738,139.630859375
EK202310225844,133.74609375
EK202310200581,165.3662109375
EK202310155845,146.380859375
EK202310121666,128.6171875
EK202310124396,137.35546875
EK202310234458,138.2451171875
EK202310122157,134.41015625
EK202310122028,156.8447265625
EK202310178168,139.888671875
EK202320006120,165.7255859375
EK202310104089,142.876953125
EK202310130047,121.6796875
EK202310233902,139.9892578125
EK202310145593,147.0927734375
EK202310145435,134.8125
EK202310121638,144.2548828125
EK202310175711,131.1650390625
EK202310178650,129.5810546875
EK202310209932,125.0732421875
EK202310150842,139.5029296875
EK202310176075,130.2509765625
EK202310225913,153.744140625
EK202310223616,131.2529296875
EK202310177498,144.8720703125
EK202310210293,132.0146484375
EK202310243077,144.2353515625
EK202310120981,129.4755859375
EK202310161599,140.40234375
EK202310199852,139.2119140625
EK202310152182,145.2216796875
EK202310201657,160.13671875
EK202310108940,148.22265625
EK202310167429,147.501953125
EK202310245926,156.716796875
EK202310152784,143.14453125
EK202310124342,136.0205078125
EK202310161267,141.0283203125
EK202310145118,127.6923828125
EK202310124701,129.146484375
EK202310144618,147.5341796875
EK202310233384,143.244140625
EK202310207039,161.009765625
EK202310190234,143.6494140625
EK202310198686,148.2060546875
EK202310120341,154.0
EK202310247847,151.52734375
EK202310003450,162.6630859375
EK202310134573,140.25390625
EK202310116321,120.9931640625
EK202310202729,138.830078125
EK202310225102,166.3232421875
EK202320007842,161.9375
EK202310185093,141.03515625
EK202310147662,155.203125
EK202310202843,147.2646484375
EK202310233390,134.1962890625
EK202310136750,146.3505859375
EK202310132231,129.6884765625
EK202310229820,133.298828125
EK202310198900,131.982421875
EK202310112722,138.005859375
EK202310124481,124.888671875
EK202310168703,141.580078125
EK202310215506,137.4765625
EK202310227298,132.8193359375
EK202310162425,153.0576171875
EK202310147420,128.2431640625
EK202310230006,150.857421875
EK202310107551,171.48828125
EK202310245496,131.2001953125
EK202310121500,141.5224609375
EK202310137045,132.6494140625
EK202310004368,139.5888671875
EK202310124048,131.9580078125
EK202310123230,136.3837890625
EK202310003475,131.5947265625
EK202310129436,139.103515625
EK202310202223,153.6982421875
EK202310135682,157.673828125
EK202310113775,168.296875
EK202310143850,141.6103515625
EK202310199362,151.8359375
EK202310206686,136.3798828125
EK202310134277,146.5419921875
EK202310244824,128.744140625
EK202310127241,148.0009765625
EK202310153015,146.8271484375
EK202310183863,132.037109375
EK202310194062,134.0947265625
EK202310137570,147.6318359375
EK202310105406,149.7421875
EK202310211726,141.77734375
EK202310140163,157.552734375
EK202310151370,132.7470703125
EK202310183307,135.75
EK202310209242,123.0771484375
EK202310201596,144.8466796875
EK202310148319,155.216796875
EK202310212091,139.462890625
EK202310231030,148.9228515625
EK202310111993,139.0283203125
EK202310156211,154.3271484375
EK202310104592,139.1865234375
EK202310133538,156.3720703125
EK202310143489,122.4326171875
EK202310108608,140.0068359375
EK202310209410,140.68359375
EK202310196298,170.24609375
EK202310200348,138.3251953125
EK202310130825,116.2490234375
EK202310211388,152.6455078125
EK202310151265,132.30859375
EK202310161779,155.1982421875
EK202310117949,144.939453125
EK202310204507,163.98828125
EK202310104001,132.17578125
EK202310217266,142.07421875
EK202310210738,142.3505859375
EK202310179516,139.6142578125
EK202310185260,155.9306640625
EK202310117134,132.90625
EK202310218620,131.9638671875
EK202310118920,145.3515625
EK202310174953,159.7373046875
EK202310235880,166.97265625
EK202310246765,139.4365234375
EK202310151192,131.9453125
EK202310218327,131.4521484375
EK202310184977,152.23828125
EK202310106156,149.501953125
EK202310174601,137.1904296875
EK202310242933,128.2763671875
EK202320006248,169.8046875
EK202310155266,151.2548828125
EK202310118205,151.078125
EK202320007868,142.2822265625
EK202310122476,130.0576171875
EK202310246704,136.7470703125
EK202310154390,133.4775390625
EK202310208154,141.62890625
EK202310130903,138.4462890625
EK202310244992,143.9345703125
EK202310141315,146.09765625
EK202310119220,145.1240234375
EK202310245411,143.814453125
EK202310122328,140.2021484375
EK202310145979,125.5673828125
EK202310137109,134.2939453125
EK202310107808,135.564453125
EK202310237598,148.1904296875
EK202310150637,142.0107421875
EK202310115093,138.1669921875
EK202310121973,140.4443359375
EK202310201313,129.4609375
EK202310171481,160.5947265625
EK202310151406,172.9951171875
EK202310201141,159.8623046875
EK202310179223,133.0380859375
EK202310195934,176.2646484375
EK202310142396,152.1962890625
EK202310161167,158.744140625
EK202310166581,160.251953125
EK202310247520,155.1572265625
EK202310113867,136.0546875
EK202310124498,134.658203125
EK202310156133,138.2216796875
EK202310199597,153.1953125
EK202310161135,159.6982421875
EK202310215679,139.3955078125
EK202310238774,129.7978515625
EK202310196868,130.650390625
EK202310112295,149.4912109375
EK202310235239,156.50390625
EK202310127731,141.7099609375
EK202310230868,147.798828125
EK202310217903,148.21484375
EK202310172613,139.4580078125
EK202310129229,149.859375
EK202310190368,173.0439453125
EK202310162297,142.255859375
EK202310222739,129.431640625
EK202310161749,121.6162109375
EK202310155297,142.1513671875
EK202310108502,150.8759765625
EK202310130801,151.77734375
EK202310231593,123.873046875
EK202310125919,149.154296875
EK202310209411,137.240234375
EK202310179339,117.552734375
EK202310187200,157.673828125
EK202310146890,148.9208984375
EK202310166979,139.1943359375
EK202310237165,147.4951171875
EK202310152579,148.68359375
EK202310003917,149.0810546875
EK202310235269,158.34375
EK202310108468,149.8681640625
EK202310143968,140.337890625
EK202310160042,127.1103515625
EK202310203662,142.12890625
EK202310151437,155.6083984375
EK202310144465,142.6982421875
EK202310190402,153.845703125
EK202310134264,130.15234375
EK202310234082,157.2265625
EK202310210958,130.5947265625
EK202310139701,125.7685546875
EK202310143670,171.8046875
EK202310144634,139.1689453125
EK202310141663,159.1044921875
EK202310137665,142.7421875
EK202310205722,134.3583984375
EK202310151909,157.10546875
EK202310221195,130.4404296875
EK202310137582,138.7685546875
EK202310194278,123.259765625
EK202310128272,139.8271484375
EK202310106468,153.15625
EK202310144004,135.0341796875
EK202310128173,154.7861328125
EK202310111420,136.4072265625
EK202310120296,132.95703125
EK202310200950,161.740234375
EK202310175501,138.83984375
EK202310120331,144.7080078125
EK202310228878,170.8642578125
EK202310182513,162.640625
EK202310146179,119.5009765625
EK202310122722,138.2998046875
EK202310105824,147.84375
EK202310153125,162.943359375
EK202310245447,142.0126953125
EK202310119032,138.7109375
EK202310121833,130.5458984375
EK202310241687,139.0078125
EK202310239324,136.02734375
EK202310164441,125.2275390625
EK202310140020,173.8388671875
EK202310130010,152.4453125
EK202310121272,140.4990234375
EK202310155947,133.8623046875
EK202310235396,137.400390625
EK202310142223,152.8125
EK202310112225,143.912109375
EK202310169440,156.8623046875
EK202310136706,149.69921875
EK202310216973,131.8505859375
EK202310226784,143.3251953125
EK202310221041,132.2109375
EK202310231770,141.45703125
EK202310145329,164.94921875
EK202310134603,156.1669921875
EK202310186803,147.271484375
EK202310004747,127.0400390625
EK202310140470,137.431640625
EK202310195581,132.763671875
EK202310150690,140.8017578125
EK202310107903,132.24609375
EK202310192146,137.5830078125
EK202310148551,177.33203125
EK202310106261,140.9580078125
EK202310146170,108.931640625
EK202310136162,140.4033203125
EK202310113122,145.5869140625
EK202310163718,120.2880859375
EK202310183205,148.8662109375
EK202310200858,165.6455078125
EK202310196929,162.6708984375
EK202310171438,167.26953125
EK202310174765,142.0419921875
EK202310124046,147.8369140625
EK202310152264,149.259765625
EK202310213792,165.32421875
EK202310165171,157.775390625
EK202310162758,136.140625
EK202310143468,142.1796875
EK202310180043,122.1064453125
EK202310147871,154.0380859375
EK202310164549,133.345703125
EK202310201642,138.884765625
EK202310109113,137.6591796875
EK202310174688,151.609375
EK202310248259,148.1552734375
EK202310185782,137.2392578125
EK202310110936,139.5400390625
EK202310117421,144.4560546875
EK202310142478,123.537109375
EK202310141930,155.7646484375
EK202310243981,134.5283203125
EK202310172266,132.609375
EK202310228140,136.4365234375
EK202310176614,150.0849609375
EK202310233607,172.7021484375
EK202310106233,123.59765625
EK202310162621,166.740234375
EK202310190940,150.740234375
EK202310219344,163.8447265625
EK202310154188,164.3681640625
EK202310219915,127.9423828125
EK202310166730,143.4619140625
EK202310117725,133.515625
EK202310166726,141.896484375
EK202310163657,158.662109375
EK202310228898,139.3603515625
EK202310184184,130.7275390625
EK202310125372,127.0009765625
EK202310119495,125.4892578125
EK202310117082,135.3134765625
EK202310146291,143.2138671875
EK202310241466,139.998046875
EK202310150849,151.330078125
EK202310202757,151.669921875
EK202310182560,139.0078125
EK202310112973,122.0419921875
EK202310213514,131.5771484375
EK202310221393,166.6572265625
EK202310158310,143.578125
EK202310140347,132.611328125
EK202310175551,132.4423828125
EK202310180868,137.00390625
EK202320006868,166.990234375
EK202310248257,140.9716796875
EK202310180309,152.9794921875
EK202310229558,144.8720703125
EK202310115971,139.9296875
EK202310160935,130.748046875
EK202310157633,143.6611328125
EK202310146143,133.9931640625
EK202310186183,152.4453125
EK202310211422,136.2900390625
EK202310161977,157.87109375
EK202320006500,174.2412109375
EK202310150314,146.0478515625
EK202310110846,130.404296875
EK202310203222,136.388671875
EK202310129532,140.3115234375
EK202310129904,160.947265625
EK202310186467,162.759765625
EK202310147117,151.3515625
EK202310116424,138.4736328125
EK202310149442,144.84375
EK202310104505,149.6005859375
EK202310121773,150.2646484375
EK202310127109,145.84765625
EK202310201894,149.8291015625
EK202310188361,155.6865234375
EK202310193295,172.447265625
EK202310177870,135.3984375
EK202310113628,149.0966796875
EK202310139300,152.494140625
EK202310142961,155.0302734375
EK202310105639,129.9765625
EK202310200187,128.9873046875
EK202310235386,140.568359375
EK202310201587,165.9697265625
EK202310139029,132.83203125
EK202310170332,149.2587890625
EK202310104539,135.7939453125
EK202310221009,157.521484375
EK202310111917,134.66796875
EK202310155020,141.275390625
EK202310209995,146.5087890625
EK202310201277,149.7568359375
EK202310142737,150.91796875
EK202310226601,137.6240234375
EK202310248195,143.6318359375
EK202310181017,144.431640625
EK202310141427,147.2529296875
EK202310231407,140.44140625
EK202310137086,144.064453125
EK202310125507,137.283203125
EK202310122987,119.1650390625
EK202310200912,131.2802734375
EK202310104251,137.66015625
EK202310195674,161.802734375
EK202310223438,141.3603515625
EK202310153194,158.7802734375
EK202310213990,151.7490234375
EK202310162781,133.45703125
EK202310187211,173.4169921875
EK202310176227,152.4052734375
EK202310234676,138.1005859375
EK202310125148,139.9609375
EK202310177679,145.2998046875
EK202310120787,152.6767578125
EK202310145311,134.556640625
EK202310122627,148.6572265625
EK202310201377,150.40625
EK202310212640,148.5185546875
EK202310123690,111.2705078125
EK202310111428,144.06640625
EK202310231233,131.3291015625
EK202310205587,156.0498046875
EK202310126571,137.4541015625
EK202310145090,152.822265625
EK202320006877,162.072265625
EK202310172065,136.7919921875
EK202310198983,129.6650390625
EK202310169546,129.208984375
EK202310111317,129.3291015625
EK202310119424,131.66796875
EK202310135345,166.546875
EK202310118372,131.095703125
EK202310170295,147.3095703125
EK202310190557,151.4638671875
EK202310200195,129.896484375
EK202310131868,169.9306640625
EK202310158562,158.0048828125
EK202310150891,125.9228515625
EK202310151386,167.0947265625
EK202310243101,134.9521484375
EK202310146970,132.435546875
EK202310194638,150.3134765625
EK202310142085,110.5869140625
EK202310155341,144.283203125
EK202310226663,138.57421875
EK202310183726,160.94140625
EK202310189308,166.005859375
EK202310198713,182.478515625
EK202310202117,150.64453125
EK202310163684,139.6923828125
EK202310111102,147.0263671875
EK202310127044,127.1767578125
EK202310118453,150.1787109375
EK202310128214,134.46484375
EK202310135042,175.896484375
EK202310126915,142.75
EK202310147166,150.1142578125
EK202310233052,139.6201171875
EK202310141703,140.5537109375
EK202310164168,157.591796875
EK202310156751,157.318359375
EK202310146541,138.41796875
EK202310184817,171.3671875
EK202310195187,153.6943359375
EK202310168677,153.66015625
EK202310188486,137.8095703125
EK202310224018,165.884765625
EK202310172986,146.1982421875
EK202310161060,164.19140625
EK202310178666,142.84765625
EK202310166665,137.5390625
EK202310141091,165.0556640625
EK202310191127,143.6591796875
EK202310189382,145.6787109375
EK202310172890,149.0078125
EK202310171361,135.6767578125
EK202310186346,141.5869140625
EK202310189932,140.078125
EK202310189293,174.0849609375
EK202310171610,151.3544921875
EK202310239231,131.7802734375
EK202310201004,129.998046875
EK202310178301,164.1142578125
EK202310246066,133.7734375
EK202310243993,161.4619140625
EK202310240850,143.591796875
EK202310115127,144.9052734375
EK202310232199,129.0888671875
EK202310217063,135.3291015625
EK202310115674,128.228515625
EK202310110226,139.4375
EK202310181037,169.93359375
EK202310004136,149.869140625
EK202310159843,162.01953125
EK202310126952,127.2412109375
EK202310230766,135.11328125
EK202310110797,140.2451171875
EK202310231475,131.8056640625
EK202310135719,147.5185546875
EK202310145051,141.4033203125
EK202310113543,161.3642578125
EK202310159237,142.923828125
EK202310238856,130.1181640625
EK202310121123,134.1455078125
EK202310192625,150.3486328125
EK202310170391,135.583984375
EK202310141783,147.0078125
EK202310117317,134.5107421875
EK202310159443,124.515625
EK202310224692,159.8466796875
EK202310129133,150.6474609375
EK202310118922,157.072265625
EK202310187333,136.947265625
EK202310149791,140.2353515625
EK202310231752,145.955078125
EK202310130461,135.0791015625
EK202310151790,129.5869140625
EK202310156693,140.5087890625
EK202310138274,167.3037109375
EK202310217407,146.78515625
EK202310115388,130.482421875
EK202310145689,156.5166015625
EK202310104824,134.41015625
EK202310247570,128.4462890625
EK202310197035,126.0830078125
EK202310230114,139.900390625
EK202310105854,136.1923828125
EK202310187457,151.1689453125
EK202310192506,141.3408203125
EK202310140455,140.4814453125
EK202310226538,130.9306640625
EK202310175408,144.7939453125
EK202310132765,129.623046875
EK202310193721,153.6025390625
EK202310151285,146.517578125
EK202310178760,162.8583984375
EK202310149663,130.515625
EK202310219711,127.4755859375
EK202310217272,161.794921875
EK202310238355,139.431640625
EK202310188659,152.40234375
EK202310205449,126.1826171875
EK202310233265,157.146484375
EK202310109651,135.3076171875
EK202310226933,136.419921875
EK202310159603,126.18359375
EK202310105868,143.8125
EK202310171812,142.5400390625
EK202310176259,162.0458984375
EK202310122912,167.70703125
EK202310184013,171.0341796875
EK202310179868,148.376953125
EK202310176252,164.8408203125
EK202310239466,143.3251953125
EK202310228949,133.1025390625
EK202310169903,159.2158203125
EK202310209528,150.60546875
EK202310213123,153.3046875
EK202310173452,101.2001953125
EK202310230252,142.13671875
EK202310106835,122.4951171875
EK202320007700,149.2314453125
EK202310198359,131.1181640625
EK202310180758,149.341796875
EK202310227440,129.9580078125
EK202310239839,144.091796875
EK202310145401,131.42578125
EK202310131446,137.7392578125
EK202310121079,131.505859375
EK202310159312,177.0615234375
EK202310167080,152.3134765625
EK202310110131,138.3310546875
EK202310173862,135.10546875
EK202310184021,157.0634765625
EK202310223793,152.1318359375
EK202310190740,141.619140625
EK202310165164,154.064453125
EK202310136762,143.5478515625
EK202310187434,154.5322265625
EK202310212919,143.5693359375
EK202310147933,149.7265625
EK202310217428,149.25
EK202310163195,126.8017578125
EK202310144020,128.2978515625
EK202310226546,137.279296875
EK202310172034,137.4375
EK202310113666,158.275390625
EK202310189588,135.25390625
EK202310107725,134.923828125
EK202310195274,133.5419921875
EK202310180008,122.0830078125
EK202310164031,131.4453125
EK202310229645,134.166015625
EK202310125934,137.7578125
EK202310218196,140.0947265625
EK202310119725,156.63671875
EK202310133573,136.4658203125
EK202310219254,160.9306640625
EK202310105775,143.8828125
EK202310163730,153.66796875
EK202310119408,163.6572265625
EK202310134331,149.6845703125
EK202310138761,162.0224609375
EK202310126020,126.4404296875
EK202310128964,144.4853515625
EK202310225868,152.5244140625
EK202310217967,130.1796875
EK202310222323,147.525390625
EK202310206855,135.59765625
EK202310152085,172.2275390625
EK202310004023,152.7998046875
EK202310211193,149.92578125
EK202310189925,141.17578125
EK202310152235,146.892578125
EK202310189056,150.869140625
EK202310242595,127.6806640625
EK202310140195,147.8291015625
EK202310181500,138.29296875
EK202310171216,146.3388671875
EK202310209110,150.3798828125
EK202310246479,121.6142578125
EK202310194938,155.080078125
EK202310224895,134.728515625
EK202310195509,145.17578125
EK202310173849,117.7607421875
EK202310116837,152.2353515625
EK202310105574,152.1015625
EK202310196041,156.14453125
EK202310122385,148.166015625
EK202310193454,143.9541015625
EK202310124125,138.888671875
EK202310180862,117.6455078125
EK202310234723,150.4443359375
EK202310126036,134.2060546875
EK202310171137,159.5107421875
EK202310233393,131.466796875
EK202310132926,140.84375
EK202310160365,139.33984375
EK202310211274,136.0283203125
EK202310225058,165.9853515625
EK202310194840,152.1943359375
EK202310216072,123.1044921875
EK202310224888,156.2490234375
EK202310003930,144.9384765625
EK202310187789,166.017578125
EK202310237317,117.3125
EK202310188643,134.3134765625
EK202310163618,167.65234375
EK202310216984,153.12890625
EK202310243216,135.78125
EK202310111010,124.103515625
EK202310140852,138.7744140625
EK202310114085,136.73828125
EK202310123385,150.4755859375
EK202310222159,128.134765625
EK202310203038,155.2099609375
EK202320005703,166.8310546875
EK202320006527,140.80078125
EK202310234277,149.890625
EK202310135781,138.419921875
EK202310157465,141.14453125
EK202310178744,161.5078125
EK202310238253,170.67578125
EK202310122583,133.349609375
EK202310214372,133.66015625
EK202310174457,143.8779296875
EK202310167149,141.689453125
EK202310228958,135.4013671875
EK202310157246,150.23828125
EK202310148323,156.7685546875
EK202310174823,161.146484375
EK202310165142,138.580078125
EK202310207746,136.2587890625
EK202310245090,133.544921875
EK202310181612,143.3583984375
EK202310217652,125.013671875
EK202310161957,141.541015625
EK202310116818,144.599609375
EK202310180631,144.8935546875
EK202310158422,159.1962890625
EK202310195969,152.01953125
EK202310226142,132.396484375
EK202310199652,163.0126953125
EK202310150930,140.142578125
EK202310148331,150.4306640625
EK202310189171,148.3330078125
EK202310194950,160.00390625
EK202310242729,141.5810546875
EK202310221050,128.609375
EK202310105169,146.5947265625
EK202310231810,136.9775390625
EK202310201600,167.314453125
EK202310173892,134.6552734375
EK202310103909,169.8671875
EK202310207543,135.828125
EK202310217532,124.1103515625
EK202310131408,117.5908203125
EK202310216303,133.748046875
EK202310207214,132.1318359375
EK202310237069,139.55859375
EK202310130210,149.8212890625
EK202310148179,159.892578125
EK202310230098,131.0478515625
EK202310106540,132.5888671875
EK202310247875,127.66015625
EK202310131197,166.2099609375
EK202310213017,149.5029296875
EK202310226797,143.5458984375
EK202310124853,134.3359375
EK202310219648,133.171875
EK202310242013,136.9501953125
EK202310190443,125.5693359375
EK202310142718,129.6767578125
EK202310173178,144.5048828125
EK202310125534,138.234375
EK202310122118,130.81640625
EK202310151782,152.357421875
EK202310142165,138.0068359375
EK202310120956,146.0849609375
EK202310158163,146.7783203125
EK202310110021,140.44921875
EK202310196057,159.4560546875
EK202310199008,147.3544921875
EK202310003987,153.1455078125
EK202310240352,149.81640625
EK202310165694,130.8310546875
EK202310232204,146.3505859375
EK202310125243,137.3232421875
EK202310171212,154.2265625
EK202310165904,137.1669921875
EK202310156703,141.5185546875
EK202310161254,138.5546875
EK202310141589,147.4189453125
EK202310139870,156.734375
EK202310003550,154.6171875
EK202310004721,142.0859375
EK202310237716,144.0146484375
EK202310162213,135.775390625
EK202310231470,140.2734375
EK202310165710,160.029296875
EK202310219597,121.4990234375
EK202310177018,142.4169921875
EK202310113173,139.2236328125
EK202310161177,147.2822265625
EK202310105482,118.462890625
EK202310178942,147.9287109375
EK202310105694,145.0712890625
EK202310120998,149.970703125
EK202310216864,164.8359375
EK202310198211,143.5732421875
EK202310118620,155.4482421875
EK202310221238,124.7998046875
EK202310161217,144.6923828125
EK202310218766,130.5576171875
EK202310128213,128.125
EK202310137523,161.0048828125
EK202310210262,127.66015625
EK202310155407,130.578125
EK202310156355,160.220703125
EK202310171504,151.15234375
EK202310205541,132.373046875
EK202310165351,133.119140625
EK202310247442,151.306640625
EK202310131239,124.4912109375
EK202310169672,137.6279296875
EK202310118977,141.55859375
EK202310235793,129.572265625
EK202310200392,153.5830078125
EK202310164965,135.951171875
EK202310171249,149.66796875
EK202310106318,141.4462890625
EK202310237266,132.8466796875
EK202310147471,136.1650390625
EK202310194031,127.78125
EK202310192307,145.28125
EK202310181117,122.8408203125
EK202310116526,152.5986328125
EK202310194824,159.134765625
EK202310162842,152.3876953125
EK202310181349,106.658203125
EK202310164261,150.2001953125
EK202310131101,156.2373046875
EK202310151625,137.0517578125
EK202310141286,150.8955078125
EK202310241249,157.0
EK202310212872,133.5048828125
EK202310226815,132.4453125
EK202310141152,149.5517578125
EK202310235794,137.337890625
EK202310229993,140.33984375
EK202310147668,154.9365234375
EK202310164475,149.552734375
EK202310110039,145.603515625
EK202310187421,128.2333984375
EK202310215044,158.064453125
EK202310105965,149.927734375
EK202310120150,140.53125
EK202310201212,170.2099609375
EK202310127536,135.720703125
EK202310165403,131.2236328125
EK202310135385,147.5771484375
EK202310159428,149.24609375
EK202310214834,154.2861328125
EK202310130931,147.2451171875
EK202310206054,159.9560546875
EK202310112744,138.0751953125
EK202310242341,142.03515625
EK202310159100,143.13671875
EK202310186817,120.6552734375
EK202310187749,143.8642578125
EK202310246213,145.083984375
EK202310202813,143.16015625
EK202310119983,125.9052734375
EK202310241219,157.8779296875
EK202310195435,161.5947265625
EK202310199454,153.5810546875
EK202310194920,146.7587890625
EK202310151167,131.4482421875
EK202310204930,155.310546875
EK202310210621,141.3359375
EK202310234981,134.8818359375
EK202310218747,145.3857421875
EK202310125674,133.0029296875
EK202310004025,165.01953125
EK202310131481,150.966796875
EK202310162994,140.0126953125
EK202310232677,132.7958984375
EK202310004278,148.916015625
EK202310108810,151.353515625
EK202310225683,146.130859375
EK202310115846,143.552734375
EK202310003668,154.0712890625
EK202310153044,149.3466796875
EK202310206782,164.0029296875
EK202310198360,148.3046875
EK202310103708,137.3486328125
EK202310138116,126.50390625
EK202310160576,151.708984375
EK202310183081,147.1630859375
EK202310105137,135.4228515625
EK202310170115,146.6298828125
EK202310116604,154.9443359375
EK202310236944,135.7958984375
EK202310175444,159.6044921875
EK202310150908,147.751953125
EK202310204946,141.1357421875
EK202310139272,144.2626953125
EK202310173841,145.8564453125
EK202310241566,136.794921875
EK202310140944,154.2412109375
EK202310166702,136.9443359375
EK202310172479,140.34375
EK202310209418,132.634765625
EK202310165364,148.048828125
EK202310170685,153.5048828125
EK202310137383,131.888671875
EK202310208374,137.2099609375
EK202310124992,153.0732421875
EK202310227242,163.5234375
EK202310200684,147.2783203125
EK202310137981,132.3662109375
EK202310183855,155.2900390625
EK202310120432,156.416015625
EK202310128607,141.701171875
EK202310146775,148.6513671875
EK202310175473,147.4228515625
EK202310194578,169.509765625
EK202310199456,119.5146484375
EK202310114576,147.6025390625
EK202310232002,155.6318359375
EK202310133113,161.908203125
EK202310177757,152.173828125
EK202310106035,141.0986328125
EK202310161565,150.650390625
EK202310110506,136.5244140625
EK202310206193,142.68359375
EK202310134593,176.4326171875
EK202310157521,147.6025390625
EK202310142924,151.7548828125
EK202310237263,140.82421875
EK202310170297,167.7939453125
EK202310106326,138.337890625
EK202310128380,132.076171875
EK202310222238,137.4375
EK202310194876,141.1455078125
EK202310228783,155.31640625
EK202310186905,163.1806640625
EK202310116223,137.3623046875
EK202310124674,133.3681640625
EK202310164997,138.7861328125
EK202310164834,136.04296875
EK202310207829,130.9736328125
EK202310156532,174.1064453125
EK202310129196,121.05078125
EK202310119383,174.2080078125
EK202310246942,141.6171875
EK202310108008,133.5537109375
EK202310209225,145.50390625
EK202310191622,175.3935546875
EK202310207087,146.654296875
EK202310152145,160.3203125
EK202310130483,157.5380859375
EK202310218772,144.3974609375
EK202310202740,156.265625
EK202310189738,139.150390625
EK202310150713,157.2470703125
EK202310235780,143.8671875
EK202310245036,152.3310546875
EK202310003439,123.962890625
EK202310231070,126.1337890625
EK202320006731,176.61328125
EK202310244442,155.2783203125
EK202310132886,135.353515625
EK202310147295,168.6201171875
EK202310133587,173.447265625
EK202310186397,151.845703125
EK202310123728,152.2373046875
EK202310232420,136.2578125
EK202310233200,141.9501953125
EK202310187145,146.767578125
EK202310238519,120.7705078125
EK202310122640,155.7744140625
EK202310114892,143.6171875
EK202310172340,139.892578125
EK202310109402,143.2392578125
EK202310229865,129.5498046875
EK202310202666,149.244140625
EK202310106916,148.0458984375
EK202320005781,178.56640625
EK202310127666,135.1435546875
EK202310224319,131.8515625
EK202310164602,155.4423828125
EK202310118941,140.2451171875
EK202310234012,144.875
EK202310199233,133.3466796875
EK202310214877,141.4560546875
EK202310179245,146.1005859375
EK202310160250,154.1455078125
EK202310219316,139.3720703125
EK202310175330,141.6181640625
EK202310156975,153.4423828125
EK202310115055,147.2314453125
EK202310112754,136.8701171875
EK202310175770,154.34375
EK202310218114,131.7021484375
EK202310135889,135.3095703125
EK202310245028,151.3701171875
EK202310104852,158.8564453125
EK202310216044,147.1494140625
EK202310230940,131.2001953125
EK202310198398,150.4951171875
EK202310152619,178.783203125
EK202310168477,150.7861328125
EK202310236502,134.1103515625
EK202310112037,138.21484375
EK202310159871,142.9208984375
EK202310213645,136.94140625
EK202310120040,134.0517578125
EK202310183203,144.9658203125
EK202310109200,135.9580078125
EK202310132933,136.837890625
EK202310137560,126.609375
EK202310177041,136.833984375
EK202310137910,139.400390625
EK202310104847,120.203125
EK202310200423,139.720703125
EK202310187271,143.2060546875
EK202310213803,158.9208984375
EK202310246954,138.5927734375
EK202310118188,132.515625
EK202310134413,160.552734375
EK202310232546,143.8017578125
EK202310158497,158.833984375
EK202320007533,153.7021484375
EK202310174045,162.3779296875
EK202310232493,141.232421875
EK202310121025,143.763671875
EK202310203256,152.7890625
EK202310142445,168.8173828125
EK202310184247,163.4775390625
EK202310192611,135.234375
EK202310119937,164.8369140625
EK202310231831,153.0869140625
EK202310208214,149.01953125
EK202310237790,134.1455078125
EK202310187705,125.0185546875
EK202310209139,156.9599609375
EK202310170634,150.4140625
EK202310146481,140.005859375
EK202310198380,148.271484375
EK202310226702,128.4453125
EK202310222936,138.7431640625
EK202310197081,123.34765625
EK202310116985,136.6796875
EK202310223669,134.92578125
EK202310204735,152.4716796875
EK202310184616,131.14453125
EK202310148138,151.0205078125
EK202310134199,157.89453125
EK202310149246,136.564453125
EK202310237457,150.8603515625
EK202310160240,162.7734375
EK202310177402,166.9970703125
EK202310231985,142.8740234375
EK202310171409,135.1181640625
EK202310176316,143.279296875
EK202310164869,146.693359375
EK202310134160,134.869140625
EK202310213361,144.455078125
EK202310204421,142.80859375
EK202310209884,144.6796875
EK202310136308,147.12890625
EK202310242777,139.494140625
EK202310193657,146.3525390625
EK202310188052,161.0087890625
EK202310147057,137.6220703125
EK202310153768,139.294921875
EK202310144579,133.0703125
EK202310198362,154.41796875
EK202310105880,178.4189453125
EK202310171799,138.4091796875
EK202310120109,137.5185546875
EK202310216065,125.4326171875
EK202310170495,160.7236328125
EK202310125667,169.8876953125
EK202310105906,131.1591796875
EK202310003424,148.9814453125
EK202310195264,133.25
EK202310130646,126.7646484375
EK202310115346,150.7705078125
EK202310106003,137.953125
EK202310193189,159.888671875
EK202310120005,127.0224609375
EK202310225659,153.14453125
EK202310187329,157.3408203125
EK202310234854,150.955078125
EK202310245195,143.6396484375
EK202310245177,127.01953125
EK202310229481,143.21875
EK202310218683,141.3115234375
EK202310232957,136.17578125
EK202310244525,130.6064453125
EK202310238364,129.474609375
EK202310233731,137.4384765625
EK202310114718,150.390625
EK202310152186,179.0712890625
EK202310217521,126.2314453125
EK202310183796,161.21484375
EK202310218461,121.962890625
EK202310113523,160.8369140625
EK202310149413,160.732421875
EK202310115324,139.529296875
EK202310104367,152.861328125
EK202310124772,123.9970703125
EK202310195448,150.2177734375
EK202310211731,128.107421875
EK202310162193,132.8525390625
EK202310187308,139.5576171875
EK202310129859,148.2978515625
EK202310170962,162.2646484375
EK202310235749,138.7607421875
EK202320007870,173.5498046875
EK202310154838,165.4033203125
EK202310206242,144.24609375
EK202310209717,141.7890625
EK202310247573,144.775390625
EK202310113989,126.9140625
EK202310152196,145.4501953125
EK202310183083,141.0732421875
EK202310234475,133.1455078125
EK202310234459,131.8701171875
EK202310106650,177.3544921875
EK202310117634,136.0322265625
EK202310128279,125.2744140625
EK202310158721,139.623046875
EK202310234607,145.3037109375
EK202310149804,140.8447265625
EK202310242352,138.1396484375
EK202310126148,149.3486328125
EK202310165882,139.6953125
EK202310137378,170.802734375
EK202310112801,145.2900390625
EK202310119995,128.177734375
EK202310123123,137.953125
EK202310190387,152.3232421875
EK202310226519,140.5
EK202310129375,129.4033203125
EK202310245192,139.0390625
EK202310215168,139.9169921875
EK202310137434,134.7685546875
EK202310194720,137.2880859375
EK202310201666,155.646484375
EK202310193830,165.640625
EK202310178910,146.234375
EK202310110446,147.462890625
EK202310166237,129.9208984375
EK202310180109,156.4091796875
EK202310146375,156.0712890625
EK202310227332,130.052734375
EK202310241765,143.048828125
EK202310229368,120.3857421875
EK202310135373,134.21484375
EK202310169663,155.7705078125
EK202310236365,132.4013671875
EK202310182601,127.4765625
EK202310144591,141.4677734375
EK202310203065,154.6640625
EK202310185758,140.95703125
EK202310105204,146.595703125
EK202310150175,136.134765625
EK202310172599,138.1494140625
EK202310145266,166.998046875
EK202310004647,159.60546875
EK202310242466,146.4892578125
EK202310167834,146.181640625
EK202310225932,121.9619140625
EK202310132329,128.45703125
EK202310123888,149.7412109375
EK202310208707,164.5126953125
EK202310201294,155.173828125
EK202310233641,132.21875
EK202310140113,148.4990234375
EK202310218544,149.4404296875
EK202310219472,137.3935546875
EK202310143848,150.8759765625
EK202310134434,134.3251953125
EK202310236630,142.0556640625
EK202310198379,135.0966796875
EK202310222797,133.513671875
EK202310248842,128.431640625
EK202310132974,132.0712890625
EK202310235130,138.2001953125
EK202310238228,129.646484375
EK202310226782,150.6787109375
EK202310210339,137.6328125
EK202310189790,137.6416015625
EK202310187315,167.7392578125
EK202310171801,128.5517578125
EK202310123573,135.94140625
EK202310172773,143.2314453125
EK202310139716,152.998046875
EK202310110431,130.130859375
EK202310189055,135.43359375
EK202310124983,148.9638671875
EK202310190155,142.216796875
EK202310238929,155.3291015625
EK202310180436,139.6669921875
EK202310230021,148.1318359375
EK202310181912,144.5703125
EK202310178377,147.6796875
EK202310145374,102.1826171875
EK202310126596,128.0478515625
EK202310225731,133.8203125
EK202310138678,154.19921875
EK202310172372,143.9013671875
EK202310116119,135.7314453125
EK202310167609,152.4873046875
EK202310244078,148.77734375
EK202310217427,134.5634765625
EK202310182904,135.666015625
EK202310208329,169.83203125
EK202310189009,152.39453125
EK202310114945,143.0556640625
EK202310139882,152.423828125
EK202310206869,149.3037109375
EK202310192874,153.572265625
EK202310216134,146.8798828125
EK202310203212,137.6884765625
EK202310156888,148.22265625
EK202310182240,143.6376953125
EK202310141092,169.5888671875
EK202310124359,132.7802734375
EK202310152947,136.1162109375
EK202310114595,143.29296875
EK202310146656,125.162109375
EK202310223051,135.7744140625
EK202310134381,126.5380859375
EK202310208234,148.333984375
EK202310169332,164.375
EK202310103907,149.8515625
EK202310143678,156.724609375
EK202310114762,131.580078125
EK202310120679,148.08203125
EK202310153376,157.2138671875
EK202310207113,149.0048828125
EK202310229661,122.400390625
EK202310219333,161.5380859375
EK202310131040,133.3798828125
EK202310120192,129.5107421875
EK202310114032,139.8779296875
EK202310178367,155.8798828125
EK202310195835,152.0869140625
EK202310154385,132.7607421875
EK202310215393,160.1552734375
EK202310107773,137.470703125
EK202310164250,148.0908203125
EK202310158284,158.306640625
EK202310181120,148.259765625
EK202320007585,137.66796875
EK202310182248,158.546875
EK202310178445,153.7470703125
EK202310151607,151.4931640625
EK202310114270,124.3447265625
EK202310237697,136.9228515625
EK202310141166,141.126953125
EK202310153773,150.3408203125
EK202310129425,152.5263671875
EK202310114483,145.4921875
EK202310235872,136.5625
EK202310140448,130.5849609375
EK202310140940,156.7060546875
EK202310173832,134.9501953125
EK202310131844,154.77734375
EK202310236956,128.24609375
EK202310166354,151.4619140625
EK202310122182,154.4619140625
EK202310212213,146.1875
EK202310165400,157.8583984375
EK202310148714,141.609375
EK202310126880,142.0830078125
EK202310191702,141.81640625
EK202310161903,145.6748046875
EK202310223034,132.7080078125
EK202310188051,162.53515625
EK202310205595,147.8759765625
EK202310171306,148.6005859375
EK202310246135,140.1376953125
EK202310210097,165.9013671875
EK202310191192,152.7939453125
EK202310216619,155.5126953125
EK202310153794,161.9990234375
EK202310122914,174.8115234375
EK202310122058,145.4775390625
EK202310138004,123.759765625
EK202310221367,178.630859375
EK202310158770,138.1904296875
EK202310145695,155.47265625
EK202310125582,118.8046875
EK202310136243,137.50390625
EK202310194117,118.447265625
EK202310107078,144.9033203125
EK202310190139,143.6943359375
EK202310156770,151.099609375
EK202310178929,137.8349609375
EK202310164953,150.296875
EK202310118034,137.283203125
EK202310227978,137.681640625
EK202310144597,136.6572265625
EK202310176112,160.23046875
EK202310162357,153.939453125
EK202310176897,154.7685546875
EK202310134145,137.9638671875
EK202310129907,128.72265625
EK202310229306,148.66796875
EK202310198497,118.8310546875
EK202310163561,144.654296875
EK202310221369,157.6689453125
EK202310176645,142.6533203125
EK202310157146,167.271484375
EK202310120273,172.8828125
EK202310192592,126.4912109375
EK202310169221,154.009765625
EK202310191453,146.701171875
EK202310131848,133.51171875
EK202310127626,147.248046875
EK202310213244,155.2236328125
EK202310137030,131.72265625
EK202310146412,133.0810546875
EK202310173918,172.63671875
EK202310161898,172.1806640625
EK202310106892,146.009765625
EK202310110349,135.646484375
EK202310209540,136.052734375
EK202310191336,143.15234375
EK202310114498,126.0830078125
EK202310181006,166.4990234375
EK202310212668,140.92578125
EK202310158230,150.2236328125
EK202310004318,119.197265625
EK202310247144,144.5380859375
EK202310107710,143.0556640625
EK202310228147,140.8408203125
EK202310143106,151.3232421875
EK202310167345,130.3857421875
EK202310208077,136.720703125
EK202320006983,158.017578125
EK202310243790,147.9599609375
EK202310126443,119.630859375
EK202310245699,130.2744140625
EK202310194114,134.99609375
EK202310195998,154.8212890625
EK202310198935,140.5615234375
EK202310164465,148.2236328125
EK202310181559,140.078125
EK202310194595,169.0537109375
EK202310158381,142.5478515625
EK202310155757,139.4990234375
EK202310180220,160.318359375
EK202310179540,148.3701171875
EK202310161312,149.4873046875
EK202310185555,145.181640625
EK202310186696,131.5869140625
EK202310161004,153.0556640625
EK202310124318,135.1005859375
EK202310162537,168.955078125
EK202310246753,133.046875
EK202310225958,130.48828125
EK202310186853,160.3134765625
EK202310171921,163.7822265625
EK202310114970,132.572265625
EK202310215111,155.0947265625
EK202310211062,149.1630859375
EK202310189772,174.3349609375
EK202310136766,149.4296875
EK202310126300,137.21484375
EK202310221810,141.3994140625
EK202310204369,144.6005859375
EK202310169470,158.9658203125
EK202310189339,152.642578125
EK202310190063,159.9580078125
EK202310220996,112.9638671875
EK202310164885,149.0634765625
EK202310191557,152.6455078125
EK202310210576,140.1259765625
EK202320006385,153.798828125
EK202310192386,142.0810546875
EK202310129301,143.4033203125
EK202310212266,136.6376953125
EK202310248678,137.0703125
EK202310121007,149.236328125
EK202310158409,150.2177734375
EK202310230262,163.3876953125
EK202310105099,146.6005859375
EK202310225197,136.5341796875
EK202310141113,141.9140625
EK202310112350,140.8671875
EK202310220805,132.060546875
EK202310220038,129.3232421875
EK202310153113,156.6796875
EK202320006647,167.3623046875
EK202310145953,164.2314453125
EK202310209351,142.1162109375
EK202310202126,148.4560546875
EK202310191102,145.0009765625
EK202310127097,157.744140625
EK202310126540,136.9931640625
EK202310202419,153.7763671875
EK202310116857,134.5791015625
EK202320006346,152.7802734375
EK202310216539,159.3359375
EK202310224958,140.2568359375
EK202310222877,153.26171875
EK202310104924,153.431640625
EK202310230930,141.1376953125
EK202310176678,151.6806640625
EK202310144934,137.7333984375
EK202310148649,139.439453125
EK202310168500,162.1669921875
EK202310150427,131.6982421875
EK202310205648,143.138671875
EK202310159787,129.3896484375
EK202310131529,149.0009765625
EK202310173679,132.8671875
EK202310216340,136.46484375
EK202310113807,167.814453125
EK202310189797,144.1162109375
EK202310172848,130.7392578125
EK202320007206,154.5654296875
EK202310183124,141.0634765625
EK202310202871,142.3876953125
EK202310195901,138.2861328125
EK202310108242,133.322265625
EK202310209662,138.7001953125
EK202310186506,151.92578125
EK202310241427,135.2255859375
EK202310104646,156.59375
EK202310110500,152.1923828125
EK202310140229,118.05078125
EK202310197951,130.759765625
EK202310204251,118.5009765625
EK202310218413,141.1220703125
EK202310111117,164.2685546875
EK202310153521,141.47265625
EK202310163012,156.232421875
EK202310238189,159.8251953125
EK202310139597,151.0205078125
EK202310239588,149.576171875
EK202310197135,142.66015625
EK202310105473,149.6220703125
EK202310142438,155.26953125
EK202310238026,147.130859375
EK202310194838,152.2685546875
EK202310218361,142.705078125
EK202310192741,153.0810546875
EK202310193265,145.009765625
EK202310216986,133.6396484375
EK202310230537,159.3701171875
EK202310119794,147.39453125
EK202310170043,128.1875
EK202310108833,146.1572265625
EK202310161240,150.1279296875
EK202310234010,150.5361328125
EK202310109182,142.0654296875
EK202310230972,126.9658203125
EK202310149335,144.203125
EK202310107970,143.630859375
EK202310149458,151.3037109375
EK202310144815,125.8173828125
EK202310155738,146.6865234375
EK202310204043,140.0126953125
EK202310150762,129.685546875
EK202310177738,133.474609375
EK202310156587,138.2548828125
EK202310157016,151.5048828125
EK202310206235,149.89453125
EK202310220646,132.712890625
EK202310173733,145.5400390625
EK202310245161,149.7802734375
EK202310246615,154.267578125
EK202310107283,154.208984375
EK202310172948,131.6669921875
EK202310223104,141.72265625
EK202310137920,132.91796875
EK202310237485,145.7841796875
EK202310185339,144.2734375
EK202310150373,138.69140625
EK202310181031,133.017578125
EK202310246036,137.1494140625
EK202310211321,131.76171875
EK202310166021,150.9677734375
EK202310104995,136.8349609375
EK202310154804,136.8916015625
EK202310207957,133.1875
EK202310115976,142.4677734375
EK202310146527,148.642578125
EK202310241764,157.1767578125
EK202310242749,147.9345703125
EK202310174079,135.685546875
EK202310246052,134.2060546875
EK202310224322,132.5
EK202310136529,106.9072265625
EK202320005962,177.2373046875
EK202310220450,137.8603515625
EK202310212212,146.7275390625
EK202310153182,149.939453125
EK202310105480,126.650390625
EK202310125339,135.41796875
EK202310237988,159.86328125
EK202310159218,134.1728515625
EK202310178861,135.5986328125
EK202310146447,137.6142578125
EK202310242533,126.3876953125
EK202310239148,142.2021484375
EK202310206069,154.2216796875
EK202310209438,144.1943359375
EK202310203458,134.5048828125
EK202310139769,137.0419921875
EK202310192295,156.3447265625
EK202310213849,147.40625
EK202310117386,139.8603515625
EK202310148126,150.87109375
EK202310141622,153.98046875
EK202310203974,159.7353515625
EK202310124862,143.484375
EK202310238082,148.083984375
EK202310131352,133.1787109375
EK202310123750,151.1552734375
EK202310165127,126.84765625
EK202310166390,159.4775390625
EK202310245131,140.771484375
EK202310191228,165.3857421875
EK202310218338,127.4736328125
EK202310229880,125.580078125
EK202310139618,156.5458984375
EK202310166418,122.9326171875
EK202310114847,149.3583984375
EK202310129128,138.2314453125
EK202310129085,134.3056640625
EK202310208641,159.76953125
EK202310241385,146.77734375
EK202310231427,141.9365234375
EK202310183819,154.275390625
EK202310103894,158.0458984375
EK202310115562,147.8466796875
EK202310153110,150.287109375
EK202310107637,139.650390625
EK202310003429,147.2275390625
EK202310141699,150.2392578125
EK202310200793,132.4111328125
EK202310107984,164.625
EK202310113752,161.9658203125
EK202310136157,130.1533203125
EK202310207954,151.9501953125
EK202310135579,148.2666015625
EK202310166104,153.974609375
EK202310127366,160.630859375
EK202310121696,128.75
EK202310138993,145.498046875
EK202310207033,140.0615234375
EK202310122660,141.24609375
EK202310132081,150.3369140625
EK202310198420,138.8203125
EK202310144336,143.9990234375
EK202310238656,157.6474609375
EK202310230161,140.208984375
EK202310202206,156.3203125
EK202310213571,135.3232421875
EK202310203092,147.2607421875
EK202310194418,161.4189453125
EK202310128430,156.134765625
EK202310225153,153.8876953125
EK202310160344,122.708984375
EK202310130554,111.73828125
EK202310165569,176.85546875
EK202310199349,139.5771484375
EK202310129160,177.796875
EK202310169725,167.9990234375
EK202310160348,151.8310546875
EK202310126901,125.72265625
EK202310199923,150.7998046875
EK202310214691,144.876953125
EK202310202989,156.9443359375
EK202310117244,141.0126953125
EK202310162223,143.9697265625
EK202310178451,169.4267578125
EK202310233563,128.5771484375
EK202310109378,166.3134765625
EK202310177478,149.0869140625
EK202310109053,118.6953125
EK202310125187,137.7236328125
EK202320005814,144.8330078125
EK202310211630,137.4482421875
EK202310156552,159.69921875
EK202310148023,160.4287109375
EK202310166593,160.287109375
EK202310215548,148.4638671875
EK202310111952,134.10546875
EK202310187710,122.76953125
EK202310157541,147.5712890625
EK202310171275,148.2265625
EK202310113025,128.748046875
EK202310197258,157.3740234375
EK202310112846,141.763671875
EK202310127206,150.7119140625
EK202310115243,136.3720703125
EK202310124158,135.609375
EK202310145344,151.76171875
EK202310115574,142.9375
EK202310157721,155.8876953125
EK202310122313,133.2421875
EK202310139139,166.9228515625
EK202310225769,141.517578125
EK202310238365,120.8818359375
EK202310237637,140.552734375
EK202310109616,148.2841796875
EK202310133259,144.41796875
EK202310228157,142.8974609375
EK202310198466,151.03515625
EK202310106809,146.421875
EK202310165950,154.783203125
EK202310128641,140.6474609375
EK202310148916,138.84765625
EK202310114147,141.18359375
EK202310232304,134.45703125
EK202310188415,128.7431640625
EK202310232540,153.16015625
EK202310207576,132.9736328125
EK202310231963,139.0478515625
EK202310229805,155.7509765625
EK202310161625,142.6474609375
EK202310223364,141.7265625
EK202310145207,166.4765625
EK202310154942,146.8583984375
EK202310177414,158.3388671875
EK202310151135,154.0546875
EK202320005867,150.5009765625
EK202310199483,147.1630859375
EK202310193069,141.0927734375
EK202310231001,123.625
EK202310153397,137.0439453125
EK202320006411,149.521484375
EK202310178129,136.177734375
EK202310158178,143.142578125
EK202320006728,166.380859375
EK202310168603,150.6123046875
EK202310188957,143.5166015625
EK202310134962,152.9140625
EK202320006232,167.375
EK202310216197,151.873046875
EK202310205473,130.8544921875
EK202310177138,138.1806640625
EK202310003578,147.4560546875
EK202310125915,148.7744140625
EK202310163847,135.8671875
EK202310175723,130.201171875
EK202310167304,136.630859375
EK202310231580,122.306640625
EK202310224672,131.412109375
EK202310231849,164.9033203125
EK202310118283,147.6708984375
EK202310108021,138.517578125
EK202310244191,156.7294921875
EK202310176446,150.080078125
EK202310153144,157.037109375
EK202310192762,157.04296875
EK202310155944,127.9599609375
EK202310122042,137.5234375
EK202310139279,134.75
EK202310124333,132.8955078125
EK202310222309,136.888671875
EK202310237489,141.7802734375
EK202310225285,145.001953125
EK202310205925,149.48828125
EK202310146849,128.2822265625
EK202310155584,146.607421875
EK202310127840,149.3330078125
EK202310159012,120.904296875
EK202310171367,143.1298828125
EK202310179659,146.46484375
EK202310147533,141.2294921875
EK202310134101,129.75
EK202310167244,140.0390625
EK202310134522,139.703125
EK202310188890,156.447265625
EK202310152081,167.0478515625
EK202310168749,152.4375
EK202310185345,148.7744140625
EK202310212863,150.1328125
EK202310104615,135.5439453125
EK202310188714,135.59375
EK202310148084,146.732421875
EK202310211875,141.421875
EK202310134441,154.6640625
EK202310187368,153.4501953125
EK202310142139,141.052734375
EK202310216736,160.2255859375
EK202310148523,139.3095703125
EK202310177638,139.9765625
EK202310191439,148.94140625
EK202310184957,159.1494140625
EK202310229730,134.6474609375
EK202310171653,151.3173828125
EK202310119614,147.017578125
EK202310193277,141.5732421875
EK202310221106,134.0185546875
EK202310196517,139.794921875
EK202310186815,134.033203125
EK202310118791,140.03515625
EK202310236202,146.1455078125
EK202310121642,142.99609375
EK202310228637,139.71875
EK202310171042,155.8984375
EK202310218012,138.9326171875
EK202310238955,137.8125
EK202310169993,156.126953125
EK202310227859,133.4453125
EK202310175628,141.5263671875
EK202310225536,128.326171875
EK202310194964,148.4130859375
EK202310170946,119.97265625
EK202310201972,138.54296875
EK202310204049,138.9306640625
EK202310238497,151.7333984375
EK202310231256,133.85546875
EK202310231579,132.0849609375
EK202310174311,139.171875
EK202310192651,130.4765625
EK202310114496,139.7763671875
EK202310230770,120.6142578125
EK202310242388,136.3974609375
EK202310114424,141.1572265625
EK202310166798,163.046875
EK202310246359,136.62109375
EK202310165038,139.8076171875
EK202310197955,139.490234375
EK202310121307,160.0810546875
EK202310151932,148.337890625
EK202310242488,140.580078125
EK202310105346,152.6318359375
EK202310133118,142.193359375
EK202310125218,132.1884765625
EK202310104440,142.55078125
EK202310238581,158.814453125
EK202310128830,135.2998046875
EK202310111289,127.9580078125
EK202310218154,136.146484375
EK202310184481,161.91015625
EK202310151857,136.275390625
EK202310107393,139.3564453125
EK202310150289,146.4208984375
EK202310113235,157.8828125
EK202310154628,165.1826171875
EK202310183234,138.751953125
EK202310193060,131.3427734375
EK202310142940,134.2431640625
EK202310177291,146.2373046875
EK202310214941,136.9501953125
EK202310123810,139.2548828125
EK202310234861,139.8486328125
EK202310166088,158.50390625
EK202310175230,116.470703125
EK202310173351,148.1669921875
EK202310246599,138.0498046875
EK202310121468,126.8515625
EK202310115870,127.525390625
EK202310122689,145.2568359375
EK202310104457,142.28125
EK202310239958,139.4921875
EK202310108834,126.2890625
EK202310242150,136.4482421875
EK202310127460,142.5087890625
EK202310150161,131.84375
EK202310220593,144.3681640625
EK202310208892,144.291015625
EK202310116640,152.5732421875
EK202310228102,126.2080078125
EK202310178599,146.431640625
EK202310211615,137.728515625
EK202310208762,143.451171875
EK202310118517,149.5517578125
EK202310187114,142.7138671875
EK202310119172,157.5009765625
EK202310131645,160.0048828125
EK202310106254,144.05078125
EK202310132336,127.4638671875
EK202310226404,153.2861328125
EK202310196510,146.4150390625
EK202310116508,141.73046875
EK202310188534,153.154296875
EK202310177793,130.76171875
EK202310206591,143.6142578125
EK202310192097,144.197265625
EK202310119525,138.2060546875
EK202310168918,151.8603515625
EK202310004052,159.189453125
EK202310155004,120.8037109375
EK202310113224,135.3408203125
EK202310168827,145.6064453125
EK202310151452,136.4482421875
EK202310233171,138.046875
EK202310189316,125.4716796875
EK202310165015,128.6708984375
EK202310191520,126.2939453125
EK202310154021,150.0712890625
EK202310142035,141.3056640625
EK202310136677,149.3173828125
EK202310193692,145.7392578125
EK202310217638,113.154296875
EK202310152626,159.27734375
EK202310130527,154.34765625
EK202310219621,122.396484375
EK202310117231,137.5576171875
EK202310184541,161.0
EK202310123337,146.828125
EK202310004825,159.4365234375
EK202310004105,133.0234375
EK202310222141,129.587890625
EK202310223687,120.3896484375
EK202310004753,129.4912109375
EK202310138231,131.037109375
EK202310230297,161.564453125
EK202310123109,130.7470703125
EK202310118394,139.4873046875
EK202310236285,141.0380859375
EK202310142984,143.2685546875
EK202310228922,138.5791015625
EK202310180656,154.4814453125
EK202310198343,130.416015625
EK202310213613,133.2392578125
EK202310143759,137.7578125
EK202310243098,131.8876953125
EK202310140826,157.6298828125
EK202310219432,126.0595703125
EK202310235984,132.150390625
EK202310112132,153.2255859375
EK202310207139,170.916015625
EK202310123515,133.8095703125
EK202310147539,136.90625
EK202310201614,139.0537109375
EK202310242651,141.4111328125
EK202310116831,140.8544921875
EK202310142528,151.650390625
EK202310158275,123.90234375
EK202310119240,148.4375
EK202310189798,147.0224609375
EK202310140182,129.685546875
EK202310104020,118.84375
EK202310144562,159.1962890625
EK202310211897,136.5654296875
EK202310209649,148.837890625
EK202310224584,144.1875
EK202310149915,169.38671875
EK202310205659,135.7060546875
EK202310150345,141.970703125
EK202310228952,129.962890625
EK202310126648,143.4208984375
EK202310243579,127.5048828125
EK202310164006,150.20703125
EK202310108668,134.0859375
EK202310137775,134.87890625
EK202310233150,120.875
EK202310152386,147.8994140625
EK202310166882,137.5546875
EK202310231895,142.89453125
EK202310170539,149.8662109375
EK202310115226,127.9208984375
EK202310214376,148.4736328125
EK202310137712,128.013671875
EK202310186209,135.0341796875
EK202310205015,136.494140625
EK202310106040,131.2724609375
EK202310170557,151.052734375
EK202310201318,139.416015625
EK202310230025,135.646484375
EK202310112264,139.359375
EK202310187559,165.015625
EK202310126729,144.7626953125
EK202310208910,140.623046875
EK202310131942,128.74609375
EK202310154020,147.4404296875
EK202310245865,143.1923828125
EK202310192165,145.3291015625
EK202310172699,141.15625
EK202310157236,161.541015625
EK202310131791,144.51953125
EK202310200367,147.994140625
EK202310152638,134.2578125
EK202310229854,148.4091796875
EK202310176423,153.1171875
EK202310229737,131.2822265625
EK202310203806,122.6796875
EK202310115409,119.9033203125
EK202310118234,142.1181640625
EK202310140636,173.013671875
EK202310240942,136.4169921875
EK202310197687,163.7333984375
EK202310124485,145.74609375
EK202310144257,148.3994140625
EK202310218871,145.875
EK202310210772,129.1884765625
EK202310195971,150.8984375
EK202310135577,147.8037109375
EK202310203323,138.7197265625
EK202310128855,109.4140625
EK202310209533,141.955078125
EK202310174860,160.80078125
EK202310132988,134.4921875
EK202310210555,125.916015625
EK202310229724,140.888671875
EK202310159406,161.9189453125
EK202310206212,137.7021484375
EK202310105258,141.048828125
EK202310197230,162.6328125
EK202310146776,132.068359375
EK202310171620,128.3857421875
EK202310241357,142.14453125
EK202310138908,129.09375
EK202310144141,167.384765625
EK202310183530,150.4931640625
EK202310241996,131.3818359375
EK202310143198,136.1611328125
EK202310240754,141.9287109375
EK202310120793,152.7080078125
EK202310152995,151.0166015625
EK202310168076,141.4736328125
EK202310194434,157.1923828125
EK202310231667,146.9599609375
EK202310117230,145.7802734375
EK202310188291,139.3076171875
EK202310149424,158.1689453125
EK202310128832,151.875
EK202310196168,165.5634765625
EK202310197883,156.484375
EK202310138276,168.5068359375
EK202310170757,125.8740234375
EK202310191340,144.3388671875
EK202310145811,149.958984375
EK202310227194,134.9921875
EK202310111485,136.87890625
EK202310157083,177.3720703125
EK202310171852,148.232421875
EK202310207366,129.8798828125
EK202310145654,156.2607421875
EK202310108850,137.244140625
EK202310231758,145.9853515625
EK202310144301,145.6279296875
EK202310201304,141.0849609375
EK202310178159,126.7431640625
EK202310239482,146.8291015625
EK202310144262,152.1259765625
EK202310143929,134.87109375
EK202310235952,130.2373046875
EK202310183241,144.7978515625
EK202310189101,168.06640625
EK202310171584,128.720703125
EK202310131328,132.8212890625
EK202310226641,138.564453125
EK202310166552,137.2138671875
EK202310196910,146.2373046875
EK202310166692,127.892578125
EK202310184651,166.84375
EK202310194347,131.080078125
EK202310208716,134.8349609375
EK202310187760,158.4443359375
EK202310243524,150.19140625
EK202310155787,125.169921875
EK202310114204,161.5068359375
EK202310160396,152.0283203125
EK202310172512,167.5439453125
EK202310157332,135.1259765625
EK202310209704,130.5966796875
EK202310154943,143.9521484375
EK202310189036,148.6787109375
EK202310133173,139.880859375
EK202310130199,164.244140625
EK202310182622,150.5703125
EK202310167778,161.2705078125
EK202310163301,141.3193359375
EK202310184220,128.5859375
EK202310172679,148.755859375
EK202310171532,146.7509765625
EK202310200942,140.1513671875
EK202310141847,152.4521484375
EK202310122343,141.4248046875
EK202310174760,135.9375
EK202310225953,140.1240234375
EK202310159867,141.666015625
EK202310174529,139.435546875
EK202310239197,135.3720703125
EK202310142275,147.8134765625
EK202310235069,131.462890625
EK202310173910,137.8330078125
EK202310155908,151.32421875
EK202310221001,132.73046875
EK202310113086,138.6767578125
EK202310200755,157.3564453125
EK202310152545,159.7998046875
EK202310185434,159.0771484375
EK202310110043,144.9541015625
EK202310116474,136.05859375
EK202310203902,139.18359375
EK202310157771,153.4970703125
EK202310209652,151.693359375
EK202310115313,130.91796875
EK202310149967,148.5244140625
EK202310226488,132.79296875
EK202310004820,140.2548828125
EK202310240136,143.4970703125
EK202310201496,154.86328125
EK202310224644,142.5283203125
EK202310168634,134.01953125
EK202310120438,135.173828125
EK202310104992,127.2216796875
EK202310152772,136.4365234375
EK202310189045,142.0849609375
EK202310180854,142.55078125
EK202310162939,150.4794921875
EK202310202787,156.8798828125
EK202310132425,132.3486328125
EK202310106638,145.5419921875
EK202310130488,155.1083984375
EK202310216320,157.05078125
EK202310174034,154.0048828125
EK202310167069,152.705078125
EK202310119791,150.32421875
EK202310191561,149.43359375
EK202310141924,156.9150390625
EK202310155116,145.3310546875
EK202310194530,149.7509765625
EK202310148342,157.806640625
EK202310115218,130.4521484375
EK202310208496,125.654296875
EK202310242665,142.6015625
EK202310247657,155.3505859375
EK202310228469,133.7451171875
EK202310233886,159.080078125
EK202310169400,162.4384765625
EK202310161344,158.53125
EK202310236712,121.8095703125
EK202310118866,145.65625
EK202310221584,147.4423828125
EK202310107825,137.9521484375
EK202310110196,142.64453125
EK202310159979,145.6376953125
EK202310195875,136.482421875
EK202310163166,154.845703125
EK202310206462,148.873046875
EK202310109481,129.6552734375
EK202310245477,127.625
EK202310129738,168.7392578125
EK202320005730,161.2578125
EK202310104244,159.1689453125
EK202310227658,124.4345703125
EK202310227290,168.71875
EK202310201250,147.35546875
EK202310170654,154.1923828125
EK202310225211,152.2236328125
EK202310181404,135.2060546875
EK202310175856,141.00390625
EK202310167250,151.1435546875
EK202310225198,135.0078125
EK202310247108,140.6357421875
EK202310228244,132.4931640625
EK202310206266,136.96875
EK202310215876,130.8525390625
EK202310130596,137.9794921875
EK202310224249,124.5498046875
EK202310154491,142.3623046875
EK202310233669,149.0556640625
EK202310111293,154.4013671875
EK202310120077,130.3486328125
EK202310190354,150.2890625
EK202310180848,139.2861328125
EK202310206991,139.8212890625
EK202310127954,131.9267578125
EK202310125079,138.2314453125
EK202310211424,137.5498046875
EK202310134279,137.58984375
EK202310206851,127.4033203125
EK202310164397,158.9228515625
EK202310235148,142.9111328125
EK202310190060,182.078125
EK202310240587,131.4267578125
EK202310234152,131.10546875
EK202310161209,174.34765625
EK202310187254,139.5595703125
EK202310219785,145.583984375
EK202310160063,138.390625
EK202310225782,157.2666015625
EK202310166126,141.904296875
EK202310104397,143.7392578125
EK202310195068,132.6533203125
EK202310148964,154.685546875
EK202310105544,129.2783203125
EK202310190157,139.708984375
EK202310177029,128.0615234375
EK202310134822,159.416015625
EK202310188505,149.845703125
EK202310131430,151.484375
EK202310197663,149.6845703125
EK202310150719,155.583984375
EK202310004834,143.263671875
EK202310200921,131.2021484375
EK202320005684,156.1708984375
EK202310179009,124.3369140625
EK202310248177,144.1376953125
EK202310132766,140.2685546875
EK202310237026,134.3212890625
EK202310193021,132.587890625
EK202310190757,139.5771484375
EK202310173200,132.119140625
EK202310219771,134.169921875
EK202310109597,147.306640625
EK202310206771,144.02734375
EK202310127671,152.251953125
EK202310167676,138.3525390625
EK202310232944,126.201171875
EK202310168061,149.74609375
EK202310105714,132.7470703125
EK202310147632,167.3759765625
EK202310244606,150.650390625
EK202310118560,145.5078125
EK202310194271,139.4697265625
EK202310142720,171.1943359375
EK202310166900,173.0498046875
EK202310164794,157.2216796875
EK202310115042,139.6435546875
EK202310174373,132.1337890625
EK202310214507,155.958984375
EK202310223225,146.666015625
EK202310107151,137.1044921875
EK202310189175,166.08203125
EK202310161808,123.0283203125
EK202310121994,135.75
EK202310219449,136.603515625
EK202310136206,133.857421875
EK202310111739,143.9609375
EK202310229388,152.4892578125
EK202310224978,139.791015625
EK202310149730,126.775390625
EK202310163504,144.1748046875
EK202310156148,139.3212890625
EK202310150249,125.2685546875
EK202310224329,145.42578125
EK202310147011,146.1396484375
EK202310192326,141.427734375
EK202310245006,142.9970703125
EK202310224053,143.3388671875
EK202310228581,131.6962890625
EK202310113047,137.3662109375
EK202310149808,160.080078125
EK202310175027,126.1533203125
EK202310234758,138.697265625
EK202310175412,150.7177734375
EK202310132176,159.8271484375
EK202310205739,149.453125
EK202310153994,128.3818359375
EK202310200714,150.138671875
EK202310247869,136.0478515625
EK202310186589,137.6591796875
EK202310145135,140.5380859375
EK202310193164,151.8818359375
EK202310222960,133.5791015625
EK202310116552,132.89453125
EK202310123971,170.67578125
EK202310113406,157.9443359375
EK202310234777,156.615234375
EK202310109531,135.724609375
EK202310186502,149.2255859375
EK202310190436,138.6181640625
EK202310198804,181.06640625
EK202310188371,150.8994140625
EK202310189870,169.294921875
EK202310179411,145.0615234375
EK202310233363,131.6416015625
EK202310104971,133.3740234375
EK202310191357,137.65234375
EK202310172762,139.7841796875
EK202310199936,134.6484375
EK202310153452,140.703125
EK202310160325,151.73828125
EK202310240026,119.5849609375
EK202310134117,124.6494140625
EK202310214971,130.9501953125
EK202310210492,142.9501953125
EK202310200943,150.181640625
EK202310233114,140.3125
EK202310209755,136.0849609375
EK202310114040,144.7607421875
EK202310231262,129.6005859375
EK202310196982,156.15625
EK202310168935,145.486328125
EK202310209663,135.3076171875
EK202310171963,172.0
EK202310128429,149.9052734375
EK202310243988,125.5791015625
EK202310131432,138.5673828125
EK202310170157,159.1103515625
EK202310135062,163.583984375
EK202310180073,166.216796875
EK202310154392,156.53515625
EK202310211600,140.0107421875
EK202310221370,145.0546875
EK202310135902,138.3359375
EK202310248071,138.080078125
EK202310140056,145.6083984375
EK202310113087,157.1416015625
EK202310140280,157.7568359375
EK202310231029,141.505859375
EK202310003876,134.0068359375
EK202310110872,134.0205078125
EK202310110803,148.4208984375
EK202310234005,143.5947265625
EK202310195582,137.0009765625
EK202310216699,106.0302734375
EK202310161870,153.5029296875
EK202310207634,151.9443359375
EK202310154729,136.7978515625
EK202310119219,138.037109375
EK202310216260,134.158203125
EK202310241741,145.1318359375
EK202310127099,128.97265625
EK202310142543,156.1591796875
EK202310159437,147.1044921875
EK202310139226,135.7734375
EK202310145866,131.5205078125
EK202310240067,148.5888671875
EK202310242685,128.095703125
EK202310158289,137.3828125
EK202310145943,142.2451171875
EK202310196762,154.939453125
EK202310141743,167.59765625
EK202310222881,133.0791015625
EK202310170624,119.7685546875
EK202310139072,150.87890625
EK202310168507,146.7099609375
EK202310141768,157.6240234375
EK202310111130,138.44921875
EK202310217027,151.0048828125
EK202310224945,155.953125
EK202310188108,145.1591796875
EK202310200577,162.3291015625
EK202310152955,151.4775390625
EK202310184966,154.0126953125
EK202310133181,132.6357421875
EK202310209985,137.939453125
EK202310195572,138.00390625
EK202310199966,127.9599609375
EK202310109052,141.8818359375
EK202310173422,146.9755859375
EK202310216493,151.7236328125
EK202310234480,139.1689453125
EK202310239882,145.099609375
EK202310151506,171.869140625
EK202310231481,130.9482421875
EK202310173660,112.11328125
EK202310124885,130.0361328125
EK202310226112,141.9619140625
EK202310169770,157.275390625
EK202310112146,151.12890625
EK202310126447,130.3125
EK202310197865,159.263671875
EK202310144993,140.98046875
EK202320007830,133.3251953125
EK202310134803,146.2578125
EK202310247257,145.42578125
EK202310189213,160.71484375
EK202310163523,146.9482421875
EK202310177884,137.78515625
EK202310168374,143.283203125
EK202310181460,134.6826171875
EK202310164324,135.9140625
EK202320006373,165.7021484375
EK202310240516,163.55859375
EK202310106433,138.0400390625
EK202310104794,124.2412109375
EK202310179826,149.732421875
EK202310220482,115.8388671875
EK202310144501,167.693359375
EK202310236116,156.62890625
EK202310143566,129.00390625
EK202310244286,148.8046875
EK202310117364,144.4931640625
EK202310182812,139.578125
EK202310165290,151.9560546875
EK202310175655,139.8173828125
EK202310191765,140.19140625
EK202310175575,127.005859375
EK202310190556,133.0029296875
EK202310109849,125.4560546875
EK202310125361,144.4599609375
EK202310117657,123.0166015625
EK202310166741,140.228515625
EK202310152997,149.0859375
EK202310197388,141.625
EK202310131984,140.0302734375
EK202310219422,122.1767578125
EK202310121522,134.3330078125
EK202310175245,151.341796875
EK202310195205,162.7529296875
EK202310108650,132.134765625
EK202310181782,138.22265625
EK202310115038,155.4658203125
EK202310158797,127.4951171875
EK202310170666,157.291015625
EK202310168966,122.7255859375
EK202310214825,177.9677734375
EK202310120494,135.173828125
EK202310220603,143.01953125
EK202310225685,135.14453125
EK202310223164,132.408203125
EK202310162099,133.919921875
EK202310181378,156.4541015625
EK202310206274,152.884765625
EK202310245110,110.1611328125
EK202310149953,164.38671875
EK202310200512,136.5166015625
EK202310195166,125.1005859375
EK202310181696,151.365234375
EK202310246293,113.0322265625
EK202310112958,147.5927734375
EK202310144239,149.6494140625
EK202310112531,127.3779296875
EK202310215394,153.4296875
EK202310214916,138.4189453125
EK202310135655,152.0283203125
EK202310234936,119.9296875
EK202310216594,156.4951171875
EK202310221025,139.65234375
EK202310111609,143.830078125
EK202310213129,157.076171875
EK202310117137,133.78125
EK202310239490,130.3173828125
EK202310157671,151.2783203125
EK202310188165,137.626953125
EK202310134859,125.9052734375
EK202310183908,169.5703125
EK202310147406,155.7138671875
EK202310175129,130.970703125
EK202310164780,156.1943359375
EK202310227743,120.466796875
EK202310120706,158.92578125
EK202310118366,142.853515625
EK202310106692,143.302734375
EK202310190791,147.5537109375
EK202310208607,158.73046875
EK202310170692,160.2900390625
EK202310225887,139.7060546875
EK202310182352,138.7900390625
EK202310185880,138.640625
EK202310178297,155.8369140625
EK202310195149,146.662109375
EK202310231610,144.953125
EK202310137276,121.1103515625
EK202310184484,172.1298828125
EK202310121199,143.046875
EK202310125536,138.818359375
EK202310213706,142.9091796875
EK202310135204,148.5419921875
EK202310247699,134.873046875
EK202310217787,136.6396484375
EK202310182191,151.22265625
EK202310198529,165.12109375
EK202310220299,131.87890625
EK202310188677,137.810546875
EK202310232253,134.5302734375
EK202310164691,157.0517578125
EK202310103832,126.048828125
EK202310149722,134.5546875
EK202310198859,145.7158203125
EK202310234749,144.4091796875
EK202310104566,144.46875
EK202310211383,144.2890625
EK202310170287,136.0224609375
EK202310150824,152.505859375
EK202310171304,136.392578125
EK202310193205,165.59375
EK202320006114,163.53515625
EK202310135524,126.2861328125
EK202310192025,142.30859375
EK202310170020,151.8935546875
EK202310198095,159.73046875
EK202310105801,148.6357421875
EK202310177479,143.4345703125
EK202310108455,148.7529296875
EK202310165998,125.9833984375
EK202310122714,134.244140625
EK202310164202,145.5263671875
EK202310226026,135.66796875
EK202310223682,151.529296875
EK202310116148,132.181640625
EK202310210129,151.9794921875
EK202310242087,150.8408203125
EK202310116328,143.5947265625
EK202310217261,160.7060546875
EK202310106484,143.4189453125
EK202310157473,128.0556640625
EK202310198511,134.3828125
EK202310217751,136.66796875
EK202310168432,158.56640625
EK202310151251,149.6318359375
EK202310120767,139.5986328125
EK202310127801,147.1201171875
EK202310118354,136.3359375
EK202310209195,144.8740234375
EK202310172035,145.294921875
EK202310114626,150.2841796875
EK202310144629,145.3427734375
EK202310185061,141.9052734375
EK202310174592,138.677734375
EK202310164708,176.2275390625
EK202310149304,149.2119140625
EK202310170289,143.0087890625
EK202310213861,150.0703125
EK202310126098,124.5302734375
EK202310133915,133.6611328125
EK202310148594,118.9501953125
EK202310116687,140.6845703125
EK202310171866,142.15234375
EK202310147735,145.3505859375
EK202310105679,177.3505859375
EK202310248635,138.134765625
EK202310139369,136.9755859375
EK202310105974,152.6494140625
EK202310104978,140.6298828125
EK202310174467,147.0322265625
EK202310124199,147.8095703125
EK202310135676,131.2255859375
EK202310146763,129.24609375
EK202310205937,129.5537109375
EK202310135445,162.1826171875
EK202310109193,121.421875
EK202310161169,158.619140625
EK202310204092,142.8837890625
EK202310202680,136.1552734375
EK202310172794,147.75
EK202310217791,132.2607421875
EK202310158468,160.8037109375
EK202310149937,151.5556640625
EK202310166789,135.8212890625
EK202310159167,142.5146484375
EK202310125029,145.5283203125
EK202310203531,136.5673828125
EK202310181665,119.8447265625
EK202310142148,151.443359375
EK202310166843,154.0029296875
EK202310161022,131.525390625
EK202310118997,146.3046875
EK202310239449,136.3515625
EK202310210440,145.1142578125
EK202310205614,122.775390625
EK202310179227,137.2431640625
EK202310143023,125.1484375
EK202310178605,151.76171875
EK202310151926,153.6318359375
EK202310205156,178.0185546875
EK202310227477,158.8076171875
EK202310118582,145.7119140625
EK202310145669,158.607421875
EK202310181578,163.9130859375
EK202310193806,156.1826171875
EK202310233863,142.744140625
EK202310111982,128.9765625
EK202310228092,143.982421875
EK202310117791,120.6201171875
EK202310174095,157.326171875
EK202310199167,134.046875
EK202310147864,145.3916015625
EK202310136545,129.755859375
EK202310004781,129.9453125
EK202310110648,135.1923828125
EK202310187608,131.3896484375
EK202310212121,127.455078125
EK202310200654,141.2373046875
EK202310110670,132.78125
EK202310148332,136.1689453125
EK202310198602,129.0166015625
EK202310162570,150.8349609375
EK202310105840,144.8828125
EK202310216931,156.8857421875
EK202310152841,171.89453125
EK202310107705,149.6318359375
EK202310178316,148.7802734375
EK202310147750,126.8486328125
EK202310110434,129.9169921875
EK202310219134,135.66796875
EK202310207502,136.119140625
EK202310137524,148.251953125
EK202310237806,125.2861328125
EK202310248546,142.953125
EK202310246510,157.4501953125
EK202310215312,155.3271484375
EK202310135935,126.90625
EK202310246337,119.26953125
EK202310133292,144.611328125
EK202310208105,135.9755859375
EK202310221927,157.849609375
EK202310185220,140.7451171875
EK202310195012,152.3134765625
EK202310220382,137.9638671875
EK202310228071,133.7490234375
EK202310139303,162.2197265625
EK202310146446,143.34765625
EK202310113629,157.11328125
EK202310121125,128.8642578125
EK202310179172,159.9658203125
EK202310135030,161.7275390625
EK202310154871,138.34765625
EK202310104446,135.396484375
EK202310112990,137.1279296875
EK202310189753,152.8359375
EK202310239147,126.37109375
EK202310170148,162.29296875
EK202310227849,157.21484375
EK202310206204,142.0556640625
EK202310160122,129.48046875
EK202310131964,134.1728515625
EK202310111949,139.48828125
EK202310122396,107.74609375
EK202310187780,145.728515625
EK202310205438,132.8115234375
EK202310153038,176.9248046875
EK202310152163,152.3984375
EK202310192310,127.966796875
EK202310174795,157.1591796875
EK202310193009,149.51953125
EK202310150434,143.8310546875
EK202310118338,131.2080078125
EK202310197441,156.5546875
EK202310142091,160.9580078125
EK202310117239,133.1181640625
EK202310179745,145.7783203125
EK202310219687,130.259765625
EK202310176027,145.9853515625
EK202310104893,131.5087890625
EK202310227192,148.982421875
EK202310146856,153.6435546875
EK202310107173,129.0087890625
EK202310211813,129.8564453125
EK202310188253,130.982421875
EK202310233335,134.5078125
EK202310217329,149.322265625
EK202310155219,133.486328125
EK202310157321,154.1767578125
EK202310153713,147.1923828125
EK202310120830,160.2900390625
EK202310229321,144.396484375
EK202310130365,154.82421875
EK202310202308,156.544921875
EK202310203388,167.525390625
EK202310185835,143.5263671875
EK202310188805,184.5048828125
EK202310159594,157.0234375
EK202310147573,133.6396484375
EK202310190109,146.7587890625
EK202310180140,147.9638671875
EK202310149775,148.68359375
EK202310238274,156.0146484375
EK202310242923,130.984375
EK202310107321,115.4580078125
EK202310204141,132.1572265625
EK202310219133,145.3720703125
EK202310139067,174.9150390625
EK202310140520,132.4609375
EK202310248527,140.669921875
EK202310003682,129.02734375
EK202310162432,152.3115234375
EK202310179950,165.6455078125
EK202310240868,139.2568359375
EK202310116267,140.6650390625
EK202310221765,127.208984375
EK202310173563,146.0478515625
EK202310143455,110.802734375
EK202310207343,138.4248046875
EK202310217689,129.4013671875
EK202310146102,132.6875
EK202310168973,128.1591796875
EK202310222519,121.220703125
EK202310129680,144.349609375
EK202310178200,148.9013671875
EK202310170870,139.6416015625
EK202310126872,158.6318359375
EK202310148891,165.8271484375
EK202310173852,136.3271484375
EK202310125523,133.2158203125
EK202310159491,155.08984375
EK202310157366,138.3544921875
EK202310178992,146.740234375
EK202310143866,140.7236328125
EK202310152326,144.9482421875
EK202310202864,149.55078125
EK202310218888,141.8056640625
EK202310209358,126.9580078125
EK202310227775,154.3544921875
EK202310186270,159.2099609375
EK202310203414,156.0224609375
EK202310225866,148.8115234375
EK202310234055,136.4404296875
EK202310129825,175.265625
EK202310209772,141.3369140625
EK202310182146,160.091796875
EK202310180456,145.6015625
EK202310182353,147.4443359375
EK202310199926,123.4931640625
EK202310226078,136.51171875
EK202310212125,136.4052734375
EK202310149668,164.53125
EK202310234903,137.4853515625
EK202310205875,131.4580078125
EK202310157799,143.8017578125
EK202310211749,132.1748046875
EK202310224314,151.6494140625
EK202310124274,132.8671875
EK202310127800,160.7099609375
EK202310238415,140.72265625
EK202310229891,147.947265625
EK202310145946,132.6552734375
EK202310181109,149.1669921875
EK202310147129,151.513671875
EK202310178177,153.4287109375
EK202310113395,147.4091796875
EK202310217919,147.0029296875
EK202310154751,135.521484375
EK202310130965,149.7587890625
EK202310190874,146.12109375
EK202310195521,135.5966796875
EK202310201613,153.35546875
EK202310214697,154.2578125
EK202310191560,157.947265625
EK202310121406,152.2783203125
EK202310114089,128.9931640625
EK202310159340,125.7431640625
EK202310113700,152.98828125
EK202310126654,132.30078125
EK202310144476,140.6396484375
EK202310131321,132.505859375
EK202310187814,132.3154296875
EK202310220881,121.2041015625
EK202310189638,165.0390625
EK202310178407,150.580078125
EK202310180651,149.3740234375
EK202310239749,117.8486328125
EK202310171046,133.203125
EK202310164907,132.2587890625
EK202310147112,155.0244140625
EK202310181779,146.5712890625
EK202310177716,160.8291015625
EK202310211440,136.3798828125
EK202310205701,161.1337890625
EK202310116151,101.166015625
EK202310183859,177.8583984375
EK202310135998,155.7783203125
EK202310201975,138.4404296875
EK202310170925,130.0595703125
EK202310104593,134.8056640625
EK202310110432,141.0703125
EK202310129862,130.55859375
EK202310189525,158.7041015625
EK202310111229,146.6650390625
EK202310188865,145.2099609375
EK202310146283,136.7578125
EK202310178823,158.3583984375
EK202310147049,141.537109375
EK202310221900,141.0068359375
EK202310182664,158.84765625
EK202310115895,122.6494140625
EK202310137882,130.0859375
EK202310142987,165.3515625
EK202310230693,137.78125
EK202310105910,129.7724609375
EK202310176888,132.9384765625
EK202310179407,143.732421875
EK202310113511,136.0712890625
EK202310226410,133.7783203125
EK202310194828,163.482421875
EK202310209526,158.244140625
EK202310232266,133.498046875
EK202310190901,152.599609375
EK202310120320,144.5859375
EK202310109391,141.9892578125
EK202310126276,134.599609375
EK202310223714,128.8564453125
EK202310211517,168.384765625
EK202310110636,122.9482421875
EK202310235623,117.8349609375
EK202310186004,155.650390625
EK202310004261,136.501953125
EK202310193375,150.533203125
EK202310218449,124.677734375
EK202310179058,150.53125
EK202310133795,126.0146484375
EK202310164408,131.4736328125
EK202310159492,152.361328125
EK202310214283,139.755859375
EK202310133551,162.7890625
EK202310190061,159.39453125
EK202320007557,157.1181640625
EK202310114241,134.359375
EK202310203894,156.923828125
EK202310186487,143.96875
EK202310004631,142.5986328125
EK202310172845,143.443359375
EK202310124858,130.3935546875
EK202320006937,139.259765625
EK202310164626,156.224609375
EK202310109948,143.7509765625
EK202310112053,128.9638671875
EK202310184712,139.197265625
EK202310122821,146.6611328125
EK202310179754,155.1767578125
EK202310230071,146.2626953125
EK202310169385,158.720703125
EK202310205297,135.099609375
EK202310176789,130.9912109375
EK202310234641,134.798828125
EK202310216672,150.232421875
EK202310218187,156.1943359375
EK202310163653,126.685546875
EK202310173938,140.59765625
EK202310144779,131.81640625
EK202310105452,129.4482421875
EK202310203289,137.35546875
EK202310244916,152.0615234375
EK202310212913,153.546875
EK202310195593,158.03125
EK202310109392,139.1513671875
EK202310239794,154.7451171875
EK202310156466,158.3857421875
EK202310234091,138.1826171875
EK202310202246,152.7109375
EK202310208070,140.4423828125
EK202310199529,143.5908203125
EK202310191597,144.1943359375
EK202310232873,156.3828125
EK202310245305,148.255859375
EK202310196018,151.91796875
EK202310205608,141.451171875
EK202310211776,137.662109375
EK202310219819,148.4755859375
EK202310152910,176.4873046875
EK202310244549,145.8671875
EK202310123421,154.41796875
EK202310205600,142.22265625
EK202310219535,132.5205078125
EK202310247105,137.90234375
EK202310223625,149.880859375
EK202310135177,151.1064453125
EK202310167858,146.7958984375
EK202310193232,132.5849609375
EK202310144624,125.9697265625
EK202310132627,135.7470703125
EK202310213967,162.02734375
EK202310236061,128.833984375
EK202310177659,180.4453125
EK202310145236,164.80078125
EK202310118399,128.8701171875
EK202310215365,145.9521484375
EK202320006049,144.2216796875
EK202310185900,123.96875
EK202310133957,163.818359375
EK202310234170,121.484375
EK202310126261,132.5751953125
EK202310118103,171.1787109375
EK202310118678,141.578125
EK202310113678,157.525390625
EK202310111849,143.8720703125
EK202310218593,138.3525390625
EK202310145457,119.0693359375
EK202310174907,160.298828125
EK202310004460,127.794921875
EK202310194109,139.6201171875
EK202310108378,130.896484375
EK202310200664,140.7314453125
EK202310167993,134.2001953125
EK202310157089,177.419921875
EK202310210287,140.3671875
EK202310148250,144.392578125
EK202310207303,151.7958984375
EK202310206507,139.9716796875
EK202310243704,143.123046875
EK202310179019,123.3779296875
EK202310243866,164.7978515625
EK202310137648,142.6005859375
EK202310173887,147.3017578125
EK202310235491,158.5146484375
EK202310212645,136.7177734375
EK202310190281,149.634765625
EK202310220934,135.98046875
EK202310230719,137.1630859375
EK202310201074,129.7236328125
EK202310178051,139.3662109375
EK202310181204,136.3447265625
EK202310135829,149.0771484375
EK202310170445,135.4921875
EK202310238141,135.984375
EK202310135822,136.0302734375
EK202310227546,134.3935546875
EK202310140976,152.84765625
EK202310246668,144.2236328125
EK202310105632,133.1005859375
EK202310109270,147.8564453125
EK202310131782,148.1298828125
EK202310233567,148.080078125
EK202310161598,153.1435546875
EK202310110724,137.201171875
EK202310229148,154.2958984375
EK202310159146,152.7529296875
EK202310195696,146.0263671875
EK202310117218,134.14453125
EK202310205895,159.8095703125
EK202310194401,139.2666015625
EK202310126710,152.5234375
EK202310152278,149.8916015625
EK202310190916,149.853515625
EK202310110549,126.744140625
EK202310177514,145.4296875
EK202310175686,150.017578125
EK202310223432,144.369140625
EK202310244466,148.015625
EK202310134231,146.2802734375
EK202310236274,150.3798828125
EK202310195863,161.08984375
EK202310241144,155.673828125
EK202310202269,140.4296875
EK202310231316,146.0810546875
EK202310211605,144.2275390625
EK202310200954,158.060546875
EK202310224489,132.794921875
EK202310165476,138.9384765625
EK202310204173,130.203125
EK202310178369,143.1865234375
EK202310170774,129.9482421875
EK202310205764,131.3564453125
EK202310236659,149.115234375
EK202310170743,131.9736328125
EK202310136793,140.41015625
EK202310187675,154.509765625
EK202310156962,128.3056640625
EK202310216942,165.7490234375
EK202310168321,143.4853515625
EK202310243793,124.4033203125
EK202310235437,142.8212890625
EK202310118510,152.98828125
EK202310139337,160.349609375
EK202310120961,144.166015625
EK202310214076,150.447265625
EK202310241228,153.2001953125
EK202310212101,139.873046875
EK202310199696,166.9638671875
EK202310163542,153.2080078125
EK202310232836,138.6826171875
EK202310189334,151.5498046875
EK202310239101,140.78515625
EK202310156523,136.5263671875
EK202310201002,152.8544921875
EK202310003364,136.779296875
EK202310179389,138.4765625
EK202310163130,131.2548828125
EK202310232481,121.2783203125
EK202310186459,135.5380859375
EK202310164481,128.9833984375
EK202310169941,157.44921875
EK202310131128,158.771484375
EK202310228174,123.5498046875
EK202310173249,149.8603515625
EK202310202077,143.9658203125
EK202310225477,159.638671875
EK202310247572,141.26171875
EK202310181799,145.0830078125
EK202310119740,155.9697265625
EK202310131395,132.8720703125
EK202310224529,130.69140625
EK202310156156,147.2529296875
EK202310200552,172.6435546875
EK202310169146,141.892578125
EK202310143038,138.654296875
EK202310170406,131.0712890625
EK202310200533,166.404296875
EK202310119387,152.173828125
EK202310202355,126.3154296875
EK202310225013,127.4931640625
EK202310214250,161.154296875
EK202310210556,130.6240234375
EK202310201139,161.4169921875
EK202310130429,150.498046875
EK202310224863,167.59375
EK202310153482,131.6787109375
EK202310241062,137.6865234375
EK202310164485,136.109375
EK202310245636,131.7255859375
EK202310157534,134.2666015625
EK202310229118,122.3994140625
EK202310171426,137.3271484375
EK202310210127,140.9423828125
EK202310111733,142.6435546875
EK202310141203,140.5595703125
EK202310232387,146.9697265625
EK202310188639,137.353515625
EK202310190835,147.646484375
EK202310201801,149.76171875
EK202310175974,149.7978515625
EK202310187326,136.0888671875
EK202310212155,128.9326171875
EK202310151022,156.859375
EK202310211125,146.328125
EK202310219268,130.7197265625
EK202310110245,132.3984375
EK202310238069,132.6826171875
EK202310199559,136.7001953125
EK202310167739,136.3603515625
EK202310142979,129.3623046875
EK202310191202,131.826171875
EK202310144654,164.8857421875
EK202310224039,138.5654296875
EK202310150921,133.5703125
EK202320006004,162.7802734375
EK202310108116,132.15625
EK202310226608,139.8095703125
EK202310237947,144.60546875
EK202310245724,151.861328125
EK202310216589,137.3017578125
EK202310242883,141.98046875
EK202310192702,144.314453125
EK202310168445,120.1865234375
EK202310205542,152.517578125
EK202310150929,145.2744140625
EK202310173039,133.53125
EK202310139742,127.2392578125
EK202310138564,148.63671875
EK202310145764,139.4736328125
EK202310148134,153.6328125
EK202310180451,127.412109375
EK202310149802,144.1376953125
EK202310247608,167.33984375
EK202310130999,139.724609375
EK202310141610,154.361328125
EK202310224015,156.4755859375
EK202310229698,147.5625
EK202310197753,154.1845703125
EK202310152255,152.8212890625
EK202310133838,169.0458984375
EK202310192249,173.09765625
EK202310195834,163.1123046875
EK202310186510,152.865234375
EK202310177054,139.8427734375
EK202310107524,158.638671875
EK202310128174,151.7734375
EK202310187413,144.83203125
EK202310234580,137.3662109375
EK202310104409,151.697265625
EK202310125276,134.498046875
EK202310113893,140.8447265625
EK202310179353,155.0029296875
EK202310240438,133.2021484375
EK202310229420,149.4599609375
EK202310116112,122.6982421875
EK202310117942,134.3779296875
EK202310163339,129.1708984375
EK202310166509,133.9228515625
EK202310185556,133.71875
EK202310227524,140.7841796875
EK202310109010,173.2314453125
EK202310183425,114.568359375
EK202310191714,166.6162109375
EK202310155039,138.796875
EK202310169140,163.4306640625
EK202310177573,128.7939453125
EK202310170318,140.8115234375
EK202310207697,137.5771484375
EK202310199740,167.9384765625
EK202310149864,160.55859375
EK202310150264,146.0322265625
EK202310189933,130.4599609375
EK202310218127,145.818359375
EK202310108083,143.66796875
EK202310154872,147.7998046875
EK202310160785,148.50390625
EK202310206282,138.322265625
EK202310124253,136.1826171875
EK202310196633,143.1689453125
EK202310105966,134.0654296875
EK202310141033,161.638671875
EK202310197213,130.009765625
EK202310206024,127.1552734375
EK202310113110,131.0732421875
EK202310114366,139.1953125
EK202310133810,148.6318359375
EK202310135192,154.2099609375
EK202310233334,136.4248046875
EK202310148079,146.6416015625
EK202310109276,148.474609375
EK202310124568,143.904296875
EK202310162273,138.9912109375
EK202310126242,130.505859375
EK202310106288,143.1044921875
EK202310190761,152.0810546875
EK202310003653,132.1083984375
EK202310111116,135.123046875
EK202310193002,149.40234375
EK202310107463,131.3828125
EK202310237608,149.673828125
EK202310213418,121.8759765625
EK202310204153,157.146484375
EK202310104707,145.2626953125
EK202310238820,130.8876953125
EK202310141697,157.7666015625
EK202310178269,156.04296875
EK202310229367,145.9931640625
EK202310172017,168.2294921875
EK202310223139,140.1923828125
EK202310125096,138.9775390625
EK202310143070,159.087890625
EK202310234470,128.7158203125
EK202310131911,128.3642578125
EK202310176053,152.703125
EK202310158201,140.3349609375
EK202310113896,153.4580078125
EK202310217246,135.578125
EK202310202878,157.013671875
EK202310179418,173.87109375
EK202310106198,137.41796875
EK202310130287,155.8203125
EK202310203618,120.806640625
EK202310144069,135.140625
EK202310225997,164.3369140625
EK202310137087,137.2783203125
EK202310114093,159.5751953125
EK202310125025,133.5771484375
EK202310169960,139.8974609375
EK202310211027,146.623046875
EK202310156374,157.0986328125
EK202310184239,143.4345703125
EK202310193887,154.0439453125
EK202310169120,147.6689453125
EK202310214116,176.94140625
EK202310004097,130.9072265625
EK202310156682,136.240234375
EK202310154604,154.5751953125
EK202310218245,144.86328125
EK202310224853,117.9296875
EK202310164480,138.2109375
EK202310130017,140.203125
EK202310142314,146.0537109375
EK202310104271,152.759765625
EK202310245758,135.84765625
EK202310229784,151.1005859375
EK202310110502,141.373046875
EK202310121032,169.7568359375
EK202310233632,149.8037109375
EK202310126266,133.8916015625
EK202310109825,131.189453125
EK202320007054,173.943359375
EK202310166953,145.6494140625
EK202310227160,149.544921875
EK202310215524,158.65625
EK202310221415,160.2626953125
EK202310224669,128.3818359375
EK202310182834,154.3955078125
EK202310155348,137.2724609375
EK202310186571,159.158203125
EK202310130542,131.8779296875
EK202310108675,128.8671875
EK202310147107,151.6015625
EK202310175270,134.0859375
EK202310223760,134.7236328125
EK202310124746,125.4462890625
EK202310170040,164.32421875
EK202310004065,138.5693359375
EK202310221363,133.1123046875
EK202310209500,131.4794921875
EK202310178304,160.123046875
EK202310133005,153.2568359375
EK202310120850,133.447265625
EK202310213264,149.1826171875
EK202310149096,143.0576171875
EK202310177683,132.2666015625
EK202310242597,128.126953125
EK202310177919,151.20703125
EK202310134733,134.1171875
EK202310181823,144.6533203125
EK202310136672,151.4091796875
EK202310151585,144.8203125
EK202310117995,134.46875
EK202320007252,169.4765625
EK202310231786,130.2255859375
EK202310241673,132.400390625
EK202310161732,172.5654296875
EK202310161656,164.21484375
EK202310212063,122.501953125
EK202310217895,153.896484375
EK202310138774,140.056640625
EK202310126590,142.4228515625
EK202310123141,129.6806640625
EK202310224982,134.251953125
EK202310206262,151.962890625
EK202310139370,132.8740234375
EK202310224820,133.1689453125
EK202310130273,152.841796875
EK202310133523,134.6416015625
EK202310239621,138.349609375
EK202310190678,144.9970703125
EK202310125061,136.0546875
EK202310234940,141.20703125
EK202310178076,130.111328125
EK202310153610,153.9423828125
EK202310179234,172.4140625
EK202310159634,143.8330078125
EK202310186548,138.6279296875
EK202310135839,162.1572265625
EK202310136969,158.0908203125
EK202310145737,166.146484375
EK202310164062,149.5634765625
EK202310237524,134.73828125
EK202310225600,120.294921875
EK202310130766,152.1552734375
EK202310198060,122.5673828125
EK202310202900,157.326171875
EK202310180295,141.9580078125
EK202310161819,140.5908203125
EK202310182490,152.3232421875
EK202310151915,140.8115234375
EK202310114135,151.080078125
EK202310155620,121.880859375
EK202310156539,160.9013671875
EK202310164137,161.4912109375
EK202310172602,145.01171875
EK202310161051,159.3857421875
EK202310225217,167.48828125
EK202310220749,125.3896484375
EK202310135024,163.6630859375
EK202310236167,128.3369140625
EK202310106428,136.37109375
EK202310191224,148.3056640625
EK202310126171,153.064453125
EK202310152423,150.2275390625
EK202310168273,139.3046875
EK202310129168,157.9091796875
EK202310176927,155.0390625
EK202310172428,165.6787109375
EK202310181185,153.8974609375
EK202310004161,139.322265625
EK202310221234,120.044921875
EK202310161711,160.6455078125
EK202310240221,138.2998046875
EK202310222828,146.9501953125
EK202310210279,129.0205078125
EK202310170097,142.4384765625
EK202310188723,163.28125
EK202310166478,171.53515625
EK202310221027,163.0966796875
EK202310114979,151.6533203125
EK202310242042,136.9755859375
EK202310140021,137.0693359375
EK202310130000,152.8544921875
EK202310186640,150.1396484375
EK202310004760,119.3232421875
EK202310122844,163.681640625
EK202310153842,136.2099609375
EK202310177802,131.4814453125
EK202310004581,140.3466796875
EK202310246710,143.1357421875
EK202310113952,143.814453125
EK202310151035,143.4990234375
EK202310216428,135.4951171875
EK202310144070,167.7646484375
EK202310169605,128.306640625
EK202310159620,136.0283203125
EK202310105550,151.5380859375
EK202310240970,145.140625
EK202310182151,138.4384765625
EK202310231587,147.1572265625
EK202310118075,134.86328125
EK202310133019,139.03125
EK202310206992,141.4658203125
EK202310220008,145.3076171875
EK202310234156,118.1259765625
EK202310162641,163.55078125
EK202310142907,135.43359375
EK202310154115,132.8720703125
EK202310130815,126.6728515625
EK202310150846,121.0712890625
EK202320007669,161.9638671875
EK202310227486,148.9658203125
EK202320007572,159.880859375
EK202310137639,131.109375
EK202310103836,133.837890625
EK202310202037,159.05859375
EK202310223420,140.4990234375
EK202310185672,135.9912109375
EK202310229956,139.6572265625
EK202310183246,148.287109375
EK202310138498,148.205078125
EK202310191631,139.4150390625
EK202310197089,138.1220703125
EK202310133822,114.8046875
EK202310245494,149.7998046875
EK202310207684,137.7744140625
EK202310170631,139.73828125
EK202310230054,125.1435546875
EK202310229119,141.86328125
EK202310162261,139.1083984375
EK202310134206,160.7724609375
EK202310126114,126.0341796875
EK202310202130,134.5068359375
EK202310201610,143.228515625
EK202310140475,134.7451171875
EK202310134356,140.5009765625
EK202320007186,162.1865234375
EK202310120790,136.638671875
EK202310245157,148.75390625
EK202310208016,130.603515625
EK202310174476,135.1669921875
EK202310188403,150.0419921875
EK202310142082,140.591796875
EK202310126792,126.63671875
EK202310182973,141.76953125
EK202310236318,133.6328125
EK202310191185,138.009765625
EK202310135600,128.63671875
EK202310212912,155.046875
EK202310109044,152.8115234375
EK202310220665,143.123046875
EK202310209857,142.0146484375
EK202310136210,144.6201171875
EK202310241948,154.9833984375
EK202310147383,140.6083984375
EK202310119158,147.7109375
EK202310225656,136.86328125
EK202310115771,142.55859375
EK202310115861,130.9404296875
EK202310156104,145.1513671875
EK202310168339,130.7509765625
EK202310186770,131.6474609375
EK202310227679,145.9091796875
EK202310198604,141.4814453125
EK202310126896,157.490234375
EK202310119992,123.265625
EK202310194849,129.5380859375
EK202310224912,140.6943359375
EK202310163124,138.248046875
EK202310181144,154.9990234375
EK202310147897,145.4658203125
EK202310177921,151.5576171875
EK202310199607,151.283203125
EK202310172680,134.4453125
EK202310129543,156.0166015625
EK202310161704,153.4716796875
EK202310193784,137.9755859375
EK202310243291,135.3583984375
EK202310208991,132.9970703125
EK202310140086,130.3583984375
EK202310136481,122.4326171875
EK202310178220,150.140625
EK202310210109,160.6376953125
EK202310128687,140.18359375
EK202310213632,151.8720703125
EK202310215453,167.8916015625
EK202310235764,143.31640625
EK202310216758,151.5771484375
EK202310163056,162.189453125
EK202310125899,142.7421875
EK202310180181,151.3994140625
EK202310224630,143.6416015625
EK202310118929,146.025390625
EK202310178808,152.7177734375
EK202310234570,139.73828125
EK202310127428,140.650390625
EK202310213472,146.0703125
EK202310192759,132.19921875
EK202310210638,138.720703125
EK202310104955,137.4951171875
EK202310124793,115.326171875
EK202310154265,135.9833984375
EK202310136853,133.21484375
EK202310160020,121.7607421875
EK202310129715,162.515625
EK202310208844,150.6259765625
EK202310165769,150.94921875
EK202310119276,166.6708984375
EK202310155853,131.087890625
EK202310148019,141.8857421875
EK202310158588,146.7578125
EK202320005915,152.38671875
EK202310139760,136.2880859375
EK202310235740,141.0986328125
EK202310163003,156.9306640625
EK202310166151,138.8173828125
EK202310205151,131.2236328125
EK202310163809,138.158203125
EK202310195046,137.16015625
EK202310190606,132.228515625
EK202310201185,162.7802734375
EK202310244204,146.990234375
EK202310221873,133.8388671875
EK202310213079,140.9580078125
EK202310167878,141.505859375
EK202310108748,149.0439453125
EK202310231105,132.6015625
EK202310162450,131.640625
EK202310106681,138.865234375
EK202310175585,137.07421875
EK202310216131,126.828125
EK202310247112,135.115234375
EK202310133778,138.732421875
EK202310226737,157.1298828125
EK202310149352,155.1337890625
EK202310125918,147.5830078125
EK202310163682,146.6220703125
EK202310189571,158.5947265625
EK202310128706,133.2294921875
EK202310227554,161.4169921875
EK202310149106,151.7294921875
EK202310200290,141.177734375
EK202310192844,147.3896484375
EK202310229985,133.474609375
EK202310196907,134.7841796875
EK202310148131,159.9033203125
EK202310223289,134.7890625
EK202310169529,131.7119140625
EK202310169806,160.984375
EK202310212585,152.5673828125
EK202310196857,159.8984375
EK202310190419,129.4775390625
EK202310219008,128.275390625
EK202310142486,140.6728515625
EK202310192709,167.0205078125
EK202310182822,136.7080078125
EK202310136899,146.3984375
EK202310115463,117.044921875
EK202310146582,143.193359375
EK202310132422,142.9638671875
EK202310112592,136.3701171875
EK202310226203,150.19921875
EK202310121586,147.931640625
EK202310181107,155.6201171875
EK202310213474,144.7578125
EK202310138830,153.685546875
EK202310168849,132.705078125
EK202310229317,127.34375
EK202310204390,125.001953125
EK202310192992,148.509765625
EK202310152280,149.2138671875
EK202310155151,156.953125
EK202310174087,133.4736328125
EK202310212165,132.3125
EK202310152752,146.25
EK202310168592,133.5400390625
EK202310191895,143.28125
EK202310200059,127.01953125
EK202310243745,123.6513671875
EK202310158852,154.720703125
EK202310157579,143.3505859375
EK202310225059,145.43359375
EK202310183337,136.130859375
EK202310198264,133.7216796875
EK202310114412,143.5986328125
EK202310227155,139.5615234375
EK202310234975,159.078125
EK202310197349,146.76953125
EK202310208018,151.6845703125
EK202310200505,139.3134765625
EK202310115897,131.3818359375
EK202310202707,157.0693359375
EK202310207442,141.7041015625
EK202310185479,155.75
EK202310237037,166.1240234375
EK202310136200,145.962890625
EK202310154113,141.2724609375
EK202310114492,127.83984375
EK202310176297,167.794921875
EK202310107640,118.0166015625
EK202310209670,138.7529296875
EK202310105256,146.962890625
EK202310108117,144.7939453125
EK202310214550,136.154296875
EK202310175559,154.4111328125
EK202310148239,128.267578125
EK202310181548,133.1357421875
EK202310216342,134.9833984375
EK202310160035,133.86328125
EK202310168843,147.1552734375
EK202310131732,153.6728515625
EK202310209477,164.169921875
EK202310237971,150.1435546875
EK202310129891,166.3076171875
EK202310171726,135.689453125
EK202310229665,126.8232421875
EK202310204967,150.740234375
EK202310174899,129.6376953125
EK202310116238,147.87109375
EK202310114560,146.0966796875
EK202310238506,144.54296875
EK202310234905,136.1015625
EK202310229020,137.244140625
EK202320006240,162.6435546875
EK202310142292,151.568359375
EK202310150080,168.0380859375
EK202310159478,138.8896484375
EK202310158699,156.5498046875
EK202310245027,155.390625
EK202310152722,129.8408203125
EK202310233081,127.0322265625
EK202310246556,133.3916015625
EK202310105650,127.6806640625
EK202310190838,139.076171875
EK202310218394,153.2333984375
EK202310118154,133.6171875
EK202310131520,159.3291015625
EK202310139487,142.4443359375
EK202310146562,135.806640625
EK202310205269,153.833984375
EK202310139486,157.9619140625
EK202310106738,151.375
EK202310196849,121.5693359375
EK202310181949,159.6376953125
EK202310201469,148.0673828125
EK202310163916,136.0419921875
EK202310221312,163.4892578125
EK202310138582,167.6845703125
EK202310135507,160.95703125
EK202310179372,124.072265625
EK202310004219,130.5205078125
EK202310158089,130.1201171875
EK202310150765,133.8994140625
EK202310191391,131.361328125
EK202310112611,141.55078125
EK202310107389,136.8134765625
EK202310233851,137.8798828125
EK202310151219,142.5341796875
EK202310232601,140.4775390625
EK202310202073,151.548828125
EK202310225289,136.537109375
EK202310166576,132.4873046875
EK202310224067,137.93359375
EK202310136837,141.0146484375
EK202310177674,134.9609375
EK202310246493,151.5625
EK202310183092,146.650390625
EK202310109401,146.208984375
EK202310145629,140.22265625
EK202310130973,121.888671875
EK202310208348,142.373046875
EK202310184342,140.8115234375
EK202320007150,142.9306640625
EK202310237789,139.9150390625
EK202310114883,135.419921875
EK202310205366,141.7333984375
EK202310124191,140.1416015625
EK202310155262,135.841796875
EK202310220998,141.2314453125
EK202310220544,124.8701171875
EK202310143757,141.37890625
EK202310106423,150.3671875
EK202310221380,120.8876953125
EK202310126488,137.6708984375
EK202310161364,131.1484375
EK202310239501,139.990234375
EK202310164868,154.0048828125
EK202310203126,150.2705078125
EK202310137546,152.736328125
EK202310121376,141.791015625
EK202310105109,138.6337890625
EK202310205221,148.1689453125
EK202310188382,172.7646484375
EK202310241423,159.0625
EK202310167391,137.1259765625
EK202310228119,153.3798828125
EK202310207564,154.0068359375
EK202310141877,133.7568359375
EK202310244134,143.5634765625
EK202310148484,147.1171875
EK202310213947,123.9072265625
EK202310189815,142.5126953125
EK202310196971,166.939453125
EK202310170035,135.876953125
EK202310118616,144.0068359375
EK202310202991,157.8896484375
EK202310193605,143.8095703125
EK202310142332,175.1923828125
EK202310107201,141.1923828125
EK202310196602,151.265625
EK202310112787,156.04296875
EK202310237416,120.3876953125
EK202310234910,140.158203125
EK202310190727,141.958984375
EK202310114532,160.822265625
EK202310202380,125.6376953125
EK202310196667,120.0771484375
EK202310118771,135.484375
EK202310112695,143.001953125
EK202310196403,125.64453125
EK202310214197,153.22265625
EK202310204797,143.978515625
EK202310107958,141.765625
EK202310130013,151.3330078125
EK202310135758,130.400390625
EK202310193054,118.744140625
EK202310148141,122.1689453125
EK202310166034,173.439453125
EK202310158033,156.9736328125
EK202310150288,159.123046875
EK202310113821,128.6396484375
EK202310179440,171.1904296875
EK202310217819,140.7353515625
EK202310162109,165.5087890625
EK202310200554,168.25
EK202310115242,137.4072265625
EK202310154839,153.4130859375
EK202310208688,144.8603515625
EK202310191490,133.59765625
EK202310137318,127.1220703125
EK202310142738,161.2158203125
EK202310180609,120.77734375
EK202310158752,151.2158203125
EK202310181525,155.51171875
EK202310236876,142.2919921875
EK202310151933,138.8623046875
EK202310203259,157.95703125
EK202310158609,141.4404296875
EK202310142468,151.71875
EK202310178475,145.5009765625
EK202310113000,151.564453125
EK202310112010,140.8037109375
EK202310141067,145.435546875
EK202310228986,133.439453125
EK202310123898,145.5498046875
EK202310247624,145.5205078125
EK202310110313,149.564453125
EK202310148786,145.125
EK202310200971,134.0126953125
EK202310202596,147.7802734375
EK202310196164,153.5048828125
EK202310106209,130.203125
EK202310177374,154.021484375
EK202310179062,162.1533203125
EK202310222889,123.9599609375
EK202310144590,135.28125
EK202310136010,141.4931640625
EK202310157710,140.154296875
EK202310168920,132.32421875
EK202310194908,145.9521484375
EK202310245967,132.5390625
EK202310210453,137.43359375
EK202310223279,130.1552734375
EK202310146923,127.7978515625
EK202310231717,133.1044921875
EK202310133833,138.1630859375
EK202310108447,123.025390625
EK202310156614,173.3701171875
EK202310124987,145.826171875
EK202310215881,130.0361328125
EK202310161152,169.474609375
EK202310224348,133.0791015625
EK202310242122,149.8173828125
EK202310173831,147.7685546875
EK202310122353,137.232421875
EK202310238723,146.822265625
EK202310232778,150.0830078125
EK202310198262,142.2080078125
EK202310206795,133.4306640625
EK202310105061,143.392578125
EK202310147550,132.3828125
EK202310169793,151.8330078125
EK202310174721,127.935546875
EK202310197557,161.51171875
EK202320007058,165.626953125
EK202310201254,125.9248046875
EK202310243393,137.017578125
EK202310225384,144.2060546875
EK202310004551,137.4541015625
EK202310187388,142.505859375
EK202310221213,143.7919921875
EK202310206186,138.5849609375
EK202310118966,143.5361328125
EK202310126228,132.0625
EK202310143806,141.169921875
EK202310134776,125.8564453125
EK202310222461,125.1669921875
EK202310125996,134.1162109375
EK202310219494,125.2802734375
EK202310110685,128.19921875
EK202310222225,131.9658203125
EK202310191983,172.912109375
EK202310144685,153.8525390625
EK202310179138,131.0400390625
EK202310179457,128.3466796875
EK202310217372,163.6005859375
EK202310158103,167.333984375
EK202310167022,130.5595703125
EK202310148101,141.0830078125
EK202310174010,141.53125
EK202310247906,175.3203125
EK202310146964,153.1982421875
EK202310195616,145.154296875
EK202310187966,139.9716796875
EK202310172204,131.080078125
EK202310201348,142.794921875
EK202310125866,142.1748046875
EK202310107865,135.875
EK202310116596,157.3671875
EK202310247975,151.6435546875
EK202310118528,133.8369140625
EK202310148683,149.89453125
EK202310158367,160.2109375
EK202310126019,127.0634765625
EK202310163868,126.796875
EK202310125121,136.7841796875
EK202310152576,135.0302734375
EK202310170352,120.3662109375
EK202310233529,135.6240234375
EK202310186906,149.6884765625
EK202310144083,166.625
EK202310184975,138.833984375
EK202310178056,147.298828125
EK202310188978,155.3544921875
EK202310217567,134.1845703125
EK202310184281,173.7216796875
EK202310140673,143.2177734375
EK202310228899,129.9775390625
EK202310196162,123.3740234375
EK202310135089,163.9033203125
EK202310115752,130.7666015625
EK202310214385,157.6318359375
EK202310232516,133.3720703125
EK202310220873,130.4140625
EK202310172989,150.6298828125
EK202310240149,131.5380859375
EK202310212616,140.7236328125
EK202310187474,160.126953125
EK202310156838,152.3515625
EK202310183007,165.951171875
EK202310227341,174.4384765625
EK202310110343,153.2373046875
EK202310198412,163.7626953125
EK202310150894,133.560546875
EK202310181422,141.544921875
EK202310198432,131.494140625
EK202310187779,152.841796875
EK202310159706,151.873046875
EK202310127815,149.009765625
EK202310242438,148.8837890625
EK202310145323,151.6845703125
EK202310130401,159.3359375
EK202310116797,133.4375
EK202310123002,140.0439453125
EK202310152154,160.201171875
EK202310117372,146.484375
EK202310116670,125.0478515625
EK202310237203,144.3798828125
EK202310162551,155.380859375
EK202310113370,136.6572265625
EK202310228900,135.2900390625
EK202310175209,157.3046875
EK202310236343,151.6796875
EK202310236383,139.0322265625
EK202310131357,135.412109375
EK202310159166,126.9638671875
EK202310170247,159.4443359375
EK202310222379,145.693359375
EK202310154909,161.9111328125
EK202310146442,142.4482421875
EK202310003774,143.9091796875
EK202310112911,139.8876953125
EK202310227351,147.0185546875
EK202310209062,142.4248046875
EK202310238802,123.8681640625
EK202310210919,145.4990234375
EK202310232835,129.4453125
EK202310117128,137.8056640625
EK202310219225,152.0634765625
EK202310174933,164.197265625
EK202310204676,161.59765625
EK202310107148,158.9755859375
EK202310181371,167.3828125
EK202310146220,148.24609375
EK202310224369,132.916015625
EK202310114927,139.4189453125
EK202310177552,136.4091796875
EK202310221588,158.837890625
EK202310107465,139.8037109375
EK202310135932,127.697265625
EK202310110876,147.7529296875
EK202310237021,142.9052734375
EK202310109014,128.6318359375
EK202310140401,141.7470703125
EK202310137294,128.9169921875
EK202310163064,157.0927734375
EK202310147482,154.0791015625
EK202310127284,155.2685546875
EK202310201694,160.5986328125
EK202310198350,145.2353515625
EK202310208750,151.15234375
EK202310004741,137.0830078125
EK202310164975,148.8779296875
EK202310219480,131.517578125
EK202310213044,147.1357421875
EK202310225710,136.193359375
EK202310174791,147.97265625
EK202310110800,137.1884765625
EK202310208627,149.5478515625
EK202310191043,139.37109375
EK202310154022,128.1552734375
EK202310224070,135.4033203125
EK202310119217,144.583984375
EK202310166221,146.6435546875
EK202310135615,126.427734375
EK202310184260,144.19921875
EK202310123132,158.6201171875
EK202310234461,134.30078125
EK202310167872,152.9560546875
EK202310174913,158.07421875
EK202310199190,128.2744140625
EK202310207044,135.33984375
EK202310121394,133.791015625
EK202310191133,155.095703125
EK202310222955,136.673828125
EK202310193537,140.8896484375
EK202310131922,139.9248046875
EK202310241321,159.748046875
EK202310223125,147.3828125
EK202310177034,144.96875
EK202310189208,154.658203125
EK202320006578,166.8857421875
EK202310204325,156.5576171875
EK202310104387,154.0556640625
EK202310188941,176.841796875
EK202310163981,128.0322265625
EK202310222266,138.1484375
EK202310108713,146.2548828125
EK202310201346,142.330078125
EK202310218638,129.259765625
EK202310161345,147.8828125
EK202310241526,126.580078125
EK202310199356,131.26953125
EK202310134515,131.0009765625
EK202310004519,124.7890625
EK202310135276,168.7216796875
EK202310219279,134.3681640625
EK202310136740,142.66796875
EK202310200952,167.6552734375
EK202310110068,138.5576171875
EK202310157132,161.3818359375
EK202310149621,142.9716796875
EK202310138788,159.7763671875
EK202310224324,139.0595703125
EK202310239811,134.484375
EK202310201046,145.66796875
EK202310165503,139.1123046875
EK202310238259,156.046875
EK202310165302,134.1064453125
EK202310191144,149.0966796875
EK202310185640,141.7353515625
EK202310120926,131.1220703125
EK202310197879,148.8740234375
EK202310196320,160.2548828125
EK202310220563,142.625
EK202310221699,153.494140625
EK202310229519,146.8349609375
EK202310108573,153.8623046875
EK202310184582,148.705078125
EK202310211294,140.6484375
EK202310195625,147.1357421875
EK202310139587,163.5615234375
EK202310118764,125.681640625
EK202310110542,148.8154296875
EK202310173704,152.8232421875
EK202310136262,128.595703125
EK202310237271,124.404296875
EK202310205898,133.4033203125
EK202310245831,107.4169921875
EK202310193909,138.076171875
EK202310204263,144.0849609375
EK202310105876,136.12890625
EK202310192947,147.732421875
EK202310183403,141.9599609375
EK202310133788,150.5634765625
EK202310222018,136.8232421875
EK202310129042,133.7607421875
EK202310227808,125.5263671875
EK202310218437,160.7998046875
EK202310237736,132.8564453125
EK202310141333,148.466796875
EK202310156395,137.583984375
EK202310004469,140.900390625
EK202310114436,137.0927734375
EK202310118411,133.060546875
EK202310163568,143.744140625
EK202310183481,157.328125
EK202310124719,153.5205078125
EK202320006725,159.9111328125
EK202310166370,156.5380859375
EK202310133824,146.1806640625
EK202310210325,135.548828125
EK202310144287,139.650390625
EK202310130686,147.9912109375
EK202310177102,134.197265625
EK202310168931,125.283203125
EK202310235183,138.513671875
EK202310228458,168.44921875
EK202310207703,155.0185546875
EK202310203188,165.033203125
EK202310111430,118.9560546875
EK202310244894,134.3232421875
EK202310113983,139.1552734375
EK202310202824,159.6396484375
EK202310138446,131.681640625
EK202310176444,138.4951171875
EK202310126844,131.873046875
EK202310226840,160.619140625
EK202310109459,131.9296875
EK202310118743,155.41796875
EK202310129553,144.1162109375
EK202310199845,157.45703125
EK202310228563,136.4375
EK202310218219,143.6103515625
EK202310197921,152.8447265625
EK202310233068,135.39453125
EK202310159242,161.408203125
EK202310198622,149.9091796875
EK202310203352,142.7080078125
EK202310164418,142.6025390625
EK202310119871,154.5205078125
EK202310207409,152.96484375
EK202310109177,152.275390625
EK202310165988,148.9111328125
EK202310199785,149.572265625
EK202310196659,170.767578125
EK202310169272,132.474609375
EK202310197425,126.720703125
EK202310175738,134.638671875
EK202310135941,137.9912109375
EK202310139904,128.6923828125
EK202310194855,131.048828125
EK202310221332,126.1640625
EK202310126755,150.248046875
EK202310220018,155.4814453125
EK202310134041,142.0361328125
EK202310210951,149.1953125
EK202310122540,132.994140625
EK202310205978,129.4775390625
EK202310159579,147.826171875
EK202310118408,141.7744140625
EK202310115221,133.6298828125
EK202310120155,147.92578125
EK202310163240,150.552734375
EK202310147464,139.0244140625
EK202310248306,133.908203125
EK202310152592,135.546875
EK202310192478,139.3076171875
EK202310126785,127.029296875
EK202310110706,141.9765625
EK202310182765,161.1767578125
EK202310248138,137.0244140625
EK202310186154,117.5712890625
EK202310181675,177.10546875
EK202310217987,139.1298828125
EK202310179130,134.986328125
EK202310135992,137.6982421875
EK202310221623,143.744140625
EK202310113128,151.388671875
EK202310210010,126.998046875
EK202310163945,163.556640625
EK202310239487,127.1669921875
EK202310238588,144.9052734375
EK202310146898,138.5185546875
EK202310147158,147.4072265625
EK202310187097,137.5556640625
EK202310195731,143.1103515625
EK202310105999,144.728515625
EK202310200746,150.6318359375
EK202310129579,141.2763671875
EK202310197982,159.248046875
EK202310183465,133.591796875
EK202310105248,131.3671875
EK202310142138,131.703125
EK202310171408,141.484375
EK202310131832,139.611328125
EK202310211971,128.2294921875
EK202310240690,142.4169921875
EK202310003608,121.8671875
EK202310145836,141.0849609375
EK202310171399,148.572265625
EK202310137705,137.158203125
EK202310136000,163.275390625
EK202310133882,128.34765625
EK202310141636,171.9453125
EK202310147290,141.06640625
EK202310241487,146.3056640625
EK202310137723,133.361328125
EK202310140855,145.39453125
EK202310177098,160.1689453125
EK202320006676,167.9140625
EK202310112514,142.2060546875
EK202310141677,150.0615234375
EK202310175682,157.0234375
EK202310236633,137.873046875
EK202310196176,131.08984375
EK202310156999,133.7958984375
EK202310213305,146.7421875
EK202310200333,156.28515625
EK202310196550,131.9365234375
EK202310226257,132.0927734375
EK202310210514,134.865234375
EK202310185954,130.302734375
EK202310239737,142.533203125
EK202310231636,139.408203125
EK202310167744,141.7099609375
EK202310227786,130.8408203125
EK202310234832,160.7861328125
EK202310126608,137.919921875
EK202310231942,139.42578125
EK202310107679,151.9755859375
EK202310154939,146.580078125
EK202310191434,133.8798828125
EK202310143462,142.0029296875
EK202310228890,138.9833984375
EK202310181791,117.6455078125
EK202310147122,147.3271484375
EK202310114485,128.033203125
EK202310104634,141.45703125
EK202310183103,144.421875
EK202310003449,133.837890625
EK202310220154,128.412109375
EK202310215919,132.94921875
EK202310183173,126.529296875
EK202310136581,145.46484375
EK202310135891,164.1064453125
EK202310234960,135.095703125
EK202310213672,137.3388671875
EK202310160012,142.8876953125
EK202310112248,137.1591796875
EK202310136825,146.525390625
EK202310243733,133.48046875
EK202310235540,129.62109375
EK202310241172,127.8916015625
EK202310189939,130.6875
EK202310115473,128.6005859375
EK202310188980,176.4951171875
EK202310248520,153.8505859375
EK202320006015,166.5341796875
EK202310156531,141.888671875
EK202310146465,138.5849609375
EK202310104718,149.326171875
EK202310208272,143.5048828125
EK202310170862,136.66796875
EK202310235381,155.7470703125
EK202310171376,144.4931640625
EK202310167650,134.8046875
EK202310160990,158.6025390625
EK202310195882,132.4794921875
EK202310190552,142.783203125
EK202310120695,134.828125
EK202310177689,138.8681640625
EK202310116634,127.3369140625
EK202310110519,136.1923828125
EK202310125017,155.044921875
EK202310182959,121.1220703125
EK202310181811,152.8994140625
EK202310214725,157.4296875
EK202310212263,139.943359375
EK202310122692,157.7578125
EK202310215131,136.8203125
EK202310202575,150.1435546875
EK202310167856,126.7412109375
EK202310196698,147.2939453125
EK202310226483,142.3544921875
EK202310162014,170.8408203125
EK202310125942,146.3759765625
EK202310106367,135.724609375
EK202310229140,137.9326171875
EK202310207884,141.259765625
EK202310152869,171.28515625
EK202310178619,146.6748046875
EK202310211976,141.4912109375
EK202310229203,132.91015625
EK202310192119,169.8251953125
EK202310202715,132.9765625
EK202320007183,172.4091796875
EK202310218337,136.705078125
EK202310146967,143.34765625
EK202310184808,162.7568359375
EK202310190764,130.9951171875
EK202310156823,147.2080078125
EK202310199791,152.2509765625
EK202310128548,137.087890625
EK202310156699,133.9697265625
EK202310191011,157.873046875
EK202310192556,126.5498046875
EK202310201947,144.595703125
EK202310180835,130.9599609375
EK202310218514,128.0224609375
EK202310235403,131.6552734375
EK202310222338,154.0859375
EK202310129625,138.564453125
EK202320005601,150.74609375
EK202310167199,150.83984375
EK202310216271,167.361328125
EK202310186219,162.2939453125
EK202310200112,144.7109375
EK202310240709,142.2900390625
EK202310140388,143.28515625
EK202310167460,148.1064453125
EK202310207710,157.5751953125
EK202310136954,136.8408203125
EK202310238009,158.458984375
EK202310241135,145.9365234375
EK202310118669,130.6171875
EK202310177676,130.9697265625
EK202310110622,137.15234375
EK202310106125,156.6328125
EK202310137730,137.83984375
EK202310169952,151.12890625
EK202310201586,144.3876953125
EK202310199082,155.0693359375
EK202310110230,134.78515625
EK202310169093,166.99609375
EK202310151384,167.919921875
EK202310118353,126.822265625
EK202310217860,137.625
EK202310155832,134.578125
EK202310192043,154.419921875
EK202310227031,135.1728515625
EK202310181504,145.15625
EK202310123944,139.2275390625
EK202310155457,137.2158203125
EK202310121127,148.572265625
EK202310004367,160.3623046875
EK202310113745,149.4033203125
EK202310121643,147.708984375
EK202310126640,137.189453125
EK202310203242,150.3271484375
EK202310144892,115.4560546875
EK202310108440,152.927734375
EK202310169807,159.6796875
EK202310247122,135.822265625
EK202310129519,156.7509765625
EK202310235954,139.607421875
EK202310122880,146.8056640625
EK202310231944,136.986328125
EK202310244881,147.4873046875
EK202310124312,146.36328125
EK202310193201,153.8486328125
EK202310229571,125.9736328125
EK202310157769,138.4951171875
EK202310109164,115.1318359375
EK202310188000,159.18359375
EK202310109289,126.0791015625
EK202310157844,135.1162109375
EK202310237961,168.4296875
EK202310138503,170.275390625
EK202310155205,126.7490234375
EK202310199658,165.73046875
EK202310168116,135.74609375
EK202310236349,140.0986328125
EK202310003984,150.08984375
EK202310227800,148.3193359375
EK202310238162,138.244140625
EK202310207863,131.4443359375
EK202310104629,136.0341796875
EK202310199877,145.7294921875
EK202310242313,149.7724609375
EK202310180497,142.9208984375
EK202310205863,145.171875
EK202310198959,150.64453125
EK202310150579,141.435546875
EK202310142769,170.2509765625
EK202310198383,139.6015625
EK202310114099,126.8173828125
EK202310189094,160.296875
EK202310128005,132.6357421875
EK202310210639,139.025390625
EK202310247606,169.6396484375
EK202310161724,127.8447265625
EK202310141881,126.6484375
EK202310131694,140.0439453125
EK202310204730,148.58984375
EK202310171972,136.154296875
EK202310208602,135.2470703125
EK202310154432,129.283203125
EK202310122263,111.5087890625
EK202310192830,149.72265625
EK202310211505,148.9365234375
EK202310247017,166.43359375
EK202310106742,147.6123046875
EK202310160358,147.6826171875
EK202310241263,159.2939453125
EK202310109888,150.48828125
EK202310119208,136.298828125
EK202310138383,119.73046875
EK202310195693,150.58203125
EK202310150042,151.4736328125
EK202310233867,168.533203125
EK202310151155,135.7919921875
EK202310152450,145.3955078125
EK202310216227,156.517578125
EK202310119674,143.6748046875
EK202310151394,167.1044921875
EK202310198198,137.533203125
EK202310231585,123.71875
EK202310220310,163.2705078125
EK202310133553,119.0966796875
EK202310119758,141.21484375
EK202310154895,170.505859375
EK202310166029,153.4814453125
EK202310209935,144.7744140625
EK202310106150,145.6865234375
EK202310220446,132.6767578125
EK202310138946,153.8173828125
EK202310136698,134.7568359375
EK202310237887,129.1484375
EK202310133476,157.005859375
EK202310219601,134.4208984375
EK202310171218,150.2470703125
EK202310235182,140.2314453125
EK202310132648,126.3251953125
EK202310244452,137.6083984375
EK202310138113,133.2568359375
EK202310187317,134.0498046875
EK202310179142,129.6044921875
EK202310165891,146.97265625
EK202310177495,144.2763671875
EK202310150032,165.6376953125
EK202310133680,129.302734375
EK202310133975,172.234375
EK202310203779,126.8359375
EK202320007546,146.53125
EK202310191528,130.6796875
EK202310129147,155.13671875
EK202310181778,139.1884765625
EK202310230476,149.158203125
EK202310110448,140.7265625
EK202310107980,141.798828125
EK202310150018,158.0322265625
EK202310222076,128.57421875
EK202310178437,144.9912109375
EK202310206209,136.0458984375
EK202310211038,140.0498046875
EK202310130172,169.5595703125
EK202310166466,162.34765625
EK202310183473,125.0810546875
EK202310196150,153.65625
EK202310157693,136.091796875
EK202310104605,138.9970703125
EK202310235306,146.0234375
EK202310107563,147.9306640625
EK202310163320,137.2265625
EK202310136756,140.2158203125
EK202310211564,127.2607421875
EK202310232534,133.3134765625
EK202310132550,132.419921875
EK202310160312,159.595703125
EK202310234805,137.2568359375
EK202310185938,126.0673828125
EK202310144699,163.150390625
EK202310191954,161.478515625
EK202310146126,134.166015625
EK202320006284,164.42578125
EK202310185460,142.1904296875
EK202310191567,165.962890625
EK202310222307,152.1240234375
EK202310105032,141.3994140625
EK202310230256,126.3818359375
EK202310220456,133.9892578125
EK202310125059,146.0458984375
EK202320006649,178.09375
EK202310170919,142.5400390625
EK202310244926,138.83203125
EK202310123389,141.44140625
EK202310122848,131.5
EK202310211774,133.23828125
EK202310197231,128.962890625
EK202310138568,140.8017578125
EK202310198554,130.791015625
EK202310121478,138.8662109375
EK202310236719,130.9384765625
EK202310168801,150.87109375
EK202310224443,147.744140625
EK202310206512,149.3076171875
EK202310220836,153.0849609375
EK202310247269,142.4716796875
EK202310131994,124.830078125
EK202310134008,122.46875
EK202310157322,139.255859375
EK202310143414,162.3056640625
EK202310173429,147.4833984375
EK202310217512,130.578125
EK202310166684,148.998046875
EK202310203358,139.615234375
EK202310135525,161.3525390625
EK202310190632,147.9208984375
EK202310109605,150.689453125
EK202310209788,138.8291015625
EK202310184706,146.9462890625
EK202320006994,158.9404296875
EK202310184357,139.076171875
EK202320007190,139.6904296875
EK202310105990,141.451171875
EK202310168348,127.2021484375
EK202310138422,134.09765625
EK202310136152,144.8876953125
EK202310126424,127.56640625
EK202310147111,161.12890625
EK202310231544,121.9765625
EK202310149122,149.1474609375
EK202310212352,137.435546875
EK202310178385,145.7216796875
EK202310224803,162.80078125
EK202310004063,160.0380859375
EK202310206156,147.12109375
EK202310157699,125.03125
EK202310154414,155.8056640625
EK202310149221,122.5322265625
EK202310171384,160.3857421875
EK202310153408,143.033203125
EK202310109654,137.869140625
EK202310158683,127.705078125
EK202310206976,136.12890625
EK202310186788,129.388671875
EK202310187515,152.9296875
EK202310153792,154.611328125
EK202310144321,138.2998046875
EK202310222822,146.81640625
EK202310152281,162.826171875
EK202310003851,172.5888671875
EK202310205656,163.9482421875
EK202310239556,135.1513671875
EK202310145427,152.12890625
EK202310107329,126.4130859375
EK202310135305,157.921875
EK202310225618,143.5048828125
EK202310212945,141.0869140625
EK202310244567,153.2939453125
EK202310188392,125.01171875
EK202310188450,154.27734375
EK202310119188,140.2197265625
EK202310156387,142.5634765625
EK202310154237,129.919921875
EK202310232890,137.81640625
EK202310219207,132.24609375
EK202310247057,131.1953125
EK202310229305,140.212890625
EK202310128710,133.1826171875
EK202310179533,140.6953125
EK202310115467,114.02734375
EK202310237723,131.4296875
EK202310197376,165.7509765625
EK202310135350,152.3681640625
EK202310135038,174.12109375
EK202310190843,152.8173828125
EK202310148220,154.712890625
EK202310193335,166.927734375
EK202310201565,142.87109375
EK202310108505,132.9794921875
EK202310236715,142.59375
EK202310149792,144.6884765625
EK202310193733,150.4892578125
EK202310248391,137.3623046875
EK202310134202,161.458984375
EK202310174938,172.7685546875
EK202310104253,131.4541015625
EK202310178227,156.9404296875
EK202310200622,143.0576171875
EK202310162938,133.3701171875
EK202310136715,128.5224609375
EK202310219551,149.447265625
EK202310213720,149.66015625
EK202310197334,168.294921875
EK202310162409,155.037109375
EK202310176758,132.666015625
EK202310106155,144.794921875
EK202310178600,161.087890625
EK202310181111,140.4453125
EK202310237737,128.3115234375
EK202310135634,126.033203125
EK202310222019,155.66796875
EK202310211690,133.2890625
EK202310223930,142.572265625
EK202310159564,130.7861328125
EK202310123361,153.8798828125
EK202310154711,154.779296875
EK202310196284,165.37109375
EK202310142525,151.6953125
EK202310185635,148.4521484375
EK202310163743,141.5634765625
EK202310176119,158.5791015625
EK202310243732,146.8935546875
EK202310153106,149.943359375
EK202310105266,141.9443359375
EK202310192211,144.9453125
EK202310109959,125.7001953125
EK202310124347,137.931640625
EK202310215657,139.5703125
EK202310181609,136.5537109375
EK202310166089,171.04296875
EK202310180562,143.8076171875
EK202310220766,135.5146484375
EK202310208527,133.9169921875
EK202310197946,128.8115234375
EK202310165805,124.7294921875
EK202310184781,150.1240234375
EK202310212044,165.8544921875
EK202310182865,137.2001953125
EK202310187564,147.9736328125
EK202310187093,153.9599609375
EK202310243295,147.8955078125
EK202310156858,149.884765625
EK202310123996,162.240234375
EK202310120097,137.205078125
EK202310135094,168.9482421875
EK202310189874,136.1123046875
EK202310210390,143.9462890625
EK202310108372,141.3935546875
EK202310217559,143.86328125
EK202310136995,151.658203125
EK202310119918,140.1611328125
EK202310108102,121.4951171875
EK202310205335,140.9580078125
EK202310192571,144.2607421875
EK202310122214,147.8291015625
EK202310111079,149.5712890625
EK202310143134,142.6181640625
EK202310244019,134.544921875
EK202310238237,127.634765625
EK202310136960,131.7275390625
EK202310140905,146.2158203125
EK202310207571,150.8359375
EK202310185887,171.8046875
EK202310179874,145.279296875
EK202310228155,137.205078125
EK202320006551,166.759765625
EK202310198810,178.732421875
EK202310197956,139.2646484375
EK202310109446,164.5576171875
EK202310145921,148.4775390625
EK202310127078,147.9794921875
EK202310106661,130.6904296875
EK202310107868,145.2900390625
EK202310137756,120.365234375
EK202310112214,149.177734375
EK202310223082,148.455078125
EK202310180270,145.142578125
EK202310164239,150.7431640625
EK202310126360,137.17578125
EK202320007775,161.4853515625
EK202310212210,135.2109375
EK202310154670,154.05078125
EK202310225780,143.109375
EK202310159250,136.30078125
EK202310189634,155.9033203125
EK202310140814,144.3994140625
EK202310127508,180.7880859375
EK202310218677,131.751953125
EK202310128068,137.869140625
EK202310113414,133.373046875
EK202310127227,145.955078125
EK202310119514,134.6728515625
EK202310228944,122.400390625
EK202310109272,133.11328125
EK202310181673,162.609375
EK202310213638,135.7744140625
EK202310244798,135.9287109375
EK202310204831,146.658203125
EK202310208541,130.138671875
EK202310226684,162.8916015625
EK202310106021,126.9638671875
EK202310186790,144.8720703125
EK202310134623,129.5439453125
EK202310004353,143.1015625
EK202310120823,127.4267578125
EK202310193351,126.744140625
EK202310129759,135.5546875
EK202310211069,152.66015625
EK202310145710,131.8349609375
EK202310129442,149.1298828125
EK202310157511,122.7939453125
EK202310210155,144.7646484375
EK202310240481,124.9970703125
EK202310182044,151.81640625
EK202310180996,150.4326171875
EK202310130678,134.2431640625
EK202310003775,123.458984375
EK202310155552,143.3671875
EK202310111202,146.11328125
EK202310108361,143.208984375
EK202310224126,148.5
EK202310115508,126.1220703125
EK202310225464,128.6328125
EK202310198925,131.470703125
EK202310143314,151.7138671875
EK202310231386,141.1875
EK202310120970,120.3994140625
EK202310179304,135.7412109375
EK202310222188,137.58984375
EK202310173726,151.3779296875
EK202310151318,143.2978515625
EK202310139619,152.0322265625
EK202310175938,157.181640625
EK202310178847,145.60546875
EK202310191627,153.7568359375
EK202310180100,133.5439453125
EK202310237846,144.84375
EK202310136435,139.8603515625
EK202310104391,128.5078125
EK202310182074,140.34765625
EK202310197546,166.7392578125
EK202310237183,144.587890625
EK202310113688,160.5830078125
EK202310168496,132.138671875
EK202310140650,140.640625
EK202310202579,145.5625
EK202310173337,139.8896484375
EK202310148159,145.546875
EK202310177447,133.4072265625
EK202310172439,172.263671875
EK202310193776,140.0146484375
EK202310126160,122.9853515625
EK202310129091,147.740234375
EK202310180011,134.154296875
EK202310219524,170.4716796875
EK202310188997,140.0654296875
EK202310183044,147.291015625
EK202310192813,148.1357421875
EK202310148696,150.5361328125
EK202310197244,163.9208984375
EK202310243949,131.4267578125
EK202310223004,156.8935546875
EK202310159964,150.1806640625
EK202310226266,135.2666015625
EK202310227381,142.7265625
EK202310143706,159.1787109375
EK202310156505,142.4453125
EK202310146977,139.900390625
EK202310207164,160.2822265625
EK202310115033,143.849609375
EK202310197774,164.7666015625
EK202310183602,153.86328125
EK202310163574,139.787109375
EK202310139474,156.455078125
EK202310139787,132.7705078125
EK202310151771,132.787109375
EK202310141474,154.44921875
EK202310201682,141.140625
EK202310235051,149.6689453125
EK202310197036,139.2978515625
EK202310208162,125.6708984375
EK202310192736,142.4541015625
EK202310239207,131.990234375
EK202310213359,127.6435546875
EK202310165987,140.595703125
EK202310144351,134.6396484375
EK202310192377,153.9775390625
EK202310178661,151.388671875
EK202310133799,127.6572265625
EK202310167137,137.2763671875
EK202310196182,166.6044921875
EK202310239217,132.4560546875
EK202310163146,143.0927734375
EK202310139455,147.740234375
EK202310164544,125.8330078125
EK202310105037,157.3525390625
EK202310168936,149.4580078125
EK202310182321,131.8115234375
EK202310223204,132.58203125
EK202310124648,140.7841796875
EK202310133402,123.6201171875
EK202310189249,136.7587890625
EK202310211896,126.69921875
EK202310153695,131.6962890625
EK202310197047,147.1171875
EK202310115358,137.1376953125
EK202310178231,152.55859375
EK202310140750,167.1923828125
EK202310196690,137.853515625
EK202310180158,132.6962890625
EK202310118819,154.1640625
EK202310129172,110.9912109375
EK202310160427,162.94140625
EK202310217514,145.087890625
EK202310228544,129.93359375
EK202310129411,150.9814453125
EK202310120076,130.421875
EK202310147682,163.626953125
EK202310119579,150.0966796875
EK202310231294,137.5830078125
EK202310205896,130.6953125
EK202310168792,153.646484375
EK202310194600,126.2421875
EK202310231773,140.970703125
EK202310197094,135.78125
EK202310159125,138.2685546875
EK202310145220,142.9453125
EK202310109432,145.353515625
EK202310154128,127.5185546875
EK202310226955,140.427734375
EK202310232457,132.9150390625
EK202310196244,139.7490234375
EK202310246079,146.9169921875
EK202310168088,142.9228515625
EK202310128614,130.939453125
EK202310156766,151.2548828125
EK202310208139,145.9921875
EK202310167951,148.8759765625
EK202310140914,145.712890625
EK202310123858,139.7841796875
EK202310246678,161.2041015625
EK202310231310,146.5361328125
EK202310145596,152.900390625
EK202310227515,148.46484375
EK202310124946,136.625
EK202310146823,130.1962890625
EK202310135586,138.2236328125
EK202310201307,126.271484375
EK202310182403,157.5712890625
EK202310215443,121.9697265625
EK202310126298,130.4892578125
EK202310189734,131.8388671875
EK202310150496,147.4306640625
EK202310201647,136.404296875
EK202310236856,146.6103515625
EK202310141840,147.26171875
EK202310129012,150.5966796875
EK202310191859,135.0859375
EK202310128135,123.1904296875
EK202310140784,142.5224609375
EK202310106371,143.9619140625
EK202310189118,146.408203125
EK202310185786,129.5556640625
EK202310177437,151.685546875
EK202310183495,137.7734375
EK202310183166,155.2509765625
EK202310121858,125.3330078125
EK202310128877,130.111328125
EK202310155995,156.4150390625
EK202310158905,136.1318359375
EK202310197700,131.9765625
EK202310135362,138.4150390625
EK202310238208,148.9541015625
EK202310225984,147.65625
EK202310196965,165.5361328125
EK202310244512,155.40625
EK202310113816,136.580078125
EK202310141423,144.4970703125
EK202310226411,136.4521484375
EK202310217081,146.1240234375
EK202310161000,151.466796875
EK202310141027,169.8955078125
EK202310231746,138.517578125
EK202310209069,144.9873046875
EK202310142345,158.8291015625
EK202310117104,138.6123046875
EK202310108603,142.6513671875
EK202310196141,147.2021484375
EK202310192522,150.7138671875
EK202310144266,146.1708984375
EK202310203451,156.5888671875
EK202310161877,156.7138671875
EK202310155543,146.82421875
EK202310123638,156.0
EK202310145309,133.138671875
EK202310138293,140.2060546875
EK202310227474,136.97265625
EK202310227560,129.1376953125
EK202310152889,170.0185546875
EK202310107200,136.2646484375
EK202310205243,129.3876953125
EK202310203128,156.7412109375
EK202310176303,162.205078125
EK202310236159,121.146484375
EK202310146226,152.3935546875
EK202310114477,128.3583984375
EK202310193701,161.7490234375
EK202310132862,124.1259765625
EK202310146635,128.716796875
EK202310118476,147.1484375
EK202310207776,135.9072265625
EK202310165877,134.84765625
EK202320006410,151.244140625
EK202310111513,156.4951171875
EK202310143909,152.4140625
EK202310132541,129.654296875
EK202310209469,148.59765625
EK202310103777,134.0087890625
EK202310138311,157.7275390625
EK202310155715,146.25
EK202310161111,160.603515625
EK202310231380,129.501953125
EK202310129520,131.0283203125
EK202310234907,148.685546875
EK202310107216,114.0078125
EK202310106843,141.6982421875
EK202310204308,166.5693359375
EK202310214592,166.24609375
EK202310116839,149.56640625
EK202310180647,115.2236328125
EK202310142824,138.8193359375
EK202310196639,142.365234375
EK202310231947,131.21484375
EK202310135996,147.4140625
EK202310225970,132.5439453125
EK202310232921,133.4287109375
EK202310229671,135.3671875
EK202310143117,120.3154296875
EK202310235001,118.580078125
EK202310223296,143.6943359375
EK202310166180,162.75390625
EK202310144778,138.30078125
EK202310140206,154.6533203125
EK202310146221,131.2021484375
EK202310191931,144.06640625
EK202310139195,131.7607421875
EK202310110326,118.9326171875
EK202310198683,143.0205078125
EK202310108642,136.5791015625
EK202310147919,153.84375
EK202310120403,142.3544921875
EK202310148663,139.181640625
EK202310194369,147.63671875
EK202310188744,151.322265625
EK202310197143,140.6689453125
EK202310188007,159.9892578125
EK202310230690,127.8232421875
EK202310109322,129.75390625
EK202310122503,142.45703125
EK202310208466,146.8740234375
EK202310169759,146.15625
EK202310004770,146.0361328125
EK202310197055,136.0947265625
EK202310190099,146.716796875
EK202310238226,140.921875
EK202310166147,154.080078125
EK202320006000,170.6181640625
EK202310214036,142.23828125
EK202310004510,145.9912109375
EK202310144131,134.8408203125
EK202310182006,168.423828125
EK202310115418,124.3955078125
EK202310203399,153.7001953125
EK202310219700,148.63671875
EK202310141585,136.6142578125
EK202310236911,124.25
EK202310153553,136.8525390625
EK202310152777,155.7333984375
EK202310216006,142.2451171875
EK202310159334,154.87109375
EK202310200189,131.7119140625
EK202310176376,145.1572265625
EK202310177091,152.4228515625
EK202310135092,179.4970703125
EK202310152730,156.8818359375
EK202310194718,147.1689453125
EK202310174761,158.2998046875
EK202310187516,160.4423828125
EK202310225948,146.4619140625
EK202310159500,147.7861328125
EK202320005628,152.2763671875
EK202310150262,170.53515625
EK202310197555,161.1533203125
EK202310224652,137.6328125
EK202310239239,124.533203125
EK202310222699,134.14453125
EK202310115560,160.6572265625
EK202310179277,119.3681640625
EK202310202696,157.982421875
EK202310154234,124.0107421875
EK202310113254,132.564453125
EK202310139630,152.5830078125
EK202310202764,162.826171875
EK202310121640,138.6396484375
EK202310142534,134.78515625
EK202310239215,146.9970703125
EK202310244715,141.32421875
EK202310185779,129.5283203125
EK202310221201,138.95703125
EK202310206833,134.642578125
EK202310171904,166.6171875
EK202310178044,156.91015625
EK202310168114,163.744140625
EK202310138587,124.2451171875
EK202310173356,141.7060546875
EK202310197110,150.4814453125
EK202310242357,132.1376953125
EK202310208746,122.4326171875
EK202310217847,128.9091796875
EK202310199265,119.7158203125
EK202310182895,142.353515625
EK202310107553,147.1279296875
EK202310107608,136.16015625
EK202320005608,179.146484375
EK202310199563,138.5458984375
EK202310141002,137.3720703125
EK202310187238,149.8095703125
EK202310187741,154.4462890625
EK202310189994,136.9951171875
EK202310147256,128.0859375
EK202310118527,134.8447265625
EK202310229103,128.9501953125
EK202310135696,118.1064453125
EK202310165074,139.3095703125
EK202310205649,134.2236328125
EK202310174231,142.1806640625
EK202310181105,149.763671875
EK202310173608,155.9609375
EK202310147350,143.935546875
EK202310145408,107.7021484375
EK202310163214,131.3515625
EK202310141179,160.7939453125
EK202310235877,137.3818359375
EK202310168519,155.642578125
EK202310111852,160.1591796875
EK202310120721,127.2880859375
EK202310239396,142.0283203125
EK202310125811,168.1015625
EK202310122414,163.7705078125
EK202310109063,141.115234375
EK202310136944,135.517578125
EK202310112504,134.6005859375
EK202310187424,140.8330078125
EK202310107467,126.0810546875
EK202310170488,141.1015625
EK202310221856,121.2724609375
EK202310146245,140.5048828125
EK202310211446,133.5537109375
EK202310234464,133.59375
EK202310216823,143.76171875
EK202310158691,136.5908203125
EK202310130435,111.0927734375
EK202310173064,138.0810546875
EK202310159177,145.1474609375
EK202310164312,132.37890625
EK202310190628,142.19140625
EK202310108846,136.01953125
EK202310180445,161.38671875
EK202310131205,169.359375
EK202310164126,129.1435546875
EK202310107936,139.142578125
EK202310243521,134.9921875
EK202310208141,136.912109375
EK202310190781,128.4912109375
EK202310172000,139.3212890625
EK202310190053,156.513671875
EK202310233066,121.6884765625
EK202310131018,113.5703125
EK202310149945,154.8076171875
EK202310205501,122.2724609375
EK202310248483,120.017578125
EK202310129538,143.39453125
EK202310167469,156.7490234375
EK202310106330,132.4892578125
EK202310225391,146.2373046875
EK202310125703,146.1904296875
EK202310208418,135.4267578125
EK202310147781,141.4345703125
EK202310164598,144.9453125
EK202310214120,164.630859375
EK202310118444,136.3076171875
EK202310145109,142.173828125
EK202310150661,152.9697265625
EK202310134650,131.3984375
EK202310170695,162.9951171875
EK202310171347,149.529296875
EK202310118507,132.1533203125
EK202310135088,174.833984375
EK202310169570,136.697265625
EK202310198285,149.236328125
EK202310244339,139.083984375
EK202310218458,140.9423828125
EK202310167361,151.056640625
EK202320006358,145.02734375
EK202310155685,140.595703125
EK202310193521,154.720703125
EK202310178456,140.8046875
EK202310120435,123.517578125
EK202310229594,131.7783203125
EK202310204793,137.5166015625
EK202310128806,143.1416015625
EK202310145561,146.63671875
EK202310218298,130.607421875
EK202310185508,150.4111328125
EK202310169152,157.9033203125
EK202310119338,122.8662109375
EK202310172073,159.875
EK202310164403,165.6904296875
EK202310228535,127.9658203125
EK202310233245,135.3046875
EK202310247155,139.3154296875
EK202310184707,150.1044921875
EK202310244628,145.27734375
EK202310184991,135.4365234375
EK202310200030,144.1005859375
EK202310131926,131.525390625
EK202310183294,172.951171875
EK202310156979,139.1591796875
EK202310196008,148.1015625
EK202310124917,140.5302734375
EK202310182478,135.7958984375
EK202310206853,147.44140625
EK202310131555,140.2373046875
EK202310134282,151.5458984375
EK202310120141,161.4267578125
EK202310246441,133.3955078125
EK202310195921,142.859375
EK202310214428,134.27734375
EK202310124519,147.5458984375
EK202310153352,156.82421875
EK202310155554,139.3359375
EK202310193684,122.6640625
EK202310225319,132.8095703125
EK202310148621,134.0322265625
EK202310237907,152.48046875
EK202310202805,136.1328125
EK202310161990,160.8193359375
EK202310200477,119.431640625
EK202310114915,142.4794921875
EK202310242909,135.9208984375
EK202310142330,146.556640625
EK202310221377,125.4169921875
EK202310137957,129.12890625
EK202310151180,139.880859375
EK202310182686,123.330078125
EK202310244166,139.705078125
EK202310242349,140.6884765625
EK202310121472,129.5927734375
EK202310192151,154.8232421875
EK202310112554,125.046875
EK202310225810,138.5556640625
EK202310235008,124.59765625
EK202310217946,150.283203125
EK202310197822,149.009765625
EK202310003944,149.9775390625
EK202310135754,129.2216796875
EK202310235898,125.57421875
EK202310171140,133.1455078125
EK202310145149,166.513671875
EK202310202195,134.0361328125
EK202310220091,137.931640625
EK202310232376,139.4892578125
EK202310189509,140.9150390625
EK202310113709,155.603515625
EK202310119993,126.0732421875
EK202310223647,160.865234375
EK202310227478,136.1767578125
EK202310174661,131.328125
EK202310165728,161.28125
EK202310182436,175.7138671875
EK202310181591,120.2431640625
EK202310233458,140.955078125
EK202310138708,131.583984375
EK202310107419,135.4736328125
EK202310242771,139.05078125
EK202310110825,117.76953125
EK202310148516,140.2978515625
EK202310169259,157.2626953125
EK202310139428,142.1142578125
EK202320005946,156.4189453125
EK202310212395,132.4443359375
EK202310211186,128.74609375
EK202310124150,132.93359375
EK202310172970,144.2109375
EK202310212383,138.9931640625
EK202310152532,123.572265625
EK202310174856,126.5322265625
EK202310150761,130.7880859375
EK202310192707,168.4228515625
EK202320006514,165.150390625
EK202310230857,139.2783203125
EK202310209642,153.76953125
EK202310244831,148.2626953125
EK202310004958,144.7412109375
EK202310222994,157.0517578125
EK202310122972,138.728515625
EK202310240517,155.0849609375
EK202310154489,146.3916015625
EK202310149568,162.6162109375
EK202310173750,143.2998046875
EK202310127136,152.19921875
EK202310162460,132.2978515625
EK202310237884,151.6513671875
EK202310128591,138.728515625
EK202310167782,162.8203125
EK202310173162,143.0556640625
EK202310176040,172.541015625
EK202310180187,134.455078125
EK202310205385,139.5302734375
EK202310189417,149.57421875
EK202310110265,129.345703125
EK202310175081,153.6953125
EK202310241247,156.3896484375
EK202310210940,136.9853515625
EK202310239869,139.6240234375
EK202310208022,131.2998046875
EK202310186683,124.64453125
EK202310244974,152.150390625
EK202310196503,135.166015625
EK202310147774,158.2734375
EK202310194263,157.755859375
EK202310188228,153.6396484375
EK202310164624,136.9794921875
EK202310153042,151.376953125
EK202310157883,143.1982421875
EK202310110532,145.8466796875
EK202310166599,155.033203125
EK202310153767,160.7431640625
EK202310126138,128.5537109375
EK202310121044,146.89453125
EK202310133142,150.166015625
EK202310128385,125.7138671875
EK202310175042,135.091796875
EK202310189448,157.5146484375
EK202310190050,163.734375
EK202310172092,145.189453125
EK202310207334,134.681640625
EK202310182559,139.19140625
EK202310137090,160.7353515625
EK202310190532,138.1494140625
EK202310236425,139.2021484375
EK202310203185,116.5009765625
EK202310168314,128.83203125
EK202310151263,173.6572265625
EK202310108095,141.6611328125
EK202310232838,148.375
EK202310135295,158.056640625
EK202310163910,145.05078125
EK202310194553,143.9619140625
EK202310174190,138.3291015625
EK202310231328,138.8681640625
EK202310147991,157.3759765625
EK202310161571,154.8349609375
EK202310240598,130.3466796875
EK202310236106,128.3173828125
EK202310109500,139.0751953125
EK202320005589,153.2724609375
EK202310143413,143.9521484375
EK202310153498,153.974609375
EK202310181818,159.587890625
EK202310137951,129.30859375
EK202310158889,148.1396484375
EK202310147118,149.6005859375
EK202310153978,162.1015625
EK202310107126,147.328125
EK202310145858,144.6923828125
EK202310220104,148.61328125
EK202310112400,128.6435546875
EK202310236894,151.806640625
EK202310217550,126.2412109375
EK202310236693,129.21484375
EK202310217785,126.6162109375
EK202310235143,140.2392578125
EK202310182831,140.3837890625
EK202310117677,149.1015625
EK202310207224,140.2802734375
EK202310217694,147.455078125
EK202310144000,144.5234375
EK202310165837,165.8017578125
EK202310211421,143.8876953125
EK202310004270,156.1337890625
EK202310189309,160.8388671875
EK202310127417,134.474609375
EK202310197347,168.4912109375
EK202310209401,163.2236328125
EK202310180542,134.6328125
EK202310162786,130.958984375
EK202310223059,148.333984375
EK202310147692,141.0029296875
EK202310244440,154.3935546875
EK202310180779,133.833984375
EK202310189325,125.537109375
EK202310110924,131.537109375
EK202310157687,137.4375
EK202310154799,146.4658203125
EK202310169628,135.0458984375
EK202310169107,158.658203125
EK202310105506,145.8251953125
EK202310154969,133.73828125
EK202310122511,132.7421875
EK202310156453,176.76171875
EK202310246928,118.94140625
EK202310203362,159.0087890625
EK202310138843,152.1025390625
EK202310157857,156.171875
EK202310236705,136.9609375
EK202310236064,131.171875
EK202310190655,139.9658203125
EK202310232773,169.9111328125
EK202310209352,129.1259765625
EK202310196574,135.7353515625
EK202310153431,137.86328125
EK202310213738,155.013671875
EK202310159195,169.3935546875
EK202310192497,122.0986328125
EK202310179803,133.0576171875
EK202310122219,140.4765625
EK202310121778,159.44140625
EK202310240799,132.4111328125
EK202310186388,143.2666015625
EK202310227442,139.1806640625
EK202310236831,143.7490234375
EK202310146534,138.9501953125
EK202310108548,139.2587890625
EK202310127039,133.8564453125
EK202310239867,150.0849609375
EK202310140091,159.5859375
EK202320007345,147.1513671875
EK202310181587,135.7607421875
EK202310183586,164.6865234375
EK202310161537,150.3193359375
EK202310221929,145.0791015625
EK202310115533,123.537109375
EK202310245422,120.740234375
EK202310134303,129.5048828125
EK202310206878,135.8447265625
EK202310143077,130.982421875
EK202310187766,145.0380859375
EK202310233861,155.7353515625
EK202310145715,138.970703125
EK202310186238,131.560546875
EK202310168663,134.982421875
EK202310230983,133.474609375
EK202310139816,138.1513671875
EK202310206473,127.8818359375
EK202310153829,140.2861328125
EK202310182371,153.4228515625
EK202310173647,133.9091796875
EK202310114150,131.578125
EK202310242508,138.5439453125
EK202310203427,160.7373046875
EK202310132984,121.927734375
EK202310117793,119.6064453125
EK202310138841,135.498046875
EK202310139058,155.974609375
EK202310164995,141.4189453125
EK202310202198,166.416015625
EK202310160037,141.90234375
EK202310138091,144.9580078125
EK202310183753,140.4404296875
EK202310211184,140.5693359375
EK202310187233,145.447265625
EK202310225971,119.541015625
EK202310155927,136.939453125
EK202310123628,139.6953125
EK202310183593,179.9404296875
EK202310196797,140.9775390625
EK202310129620,138.126953125
EK202310157287,143.6962890625
EK202310181152,131.8037109375
EK202310203161,175.115234375
EK202310247889,134.7724609375
EK202310205874,143.2099609375
EK202310175828,152.091796875
EK202310141292,149.2802734375
EK202310127480,133.9501953125
EK202310112716,148.064453125
EK202310200229,138.3740234375
EK202310112035,136.76953125
EK202310204257,127.849609375
EK202310145471,138.0341796875
EK202310210409,140.8486328125
EK202310166832,131.1025390625
EK202310248711,138.7236328125
EK202310177732,142.2783203125
EK202310160771,135.8466796875
EK202310136073,120.3349609375
EK202310182269,141.2724609375
EK202310240985,135.73828125
EK202310106392,132.3466796875
EK202310208908,124.0693359375
EK202310113165,135.0126953125
EK202310152602,122.0068359375
EK202310210636,137.287109375
EK202310140721,125.0732421875
EK202310148290,130.3818359375
EK202310199880,151.8662109375
EK202310227144,132.01953125
EK202310147589,138.0048828125
EK202310004177,150.830078125
EK202310138763,146.2099609375
EK202310172464,172.5576171875
EK202310105200,149.53125
EK202310184573,138.90625
EK202310208816,127.080078125
EK202310109118,140.3564453125
EK202310200139,139.1025390625
EK202310133070,128.3134765625
EK202310122855,167.0107421875
EK202310233834,142.501953125
EK202310209821,146.51171875
EK202310124502,140.169921875
EK202310187088,153.755859375
EK202310133122,153.9931640625
EK202310004846,134.4404296875
EK202310147252,129.4716796875
EK202310175414,123.724609375
EK202310181170,131.755859375
EK202310004408,119.9501953125
EK202310125748,167.876953125
EK202310131440,143.568359375
EK202310192559,131.9560546875
EK202310192910,161.4990234375
EK202310180784,159.033203125
EK202310236540,138.6865234375
EK202310175339,128.7431640625
EK202310160527,169.216796875
EK202310236221,145.1533203125
EK202310238864,158.45703125
EK202310166680,139.345703125
EK202310117287,143.482421875
EK202310192797,149.5390625
EK202310200327,130.646484375
EK202310176045,157.4189453125
EK202310148346,143.166015625
EK202310142274,153.8583984375
EK202310122242,134.9130859375
EK202310126568,130.2998046875
EK202310204418,143.845703125
EK202310156236,155.66796875
EK202310189484,133.642578125
EK202310137543,133.4306640625
EK202320007300,149.791015625
EK202310198932,126.87109375
EK202310108514,141.4326171875
EK202310219932,147.716796875
EK202310132147,148.044921875
EK202310227649,171.7236328125
EK202310224668,136.2294921875
EK202310156447,145.796875
EK202310210496,140.2421875
EK202310152297,151.427734375
EK202310187324,144.2724609375
EK202310247309,129.51953125
EK202310190789,132.3759765625
EK202310199601,135.666015625
EK202310239017,138.58984375
EK202310106841,142.21875
EK202310182928,133.556640625
EK202310204568,133.4462890625
EK202310243353,145.6630859375
EK202310123522,134.5947265625
EK202310162526,140.5185546875
EK202310214114,166.4658203125
EK202310197207,156.7373046875
EK202310232110,138.384765625
EK202310179397,176.7724609375
EK202310155653,128.814453125
EK202310004343,129.7216796875
EK202310192586,147.251953125
EK202310186352,146.25390625
EK202310124214,145.2646484375
EK202310228925,129.6669921875
EK202310112746,152.7060546875
EK202310158948,160.6162109375
EK202310210700,133.6787109375
EK202310164939,150.3330078125
EK202310183358,176.9443359375
EK202310144690,139.896484375
EK202310206169,140.5205078125
EK202310107548,160.0927734375
EK202310213425,138.9111328125
EK202310127466,128.13671875
EK202310215414,173.7548828125
EK202310113096,123.7841796875
EK202310177778,148.7421875
EK202310225362,136.1787109375
EK202310164338,163.291015625
EK202310247571,165.3720703125
EK202310126985,128.8154296875
EK202310226690,172.3876953125
EK202310122754,138.4541015625
EK202310114324,140.26953125
EK202310162544,165.791015625
EK202310185834,127.224609375
EK202310147784,146.966796875
EK202310122287,153.6357421875
EK202310169104,159.2373046875
EK202310212851,173.9853515625
EK202310004912,148.5625
EK202310122676,165.8359375
EK202310241678,145.486328125
EK202310235919,136.0947265625
EK202310200266,151.6123046875
EK202310229111,135.2158203125
EK202310143535,154.123046875
EK202310132424,132.90234375
EK202310150394,125.208984375
EK202310121122,150.2119140625
